{
  "hyperparameters": {
    "architecture": "music",
    "batch_size": 100,
    "clipping_threshold": 0.1,
    "dataset_name": "JSB Chorales",
    "epochs": 5,
    "initialization_scale": "\\sqrt{\frac{6}{n+m}}",
    "inner_ISGD_iterations": 0,
    "intra_epoch": false,
    "lr": 20.0,
    "momentum": 0.0,
    "mu": 0.0,
    "nodes": 300,
    "seed": 1,
    "sgdtype": "implicit",
    "data_type": "sequential_many"
  },
  "results": {
    "train": {
      "average_loss": [
        0.0019191085865749575,
        0.0015465380274690688,
        0.001341588066191327,
        0.0012110913174651872,
        0.0011179161806566453
      ],
      "average_accuracy": [
        0,
        0,
        0,
        0,
        0
      ]
    },
    "test": {
      "average_loss": [
        0.0019470972572937124,
        0.001579513284226565,
        0.0013738618702506767,
        0.0012408828414982645,
        0.0011442361559035473
      ],
      "average_accuracy": [
        0,
        0,
        0,
        0,
        0
      ]
    },
    "average_loss_intra_epoch": [
      0.0011179161806566453
    ],
    "average_accuracy_intra_epoch": [
      0
    ],
    "runtime": 501.3375949859619
  }
}