{
  "hyperparameters": {
    "architecture": "classification",
    "batch_size": 100,
    "clipping_threshold": 0.0,
    "dataset_name": "audiology-std_classification",
    "epochs": 10,
    "initialization_scale": "\\sqrt{\frac{6}{n+m}}",
    "inner_ISGD_iterations": 0,
    "intra_epoch": false,
    "lr": 3.0,
    "momentum": 0.0,
    "mu": 0.0,
    "nodes": 50,
    "seed": 1,
    "sgdtype": "explicit",
    "data_type": "classification"
  },
  "results": {
    "train": {
      "average_loss": [
        2.0935513973236084,
        2.6574668884277344,
        5.5410237312316895,
        66.63496398925781,
        69.40873718261719,
        35.73307800292969,
        62.0571346282959,
        48.07251167297363,
        34.48118305206299,
        28.319744110107422
      ],
      "average_accuracy": [
        30.76923076923077,
        36.53846153846154,
        5.769230769230769,
        25.0,
        29.487179487179485,
        15.384615384615385,
        29.487179487179485,
        21.153846153846153,
        8.333333333333334,
        17.307692307692307
      ]
    },
    "test": {
      "average_loss": [
        2.110060930252075,
        2.8840553760528564,
        5.420285224914551,
        65.60736083984375,
        74.747314453125,
        36.53711700439453,
        61.96257781982422,
        47.05433654785156,
        40.54804611206055,
        22.545000076293945
      ],
      "average_accuracy": [
        32.5,
        40.0,
        7.5,
        22.5,
        27.5,
        15.0,
        30.0,
        15.0,
        7.5,
        27.5
      ]
    },
    "average_loss_intra_epoch": [
      28.319744110107422
    ],
    "average_accuracy_intra_epoch": [
      17.307692307692307
    ],
    "runtime": 3.8248939514160156
  }
}