{
  "hyperparameters": {
    "architecture": "classification",
    "batch_size": 100,
    "clipping_threshold": 0.0,
    "dataset_name": "musk-2_classification",
    "epochs": 10,
    "initialization_scale": "\\sqrt{\frac{6}{n+m}}",
    "inner_ISGD_iterations": 0,
    "intra_epoch": false,
    "lr": 1.0,
    "momentum": 0.0,
    "mu": 0.0,
    "nodes": 50,
    "seed": 1,
    "sgdtype": "implicit",
    "data_type": "classification"
  },
  "results": {
    "train": {
      "average_loss": [
        34.404932777836635,
        39.3162401667181,
        6.629946425275983,
        16.27637406115262,
        3.6611467644853413,
        3.3765883085862645,
        3.0805069320606737,
        4.2816978085715816,
        1.8529879135905571,
        2.4577927229539402
      ],
      "average_accuracy": [
        47.42326638878363,
        52.55778704054566,
        84.1227737779462,
        83.36491095111785,
        90.82985979537703,
        91.90981432360742,
        91.34141720348617,
        88.04471390678287,
        89.18150814702538,
        90.92459264873058
      ]
    },
    "test": {
      "average_loss": [
        35.55757236480713,
        38.01156261989048,
        5.3960994737488885,
        14.406317336218697,
        2.6973422254834856,
        2.582323896033423,
        2.6635364379201616,
        3.5235362531883374,
        1.7159064288384147,
        2.298538531749036
      ],
      "average_accuracy": [
        46.28787878787879,
        53.333333333333336,
        86.43939393939394,
        85.75757575757575,
        92.34848484848484,
        92.8030303030303,
        92.57575757575758,
        88.25757575757575,
        89.24242424242425,
        90.37878787878788
      ]
    },
    "average_loss_intra_epoch": [
      2.4577927229539402
    ],
    "average_accuracy_intra_epoch": [
      90.92459264873058
    ],
    "runtime": 1141.2232012748718
  }
}