{
  "hyperparameters": {
    "architecture": "music",
    "batch_size": 100,
    "clipping_threshold": 0.0,
    "dataset_name": "MuseData",
    "epochs": 5,
    "initialization_scale": "\\sqrt{\frac{6}{n+m}}",
    "inner_ISGD_iterations": 0,
    "intra_epoch": false,
    "lr": 500.0,
    "momentum": 0.0,
    "mu": 0.0,
    "nodes": 300,
    "seed": 3,
    "sgdtype": "implicit",
    "data_type": "sequential_many"
  },
  "results": {
    "train": {
      "average_loss": [
        0.0018715276149380263,
        0.0013270929274149794,
        0.0010823943397248624,
        0.0009323574143774249,
        0.0008351274103193743
      ],
      "average_accuracy": [
        0,
        0,
        0,
        0,
        0
      ]
    },
    "test": {
      "average_loss": [
        0.0015686446400767664,
        0.0011398628922770807,
        0.0009455806470683573,
        0.0008260460251016587,
        0.0007468927228728717
      ],
      "average_accuracy": [
        0,
        0,
        0,
        0,
        0
      ]
    },
    "average_loss_intra_epoch": [
      0.0008351274103193743
    ],
    "average_accuracy_intra_epoch": [
      0
    ],
    "runtime": 9516.092628479004
  }
}