{
  "hyperparameters": {
    "architecture": "classification",
    "batch_size": 100,
    "clipping_threshold": 0.0,
    "dataset_name": "monks-2_classification",
    "epochs": 10,
    "initialization_scale": "\\sqrt{\frac{6}{n+m}}",
    "inner_ISGD_iterations": 0,
    "intra_epoch": false,
    "lr": 1.0,
    "momentum": 0.0,
    "mu": 0.0,
    "nodes": 50,
    "seed": 1,
    "sgdtype": "explicit",
    "data_type": "classification"
  },
  "results": {
    "train": {
      "average_loss": [
        0.6500579237937927,
        0.6500353336334228,
        0.6500094294548034,
        0.6499853014945984,
        0.6499619603157043,
        0.6499386191368103,
        0.6499141216278076,
        0.64988774061203,
        0.6498583316802978,
        0.649824857711792
      ],
      "average_accuracy": [
        64.58333333333333,
        64.58333333333333,
        64.58333333333333,
        64.58333333333333,
        64.58333333333333,
        64.58333333333333,
        64.58333333333333,
        64.58333333333333,
        64.58333333333333,
        64.58333333333333
      ]
    },
    "test": {
      "average_loss": [
        0.5753452479839325,
        0.5752244591712952,
        0.5752061903476715,
        0.5751857459545135,
        0.5751620531082153,
        0.5751339793205261,
        0.5751006305217743,
        0.5750609338283539,
        0.5750134587287903,
        0.5749566853046417
      ],
      "average_accuracy": [
        70.24793388429752,
        70.24793388429752,
        70.24793388429752,
        70.24793388429752,
        70.24793388429752,
        70.24793388429752,
        70.24793388429752,
        70.24793388429752,
        70.24793388429752,
        70.24793388429752
      ]
    },
    "average_loss_intra_epoch": [
      0.649824857711792
    ],
    "average_accuracy_intra_epoch": [
      64.58333333333333
    ],
    "runtime": 0.9280729293823242
  }
}