{
  "hyperparameters": {
    "architecture": "classification",
    "batch_size": 100,
    "clipping_threshold": 0.0,
    "dataset_name": "ionosphere_classification",
    "epochs": 10,
    "initialization_scale": "\\sqrt{\frac{6}{n+m}}",
    "inner_ISGD_iterations": 0,
    "intra_epoch": false,
    "lr": 10.0,
    "momentum": 0.0,
    "mu": 0.0,
    "nodes": 50,
    "seed": 1,
    "sgdtype": "explicit",
    "data_type": "classification"
  },
  "results": {
    "train": {
      "average_loss": [
        29.05795415242513,
        18.047499974568684,
        47.97610600789388,
        159.12720998128256,
        116.43804677327473,
        196.90274556477866,
        200.22835795084634,
        224.14402770996094,
        189.16481018066406,
        21.571985244750977
      ],
      "average_accuracy": [
        47.5,
        67.5,
        58.214285714285715,
        67.85714285714286,
        67.5,
        31.785714285714285,
        31.428571428571427,
        31.071428571428573,
        36.42857142857143,
        58.92857142857143
      ]
    },
    "test": {
      "average_loss": [
        29.89336585998535,
        16.403369903564453,
        46.24226379394531,
        108.91465759277344,
        83.86641693115234,
        222.82696533203125,
        227.22203063964844,
        260.64569091796875,
        224.60763549804688,
        31.785053253173828
      ],
      "average_accuracy": [
        42.25352112676056,
        70.4225352112676,
        60.563380281690144,
        76.05633802816901,
        74.64788732394366,
        26.760563380281692,
        25.35211267605634,
        25.35211267605634,
        29.577464788732396,
        52.11267605633803
      ]
    },
    "average_loss_intra_epoch": [
      21.571985244750977
    ],
    "average_accuracy_intra_epoch": [
      58.92857142857143
    ],
    "runtime": 3.9432501792907715
  }
}