{
  "hyperparameters": {
    "architecture": "classification",
    "batch_size": 100,
    "clipping_threshold": 0.0,
    "dataset_name": "letter_classification",
    "epochs": 10,
    "initialization_scale": "\\sqrt{\frac{6}{n+m}}",
    "inner_ISGD_iterations": 0,
    "intra_epoch": false,
    "lr": 1.0,
    "momentum": 0.0,
    "mu": 0.0,
    "nodes": 50,
    "seed": 1,
    "sgdtype": "implicit",
    "data_type": "classification"
  },
  "results": {
    "train": {
      "average_loss": [
        1.5531599543988706,
        1.106289316341281,
        0.8212942767888307,
        0.7511284394189716,
        0.69933893494308,
        0.7106557846069336,
        0.693740451708436,
        0.6976411856710911,
        0.6682101286947727,
        0.6788566613569855
      ],
      "average_accuracy": [
        54.525,
        66.5125,
        75.25,
        77.08125,
        79.0375,
        78.4,
        78.70625,
        78.5125,
        79.76875,
        79.425
      ]
    },
    "test": {
      "average_loss": [
        1.5697404593229294,
        1.1469463661313057,
        0.8966891974210739,
        0.8160287976264954,
        0.7613906487822533,
        0.7788509905338288,
        0.7717002600431442,
        0.7766154929995537,
        0.7476601004600525,
        0.7556659072637558
      ],
      "average_accuracy": [
        53.425,
        65.4,
        73.375,
        75.6,
        77.4,
        76.825,
        76.5,
        76.35,
        77.475,
        77.025
      ]
    },
    "average_loss_intra_epoch": [
      0.6788566613569855
    ],
    "average_accuracy_intra_epoch": [
      79.425
    ],
    "runtime": 390.754271030426
  }
}