{
  "hyperparameters": {
    "architecture": "classification",
    "batch_size": 100,
    "clipping_threshold": 0.0,
    "dataset_name": "audiology-std_classification",
    "epochs": 10,
    "initialization_scale": "\\sqrt{\frac{6}{n+m}}",
    "inner_ISGD_iterations": 0,
    "intra_epoch": false,
    "lr": 30.0,
    "momentum": 0.0,
    "mu": 0.0,
    "nodes": 50,
    "seed": 1,
    "sgdtype": "implicit",
    "data_type": "classification"
  },
  "results": {
    "train": {
      "average_loss": [
        143.07740020751953,
        366.2706298828125,
        475.3216247558594,
        337.41014099121094,
        335.75994873046875,
        282.5983581542969,
        267.55755615234375,
        229.83910369873047,
        284.6524353027344,
        247.306640625
      ],
      "average_accuracy": [
        12.820512820512821,
        16.025641025641026,
        16.025641025641026,
        34.61538461538461,
        27.564102564102566,
        32.69230769230769,
        34.61538461538461,
        33.333333333333336,
        24.358974358974358,
        23.076923076923077
      ]
    },
    "test": {
      "average_loss": [
        145.60018920898438,
        317.9454345703125,
        552.2514038085938,
        354.5187683105469,
        368.8830871582031,
        243.03671264648438,
        330.0379638671875,
        253.90249633789062,
        196.6083221435547,
        279.7428894042969
      ],
      "average_accuracy": [
        10.0,
        12.5,
        15.0,
        37.5,
        27.5,
        40.0,
        32.5,
        27.5,
        35.0,
        25.0
      ]
    },
    "average_loss_intra_epoch": [
      247.306640625
    ],
    "average_accuracy_intra_epoch": [
      23.076923076923077
    ],
    "runtime": 15.240180969238281
  }
}