{
  "hyperparameters": {
    "architecture": "classification",
    "batch_size": 100,
    "clipping_threshold": 0.0,
    "dataset_name": "horse-colic_classification",
    "epochs": 10,
    "initialization_scale": "\\sqrt{\frac{6}{n+m}}",
    "inner_ISGD_iterations": 0,
    "intra_epoch": false,
    "lr": 3.0,
    "momentum": 0.0,
    "mu": 0.0,
    "nodes": 50,
    "seed": 1,
    "sgdtype": "explicit",
    "data_type": "classification"
  },
  "results": {
    "train": {
      "average_loss": [
        0.618992030620575,
        0.6743912696838379,
        0.5235342184702555,
        0.4526111384232839,
        0.38555262486139935,
        0.3526633282502492,
        0.3897711932659149,
        0.3378873070081075,
        0.3579544126987457,
        0.3243262469768524
      ],
      "average_accuracy": [
        62.585034013605444,
        66.66666666666667,
        77.21088435374149,
        83.33333333333333,
        87.75510204081633,
        87.07482993197279,
        85.03401360544218,
        87.75510204081633,
        87.07482993197279,
        89.1156462585034
      ]
    },
    "test": {
      "average_loss": [
        0.6112226843833923,
        0.657690703868866,
        0.5239293575286865,
        0.6917749643325806,
        0.4795834720134735,
        0.5631690621376038,
        0.5064201354980469,
        0.5479627847671509,
        0.5178911089897156,
        0.5464906692504883
      ],
      "average_accuracy": [
        64.86486486486487,
        64.86486486486487,
        78.37837837837837,
        75.67567567567568,
        78.37837837837837,
        78.37837837837837,
        74.32432432432432,
        77.02702702702703,
        75.67567567567568,
        77.02702702702703
      ]
    },
    "average_loss_intra_epoch": [
      0.3243262469768524
    ],
    "average_accuracy_intra_epoch": [
      89.1156462585034
    ],
    "runtime": 3.7489843368530273
  }
}