{
  "hyperparameters": {
    "architecture": "classification",
    "batch_size": 100,
    "clipping_threshold": 0.0,
    "dataset_name": "spectf_classification",
    "epochs": 10,
    "initialization_scale": "\\sqrt{\frac{6}{n+m}}",
    "inner_ISGD_iterations": 0,
    "intra_epoch": false,
    "lr": 0.001,
    "momentum": 0.0,
    "mu": 0.0,
    "nodes": 50,
    "seed": 1,
    "sgdtype": "implicit",
    "data_type": "classification"
  },
  "results": {
    "train": {
      "average_loss": [
        0.6940956513086954,
        0.6933777928352356,
        0.6926636695861816,
        0.691953202088674,
        0.6912463704744974,
        0.6905431946118673,
        0.6898435552914938,
        0.6891476313273112,
        0.6884551445643107,
        0.6877661744753519
      ],
      "average_accuracy": [
        42.25352112676056,
        42.72300469483568,
        43.1924882629108,
        44.13145539906103,
        46.948356807511736,
        50.70422535211268,
        53.051643192488264,
        53.990610328638496,
        54.460093896713616,
        57.27699530516432
      ]
    },
    "test": {
      "average_loss": [
        0.697476863861084,
        0.6966302394866943,
        0.6957876682281494,
        0.6949493885040283,
        0.6941149234771729,
        0.6932847499847412,
        0.6924582719802856,
        0.69163578748703,
        0.6908173561096191,
        0.6900027990341187
      ],
      "average_accuracy": [
        37.03703703703704,
        37.03703703703704,
        40.74074074074074,
        40.74074074074074,
        40.74074074074074,
        40.74074074074074,
        40.74074074074074,
        40.74074074074074,
        42.592592592592595,
        46.2962962962963
      ]
    },
    "average_loss_intra_epoch": [
      0.6877661744753519
    ],
    "average_accuracy_intra_epoch": [
      57.27699530516432
    ],
    "runtime": 15.594715356826782
  }
}