{
  "hyperparameters": {
    "architecture": "classification",
    "batch_size": 100,
    "clipping_threshold": 0.0,
    "dataset_name": "energy-y2_classification",
    "epochs": 10,
    "initialization_scale": "\\sqrt{\frac{6}{n+m}}",
    "inner_ISGD_iterations": 0,
    "intra_epoch": false,
    "lr": 5.0,
    "momentum": 0.0,
    "mu": 0.0,
    "nodes": 50,
    "seed": 1,
    "sgdtype": "implicit",
    "data_type": "classification"
  },
  "results": {
    "train": {
      "average_loss": [
        1.2045110208647591,
        1.4132485049111503,
        14.249396187918526,
        34.490607670375276,
        21.63319287981306,
        48.11814880371094,
        27.99366787501744,
        35.30204963684082,
        8.869835717337471,
        1.086637224469866
      ],
      "average_accuracy": [
        50.9771986970684,
        74.1042345276873,
        23.941368078175895,
        50.9771986970684,
        25.0814332247557,
        50.9771986970684,
        50.9771986970684,
        50.9771986970684,
        50.9771986970684,
        74.1042345276873
      ]
    },
    "test": {
      "average_loss": [
        1.359477698802948,
        1.6696519255638123,
        13.617830276489258,
        39.36198806762695,
        23.636345863342285,
        56.307111740112305,
        32.17252826690674,
        41.34588623046875,
        8.774178504943848,
        1.6275190711021423
      ],
      "average_accuracy": [
        45.45454545454545,
        71.42857142857143,
        27.272727272727273,
        45.45454545454545,
        27.272727272727273,
        45.45454545454545,
        45.45454545454545,
        45.45454545454545,
        45.45454545454545,
        71.42857142857143
      ]
    },
    "average_loss_intra_epoch": [
      1.086637224469866
    ],
    "average_accuracy_intra_epoch": [
      74.1042345276873
    ],
    "runtime": 11.227038383483887
  }
}