{
  "hyperparameters": {
    "architecture": "classification",
    "batch_size": 100,
    "clipping_threshold": 0.0,
    "dataset_name": "connect-4_classification",
    "epochs": 10,
    "initialization_scale": "\\sqrt{\frac{6}{n+m}}",
    "inner_ISGD_iterations": 0,
    "intra_epoch": false,
    "lr": 0.001,
    "momentum": 0.0,
    "mu": 0.0,
    "nodes": 50,
    "seed": 1,
    "sgdtype": "implicit",
    "data_type": "classification"
  },
  "results": {
    "train": {
      "average_loss": [
        0.5973205303088134,
        0.5758738980495995,
        0.5661117352972189,
        0.5615922252814562,
        0.5594474521780631,
        0.5583832421496703,
        0.5578119039204997,
        0.557465591404222,
        0.5572217680279737,
        0.5570240869099023
      ],
      "average_accuracy": [
        75.36127301322972,
        75.36127301322972,
        75.36127301322972,
        75.36127301322972,
        75.36127301322972,
        75.36127301322972,
        75.36127301322972,
        75.36127301322972,
        75.36127301322972,
        75.36127301322972
      ]
    },
    "test": {
      "average_loss": [
        0.5961751812959418,
        0.5742548647172311,
        0.5641709276858498,
        0.5594334768898347,
        0.5571420153274256,
        0.5559799565988428,
        0.5553441529764849,
        0.5549561151248568,
        0.5546860846088213,
        0.5544727332890034
      ],
      "average_accuracy": [
        75.43664890467733,
        75.43664890467733,
        75.43664890467733,
        75.43664890467733,
        75.43664890467733,
        75.43664890467733,
        75.43664890467733,
        75.43664890467733,
        75.43664890467733,
        75.43664890467733
      ]
    },
    "average_loss_intra_epoch": [
      0.5570240869099023
    ],
    "average_accuracy_intra_epoch": [
      75.36127301322972
    ],
    "runtime": 3025.9663376808167
  }
}