{
  "hyperparameters": {
    "architecture": "classification",
    "batch_size": 100,
    "clipping_threshold": 0.0,
    "dataset_name": "monks-1_classification",
    "epochs": 10,
    "initialization_scale": "\\sqrt{\frac{6}{n+m}}",
    "inner_ISGD_iterations": 0,
    "intra_epoch": false,
    "lr": 0.001,
    "momentum": 0.0,
    "mu": 0.0,
    "nodes": 50,
    "seed": 1,
    "sgdtype": "implicit",
    "data_type": "classification"
  },
  "results": {
    "train": {
      "average_loss": [
        0.6926331639289856,
        0.6926326394081116,
        0.6926320314407348,
        0.6926313996315002,
        0.6926308989524841,
        0.6926302433013916,
        0.6926297068595886,
        0.692629075050354,
        0.6926284432411194,
        0.6926278710365296
      ],
      "average_accuracy": [
        50.9009009009009,
        50.9009009009009,
        50.9009009009009,
        50.9009009009009,
        50.9009009009009,
        50.9009009009009,
        50.9009009009009,
        50.9009009009009,
        50.9009009009009,
        50.9009009009009
      ]
    },
    "test": {
      "average_loss": [
        0.6937012672424316,
        0.6937006115913391,
        0.6936998665332794,
        0.6936992108821869,
        0.6936986446380615,
        0.6936979293823242,
        0.6936972737312317,
        0.6936964988708496,
        0.6936959326267242,
        0.6936951577663422
      ],
      "average_accuracy": [
        46.42857142857143,
        46.42857142857143,
        46.42857142857143,
        46.42857142857143,
        46.42857142857143,
        46.42857142857143,
        46.42857142857143,
        46.42857142857143,
        46.42857142857143,
        46.42857142857143
      ]
    },
    "average_loss_intra_epoch": [
      0.6926278710365296
    ],
    "average_accuracy_intra_epoch": [
      50.9009009009009
    ],
    "runtime": 1.86360764503479
  }
}