{
  "hyperparameters": {
    "architecture": "classification",
    "batch_size": 100,
    "clipping_threshold": 0.0,
    "dataset_name": "steel-plates_classification",
    "epochs": 10,
    "initialization_scale": "\\sqrt{\frac{6}{n+m}}",
    "inner_ISGD_iterations": 0,
    "intra_epoch": false,
    "lr": 10.0,
    "momentum": 0.0,
    "mu": 0.0,
    "nodes": 50,
    "seed": 1,
    "sgdtype": "explicit",
    "data_type": "classification"
  },
  "results": {
    "train": {
      "average_loss": [
        114.46441650390625,
        64.65434145927429,
        98.48478126525879,
        33.21863079071045,
        32.56141793727875,
        44.235623836517334,
        19.353183388710022,
        19.793002665042877,
        45.25554871559143,
        12.847789466381073
      ],
      "average_accuracy": [
        38.72422680412371,
        47.48711340206186,
        40.52835051546392,
        35.24484536082474,
        36.404639175257735,
        41.172680412371136,
        43.49226804123711,
        38.91752577319588,
        43.49226804123711,
        39.3041237113402
      ]
    },
    "test": {
      "average_loss": [
        124.76864624023438,
        70.90971183776855,
        107.27681350708008,
        34.89852952957153,
        33.32652711868286,
        46.24112892150879,
        19.3463716506958,
        21.642012119293213,
        44.624146461486816,
        12.566184759140015
      ],
      "average_accuracy": [
        36.246786632390744,
        48.0719794344473,
        38.303341902313626,
        35.732647814910024,
        37.53213367609254,
        38.04627249357326,
        44.2159383033419,
        38.81748071979435,
        44.2159383033419,
        37.789203084832906
      ]
    },
    "average_loss_intra_epoch": [
      12.847789466381073
    ],
    "average_accuracy_intra_epoch": [
      39.3041237113402
    ],
    "runtime": 14054.92361497879
  }
}