{
  "hyperparameters": {
    "architecture": "classification",
    "batch_size": 100,
    "clipping_threshold": 0.0,
    "dataset_name": "image-segmentation_classification",
    "epochs": 10,
    "initialization_scale": "\\sqrt{\frac{6}{n+m}}",
    "inner_ISGD_iterations": 0,
    "intra_epoch": false,
    "lr": 1.0,
    "momentum": 0.0,
    "mu": 0.0,
    "nodes": 50,
    "seed": 1,
    "sgdtype": "explicit",
    "data_type": "classification"
  },
  "results": {
    "train": {
      "average_loss": [
        1.0633565626646344,
        1.2751540322052806,
        0.4802652173920682,
        0.5646950037855851,
        0.30775818934566096,
        0.41350160617577403,
        0.17898882180452347,
        0.1343861318340427,
        0.1540901990313279,
        0.12418509549216221
      ],
      "average_accuracy": [
        63.095238095238095,
        58.874458874458874,
        79.32900432900433,
        78.4090909090909,
        90.25974025974025,
        82.84632034632034,
        93.72294372294373,
        95.67099567099567,
        93.99350649350649,
        95.508658008658
      ]
    },
    "test": {
      "average_loss": [
        1.1219701051712037,
        1.4746370553970336,
        0.4945045530796051,
        0.63554168343544,
        0.32495186030864714,
        0.45863036513328553,
        0.19446439296007156,
        0.1499052092432976,
        0.15323481261730193,
        0.13434552997350693
      ],
      "average_accuracy": [
        60.17316017316017,
        51.298701298701296,
        82.46753246753246,
        73.80952380952381,
        88.96103896103897,
        80.08658008658008,
        93.93939393939394,
        95.45454545454545,
        93.93939393939394,
        94.8051948051948
      ]
    },
    "average_loss_intra_epoch": [
      0.12418509549216221
    ],
    "average_accuracy_intra_epoch": [
      95.508658008658
    ],
    "runtime": 5.332214832305908
  }
}