{
  "hyperparameters": {
    "architecture": "classification",
    "batch_size": 100,
    "clipping_threshold": 0.0,
    "dataset_name": "pittsburg-bridges-MATERIAL_classification",
    "epochs": 10,
    "initialization_scale": "\\sqrt{\frac{6}{n+m}}",
    "inner_ISGD_iterations": 0,
    "intra_epoch": false,
    "lr": 10.0,
    "momentum": 0.0,
    "mu": 0.0,
    "nodes": 50,
    "seed": 1,
    "sgdtype": "explicit",
    "data_type": "classification"
  },
  "results": {
    "train": {
      "average_loss": [
        1.8944628238677979,
        16.911991119384766,
        44.740074157714844,
        45.662811279296875,
        24.098567962646484,
        11.432639122009277,
        44.542564392089844,
        35.62225341796875,
        10.308704376220703,
        33.57284927368164
      ],
      "average_accuracy": [
        72.61904761904762,
        16.666666666666668,
        16.666666666666668,
        72.61904761904762,
        72.61904761904762,
        72.61904761904762,
        10.714285714285714,
        72.61904761904762,
        72.61904761904762,
        16.666666666666668
      ]
    },
    "test": {
      "average_loss": [
        1.318976879119873,
        18.852827072143555,
        48.8372688293457,
        28.179365158081055,
        14.34579849243164,
        6.615286350250244,
        46.347721099853516,
        26.224218368530273,
        8.607898712158203,
        37.0191535949707
      ],
      "average_accuracy": [
        81.81818181818181,
        9.090909090909092,
        9.090909090909092,
        81.81818181818181,
        81.81818181818181,
        81.81818181818181,
        9.090909090909092,
        81.81818181818181,
        81.81818181818181,
        9.090909090909092
      ]
    },
    "average_loss_intra_epoch": [
      33.57284927368164
    ],
    "average_accuracy_intra_epoch": [
      16.666666666666668
    ],
    "runtime": 3.570422649383545
  }
}