{
  "hyperparameters": {
    "architecture": "classification",
    "batch_size": 100,
    "clipping_threshold": 0.0,
    "dataset_name": "iris_classification",
    "epochs": 10,
    "initialization_scale": "\\sqrt{\frac{6}{n+m}}",
    "inner_ISGD_iterations": 0,
    "intra_epoch": false,
    "lr": 5.0,
    "momentum": 0.0,
    "mu": 0.0,
    "nodes": 50,
    "seed": 1,
    "sgdtype": "explicit",
    "data_type": "classification"
  },
  "results": {
    "train": {
      "average_loss": [
        1.2212820649147034,
        1.3249838948249817,
        2.8860172033309937,
        15.466324806213379,
        11.348624229431152,
        13.984983921051025,
        16.236146450042725,
        14.366004467010498,
        14.002199172973633,
        7.897977828979492
      ],
      "average_accuracy": [
        30.833333333333332,
        30.833333333333332,
        30.833333333333332,
        30.833333333333332,
        36.666666666666664,
        36.666666666666664,
        30.833333333333332,
        32.5,
        36.666666666666664,
        30.833333333333332
      ]
    },
    "test": {
      "average_loss": [
        1.1326326131820679,
        1.3076612949371338,
        2.3445780277252197,
        12.473645210266113,
        13.990328788757324,
        16.7305965423584,
        15.750020027160645,
        10.62585735321045,
        16.944175720214844,
        7.955916404724121
      ],
      "average_accuracy": [
        43.333333333333336,
        43.333333333333336,
        43.333333333333336,
        43.333333333333336,
        20.0,
        20.0,
        43.333333333333336,
        36.666666666666664,
        20.0,
        43.333333333333336
      ]
    },
    "average_loss_intra_epoch": [
      7.897977828979492
    ],
    "average_accuracy_intra_epoch": [
      30.833333333333332
    ],
    "runtime": 3.613412618637085
  }
}