{
  "hyperparameters": {
    "architecture": "music",
    "batch_size": 100,
    "clipping_threshold": 0.1,
    "dataset_name": "Piano-midi.de",
    "epochs": 5,
    "initialization_scale": "\\sqrt{\frac{6}{n+m}}",
    "inner_ISGD_iterations": 0,
    "intra_epoch": false,
    "lr": 2.0,
    "momentum": 0.0,
    "mu": 0.0,
    "nodes": 300,
    "seed": 2,
    "sgdtype": "explicit",
    "data_type": "sequential_many"
  },
  "results": {
    "train": {
      "average_loss": [
        0.0012104052393938061,
        0.0009570176378307307,
        0.0007968078465762965,
        0.0006953808872080034,
        0.0006285923172354473
      ],
      "average_accuracy": [
        0,
        0,
        0,
        0,
        0
      ]
    },
    "test": {
      "average_loss": [
        0.0014026857825228944,
        0.001123796722968109,
        0.0009471264720195905,
        0.0008338864124380052,
        0.0007592361656134017
      ],
      "average_accuracy": [
        0,
        0,
        0,
        0,
        0
      ]
    },
    "average_loss_intra_epoch": [
      0.0006285923172354473
    ],
    "average_accuracy_intra_epoch": [
      0
    ],
    "runtime": 569.0630762577057
  }
}