{
  "hyperparameters": {
    "architecture": "classification",
    "batch_size": 100,
    "clipping_threshold": 0.0,
    "dataset_name": "statlog-vehicle_classification",
    "epochs": 10,
    "initialization_scale": "\\sqrt{\frac{6}{n+m}}",
    "inner_ISGD_iterations": 0,
    "intra_epoch": false,
    "lr": 0.5,
    "momentum": 0.0,
    "mu": 0.0,
    "nodes": 50,
    "seed": 1,
    "sgdtype": "explicit",
    "data_type": "classification"
  },
  "results": {
    "train": {
      "average_loss": [
        1.3715316568102156,
        1.3249144043241228,
        1.2238520724432809,
        1.139120408466884,
        1.0775507518223353,
        1.0795397758483887,
        1.0257444722311837,
        1.0040015748568945,
        0.9556138856070382,
        0.8966264298983982
      ],
      "average_accuracy": [
        37.27810650887574,
        38.6094674556213,
        42.01183431952663,
        46.15384615384615,
        55.02958579881657,
        51.92307692307692,
        55.17751479289941,
        56.50887573964497,
        56.80473372781065,
        56.65680473372781
      ]
    },
    "test": {
      "average_loss": [
        1.3811941146850586,
        1.3399694561958313,
        1.247623324394226,
        1.1602364778518677,
        1.1023828983306885,
        1.1075305938720703,
        1.0627056956291199,
        1.0363649725914001,
        1.002860188484192,
        0.9469541907310486
      ],
      "average_accuracy": [
        27.058823529411764,
        37.05882352941177,
        38.8235294117647,
        41.76470588235294,
        45.294117647058826,
        52.94117647058823,
        48.23529411764706,
        53.529411764705884,
        52.94117647058823,
        52.35294117647059
      ]
    },
    "average_loss_intra_epoch": [
      0.8966264298983982
    ],
    "average_accuracy_intra_epoch": [
      56.65680473372781
    ],
    "runtime": 3.8599557876586914
  }
}