{
  "hyperparameters": {
    "architecture": "classification",
    "batch_size": 100,
    "clipping_threshold": 0.0,
    "dataset_name": "wine-quality-white_classification",
    "epochs": 10,
    "initialization_scale": "\\sqrt{\frac{6}{n+m}}",
    "inner_ISGD_iterations": 0,
    "intra_epoch": false,
    "lr": 3.0,
    "momentum": 0.0,
    "mu": 0.0,
    "nodes": 50,
    "seed": 1,
    "sgdtype": "explicit",
    "data_type": "classification"
  },
  "results": {
    "train": {
      "average_loss": [
        1.294591587781906,
        1.2960100322961807,
        1.2693705588579178,
        1.287928533554077,
        1.3107252791523933,
        1.3184682488441468,
        1.3113969579339027,
        1.3084099993109704,
        1.274240691959858,
        1.3645458966493607
      ],
      "average_accuracy": [
        44.99744767738642,
        44.99744767738642,
        49.36191934660541,
        50.43389484430832,
        50.07656967840735,
        50.127616130678916,
        49.56610515569168,
        47.14139867279224,
        48.111281265952016,
        46.55436447166922
      ]
    },
    "test": {
      "average_loss": [
        1.3019390940666198,
        1.3049621343612672,
        1.2810497045516969,
        1.3025530934333802,
        1.3259990215301514,
        1.3353188276290893,
        1.3321075439453125,
        1.3303714871406556,
        1.3008702754974366,
        1.3913853287696838
      ],
      "average_accuracy": [
        44.38775510204081,
        44.38775510204081,
        48.57142857142857,
        48.16326530612245,
        47.55102040816327,
        47.857142857142854,
        46.326530612244895,
        45.61224489795919,
        45.30612244897959,
        43.36734693877551
      ]
    },
    "average_loss_intra_epoch": [
      1.3645458966493607
    ],
    "average_accuracy_intra_epoch": [
      46.55436447166922
    ],
    "runtime": 7.4825968742370605
  }
}