{
  "hyperparameters": {
    "architecture": "classification",
    "batch_size": 100,
    "clipping_threshold": 0.0,
    "dataset_name": "vertebral-column-3clases_classification",
    "epochs": 10,
    "initialization_scale": "\\sqrt{\frac{6}{n+m}}",
    "inner_ISGD_iterations": 0,
    "intra_epoch": false,
    "lr": 1.0,
    "momentum": 0.0,
    "mu": 0.0,
    "nodes": 50,
    "seed": 1,
    "sgdtype": "explicit",
    "data_type": "classification"
  },
  "results": {
    "train": {
      "average_loss": [
        1.0475380023320515,
        1.0416719317436218,
        1.0348060727119446,
        1.0076428651809692,
        0.8609546224276224,
        0.6673402587572733,
        0.5948552290598551,
        0.5881734291712443,
        0.5625778138637543,
        0.5399734079837799
      ],
      "average_accuracy": [
        47.983870967741936,
        47.983870967741936,
        47.983870967741936,
        47.983870967741936,
        72.1774193548387,
        70.96774193548387,
        73.79032258064517,
        73.79032258064517,
        74.19354838709677,
        74.19354838709677
      ]
    },
    "test": {
      "average_loss": [
        1.030677318572998,
        1.0207724571228027,
        1.0129209756851196,
        0.986734926700592,
        0.8556999564170837,
        0.7303012013435364,
        0.7240132093429565,
        0.7244287133216858,
        0.6811087131500244,
        0.631817102432251
      ],
      "average_accuracy": [
        50.0,
        50.0,
        50.0,
        50.0,
        67.74193548387096,
        69.35483870967742,
        66.12903225806451,
        67.74193548387096,
        72.58064516129032,
        70.96774193548387
      ]
    },
    "average_loss_intra_epoch": [
      0.5399734079837799
    ],
    "average_accuracy_intra_epoch": [
      74.19354838709677
    ],
    "runtime": 3.5926764011383057
  }
}