{
  "hyperparameters": {
    "architecture": "classification",
    "batch_size": 100,
    "clipping_threshold": 0.0,
    "dataset_name": "zoo_classification",
    "epochs": 10,
    "initialization_scale": "\\sqrt{\frac{6}{n+m}}",
    "inner_ISGD_iterations": 0,
    "intra_epoch": false,
    "lr": 10.0,
    "momentum": 0.0,
    "mu": 0.0,
    "nodes": 50,
    "seed": 1,
    "sgdtype": "implicit",
    "data_type": "classification"
  },
  "results": {
    "train": {
      "average_loss": [
        2.204179525375366,
        6.178122520446777,
        6.458946228027344,
        19.196008682250977,
        52.93439865112305,
        58.096527099609375,
        65.45463562011719,
        58.89171600341797,
        71.85673522949219,
        56.49486541748047
      ],
      "average_accuracy": [
        37.5,
        0.0,
        15.0,
        56.25,
        47.5,
        47.5,
        52.5,
        56.25,
        41.25,
        41.25
      ]
    },
    "test": {
      "average_loss": [
        1.6979762315750122,
        6.157806396484375,
        8.247891426086426,
        9.153969764709473,
        56.47562789916992,
        41.21689987182617,
        50.21644973754883,
        27.53387451171875,
        65.50282287597656,
        42.12929153442383
      ],
      "average_accuracy": [
        52.38095238095238,
        0.0,
        4.761904761904762,
        76.19047619047619,
        52.38095238095238,
        61.904761904761905,
        57.142857142857146,
        76.19047619047619,
        52.38095238095238,
        57.142857142857146
      ]
    },
    "average_loss_intra_epoch": [
      56.49486541748047
    ],
    "average_accuracy_intra_epoch": [
      41.25
    ],
    "runtime": 4.833677768707275
  }
}