{
  "hyperparameters": {
    "architecture": "classification",
    "batch_size": 100,
    "clipping_threshold": 0.0,
    "dataset_name": "magic_classification",
    "epochs": 10,
    "initialization_scale": "\\sqrt{\frac{6}{n+m}}",
    "inner_ISGD_iterations": 0,
    "intra_epoch": false,
    "lr": 5.0,
    "momentum": 0.0,
    "mu": 0.0,
    "nodes": 50,
    "seed": 1,
    "sgdtype": "explicit",
    "data_type": "classification"
  },
  "results": {
    "train": {
      "average_loss": [
        6.650604530097612,
        3.566236251319935,
        10.682153461805356,
        3.9812720943899715,
        5.633762884763331,
        9.790094484690748,
        3.6077369085324356,
        9.663614151524563,
        7.736840497434529,
        3.591709975323646
      ],
      "average_accuracy": [
        64.26130389064143,
        58.431913774973715,
        65.43769716088327,
        56.58517350157729,
        59.70688748685594,
        75.19716088328076,
        76.17639327024185,
        50.18401682439537,
        68.59884332281808,
        69.74894847528917
      ]
    },
    "test": {
      "average_loss": [
        6.387877317575308,
        3.627793079767472,
        10.980739459013327,
        4.121589819590251,
        5.622140358655881,
        9.726662146739471,
        3.7303512279803934,
        9.552240506196634,
        7.561136979323167,
        3.650778678747324
      ],
      "average_accuracy": [
        65.48370136698212,
        58.175604626708726,
        66.5615141955836,
        55.36277602523659,
        60.094637223974765,
        75.28916929547844,
        75.76235541535226,
        50.57833859095689,
        68.69085173501577,
        69.84752891692955
      ]
    },
    "average_loss_intra_epoch": [
      3.591709975323646
    ],
    "average_accuracy_intra_epoch": [
      69.74894847528917
    ],
    "runtime": 18.16197371482849
  }
}