{
  "hyperparameters": {
    "architecture": "classification",
    "batch_size": 100,
    "clipping_threshold": 0.0,
    "dataset_name": "thyroid_classification",
    "epochs": 10,
    "initialization_scale": "\\sqrt{\frac{6}{n+m}}",
    "inner_ISGD_iterations": 0,
    "intra_epoch": false,
    "lr": 5.0,
    "momentum": 0.0,
    "mu": 0.0,
    "nodes": 50,
    "seed": 1,
    "sgdtype": "implicit",
    "data_type": "classification"
  },
  "results": {
    "train": {
      "average_loss": [
        6.277637220662216,
        5.87209388305401,
        5.627615024303568,
        7.739890460310312,
        8.746719113711652,
        4.008271108413565,
        2.9545265436172485,
        4.410339285587442,
        0.888557950227425,
        2.708458523908309
      ],
      "average_accuracy": [
        82.65625,
        87.77777777777777,
        76.12847222222223,
        92.77777777777777,
        93.38541666666667,
        86.11111111111111,
        92.77777777777777,
        92.77777777777777,
        92.74305555555556,
        94.30555555555556
      ]
    },
    "test": {
      "average_loss": [
        7.409943644205729,
        7.443429438273112,
        6.269942315419515,
        8.432507530848186,
        10.382686138153076,
        4.408647378285726,
        3.4916356484095257,
        5.06829313437144,
        0.9012274026870728,
        3.7025503476460773
      ],
      "average_accuracy": [
        81.31944444444444,
        85.83333333333333,
        74.02777777777777,
        91.80555555555556,
        92.29166666666667,
        84.23611111111111,
        91.80555555555556,
        91.80555555555556,
        91.73611111111111,
        92.84722222222223
      ]
    },
    "average_loss_intra_epoch": [
      2.708458523908309
    ],
    "average_accuracy_intra_epoch": [
      94.30555555555556
    ],
    "runtime": 172.0080041885376
  }
}