{
  "hyperparameters": {
    "architecture": "classification",
    "batch_size": 100,
    "clipping_threshold": 0.0,
    "dataset_name": "lenses_classification",
    "epochs": 10,
    "initialization_scale": "\\sqrt{\frac{6}{n+m}}",
    "inner_ISGD_iterations": 0,
    "intra_epoch": false,
    "lr": 0.5,
    "momentum": 0.0,
    "mu": 0.0,
    "nodes": 50,
    "seed": 1,
    "sgdtype": "explicit",
    "data_type": "classification"
  },
  "results": {
    "train": {
      "average_loss": [
        1.0138003826141357,
        0.9686436057090759,
        0.9426833987236023,
        0.9280039072036743,
        0.9198238849639893,
        0.9153102040290833,
        0.9128314852714539,
        0.9114692807197571,
        0.9107165336608887,
        0.9102951884269714
      ],
      "average_accuracy": [
        63.1578947368421,
        63.1578947368421,
        63.1578947368421,
        63.1578947368421,
        63.1578947368421,
        63.1578947368421,
        63.1578947368421,
        63.1578947368421,
        63.1578947368421,
        63.1578947368421
      ]
    },
    "test": {
      "average_loss": [
        1.0220634937286377,
        0.986026406288147,
        0.9670397043228149,
        0.9576805233955383,
        0.9535411596298218,
        0.9520865678787231,
        0.951919674873352,
        0.9523059129714966,
        0.9528781175613403,
        0.9534649848937988
      ],
      "average_accuracy": [
        60.0,
        60.0,
        60.0,
        60.0,
        60.0,
        60.0,
        60.0,
        60.0,
        60.0,
        60.0
      ]
    },
    "average_loss_intra_epoch": [
      0.9102951884269714
    ],
    "average_accuracy_intra_epoch": [
      63.1578947368421
    ],
    "runtime": 3.1119627952575684
  }
}