{
  "hyperparameters": {
    "architecture": "classification",
    "batch_size": 100,
    "clipping_threshold": 0.0,
    "dataset_name": "conn-bench-vowel-deterding_classification",
    "epochs": 10,
    "initialization_scale": "\\sqrt{\frac{6}{n+m}}",
    "inner_ISGD_iterations": 0,
    "intra_epoch": false,
    "lr": 30.0,
    "momentum": 0.0,
    "mu": 0.0,
    "nodes": 50,
    "seed": 1,
    "sgdtype": "explicit",
    "data_type": "classification"
  },
  "results": {
    "train": {
      "average_loss": [
        438.3464584350586,
        268.0879211425781,
        160.36063766479492,
        129.43114757537842,
        179.50959968566895,
        143.43080711364746,
        138.27762508392334,
        89.3005952835083,
        151.5377712249756,
        105.52248096466064
      ],
      "average_accuracy": [
        11.11111111111111,
        8.964646464646465,
        15.404040404040405,
        8.080808080808081,
        12.752525252525253,
        9.848484848484848,
        9.722222222222221,
        16.91919191919192,
        10.858585858585858,
        16.161616161616163
      ]
    },
    "test": {
      "average_loss": [
        421.989013671875,
        283.8148498535156,
        176.3920440673828,
        140.41385650634766,
        194.50041961669922,
        137.86065673828125,
        157.08393096923828,
        92.7474250793457,
        160.1061782836914,
        106.03191375732422
      ],
      "average_accuracy": [
        12.626262626262626,
        9.595959595959595,
        8.585858585858587,
        11.616161616161616,
        12.626262626262626,
        6.0606060606060606,
        8.585858585858587,
        12.626262626262626,
        12.121212121212121,
        18.181818181818183
      ]
    },
    "average_loss_intra_epoch": [
      105.52248096466064
    ],
    "average_accuracy_intra_epoch": [
      16.161616161616163
    ],
    "runtime": 4.145577907562256
  }
}