{
  "hyperparameters": {
    "architecture": "classification",
    "batch_size": 100,
    "clipping_threshold": 0.0,
    "dataset_name": "pima_classification",
    "epochs": 10,
    "initialization_scale": "\\sqrt{\frac{6}{n+m}}",
    "inner_ISGD_iterations": 0,
    "intra_epoch": false,
    "lr": 3.0,
    "momentum": 0.0,
    "mu": 0.0,
    "nodes": 50,
    "seed": 1,
    "sgdtype": "implicit",
    "data_type": "classification"
  },
  "results": {
    "train": {
      "average_loss": [
        0.804432920047215,
        0.753734656742641,
        0.756412923336029,
        0.7709718431745257,
        0.68150281054633,
        0.7451989139829364,
        0.5725536346435547,
        0.5307848453521729,
        0.5566163999693734,
        0.5214966194970267
      ],
      "average_accuracy": [
        34.69055374592834,
        34.69055374592834,
        34.69055374592834,
        34.69055374592834,
        65.30944625407166,
        63.843648208469055,
        71.82410423452768,
        74.2671009771987,
        73.7785016286645,
        75.2442996742671
      ]
    },
    "test": {
      "average_loss": [
        0.8096899092197418,
        0.7570205628871918,
        0.759600967168808,
        0.7714319229125977,
        0.6708800494670868,
        0.7217755913734436,
        0.5577058792114258,
        0.5079996734857559,
        0.541813850402832,
        0.502646416425705
      ],
      "average_accuracy": [
        35.714285714285715,
        35.714285714285715,
        35.714285714285715,
        35.714285714285715,
        64.28571428571429,
        64.93506493506493,
        72.07792207792208,
        76.62337662337663,
        73.37662337662337,
        78.57142857142857
      ]
    },
    "average_loss_intra_epoch": [
      0.5214966194970267
    ],
    "average_accuracy_intra_epoch": [
      75.2442996742671
    ],
    "runtime": 11.433876514434814
  }
}