{
  "hyperparameters": {
    "architecture": "classification",
    "batch_size": 100,
    "clipping_threshold": 0.0,
    "dataset_name": "lymphography_classification",
    "epochs": 10,
    "initialization_scale": "\\sqrt{\frac{6}{n+m}}",
    "inner_ISGD_iterations": 0,
    "intra_epoch": false,
    "lr": 10.0,
    "momentum": 0.0,
    "mu": 0.0,
    "nodes": 50,
    "seed": 1,
    "sgdtype": "implicit",
    "data_type": "classification"
  },
  "results": {
    "train": {
      "average_loss": [
        4.823040962219238,
        12.269425392150879,
        127.24054718017578,
        18.303876876831055,
        30.729351043701172,
        137.76611328125,
        64.80559349060059,
        31.218314170837402,
        23.57624912261963,
        10.871785640716553
      ],
      "average_accuracy": [
        43.220338983050844,
        36.440677966101696,
        44.067796610169495,
        35.59322033898305,
        57.6271186440678,
        45.76271186440678,
        44.91525423728814,
        26.271186440677965,
        81.35593220338983,
        80.50847457627118
      ]
    },
    "test": {
      "average_loss": [
        5.607604026794434,
        17.555707931518555,
        148.24652099609375,
        19.660497665405273,
        31.652851104736328,
        188.0619354248047,
        48.36653518676758,
        35.242698669433594,
        48.07975387573242,
        30.265724182128906
      ],
      "average_accuracy": [
        33.333333333333336,
        36.666666666666664,
        30.0,
        40.0,
        63.333333333333336,
        30.0,
        56.666666666666664,
        30.0,
        73.33333333333333,
        70.0
      ]
    },
    "average_loss_intra_epoch": [
      10.871785640716553
    ],
    "average_accuracy_intra_epoch": [
      80.50847457627118
    ],
    "runtime": 6.555345058441162
  }
}