{
  "hyperparameters": {
    "architecture": "classification",
    "batch_size": 100,
    "clipping_threshold": 0.0,
    "dataset_name": "thyroid_classification",
    "epochs": 10,
    "initialization_scale": "\\sqrt{\frac{6}{n+m}}",
    "inner_ISGD_iterations": 0,
    "intra_epoch": false,
    "lr": 0.01,
    "momentum": 0.0,
    "mu": 0.0,
    "nodes": 50,
    "seed": 1,
    "sgdtype": "implicit",
    "data_type": "classification"
  },
  "results": {
    "train": {
      "average_loss": [
        0.6844284287814436,
        0.5055439795913368,
        0.4121885895729065,
        0.3634696063296548,
        0.33738570377744476,
        0.32278858459201354,
        0.3141286213850153,
        0.3085974917329591,
        0.30472830194851447,
        0.30172491767283144
      ],
      "average_accuracy": [
        92.77777777777777,
        92.77777777777777,
        92.77777777777777,
        92.77777777777777,
        92.77777777777777,
        92.77777777777777,
        92.77777777777777,
        92.77777777777777,
        92.77777777777777,
        92.77777777777777
      ]
    },
    "test": {
      "average_loss": [
        0.690488322575887,
        0.5163126746813457,
        0.4265451729297638,
        0.3805134892463684,
        0.35641303261121116,
        0.3432658910751343,
        0.33565737505753834,
        0.3308810323476791,
        0.3275461544593175,
        0.32491355141003925
      ],
      "average_accuracy": [
        91.80555555555556,
        91.80555555555556,
        91.80555555555556,
        91.80555555555556,
        91.80555555555556,
        91.80555555555556,
        91.80555555555556,
        91.80555555555556,
        91.80555555555556,
        91.80555555555556
      ]
    },
    "average_loss_intra_epoch": [
      0.30172491767283144
    ],
    "average_accuracy_intra_epoch": [
      92.77777777777777
    ],
    "runtime": 181.14233303070068
  }
}