{
  "hyperparameters": {
    "architecture": "classification",
    "batch_size": 100,
    "clipping_threshold": 0.0,
    "dataset_name": "oocytes-merluccius-nucleus-4d_classification",
    "epochs": 10,
    "initialization_scale": "\\sqrt{\frac{6}{n+m}}",
    "inner_ISGD_iterations": 0,
    "intra_epoch": false,
    "lr": 50.0,
    "momentum": 0.0,
    "mu": 0.0,
    "nodes": 50,
    "seed": 1,
    "sgdtype": "implicit",
    "data_type": "classification"
  },
  "results": {
    "train": {
      "average_loss": [
        2526.046156141493,
        497.61554633246527,
        270.31400722927515,
        1750.4314507378472,
        792.6842549641927,
        1733.4679633246528,
        1099.9706420898438,
        149.96918063693576,
        906.8352457682291,
        181.39269595675998
      ],
      "average_accuracy": [
        58.873929008567934,
        59.1187270501836,
        41.6156670746634,
        59.4859241126071,
        58.3843329253366,
        58.26193390452876,
        56.670746634026926,
        67.56425948592411,
        59.241126070991434,
        67.80905752753978
      ]
    },
    "test": {
      "average_loss": [
        1824.0269114176433,
        355.10011800130206,
        348.74322509765625,
        1356.2511698404949,
        566.3050333658854,
        1227.5933024088542,
        919.3129272460938,
        150.16366068522134,
        778.6942240397135,
        214.3473103841146
      ],
      "average_accuracy": [
        60.0,
        59.02439024390244,
        41.951219512195124,
        58.048780487804876,
        59.02439024390244,
        59.02439024390244,
        57.073170731707314,
        63.41463414634146,
        58.53658536585366,
        63.41463414634146
      ]
    },
    "average_loss_intra_epoch": [
      181.39269595675998
    ],
    "average_accuracy_intra_epoch": [
      67.80905752753978
    ],
    "runtime": 47.84649848937988
  }
}