{
  "hyperparameters": {
    "architecture": "classification",
    "batch_size": 100,
    "clipping_threshold": 0.0,
    "dataset_name": "breast-cancer-wisc-prog_classification",
    "epochs": 10,
    "initialization_scale": "\\sqrt{\frac{6}{n+m}}",
    "inner_ISGD_iterations": 0,
    "intra_epoch": false,
    "lr": 1.0,
    "momentum": 0.0,
    "mu": 0.0,
    "nodes": 50,
    "seed": 1,
    "sgdtype": "explicit",
    "data_type": "classification"
  },
  "results": {
    "train": {
      "average_loss": [
        0.5208151936531067,
        0.5121281445026398,
        0.5005596876144409,
        0.48443150520324707,
        0.463638037443161,
        0.4340275228023529,
        0.3987443149089813,
        0.40315501391887665,
        0.4489590525627136,
        0.3709723800420761
      ],
      "average_accuracy": [
        77.21518987341773,
        77.21518987341773,
        77.21518987341773,
        77.21518987341773,
        78.48101265822785,
        81.0126582278481,
        83.54430379746836,
        81.0126582278481,
        79.74683544303798,
        84.81012658227849
      ]
    },
    "test": {
      "average_loss": [
        0.5846770405769348,
        0.5830510854721069,
        0.5708226561546326,
        0.5529785752296448,
        0.5365731716156006,
        0.5278007984161377,
        0.5214437246322632,
        0.5147562026977539,
        0.504451334476471,
        0.5320752859115601
      ],
      "average_accuracy": [
        72.5,
        72.5,
        72.5,
        72.5,
        75.0,
        77.5,
        77.5,
        75.0,
        75.0,
        80.0
      ]
    },
    "average_loss_intra_epoch": [
      0.3709723800420761
    ],
    "average_accuracy_intra_epoch": [
      84.81012658227849
    ],
    "runtime": 0.862807035446167
  }
}