{
  "hyperparameters": {
    "architecture": "classification",
    "batch_size": 100,
    "clipping_threshold": 0.0,
    "dataset_name": "thyroid_classification",
    "epochs": 10,
    "initialization_scale": "\\sqrt{\frac{6}{n+m}}",
    "inner_ISGD_iterations": 0,
    "intra_epoch": false,
    "lr": 0.001,
    "momentum": 0.0,
    "mu": 0.0,
    "nodes": 50,
    "seed": 1,
    "sgdtype": "implicit",
    "data_type": "classification"
  },
  "results": {
    "train": {
      "average_loss": [
        0.9814021135198658,
        0.9389923533488964,
        0.899413660682481,
        0.8624276796291614,
        0.8278268781201593,
        0.7954291896573429,
        0.765073555296865,
        0.7366169567765861,
        0.7099309686956734,
        0.6848997987549881
      ],
      "average_accuracy": [
        92.77777777777777,
        92.77777777777777,
        92.77777777777777,
        92.77777777777777,
        92.77777777777777,
        92.77777777777777,
        92.77777777777777,
        92.77777777777777,
        92.77777777777777,
        92.77777777777777
      ]
    },
    "test": {
      "average_loss": [
        0.9818973898887634,
        0.9401909311612447,
        0.9012897650400797,
        0.8649577895800272,
        0.8309893369674682,
        0.7992039283116659,
        0.7694419980049133,
        0.7415616552035014,
        0.715435536702474,
        0.6909485658009847
      ],
      "average_accuracy": [
        91.80555555555556,
        91.80555555555556,
        91.80555555555556,
        91.80555555555556,
        91.80555555555556,
        91.80555555555556,
        91.80555555555556,
        91.80555555555556,
        91.80555555555556,
        91.80555555555556
      ]
    },
    "average_loss_intra_epoch": [
      0.6848997987549881
    ],
    "average_accuracy_intra_epoch": [
      92.77777777777777
    ],
    "runtime": 182.3546848297119
  }
}