{
  "hyperparameters": {
    "architecture": "classification",
    "batch_size": 100,
    "clipping_threshold": 0.0,
    "dataset_name": "heart-cleveland_classification",
    "epochs": 10,
    "initialization_scale": "\\sqrt{\frac{6}{n+m}}",
    "inner_ISGD_iterations": 0,
    "intra_epoch": false,
    "lr": 30.0,
    "momentum": 0.0,
    "mu": 0.0,
    "nodes": 50,
    "seed": 1,
    "sgdtype": "explicit",
    "data_type": "classification"
  },
  "results": {
    "train": {
      "average_loss": [
        149.78545125325522,
        140.16851043701172,
        78.64307149251302,
        151.2927042643229,
        127.5458246866862,
        112.42262268066406,
        119.15924072265625,
        188.79493713378906,
        134.78061167399088,
        108.5354715983073
      ],
      "average_accuracy": [
        35.53719008264463,
        48.34710743801653,
        23.553719008264462,
        47.93388429752066,
        25.619834710743802,
        21.90082644628099,
        24.380165289256198,
        50.0,
        50.413223140495866,
        53.71900826446281
      ]
    },
    "test": {
      "average_loss": [
        143.48397827148438,
        115.5391616821289,
        75.74809265136719,
        149.7703857421875,
        134.15846252441406,
        124.06832885742188,
        125.9603271484375,
        217.30308532714844,
        128.92239379882812,
        79.5778579711914
      ],
      "average_accuracy": [
        39.34426229508197,
        54.09836065573771,
        29.508196721311474,
        44.26229508196721,
        31.147540983606557,
        22.950819672131146,
        19.672131147540984,
        45.90163934426229,
        49.18032786885246,
        55.73770491803279
      ]
    },
    "average_loss_intra_epoch": [
      108.5354715983073
    ],
    "average_accuracy_intra_epoch": [
      53.71900826446281
    ],
    "runtime": 0.687654972076416
  }
}