{
  "hyperparameters": {
    "architecture": "classification",
    "batch_size": 100,
    "clipping_threshold": 0.0,
    "dataset_name": "mushroom_classification",
    "epochs": 10,
    "initialization_scale": "\\sqrt{\frac{6}{n+m}}",
    "inner_ISGD_iterations": 0,
    "intra_epoch": false,
    "lr": 10.0,
    "momentum": 0.0,
    "mu": 0.0,
    "nodes": 50,
    "seed": 1,
    "sgdtype": "explicit",
    "data_type": "classification"
  },
  "results": {
    "train": {
      "average_loss": [
        47.69819705669696,
        38.782128055279074,
        5.058984400675847,
        6.66700936464163,
        2.0175211855998407,
        8.075060807741606,
        4.20151375073653,
        2.1285552556698137,
        1.6151222815880408,
        1.9618166254116938
      ],
      "average_accuracy": [
        65.08693645176182,
        78.38128942914294,
        88.65979381443299,
        78.67364209878443,
        89.33682104939221,
        79.13525157716572,
        81.9664563779043,
        80.16617941221726,
        84.28989075242345,
        86.27481150946299
      ]
    },
    "test": {
      "average_loss": [
        50.722360498764935,
        35.07230983060949,
        5.496383989558501,
        6.533052388359518,
        2.300983428955078,
        8.313293036292581,
        3.6507571374668792,
        1.8642253840670866,
        1.5255097711787504,
        2.208844451343312
      ],
      "average_accuracy": [
        63.13846153846154,
        79.63076923076923,
        88.55384615384615,
        79.75384615384615,
        88.55384615384615,
        80.0,
        83.63076923076923,
        79.75384615384615,
        84.55384615384615,
        86.0923076923077
      ]
    },
    "average_loss_intra_epoch": [
      1.9618166254116938
    ],
    "average_accuracy_intra_epoch": [
      86.27481150946299
    ],
    "runtime": 10.585469484329224
  }
}