{
  "hyperparameters": {
    "architecture": "classification",
    "batch_size": 100,
    "clipping_threshold": 0.0,
    "dataset_name": "annealing_classification",
    "epochs": 10,
    "initialization_scale": "\\sqrt{\frac{6}{n+m}}",
    "inner_ISGD_iterations": 0,
    "intra_epoch": false,
    "lr": 3.0,
    "momentum": 0.0,
    "mu": 0.0,
    "nodes": 50,
    "seed": 1,
    "sgdtype": "implicit",
    "data_type": "classification"
  },
  "results": {
    "train": {
      "average_loss": [
        1.2135603427886963,
        0.9909886941313744,
        21.46912932395935,
        21.85406517982483,
        34.25254201889038,
        22.01010036468506,
        14.47448468208313,
        9.025297552347183,
        20.88372713327408,
        12.986130356788635
      ],
      "average_accuracy": [
        39.83286908077994,
        58.4958217270195,
        53.48189415041783,
        23.119777158774372,
        55.15320334261838,
        52.22841225626741,
        68.1058495821727,
        53.899721448467965,
        58.07799442896936,
        66.57381615598885
      ]
    },
    "test": {
      "average_loss": [
        1.1524280309677124,
        1.0239228904247284,
        20.304354667663574,
        23.46525764465332,
        31.65450096130371,
        23.186580657958984,
        12.648681640625,
        6.56655478477478,
        17.554052352905273,
        10.901174068450928
      ],
      "average_accuracy": [
        43.888888888888886,
        51.111111111111114,
        56.111111111111114,
        18.88888888888889,
        57.22222222222222,
        52.77777777777778,
        70.55555555555556,
        56.111111111111114,
        56.666666666666664,
        69.44444444444444
      ]
    },
    "average_loss_intra_epoch": [
      12.986130356788635
    ],
    "average_accuracy_intra_epoch": [
      66.57381615598885
    ],
    "runtime": 13.912631750106812
  }
}