{
  "hyperparameters": {
    "architecture": "classification",
    "batch_size": 100,
    "clipping_threshold": 0.0,
    "dataset_name": "chess-krvkp_classification",
    "epochs": 10,
    "initialization_scale": "\\sqrt{\frac{6}{n+m}}",
    "inner_ISGD_iterations": 0,
    "intra_epoch": false,
    "lr": 1.0,
    "momentum": 0.0,
    "mu": 0.0,
    "nodes": 50,
    "seed": 1,
    "sgdtype": "explicit",
    "data_type": "classification"
  },
  "results": {
    "train": {
      "average_loss": [
        0.17555391057752645,
        0.10986705382282917,
        0.09190774608690006,
        0.0804590078858802,
        0.07630473257114108,
        0.057622933437904485,
        0.04419794608838856,
        0.03854337782384111,
        0.026927026508089442,
        0.022347321993528076
      ],
      "average_accuracy": [
        93.42723004694835,
        96.08763693270735,
        96.83098591549296,
        97.1830985915493,
        96.98748043818466,
        98.04381846635368,
        98.63067292644757,
        98.86541471048513,
        99.1001564945227,
        99.45226917057903
      ]
    },
    "test": {
      "average_loss": [
        0.16069566618118966,
        0.11739825191242355,
        0.10658878540354115,
        0.09959453104862145,
        0.09419886741255011,
        0.06908476379300867,
        0.051839708749737055,
        0.040189296073679416,
        0.03367736230471304,
        0.027476830407977104
      ],
      "average_accuracy": [
        93.75,
        96.25,
        96.71875,
        96.71875,
        96.25,
        97.1875,
        97.34375,
        98.59375,
        98.4375,
        98.90625
      ]
    },
    "average_loss_intra_epoch": [
      0.022347321993528076
    ],
    "average_accuracy_intra_epoch": [
      99.45226917057903
    ],
    "runtime": 6.080118179321289
  }
}