{
  "hyperparameters": {
    "architecture": "classification",
    "batch_size": 100,
    "clipping_threshold": 0.0,
    "dataset_name": "molec-biol-promoter_classification",
    "epochs": 10,
    "initialization_scale": "\\sqrt{\frac{6}{n+m}}",
    "inner_ISGD_iterations": 0,
    "intra_epoch": false,
    "lr": 10.0,
    "momentum": 0.0,
    "mu": 0.0,
    "nodes": 50,
    "seed": 1,
    "sgdtype": "explicit",
    "data_type": "classification"
  },
  "results": {
    "train": {
      "average_loss": [
        0.8760261535644531,
        1.6518363952636719,
        24.069570541381836,
        182.93569946289062,
        159.6719512939453,
        207.2381591796875,
        153.09410095214844,
        116.43328857421875,
        164.38682556152344,
        109.46673583984375
      ],
      "average_accuracy": [
        54.76190476190476,
        45.23809523809524,
        75.0,
        39.285714285714285,
        47.61904761904762,
        44.04761904761905,
        63.095238095238095,
        45.23809523809524,
        54.76190476190476,
        60.714285714285715
      ]
    },
    "test": {
      "average_loss": [
        1.3819397687911987,
        0.7216889262199402,
        17.47548484802246,
        144.00497436523438,
        174.1620330810547,
        146.2727508544922,
        186.29751586914062,
        79.53754425048828,
        219.8358917236328,
        54.1978645324707
      ],
      "average_accuracy": [
        31.818181818181817,
        68.18181818181819,
        81.81818181818181,
        54.54545454545455,
        45.45454545454545,
        59.09090909090909,
        59.09090909090909,
        54.54545454545455,
        36.36363636363637,
        77.27272727272727
      ]
    },
    "average_loss_intra_epoch": [
      109.46673583984375
    ],
    "average_accuracy_intra_epoch": [
      60.714285714285715
    ],
    "runtime": 0.8119039535522461
  }
}