{
  "hyperparameters": {
    "architecture": "classification",
    "batch_size": 100,
    "clipping_threshold": 0.0,
    "dataset_name": "lung-cancer_classification",
    "epochs": 10,
    "initialization_scale": "\\sqrt{\frac{6}{n+m}}",
    "inner_ISGD_iterations": 0,
    "intra_epoch": false,
    "lr": 1.0,
    "momentum": 0.0,
    "mu": 0.0,
    "nodes": 50,
    "seed": 1,
    "sgdtype": "explicit",
    "data_type": "classification"
  },
  "results": {
    "train": {
      "average_loss": [
        1.0449835062026978,
        0.967409074306488,
        0.8013291954994202,
        0.5384848117828369,
        0.33454811573028564,
        0.18249912559986115,
        0.09923631697893143,
        0.060245364904403687,
        0.04069361835718155,
        0.0297614187002182
      ],
      "average_accuracy": [
        64.0,
        76.0,
        84.0,
        88.0,
        100.0,
        100.0,
        100.0,
        100.0,
        100.0,
        100.0
      ]
    },
    "test": {
      "average_loss": [
        1.0606240034103394,
        1.0084904432296753,
        0.9037235975265503,
        0.7825095057487488,
        0.7785355448722839,
        0.9409441351890564,
        1.1341822147369385,
        1.3428585529327393,
        1.4821794033050537,
        1.6264028549194336
      ],
      "average_accuracy": [
        57.142857142857146,
        57.142857142857146,
        57.142857142857146,
        71.42857142857143,
        57.142857142857146,
        42.857142857142854,
        42.857142857142854,
        42.857142857142854,
        42.857142857142854,
        42.857142857142854
      ]
    },
    "average_loss_intra_epoch": [
      0.0297614187002182
    ],
    "average_accuracy_intra_epoch": [
      100.0
    ],
    "runtime": 3.1104202270507812
  }
}