{
  "hyperparameters": {
    "architecture": "classification",
    "batch_size": 100,
    "clipping_threshold": 0.0,
    "dataset_name": "ecoli_classification",
    "epochs": 10,
    "initialization_scale": "\\sqrt{\frac{6}{n+m}}",
    "inner_ISGD_iterations": 0,
    "intra_epoch": false,
    "lr": 0.1,
    "momentum": 0.0,
    "mu": 0.0,
    "nodes": 50,
    "seed": 1,
    "sgdtype": "explicit",
    "data_type": "classification"
  },
  "results": {
    "train": {
      "average_loss": [
        2.062493880589803,
        2.0188570817311606,
        1.9795793692270915,
        1.9441612561543782,
        1.912188728650411,
        1.8833050727844238,
        1.8571950197219849,
        1.8335764010747273,
        1.8121907313664753,
        1.7928042809168498
      ],
      "average_accuracy": [
        6.7164179104477615,
        41.417910447761194,
        41.417910447761194,
        41.417910447761194,
        41.417910447761194,
        41.417910447761194,
        41.417910447761194,
        41.417910447761194,
        41.417910447761194,
        41.417910447761194
      ]
    },
    "test": {
      "average_loss": [
        2.0742812156677246,
        2.0216987133026123,
        1.974194884300232,
        1.9311859607696533,
        1.8921908140182495,
        1.8568000793457031,
        1.8246538639068604,
        1.7954317331314087,
        1.7688415050506592,
        1.7446179389953613
      ],
      "average_accuracy": [
        2.9411764705882355,
        47.05882352941177,
        47.05882352941177,
        47.05882352941177,
        47.05882352941177,
        47.05882352941177,
        47.05882352941177,
        47.05882352941177,
        47.05882352941177,
        47.05882352941177
      ]
    },
    "average_loss_intra_epoch": [
      1.7928042809168498
    ],
    "average_accuracy_intra_epoch": [
      41.417910447761194
    ],
    "runtime": 3.5649123191833496
  }
}