{
  "hyperparameters": {
    "architecture": "music",
    "batch_size": 100,
    "clipping_threshold": 0.0,
    "dataset_name": "MuseData",
    "epochs": 5,
    "initialization_scale": "\\sqrt{\frac{6}{n+m}}",
    "inner_ISGD_iterations": 0,
    "intra_epoch": false,
    "lr": 200.0,
    "momentum": 0.0,
    "mu": 0.0,
    "nodes": 300,
    "seed": 5,
    "sgdtype": "explicit",
    "data_type": "sequential_many"
  },
  "results": {
    "train": {
      "average_loss": [
        0.003574359452572206,
        0.0051203339599150246,
        0.008954039802161607,
        0.002707470153600714,
        0.004311198476974795
      ],
      "average_accuracy": [
        0,
        0,
        0,
        0,
        0
      ]
    },
    "test": {
      "average_loss": [
        0.0031980561697926005,
        0.006161966349986136,
        0.009240540892073289,
        0.0025506191892829167,
        0.004252560435376044
      ],
      "average_accuracy": [
        0,
        0,
        0,
        0,
        0
      ]
    },
    "average_loss_intra_epoch": [
      0.004311198476974795
    ],
    "average_accuracy_intra_epoch": [
      0
    ],
    "runtime": 1886.0951991081238
  }
}