{
  "hyperparameters": {
    "architecture": "classification",
    "batch_size": 100,
    "clipping_threshold": 0.0,
    "dataset_name": "tic-tac-toe_classification",
    "epochs": 10,
    "initialization_scale": "\\sqrt{\frac{6}{n+m}}",
    "inner_ISGD_iterations": 0,
    "intra_epoch": false,
    "lr": 30.0,
    "momentum": 0.0,
    "mu": 0.0,
    "nodes": 50,
    "seed": 1,
    "sgdtype": "explicit",
    "data_type": "classification"
  },
  "results": {
    "train": {
      "average_loss": [
        75.2798900604248,
        99.83812618255615,
        160.2741985321045,
        58.25172805786133,
        130.46318435668945,
        143.75060272216797,
        31.72447896003723,
        59.266664028167725,
        70.99380779266357,
        156.8962917327881
      ],
      "average_accuracy": [
        69.45169712793734,
        65.40469973890339,
        34.595300261096604,
        47.38903394255875,
        65.79634464751958,
        34.33420365535248,
        34.46475195822455,
        52.61096605744125,
        34.72584856396867,
        34.85639686684073
      ]
    },
    "test": {
      "average_loss": [
        81.04031372070312,
        104.32703399658203,
        159.6729736328125,
        66.03871536254883,
        134.62824630737305,
        141.17009735107422,
        32.05136680603027,
        61.22468185424805,
        67.51417350769043,
        154.58138275146484
      ],
      "average_accuracy": [
        67.1875,
        65.10416666666667,
        34.895833333333336,
        42.708333333333336,
        65.10416666666667,
        34.895833333333336,
        35.416666666666664,
        53.125,
        35.416666666666664,
        35.416666666666664
      ]
    },
    "average_loss_intra_epoch": [
      156.8962917327881
    ],
    "average_accuracy_intra_epoch": [
      34.85639686684073
    ],
    "runtime": 4.1233131885528564
  }
}