{
  "hyperparameters": {
    "architecture": "music",
    "batch_size": 100,
    "clipping_threshold": 8.0,
    "dataset_name": "Piano-midi.de",
    "epochs": 5,
    "initialization_scale": "\\sqrt{\frac{6}{n+m}}",
    "inner_ISGD_iterations": 0,
    "intra_epoch": false,
    "lr": 20.0,
    "momentum": 0.0,
    "mu": 0.0,
    "nodes": 300,
    "seed": 3,
    "sgdtype": "explicit",
    "data_type": "sequential_many"
  },
  "results": {
    "train": {
      "average_loss": [
        0.0004977021939151294,
        0.0004233496779463543,
        0.00039319834121116223,
        0.00037572394017613194,
        0.00036389109760190993
      ],
      "average_accuracy": [
        0,
        0,
        0,
        0,
        0
      ]
    },
    "test": {
      "average_loss": [
        0.0006017074125702493,
        0.000520894093788229,
        0.0004891020560171455,
        0.00047099155286559833,
        0.00045891343484981916
      ],
      "average_accuracy": [
        0,
        0,
        0,
        0,
        0
      ]
    },
    "average_loss_intra_epoch": [
      0.00036389109760190993
    ],
    "average_accuracy_intra_epoch": [
      0
    ],
    "runtime": 613.4643499851227
  }
}