{
  "hyperparameters": {
    "architecture": "classification",
    "batch_size": 100,
    "clipping_threshold": 0.0,
    "dataset_name": "ozone_classification",
    "epochs": 10,
    "initialization_scale": "\\sqrt{\frac{6}{n+m}}",
    "inner_ISGD_iterations": 0,
    "intra_epoch": false,
    "lr": 3.0,
    "momentum": 0.0,
    "mu": 0.0,
    "nodes": 50,
    "seed": 1,
    "sgdtype": "explicit",
    "data_type": "classification"
  },
  "results": {
    "train": {
      "average_loss": [
        0.5329007094814664,
        52.697301410493395,
        0.9260755862508502,
        11.872292791094099,
        9.808233351934524,
        0.69422095872107,
        10.640709354763938,
        1.2238765273775374,
        8.516192209152948,
        9.908277443477086
      ],
      "average_accuracy": [
        68.34319526627219,
        53.79684418145957,
        92.89940828402366,
        63.80670611439842,
        78.15581854043393,
        83.77712031558185,
        78.55029585798816,
        92.89940828402366,
        78.94477317554241,
        63.80670611439842
      ]
    },
    "test": {
      "average_loss": [
        0.4946426848570506,
        50.313684145609535,
        0.9829651741245774,
        10.281267166137695,
        9.63862681388855,
        0.7989379179974397,
        10.200029691060385,
        1.4972861905907082,
        8.675266345342001,
        9.323572317759195
      ],
      "average_accuracy": [
        69.88188976377953,
        52.55905511811024,
        90.74803149606299,
        65.55118110236221,
        77.16535433070867,
        85.03937007874016,
        77.16535433070867,
        91.92913385826772,
        77.95275590551181,
        65.55118110236221
      ]
    },
    "average_loss_intra_epoch": [
      9.908277443477086
    ],
    "average_accuracy_intra_epoch": [
      63.80670611439842
    ],
    "runtime": 6.772784471511841
  }
}