{
  "hyperparameters": {
    "architecture": "classification",
    "batch_size": 100,
    "clipping_threshold": 0.0,
    "dataset_name": "hayes-roth_classification",
    "epochs": 10,
    "initialization_scale": "\\sqrt{\frac{6}{n+m}}",
    "inner_ISGD_iterations": 0,
    "intra_epoch": false,
    "lr": 50.0,
    "momentum": 0.0,
    "mu": 0.0,
    "nodes": 50,
    "seed": 1,
    "sgdtype": "explicit",
    "data_type": "classification"
  },
  "results": {
    "train": {
      "average_loss": [
        112.77191543579102,
        151.3393096923828,
        78.0644760131836,
        73.32321548461914,
        81.3224105834961,
        147.82846450805664,
        88.19552230834961,
        54.78418159484863,
        244.69318389892578,
        229.25447845458984
      ],
      "average_accuracy": [
        42.96875,
        42.96875,
        42.96875,
        42.96875,
        20.3125,
        36.71875,
        36.71875,
        20.3125,
        42.96875,
        36.71875
      ]
    },
    "test": {
      "average_loss": [
        147.84873962402344,
        198.09902954101562,
        88.38345336914062,
        91.34632873535156,
        107.04976654052734,
        122.18297576904297,
        70.25347137451172,
        44.54436111450195,
        301.88519287109375,
        175.39599609375
      ],
      "average_accuracy": [
        31.25,
        31.25,
        31.25,
        31.25,
        15.625,
        53.125,
        53.125,
        15.625,
        31.25,
        53.125
      ]
    },
    "average_loss_intra_epoch": [
      229.25447845458984
    ],
    "average_accuracy_intra_epoch": [
      36.71875
    ],
    "runtime": 3.7339911460876465
  }
}