{
  "hyperparameters": {
    "architecture": "classification",
    "batch_size": 100,
    "clipping_threshold": 0.0,
    "dataset_name": "titanic_classification",
    "epochs": 10,
    "initialization_scale": "\\sqrt{\frac{6}{n+m}}",
    "inner_ISGD_iterations": 0,
    "intra_epoch": false,
    "lr": 3.0,
    "momentum": 0.0,
    "mu": 0.0,
    "nodes": 50,
    "seed": 1,
    "sgdtype": "explicit",
    "data_type": "classification"
  },
  "results": {
    "train": {
      "average_loss": [
        0.6884592175483704,
        0.6858585410647922,
        0.6855976117981805,
        0.6856060028076172,
        0.6856883466243744,
        0.6859107845359378,
        0.6868082218699985,
        0.5560502260923386,
        0.6052508122391171,
        0.5911628736390008
      ],
      "average_accuracy": [
        67.72727272727273,
        67.72727272727273,
        67.72727272727273,
        67.72727272727273,
        67.72727272727273,
        67.72727272727273,
        67.72727272727273,
        78.4090909090909,
        79.0909090909091,
        78.63636363636364
      ]
    },
    "test": {
      "average_loss": [
        0.6881747007369995,
        0.6854123830795288,
        0.6851361155509949,
        0.6851468801498413,
        0.6852385401725769,
        0.6854880452156067,
        0.686534297466278,
        0.5715742826461792,
        0.6149560809135437,
        0.6025328159332275
      ],
      "average_accuracy": [
        67.57369614512471,
        67.57369614512471,
        67.57369614512471,
        67.57369614512471,
        67.57369614512471,
        67.57369614512471,
        67.57369614512471,
        74.37641723356009,
        75.28344671201815,
        74.60317460317461
      ]
    },
    "average_loss_intra_epoch": [
      0.5911628736390008
    ],
    "average_accuracy_intra_epoch": [
      78.63636363636364
    ],
    "runtime": 5.127723693847656
  }
}