{
  "hyperparameters": {
    "architecture": "classification",
    "batch_size": 100,
    "clipping_threshold": 0.0,
    "dataset_name": "abalone_classification",
    "epochs": 10,
    "initialization_scale": "\\sqrt{\frac{6}{n+m}}",
    "inner_ISGD_iterations": 0,
    "intra_epoch": false,
    "lr": 0.001,
    "momentum": 0.0,
    "mu": 0.0,
    "nodes": 50,
    "seed": 1,
    "sgdtype": "explicit",
    "data_type": "classification"
  },
  "results": {
    "train": {
      "average_loss": [
        1.1153550814179813,
        1.1149016618728638,
        1.114459721481099,
        1.114029018317952,
        1.1136092333232654,
        1.113200068473816,
        1.112801292363335,
        1.112412659560933,
        1.1120337984141182,
        1.1116644915412455
      ],
      "average_accuracy": [
        34.72014366956001,
        34.72014366956001,
        34.72014366956001,
        34.72014366956001,
        34.72014366956001,
        34.72014366956001,
        34.72014366956001,
        34.72014366956001,
        34.72014366956001,
        34.72014366956001
      ]
    },
    "test": {
      "average_loss": [
        1.1154076390796237,
        1.1149607631895277,
        1.1145253976186116,
        1.1141013039482965,
        1.1136882967419095,
        1.113285779953003,
        1.112893607881334,
        1.1125117275449965,
        1.112139622370402,
        1.1117770936754015
      ],
      "average_accuracy": [
        34.33014354066986,
        34.33014354066986,
        34.33014354066986,
        34.33014354066986,
        34.33014354066986,
        34.33014354066986,
        34.33014354066986,
        34.33014354066986,
        34.33014354066986,
        34.33014354066986
      ]
    },
    "average_loss_intra_epoch": [
      1.1116644915412455
    ],
    "average_accuracy_intra_epoch": [
      34.72014366956001
    ],
    "runtime": 1.596587896347046
  }
}