{
  "hyperparameters": {
    "architecture": "convffnn",
    "batch_size": 100,
    "clipping_threshold": 0.0,
    "dataset_name": "mnist",
    "epochs": 1,
    "initialization_scale": "\\sqrt{\frac{6}{n+m}}",
    "inner_ISGD_iterations": 0,
    "intra_epoch": true,
    "lr": 0.2,
    "momentum": 0.0,
    "mu": 0.0,
    "nodes": 50,
    "seed": 1,
    "sgdtype": "explicit",
    "data_type": "classification"
  },
  "results": {
    "train": {
      "average_loss": [
        0.10311432173786064
      ],
      "average_accuracy": [
        96.83166666666666
      ]
    },
    "test": {
      "average_loss": [
        0.09728848132304847
      ],
      "average_accuracy": [
        97.1
      ]
    },
    "average_loss_intra_epoch": [
      0.32428937767942745,
      0.20719533072784543,
      0.15236118575558066,
      0.14020183087016144,
      0.10911284743342549,
      0.10311432173786064
    ],
    "average_accuracy_intra_epoch": [
      90.325,
      93.73666666666666,
      95.48166666666667,
      95.85333333333334,
      96.73166666666667,
      96.83166666666666
    ],
    "runtime": 186.8473608493805
  }
}