{
  "hyperparameters": {
    "architecture": "classification",
    "batch_size": 100,
    "clipping_threshold": 0.0,
    "dataset_name": "teaching_classification",
    "epochs": 10,
    "initialization_scale": "\\sqrt{\frac{6}{n+m}}",
    "inner_ISGD_iterations": 0,
    "intra_epoch": false,
    "lr": 30.0,
    "momentum": 0.0,
    "mu": 0.0,
    "nodes": 50,
    "seed": 1,
    "sgdtype": "explicit",
    "data_type": "classification"
  },
  "results": {
    "train": {
      "average_loss": [
        28.02323627471924,
        105.81924438476562,
        53.12384033203125,
        128.62848663330078,
        158.38488006591797,
        89.71563720703125,
        50.5738410949707,
        143.06309509277344,
        123.0643196105957,
        43.589569091796875
      ],
      "average_accuracy": [
        34.166666666666664,
        34.166666666666664,
        32.5,
        33.333333333333336,
        32.5,
        35.833333333333336,
        34.166666666666664,
        33.333333333333336,
        35.833333333333336,
        36.666666666666664
      ]
    },
    "test": {
      "average_loss": [
        31.575782775878906,
        112.50617218017578,
        68.01042175292969,
        112.26395416259766,
        145.25787353515625,
        118.1888656616211,
        45.02565002441406,
        172.84756469726562,
        171.59384155273438,
        44.44095993041992
      ],
      "average_accuracy": [
        29.032258064516128,
        29.032258064516128,
        32.25806451612903,
        38.70967741935484,
        32.25806451612903,
        29.032258064516128,
        41.935483870967744,
        25.806451612903224,
        29.032258064516128,
        32.25806451612903
      ]
    },
    "average_loss_intra_epoch": [
      43.589569091796875
    ],
    "average_accuracy_intra_epoch": [
      36.666666666666664
    ],
    "runtime": 3.6989104747772217
  }
}