{
  "hyperparameters": {
    "architecture": "classification",
    "batch_size": 100,
    "clipping_threshold": 0.0,
    "dataset_name": "lymphography_classification",
    "epochs": 10,
    "initialization_scale": "\\sqrt{\frac{6}{n+m}}",
    "inner_ISGD_iterations": 0,
    "intra_epoch": false,
    "lr": 50.0,
    "momentum": 0.0,
    "mu": 0.0,
    "nodes": 50,
    "seed": 1,
    "sgdtype": "explicit",
    "data_type": "classification"
  },
  "results": {
    "train": {
      "average_loss": [
        320.10870361328125,
        204.35419464111328,
        366.8170166015625,
        62.33770942687988,
        431.3748779296875,
        213.5772705078125,
        153.7854766845703,
        133.57310485839844,
        269.6806411743164,
        181.6649398803711
      ],
      "average_accuracy": [
        43.220338983050844,
        16.10169491525424,
        79.66101694915254,
        79.66101694915254,
        81.35593220338983,
        81.35593220338983,
        32.20338983050848,
        77.11864406779661,
        33.05084745762712,
        81.35593220338983
      ]
    },
    "test": {
      "average_loss": [
        350.2186279296875,
        161.20765686035156,
        758.787109375,
        127.99689483642578,
        851.2913818359375,
        424.8965148925781,
        174.93359375,
        312.01519775390625,
        295.6622314453125,
        387.74615478515625
      ],
      "average_accuracy": [
        33.333333333333336,
        26.666666666666668,
        63.333333333333336,
        63.333333333333336,
        66.66666666666667,
        66.66666666666667,
        23.333333333333332,
        66.66666666666667,
        33.333333333333336,
        66.66666666666667
      ]
    },
    "average_loss_intra_epoch": [
      181.6649398803711
    ],
    "average_accuracy_intra_epoch": [
      81.35593220338983
    ],
    "runtime": 3.665632724761963
  }
}