{
  "hyperparameters": {
    "architecture": "classification",
    "batch_size": 100,
    "clipping_threshold": 0.0,
    "dataset_name": "primary-tumor_classification",
    "epochs": 10,
    "initialization_scale": "\\sqrt{\frac{6}{n+m}}",
    "inner_ISGD_iterations": 0,
    "intra_epoch": false,
    "lr": 30.0,
    "momentum": 0.0,
    "mu": 0.0,
    "nodes": 50,
    "seed": 1,
    "sgdtype": "implicit",
    "data_type": "classification"
  },
  "results": {
    "train": {
      "average_loss": [
        315.22324625651044,
        272.0015055338542,
        228.6331532796224,
        345.19530232747394,
        171.73312377929688,
        132.86449178059897,
        110.80871073404948,
        90.00303649902344,
        107.17550150553386,
        70.15623474121094
      ],
      "average_accuracy": [
        12.5,
        7.575757575757576,
        19.696969696969695,
        6.818181818181818,
        5.303030303030303,
        4.545454545454546,
        23.106060606060606,
        26.515151515151516,
        13.636363636363637,
        17.803030303030305
      ]
    },
    "test": {
      "average_loss": [
        318.7708740234375,
        267.5613708496094,
        244.38653564453125,
        285.27252197265625,
        187.265869140625,
        133.59619140625,
        124.09110260009766,
        116.4537582397461,
        108.12311553955078,
        63.472869873046875
      ],
      "average_accuracy": [
        9.090909090909092,
        10.606060606060606,
        15.151515151515152,
        6.0606060606060606,
        3.0303030303030303,
        7.575757575757576,
        13.636363636363637,
        18.181818181818183,
        16.666666666666668,
        13.636363636363637
      ]
    },
    "average_loss_intra_epoch": [
      70.15623474121094
    ],
    "average_accuracy_intra_epoch": [
      17.803030303030305
    ],
    "runtime": 9.468170881271362
  }
}