{
  "hyperparameters": {
    "architecture": "classification",
    "batch_size": 100,
    "clipping_threshold": 0.0,
    "dataset_name": "synthetic-control_classification",
    "epochs": 10,
    "initialization_scale": "\\sqrt{\frac{6}{n+m}}",
    "inner_ISGD_iterations": 0,
    "intra_epoch": false,
    "lr": 0.01,
    "momentum": 0.0,
    "mu": 0.0,
    "nodes": 50,
    "seed": 1,
    "sgdtype": "implicit",
    "data_type": "classification"
  },
  "results": {
    "train": {
      "average_loss": [
        1.7993991374969482,
        1.7909809589385985,
        1.7826658487319946,
        1.7743666648864747,
        1.76600124835968,
        1.757492685317993,
        1.7487663745880127,
        1.739750337600708,
        1.7303754568099976,
        1.7205714941024781
      ],
      "average_accuracy": [
        15.416666666666666,
        15.416666666666666,
        15.416666666666666,
        15.416666666666666,
        17.5,
        25.208333333333332,
        30.208333333333332,
        33.541666666666664,
        35.833333333333336,
        38.958333333333336
      ]
    },
    "test": {
      "average_loss": [
        1.8015066385269165,
        1.7942350506782532,
        1.7870428562164307,
        1.7798565030097961,
        1.7726078033447266,
        1.7652308344841003,
        1.7576630115509033,
        1.7498428225517273,
        1.7417104244232178,
        1.733207106590271
      ],
      "average_accuracy": [
        20.833333333333332,
        21.666666666666668,
        21.666666666666668,
        22.5,
        25.0,
        27.5,
        31.666666666666668,
        33.333333333333336,
        35.0,
        36.666666666666664
      ]
    },
    "average_loss_intra_epoch": [
      1.7205714941024781
    ],
    "average_accuracy_intra_epoch": [
      38.958333333333336
    ],
    "runtime": 41.62291193008423
  }
}