{
  "hyperparameters": {
    "architecture": "classification",
    "batch_size": 100,
    "clipping_threshold": 0.0,
    "dataset_name": "musk-1_classification",
    "epochs": 10,
    "initialization_scale": "\\sqrt{\frac{6}{n+m}}",
    "inner_ISGD_iterations": 0,
    "intra_epoch": false,
    "lr": 30.0,
    "momentum": 0.0,
    "mu": 0.0,
    "nodes": 50,
    "seed": 1,
    "sgdtype": "explicit",
    "data_type": "classification"
  },
  "results": {
    "train": {
      "average_loss": [
        79.81793785095215,
        4043.9646606445312,
        4805.87548828125,
        5366.4134521484375,
        3005.7984008789062,
        1830.0755310058594,
        611.8010559082031,
        369.0645751953125,
        1744.56396484375,
        2522.8085327148438
      ],
      "average_accuracy": [
        47.89473684210526,
        50.78947368421053,
        52.63157894736842,
        52.36842105263158,
        47.89473684210526,
        47.10526315789474,
        50.26315789473684,
        54.73684210526316,
        55.0,
        54.21052631578947
      ]
    },
    "test": {
      "average_loss": [
        68.83032989501953,
        4284.0078125,
        4645.48388671875,
        5219.40576171875,
        2928.091064453125,
        1774.81640625,
        594.9116821289062,
        361.0026550292969,
        1701.1396484375,
        2497.148193359375
      ],
      "average_accuracy": [
        53.125,
        50.0,
        52.083333333333336,
        52.083333333333336,
        50.0,
        48.958333333333336,
        52.083333333333336,
        55.208333333333336,
        55.208333333333336,
        55.208333333333336
      ]
    },
    "average_loss_intra_epoch": [
      2522.8085327148438
    ],
    "average_accuracy_intra_epoch": [
      54.21052631578947
    ],
    "runtime": 5.028588056564331
  }
}