{
  "hyperparameters": {
    "architecture": "classification",
    "batch_size": 100,
    "clipping_threshold": 0.0,
    "dataset_name": "acute-inflammation_classification",
    "epochs": 10,
    "initialization_scale": "\\sqrt{\frac{6}{n+m}}",
    "inner_ISGD_iterations": 0,
    "intra_epoch": false,
    "lr": 0.1,
    "momentum": 0.0,
    "mu": 0.0,
    "nodes": 50,
    "seed": 1,
    "sgdtype": "explicit",
    "data_type": "classification"
  },
  "results": {
    "train": {
      "average_loss": [
        0.6932839751243591,
        0.6931982040405273,
        0.6931177973747253,
        0.6930422782897949,
        0.692970335483551,
        0.6929020285606384,
        0.6928362846374512,
        0.6927731037139893,
        0.6927120685577393,
        0.6926520466804504
      ],
      "average_accuracy": [
        51.041666666666664,
        51.041666666666664,
        51.041666666666664,
        51.041666666666664,
        51.041666666666664,
        51.041666666666664,
        51.041666666666664,
        51.041666666666664,
        51.041666666666664,
        51.041666666666664
      ]
    },
    "test": {
      "average_loss": [
        0.6941661238670349,
        0.6940603256225586,
        0.6939626336097717,
        0.6938720345497131,
        0.6937876343727112,
        0.6937084794044495,
        0.6936340928077698,
        0.6935636401176453,
        0.6934968829154968,
        0.6934331059455872
      ],
      "average_accuracy": [
        50.0,
        50.0,
        50.0,
        50.0,
        50.0,
        50.0,
        50.0,
        50.0,
        50.0,
        50.0
      ]
    },
    "average_loss_intra_epoch": [
      0.6926520466804504
    ],
    "average_accuracy_intra_epoch": [
      51.041666666666664
    ],
    "runtime": 0.8100218772888184
  }
}