{
  "hyperparameters": {
    "architecture": "classification",
    "batch_size": 100,
    "clipping_threshold": 0.0,
    "dataset_name": "heart-switzerland_classification",
    "epochs": 10,
    "initialization_scale": "\\sqrt{\frac{6}{n+m}}",
    "inner_ISGD_iterations": 0,
    "intra_epoch": false,
    "lr": 5.0,
    "momentum": 0.0,
    "mu": 0.0,
    "nodes": 50,
    "seed": 1,
    "sgdtype": "implicit",
    "data_type": "classification"
  },
  "results": {
    "train": {
      "average_loss": [
        1.3912608623504639,
        1.655824899673462,
        1.4628040790557861,
        1.6632055044174194,
        1.5909780263900757,
        3.9789090156555176,
        3.3841552734375,
        7.370299816131592,
        18.982471466064453,
        32.37877655029297
      ],
      "average_accuracy": [
        41.83673469387755,
        27.551020408163264,
        41.83673469387755,
        27.551020408163264,
        41.83673469387755,
        27.551020408163264,
        41.83673469387755,
        21.428571428571427,
        41.83673469387755,
        27.551020408163264
      ]
    },
    "test": {
      "average_loss": [
        1.7095316648483276,
        1.6317001581192017,
        1.6989535093307495,
        1.688398838043213,
        1.9701828956604004,
        3.46978759765625,
        3.4388790130615234,
        5.809473037719727,
        31.342802047729492,
        32.35878372192383
      ],
      "average_accuracy": [
        28.0,
        20.0,
        28.0,
        20.0,
        28.0,
        20.0,
        28.0,
        36.0,
        28.0,
        20.0
      ]
    },
    "average_loss_intra_epoch": [
      32.37877655029297
    ],
    "average_accuracy_intra_epoch": [
      27.551020408163264
    ],
    "runtime": 1.2643961906433105
  }
}