{
  "hyperparameters": {
    "architecture": "classification",
    "batch_size": 100,
    "clipping_threshold": 0.0,
    "dataset_name": "semeion_classification",
    "epochs": 10,
    "initialization_scale": "\\sqrt{\frac{6}{n+m}}",
    "inner_ISGD_iterations": 0,
    "intra_epoch": false,
    "lr": 0.01,
    "momentum": 0.0,
    "mu": 0.0,
    "nodes": 50,
    "seed": 1,
    "sgdtype": "implicit",
    "data_type": "classification"
  },
  "results": {
    "train": {
      "average_loss": [
        2.184545975465041,
        2.011263287984408,
        1.8508671613839955,
        1.7019412242449248,
        1.5646180556370661,
        1.4390083918204675,
        1.3247082967024584,
        1.2210023678266084,
        1.1271367302307715,
        1.0424214143019457
      ],
      "average_accuracy": [
        27.315541601255887,
        50.313971742543174,
        61.69544740973313,
        69.15227629513343,
        73.39089481946625,
        75.82417582417582,
        78.64992150706436,
        80.5337519623234,
        81.94662480376766,
        83.20251177394034
      ]
    },
    "test": {
      "average_loss": [
        2.2034851908683777,
        2.0477320551872253,
        1.9035368263721466,
        1.7693427205085754,
        1.6450484097003937,
        1.5306378602981567,
        1.4257356524467468,
        1.3297802805900574,
        1.2422448098659515,
        1.1626996099948883
      ],
      "average_accuracy": [
        25.705329153605014,
        46.08150470219436,
        54.54545454545455,
        59.874608150470216,
        64.57680250783699,
        67.7115987460815,
        70.84639498432603,
        73.04075235109718,
        74.29467084639498,
        75.54858934169279
      ]
    },
    "average_loss_intra_epoch": [
      1.0424214143019457
    ],
    "average_accuracy_intra_epoch": [
      83.20251177394034
    ],
    "runtime": 408.63415002822876
  }
}