{
  "hyperparameters": {
    "architecture": "classification",
    "batch_size": 100,
    "clipping_threshold": 0.0,
    "dataset_name": "titanic_classification",
    "epochs": 10,
    "initialization_scale": "\\sqrt{\frac{6}{n+m}}",
    "inner_ISGD_iterations": 0,
    "intra_epoch": false,
    "lr": 0.01,
    "momentum": 0.0,
    "mu": 0.0,
    "nodes": 50,
    "seed": 1,
    "sgdtype": "implicit",
    "data_type": "classification"
  },
  "results": {
    "train": {
      "average_loss": [
        0.6402690576182472,
        0.6379031638304392,
        0.6361232499281565,
        0.634781539440155,
        0.6337675054868063,
        0.6330000460147858,
        0.6324177649286058,
        0.6319758892059326,
        0.6316392355495029,
        0.631383498509725
      ],
      "average_accuracy": [
        67.72727272727273,
        67.72727272727273,
        67.72727272727273,
        67.72727272727273,
        67.72727272727273,
        67.72727272727273,
        67.72727272727273,
        67.72727272727273,
        67.72727272727273,
        67.72727272727273
      ]
    },
    "test": {
      "average_loss": [
        0.6357180356979371,
        0.6329597234725952,
        0.6308395266532898,
        0.6292021155357361,
        0.6279309749603271,
        0.6269396781921387,
        0.6261625528335572,
        0.6255507230758667,
        0.6250660300254822,
        0.6246809244155884
      ],
      "average_accuracy": [
        67.57369614512471,
        67.57369614512471,
        67.57369614512471,
        67.57369614512471,
        67.57369614512471,
        67.57369614512471,
        67.57369614512471,
        67.57369614512471,
        67.57369614512471,
        67.57369614512471
      ]
    },
    "average_loss_intra_epoch": [
      0.631383498509725
    ],
    "average_accuracy_intra_epoch": [
      67.72727272727273
    ],
    "runtime": 14.421181678771973
  }
}