{
  "hyperparameters": {
    "architecture": "music",
    "batch_size": 100,
    "clipping_threshold": 0.0,
    "dataset_name": "MuseData",
    "epochs": 5,
    "initialization_scale": "\\sqrt{\frac{6}{n+m}}",
    "inner_ISGD_iterations": 0,
    "intra_epoch": false,
    "lr": 20.0,
    "momentum": 0.0,
    "mu": 0.0,
    "nodes": 300,
    "seed": 3,
    "sgdtype": "explicit",
    "data_type": "sequential_many"
  },
  "results": {
    "train": {
      "average_loss": [
        0.0007514087252511255,
        0.0006850646419993505,
        0.0006471218508967058,
        0.0006196776614077313,
        0.0005979302148379948
      ],
      "average_accuracy": [
        0,
        0,
        0,
        0,
        0
      ]
    },
    "test": {
      "average_loss": [
        0.0006988521824290904,
        0.0006336837262889246,
        0.0005954921128015426,
        0.0005675132141761658,
        0.0005451970610450981
      ],
      "average_accuracy": [
        0,
        0,
        0,
        0,
        0
      ]
    },
    "average_loss_intra_epoch": [
      0.0005979302148379948
    ],
    "average_accuracy_intra_epoch": [
      0
    ],
    "runtime": 1837.8211369514465
  }
}