{
  "hyperparameters": {
    "architecture": "classification",
    "batch_size": 100,
    "clipping_threshold": 0.0,
    "dataset_name": "cylinder-bands_classification",
    "epochs": 10,
    "initialization_scale": "\\sqrt{\frac{6}{n+m}}",
    "inner_ISGD_iterations": 0,
    "intra_epoch": false,
    "lr": 1.0,
    "momentum": 0.0,
    "mu": 0.0,
    "nodes": 50,
    "seed": 1,
    "sgdtype": "explicit",
    "data_type": "classification"
  },
  "results": {
    "train": {
      "average_loss": [
        0.6631901383399963,
        0.6259871542453765,
        0.5776495575904846,
        0.5821843355894089,
        0.5533545464277267,
        0.538667893409729,
        0.5274853318929672,
        0.5178338780999183,
        0.5091483429074287,
        0.5010517477989197
      ],
      "average_accuracy": [
        60.63569682151589,
        60.63569682151589,
        67.23716381418093,
        70.4156479217604,
        71.63814180929096,
        72.37163814180929,
        71.88264058679707,
        71.88264058679707,
        72.61613691931541,
        73.83863080684597
      ]
    },
    "test": {
      "average_loss": [
        0.6685430407524109,
        0.6614883840084076,
        0.68751060962677,
        0.6953480839729309,
        0.6738842725753784,
        0.671177864074707,
        0.6705040335655212,
        0.6691545248031616,
        0.6668554544448853,
        0.663705587387085
      ],
      "average_accuracy": [
        62.13592233009709,
        62.13592233009709,
        65.04854368932038,
        63.10679611650485,
        63.10679611650485,
        63.10679611650485,
        60.19417475728155,
        62.13592233009709,
        63.10679611650485,
        64.07766990291262
      ]
    },
    "average_loss_intra_epoch": [
      0.5010517477989197
    ],
    "average_accuracy_intra_epoch": [
      73.83863080684597
    ],
    "runtime": 3.8485918045043945
  }
}