{
  "hyperparameters": {
    "architecture": "classification",
    "batch_size": 100,
    "clipping_threshold": 0.0,
    "dataset_name": "pittsburg-bridges-SPAN_classification",
    "epochs": 10,
    "initialization_scale": "\\sqrt{\frac{6}{n+m}}",
    "inner_ISGD_iterations": 0,
    "intra_epoch": false,
    "lr": 0.5,
    "momentum": 0.0,
    "mu": 0.0,
    "nodes": 50,
    "seed": 1,
    "sgdtype": "implicit",
    "data_type": "classification"
  },
  "results": {
    "train": {
      "average_loss": [
        1.040391206741333,
        1.036852478981018,
        1.035219669342041,
        1.034429669380188,
        1.0340120792388916,
        1.0337587594985962,
        1.03357994556427,
        1.033432960510254,
        1.0333008766174316,
        1.0331722497940063
      ],
      "average_accuracy": [
        50.68493150684932,
        50.68493150684932,
        50.68493150684932,
        50.68493150684932,
        50.68493150684932,
        50.68493150684932,
        50.68493150684932,
        50.68493150684932,
        50.68493150684932,
        50.68493150684932
      ]
    },
    "test": {
      "average_loss": [
        1.0023534297943115,
        0.9953899383544922,
        0.991701602935791,
        0.9897510409355164,
        0.9887428283691406,
        0.9882529377937317,
        0.9880489706993103,
        0.9879997372627258,
        0.9880300760269165,
        0.9880964159965515
      ],
      "average_accuracy": [
        57.89473684210526,
        57.89473684210526,
        57.89473684210526,
        57.89473684210526,
        57.89473684210526,
        57.89473684210526,
        57.89473684210526,
        57.89473684210526,
        57.89473684210526,
        57.89473684210526
      ]
    },
    "average_loss_intra_epoch": [
      1.0331722497940063
    ],
    "average_accuracy_intra_epoch": [
      50.68493150684932
    ],
    "runtime": 3.8946588039398193
  }
}