{
  "hyperparameters": {
    "architecture": "classification",
    "batch_size": 100,
    "clipping_threshold": 0.0,
    "dataset_name": "ionosphere_classification",
    "epochs": 10,
    "initialization_scale": "\\sqrt{\frac{6}{n+m}}",
    "inner_ISGD_iterations": 0,
    "intra_epoch": false,
    "lr": 3.0,
    "momentum": 0.0,
    "mu": 0.0,
    "nodes": 50,
    "seed": 1,
    "sgdtype": "explicit",
    "data_type": "classification"
  },
  "results": {
    "train": {
      "average_loss": [
        0.786205510298411,
        0.6345488230387369,
        0.39910051226615906,
        14.426146507263184,
        84.31301625569661,
        20.4464324315389,
        4.125108639399211,
        45.47777430216471,
        19.994680404663086,
        6.67417033513387
      ],
      "average_accuracy": [
        65.0,
        65.35714285714286,
        85.0,
        28.571428571428573,
        33.92857142857143,
        67.85714285714286,
        66.78571428571429,
        67.14285714285714,
        73.57142857142857,
        73.57142857142857
      ]
    },
    "test": {
      "average_loss": [
        0.8784325122833252,
        0.724956214427948,
        0.4492397904396057,
        15.53189468383789,
        99.43653869628906,
        13.073196411132812,
        4.5604047775268555,
        30.93581771850586,
        13.370097160339355,
        5.875688076019287
      ],
      "average_accuracy": [
        60.563380281690144,
        60.563380281690144,
        85.91549295774648,
        22.535211267605632,
        21.12676056338028,
        78.87323943661971,
        61.971830985915496,
        78.87323943661971,
        77.46478873239437,
        77.46478873239437
      ]
    },
    "average_loss_intra_epoch": [
      6.67417033513387
    ],
    "average_accuracy_intra_epoch": [
      73.57142857142857
    ],
    "runtime": 4.005275249481201
  }
}