{
  "hyperparameters": {
    "architecture": "music",
    "batch_size": 100,
    "clipping_threshold": 8.0,
    "dataset_name": "Nottingham",
    "epochs": 5,
    "initialization_scale": "\\sqrt{\frac{6}{n+m}}",
    "inner_ISGD_iterations": 0,
    "intra_epoch": false,
    "lr": 50.0,
    "momentum": 0.0,
    "mu": 0.0,
    "nodes": 300,
    "seed": 5,
    "sgdtype": "explicit",
    "data_type": "sequential_many"
  },
  "results": {
    "train": {
      "average_loss": [
        0.00044863556787809114,
        0.00032919421755650546,
        0.00032452744967446755,
        0.000273886611571719,
        0.0002768304183117905
      ],
      "average_accuracy": [
        0,
        0,
        0,
        0,
        0
      ]
    },
    "test": {
      "average_loss": [
        0.00046536085927287145,
        0.00035660716628840687,
        0.000355712260288248,
        0.00030970458914560047,
        0.0003145031469209832
      ],
      "average_accuracy": [
        0,
        0,
        0,
        0,
        0
      ]
    },
    "average_loss_intra_epoch": [
      0.0002768304183117905
    ],
    "average_accuracy_intra_epoch": [
      0
    ],
    "runtime": 1309.9070904254913
  }
}