{
  "hyperparameters": {
    "architecture": "classification",
    "batch_size": 100,
    "clipping_threshold": 0.0,
    "dataset_name": "breast-cancer-wisc-diag_classification",
    "epochs": 10,
    "initialization_scale": "\\sqrt{\frac{6}{n+m}}",
    "inner_ISGD_iterations": 0,
    "intra_epoch": false,
    "lr": 1.0,
    "momentum": 0.0,
    "mu": 0.0,
    "nodes": 50,
    "seed": 1,
    "sgdtype": "explicit",
    "data_type": "classification"
  },
  "results": {
    "train": {
      "average_loss": [
        0.13062128871679307,
        0.07378468289971352,
        0.0647364977747202,
        0.060958712548017505,
        0.058216963335871695,
        0.05633709542453289,
        0.054651483334600924,
        0.05314256586134434,
        0.051786801032722,
        0.05056651681661606
      ],
      "average_accuracy": [
        94.94505494505495,
        98.02197802197803,
        97.8021978021978,
        98.02197802197803,
        98.02197802197803,
        98.24175824175825,
        98.24175824175825,
        98.46153846153847,
        98.46153846153847,
        98.46153846153847
      ]
    },
    "test": {
      "average_loss": [
        0.18083951622247696,
        0.06076877750456333,
        0.05198850203305483,
        0.05005806777626276,
        0.04848949471488595,
        0.04756445810198784,
        0.04697386221960187,
        0.046649152878671885,
        0.046606643591076136,
        0.04688975866883993
      ],
      "average_accuracy": [
        92.98245614035088,
        97.36842105263158,
        97.36842105263158,
        97.36842105263158,
        97.36842105263158,
        97.36842105263158,
        97.36842105263158,
        97.36842105263158,
        97.36842105263158,
        97.36842105263158
      ]
    },
    "average_loss_intra_epoch": [
      0.05056651681661606
    ],
    "average_accuracy_intra_epoch": [
      98.46153846153847
    ],
    "runtime": 0.9980700016021729
  }
}