{
  "hyperparameters": {
    "architecture": "classification",
    "batch_size": 100,
    "clipping_threshold": 0.0,
    "dataset_name": "wine_classification",
    "epochs": 10,
    "initialization_scale": "\\sqrt{\frac{6}{n+m}}",
    "inner_ISGD_iterations": 0,
    "intra_epoch": false,
    "lr": 50.0,
    "momentum": 0.0,
    "mu": 0.0,
    "nodes": 50,
    "seed": 1,
    "sgdtype": "explicit",
    "data_type": "classification"
  },
  "results": {
    "train": {
      "average_loss": [
        97.20773315429688,
        61.07798767089844,
        113.06954956054688,
        101.01749420166016,
        49.92943000793457,
        82.69421005249023,
        95.4742660522461,
        67.07243919372559,
        155.30094146728516,
        62.73602294921875
      ],
      "average_accuracy": [
        27.464788732394368,
        30.985915492957748,
        63.38028169014085,
        47.88732394366197,
        60.563380281690144,
        62.67605633802817,
        47.88732394366197,
        69.01408450704226,
        64.08450704225352,
        61.267605633802816
      ]
    },
    "test": {
      "average_loss": [
        100.45761108398438,
        55.39611053466797,
        105.13780212402344,
        77.3798599243164,
        59.00994873046875,
        121.01698303222656,
        62.47068786621094,
        77.97703552246094,
        157.7337188720703,
        63.25653076171875
      ],
      "average_accuracy": [
        25.0,
        41.666666666666664,
        55.55555555555556,
        52.77777777777778,
        55.55555555555556,
        52.77777777777778,
        47.22222222222222,
        72.22222222222223,
        66.66666666666667,
        52.77777777777778
      ]
    },
    "average_loss_intra_epoch": [
      62.73602294921875
    ],
    "average_accuracy_intra_epoch": [
      61.267605633802816
    ],
    "runtime": 3.76357364654541
  }
}