{
  "hyperparameters": {
    "architecture": "classification",
    "batch_size": 100,
    "clipping_threshold": 0.0,
    "dataset_name": "titanic_classification",
    "epochs": 10,
    "initialization_scale": "\\sqrt{\frac{6}{n+m}}",
    "inner_ISGD_iterations": 0,
    "intra_epoch": false,
    "lr": 0.5,
    "momentum": 0.0,
    "mu": 0.0,
    "nodes": 50,
    "seed": 1,
    "sgdtype": "explicit",
    "data_type": "classification"
  },
  "results": {
    "train": {
      "average_loss": [
        0.6315212382210625,
        0.6310651865270402,
        0.629406750202179,
        0.6174418528874716,
        0.5339607745409012,
        0.5220697687731849,
        0.5212109138568243,
        0.5202945404582553,
        0.5192862649758657,
        0.518170048793157
      ],
      "average_accuracy": [
        67.72727272727273,
        67.72727272727273,
        67.72727272727273,
        67.72727272727273,
        78.63636363636364,
        78.4090909090909,
        78.4090909090909,
        78.4090909090909,
        78.4090909090909,
        78.4090909090909
      ]
    },
    "test": {
      "average_loss": [
        0.6249719500541687,
        0.624554717540741,
        0.6231395483016968,
        0.6133092522621155,
        0.5530827581882477,
        0.5501779556274414,
        0.5498715221881867,
        0.5490725755691528,
        0.5481588542461395,
        0.5471310198307038
      ],
      "average_accuracy": [
        67.57369614512471,
        67.57369614512471,
        67.57369614512471,
        67.57369614512471,
        74.60317460317461,
        74.37641723356009,
        74.37641723356009,
        74.37641723356009,
        74.37641723356009,
        74.37641723356009
      ]
    },
    "average_loss_intra_epoch": [
      0.518170048793157
    ],
    "average_accuracy_intra_epoch": [
      78.4090909090909
    ],
    "runtime": 5.3414459228515625
  }
}