{
  "hyperparameters": {
    "architecture": "classification",
    "batch_size": 100,
    "clipping_threshold": 0.0,
    "dataset_name": "balloons_classification",
    "epochs": 10,
    "initialization_scale": "\\sqrt{\frac{6}{n+m}}",
    "inner_ISGD_iterations": 0,
    "intra_epoch": false,
    "lr": 3.0,
    "momentum": 0.0,
    "mu": 0.0,
    "nodes": 50,
    "seed": 1,
    "sgdtype": "explicit",
    "data_type": "classification"
  },
  "results": {
    "train": {
      "average_loss": [
        0.6892544627189636,
        0.6845879554748535,
        0.6820541024208069,
        0.6806154847145081,
        0.679903507232666,
        0.6795302033424377,
        0.6793424487113953,
        0.679240882396698,
        0.6791816353797913,
        0.6791398525238037
      ],
      "average_accuracy": [
        58.333333333333336,
        58.333333333333336,
        58.333333333333336,
        58.333333333333336,
        58.333333333333336,
        58.333333333333336,
        58.333333333333336,
        58.333333333333336,
        58.333333333333336,
        58.333333333333336
      ]
    },
    "test": {
      "average_loss": [
        0.7416061162948608,
        0.6953155994415283,
        0.7230501174926758,
        0.6997918486595154,
        0.7144986987113953,
        0.7032198905944824,
        0.7107100486755371,
        0.705223798751831,
        0.7089788913726807,
        0.7062953114509583
      ],
      "average_accuracy": [
        50.0,
        50.0,
        50.0,
        50.0,
        50.0,
        50.0,
        50.0,
        50.0,
        50.0,
        50.0
      ]
    },
    "average_loss_intra_epoch": [
      0.6791398525238037
    ],
    "average_accuracy_intra_epoch": [
      58.333333333333336
    ],
    "runtime": 3.455230951309204
  }
}