{
  "hyperparameters": {
    "architecture": "classification",
    "batch_size": 100,
    "clipping_threshold": 0.0,
    "dataset_name": "trains_classification",
    "epochs": 10,
    "initialization_scale": "\\sqrt{\frac{6}{n+m}}",
    "inner_ISGD_iterations": 0,
    "intra_epoch": false,
    "lr": 3.0,
    "momentum": 0.0,
    "mu": 0.0,
    "nodes": 50,
    "seed": 1,
    "sgdtype": "explicit",
    "data_type": "classification"
  },
  "results": {
    "train": {
      "average_loss": [
        0.6435556411743164,
        0.3253650963306427,
        0.011550960130989552,
        0.0010320513974875212,
        0.0009087728103622794,
        0.0008116764365695417,
        0.0007331851520575583,
        0.0006684028776362538,
        0.0006140190525911748,
        0.0005677136359736323
      ],
      "average_accuracy": [
        50.0,
        87.5,
        100.0,
        100.0,
        100.0,
        100.0,
        100.0,
        100.0,
        100.0,
        100.0
      ]
    },
    "test": {
      "average_loss": [
        0.6667802333831787,
        0.4722660779953003,
        0.6377859711647034,
        0.4835623800754547,
        0.4843425452709198,
        0.48508694767951965,
        0.4858001172542572,
        0.4864855110645294,
        0.48714613914489746,
        0.4877839684486389
      ],
      "average_accuracy": [
        50.0,
        100.0,
        50.0,
        50.0,
        50.0,
        50.0,
        50.0,
        50.0,
        50.0,
        50.0
      ]
    },
    "average_loss_intra_epoch": [
      0.0005677136359736323
    ],
    "average_accuracy_intra_epoch": [
      100.0
    ],
    "runtime": 3.5964155197143555
  }
}