{
  "hyperparameters": {
    "architecture": "classification",
    "batch_size": 100,
    "clipping_threshold": 0.0,
    "dataset_name": "libras_classification",
    "epochs": 10,
    "initialization_scale": "\\sqrt{\frac{6}{n+m}}",
    "inner_ISGD_iterations": 0,
    "intra_epoch": false,
    "lr": 10.0,
    "momentum": 0.0,
    "mu": 0.0,
    "nodes": 50,
    "seed": 1,
    "sgdtype": "implicit",
    "data_type": "classification"
  },
  "results": {
    "train": {
      "average_loss": [
        187.71447245279947,
        378.34356689453125,
        230.9233652750651,
        454.1270446777344,
        158.20572408040366,
        139.95076497395834,
        146.66236368815103,
        177.48851521809897,
        102.50939432779948,
        101.16000874837239
      ],
      "average_accuracy": [
        7.638888888888889,
        6.597222222222222,
        16.319444444444443,
        5.902777777777778,
        24.305555555555557,
        16.666666666666668,
        12.5,
        16.319444444444443,
        21.52777777777778,
        27.430555555555557
      ]
    },
    "test": {
      "average_loss": [
        182.2688446044922,
        408.15557861328125,
        220.44256591796875,
        473.5643310546875,
        184.42694091796875,
        162.79739379882812,
        132.36312866210938,
        166.15684509277344,
        100.39866638183594,
        108.93262481689453
      ],
      "average_accuracy": [
        5.555555555555555,
        2.7777777777777777,
        19.444444444444443,
        5.555555555555555,
        26.38888888888889,
        11.11111111111111,
        16.666666666666668,
        11.11111111111111,
        19.444444444444443,
        20.833333333333332
      ]
    },
    "average_loss_intra_epoch": [
      101.16000874837239
    ],
    "average_accuracy_intra_epoch": [
      27.430555555555557
    ],
    "runtime": 36.49465203285217
  }
}