{
  "hyperparameters": {
    "architecture": "music",
    "batch_size": 100,
    "clipping_threshold": 8.0,
    "dataset_name": "Piano-midi.de",
    "epochs": 5,
    "initialization_scale": "\\sqrt{\frac{6}{n+m}}",
    "inner_ISGD_iterations": 0,
    "intra_epoch": false,
    "lr": 200.0,
    "momentum": 0.0,
    "mu": 0.0,
    "nodes": 300,
    "seed": 5,
    "sgdtype": "implicit",
    "data_type": "sequential_many"
  },
  "results": {
    "train": {
      "average_loss": [
        0.0011849162031979375,
        0.0010688235671640824,
        0.0009498156772072738,
        0.0008691274782611946,
        0.0008104091622912185
      ],
      "average_accuracy": [
        0,
        0,
        0,
        0,
        0
      ]
    },
    "test": {
      "average_loss": [
        0.0016223561414517463,
        0.0013513286568922922,
        0.0011917679564794525,
        0.0011058644211152568,
        0.0010405574523610994
      ],
      "average_accuracy": [
        0,
        0,
        0,
        0,
        0
      ]
    },
    "average_loss_intra_epoch": [
      0.0008104091622912185
    ],
    "average_accuracy_intra_epoch": [
      0
    ],
    "runtime": 2993.7459077835083
  }
}