{
  "hyperparameters": {
    "architecture": "classification",
    "batch_size": 100,
    "clipping_threshold": 0.0,
    "dataset_name": "breast-cancer-wisc-diag_classification",
    "epochs": 10,
    "initialization_scale": "\\sqrt{\frac{6}{n+m}}",
    "inner_ISGD_iterations": 0,
    "intra_epoch": false,
    "lr": 0.1,
    "momentum": 0.0,
    "mu": 0.0,
    "nodes": 50,
    "seed": 1,
    "sgdtype": "explicit",
    "data_type": "classification"
  },
  "results": {
    "train": {
      "average_loss": [
        0.6672818183898925,
        0.6282836079597474,
        0.5722644805908204,
        0.4742242157459259,
        0.3401201069355011,
        0.23445281982421876,
        0.17607255578041076,
        0.14315350204706193,
        0.12197414040565491,
        0.10741528421640396
      ],
      "average_accuracy": [
        72.74725274725274,
        67.6923076923077,
        77.36263736263736,
        88.13186813186813,
        93.4065934065934,
        94.28571428571429,
        94.72527472527473,
        94.94505494505495,
        96.7032967032967,
        96.7032967032967
      ]
    },
    "test": {
      "average_loss": [
        0.6658125519752502,
        0.6226302087306976,
        0.5694651305675507,
        0.4824742525815964,
        0.3624339699745178,
        0.2639930471777916,
        0.20537042617797852,
        0.16718682646751404,
        0.13836856186389923,
        0.11672687157988548
      ],
      "average_accuracy": [
        65.78947368421052,
        64.91228070175438,
        68.42105263157895,
        82.45614035087719,
        91.2280701754386,
        92.98245614035088,
        93.85964912280701,
        93.85964912280701,
        95.6140350877193,
        96.49122807017544
      ]
    },
    "average_loss_intra_epoch": [
      0.10741528421640396
    ],
    "average_accuracy_intra_epoch": [
      96.7032967032967
    ],
    "runtime": 0.8054709434509277
  }
}