{
  "hyperparameters": {
    "architecture": "classification",
    "batch_size": 100,
    "clipping_threshold": 0.0,
    "dataset_name": "cardiotocography-3clases_classification",
    "epochs": 10,
    "initialization_scale": "\\sqrt{\frac{6}{n+m}}",
    "inner_ISGD_iterations": 0,
    "intra_epoch": false,
    "lr": 0.01,
    "momentum": 0.0,
    "mu": 0.0,
    "nodes": 50,
    "seed": 1,
    "sgdtype": "implicit",
    "data_type": "classification"
  },
  "results": {
    "train": {
      "average_loss": [
        1.0892034067827112,
        1.0204611175200518,
        0.9616301796015572,
        0.911406580139609,
        0.8687148164300358,
        0.8326254171483657,
        0.8023052075329948,
        0.7769909325767966,
        0.7559799867517808,
        0.7386288362390855
      ],
      "average_accuracy": [
        56.11764705882353,
        78.17647058823529,
        78.17647058823529,
        78.17647058823529,
        78.17647058823529,
        78.17647058823529,
        78.17647058823529,
        78.17647058823529,
        78.17647058823529,
        78.17647058823529
      ]
    },
    "test": {
      "average_loss": [
        1.089978241920471,
        1.0224749803543092,
        0.9647961258888245,
        0.915642523765564,
        0.8739416122436523,
        0.8387657046318054,
        0.8092828273773194,
        0.7847310543060303,
        0.7644089102745056,
        0.7476752042770386
      ],
      "average_accuracy": [
        53.990610328638496,
        76.52582159624413,
        76.52582159624413,
        76.52582159624413,
        76.52582159624413,
        76.52582159624413,
        76.52582159624413,
        76.52582159624413,
        76.52582159624413,
        76.52582159624413
      ]
    },
    "average_loss_intra_epoch": [
      0.7386288362390855
    ],
    "average_accuracy_intra_epoch": [
      78.17647058823529
    ],
    "runtime": 53.757285594940186
  }
}