{
  "hyperparameters": {
    "architecture": "classification",
    "batch_size": 100,
    "clipping_threshold": 0.0,
    "dataset_name": "hepatitis_classification",
    "epochs": 10,
    "initialization_scale": "\\sqrt{\frac{6}{n+m}}",
    "inner_ISGD_iterations": 0,
    "intra_epoch": false,
    "lr": 30.0,
    "momentum": 0.0,
    "mu": 0.0,
    "nodes": 50,
    "seed": 1,
    "sgdtype": "explicit",
    "data_type": "classification"
  },
  "results": {
    "train": {
      "average_loss": [
        7.521348714828491,
        102.95137786865234,
        174.20993041992188,
        52.491193771362305,
        57.13016128540039,
        53.488027572631836,
        14.763244152069092,
        244.20049285888672,
        87.29750061035156,
        37.44353103637695
      ],
      "average_accuracy": [
        46.774193548387096,
        17.741935483870968,
        79.83870967741936,
        79.83870967741936,
        83.87096774193549,
        79.83870967741936,
        83.87096774193549,
        83.87096774193549,
        83.87096774193549,
        83.06451612903226
      ]
    },
    "test": {
      "average_loss": [
        6.738580703735352,
        98.49810028076172,
        148.5688934326172,
        43.35808181762695,
        42.11848831176758,
        44.51078414916992,
        14.8707857131958,
        183.44300842285156,
        67.81021881103516,
        33.19800567626953
      ],
      "average_accuracy": [
        58.064516129032256,
        29.032258064516128,
        83.87096774193549,
        83.87096774193549,
        83.87096774193549,
        83.87096774193549,
        87.09677419354838,
        87.09677419354838,
        87.09677419354838,
        80.64516129032258
      ]
    },
    "average_loss_intra_epoch": [
      37.44353103637695
    ],
    "average_accuracy_intra_epoch": [
      83.06451612903226
    ],
    "runtime": 3.8232102394104004
  }
}