{
  "hyperparameters": {
    "architecture": "classification",
    "batch_size": 100,
    "clipping_threshold": 0.0,
    "dataset_name": "teaching_classification",
    "epochs": 10,
    "initialization_scale": "\\sqrt{\frac{6}{n+m}}",
    "inner_ISGD_iterations": 0,
    "intra_epoch": false,
    "lr": 0.1,
    "momentum": 0.0,
    "mu": 0.0,
    "nodes": 50,
    "seed": 1,
    "sgdtype": "implicit",
    "data_type": "classification"
  },
  "results": {
    "train": {
      "average_loss": [
        1.1108074188232422,
        1.1076836585998535,
        1.104955017566681,
        1.102571427822113,
        1.1004904508590698,
        1.098673939704895,
        1.0970890522003174,
        1.0957071185112,
        1.094502329826355,
        1.0934528708457947
      ],
      "average_accuracy": [
        34.166666666666664,
        34.166666666666664,
        34.166666666666664,
        34.166666666666664,
        34.166666666666664,
        34.166666666666664,
        34.166666666666664,
        34.166666666666664,
        34.166666666666664,
        34.166666666666664
      ]
    },
    "test": {
      "average_loss": [
        1.1608325242996216,
        1.1562995910644531,
        1.15234375,
        1.148894190788269,
        1.1458888053894043,
        1.1432740688323975,
        1.1410019397735596,
        1.1390306949615479,
        1.1373239755630493,
        1.1358484029769897
      ],
      "average_accuracy": [
        29.032258064516128,
        29.032258064516128,
        29.032258064516128,
        29.032258064516128,
        29.032258064516128,
        29.032258064516128,
        29.032258064516128,
        29.032258064516128,
        29.032258064516128,
        29.032258064516128
      ]
    },
    "average_loss_intra_epoch": [
      1.0934528708457947
    ],
    "average_accuracy_intra_epoch": [
      34.166666666666664
    ],
    "runtime": 4.651357412338257
  }
}