{
  "hyperparameters": {
    "architecture": "classification",
    "batch_size": 100,
    "clipping_threshold": 0.0,
    "dataset_name": "lung-cancer_classification",
    "epochs": 10,
    "initialization_scale": "\\sqrt{\frac{6}{n+m}}",
    "inner_ISGD_iterations": 0,
    "intra_epoch": false,
    "lr": 10.0,
    "momentum": 0.0,
    "mu": 0.0,
    "nodes": 50,
    "seed": 1,
    "sgdtype": "explicit",
    "data_type": "classification"
  },
  "results": {
    "train": {
      "average_loss": [
        1.0607794523239136,
        10.930614471435547,
        65.6417007446289,
        70.2970962524414,
        502.82269287109375,
        151.73452758789062,
        182.6846466064453,
        174.43763732910156,
        239.70535278320312,
        149.1846923828125
      ],
      "average_accuracy": [
        40.0,
        60.0,
        24.0,
        28.0,
        12.0,
        52.0,
        52.0,
        44.0,
        52.0,
        52.0
      ]
    },
    "test": {
      "average_loss": [
        1.139766812324524,
        16.462648391723633,
        69.4271011352539,
        73.98694610595703,
        440.983642578125,
        194.21035766601562,
        160.20640563964844,
        186.065185546875,
        184.5645751953125,
        71.67862701416016
      ],
      "average_accuracy": [
        42.857142857142854,
        57.142857142857146,
        28.571428571428573,
        28.571428571428573,
        14.285714285714286,
        57.142857142857146,
        57.142857142857146,
        42.857142857142854,
        42.857142857142854,
        71.42857142857143
      ]
    },
    "average_loss_intra_epoch": [
      149.1846923828125
    ],
    "average_accuracy_intra_epoch": [
      52.0
    ],
    "runtime": 3.484003782272339
  }
}