{
  "hyperparameters": {
    "architecture": "classification",
    "batch_size": 100,
    "clipping_threshold": 0.0,
    "dataset_name": "statlog-australian-credit_classification",
    "epochs": 10,
    "initialization_scale": "\\sqrt{\frac{6}{n+m}}",
    "inner_ISGD_iterations": 0,
    "intra_epoch": false,
    "lr": 50.0,
    "momentum": 0.0,
    "mu": 0.0,
    "nodes": 50,
    "seed": 1,
    "sgdtype": "implicit",
    "data_type": "classification"
  },
  "results": {
    "train": {
      "average_loss": [
        165.43814086914062,
        545.97509765625,
        750.9149881998698,
        335.9233703613281,
        197.29956563313803,
        578.5995381673177,
        157.54714330037436,
        455.87720743815106,
        164.2897720336914,
        448.01385498046875
      ],
      "average_accuracy": [
        55.072463768115945,
        53.98550724637681,
        45.833333333333336,
        46.01449275362319,
        54.166666666666664,
        53.80434782608695,
        52.89855072463768,
        52.53623188405797,
        53.26086956521739,
        53.44202898550725
      ]
    },
    "test": {
      "average_loss": [
        177.35584259033203,
        552.9757537841797,
        691.6832885742188,
        284.0127868652344,
        186.39511108398438,
        590.3618927001953,
        150.37031936645508,
        449.5198516845703,
        147.6462059020996,
        413.6748962402344
      ],
      "average_accuracy": [
        47.82608695652174,
        48.55072463768116,
        52.17391304347826,
        52.89855072463768,
        47.82608695652174,
        47.10144927536232,
        46.3768115942029,
        47.10144927536232,
        45.65217391304348,
        47.82608695652174
      ]
    },
    "average_loss_intra_epoch": [
      448.01385498046875
    ],
    "average_accuracy_intra_epoch": [
      53.44202898550725
    ],
    "runtime": 14.897674322128296
  }
}