{
  "hyperparameters": {
    "architecture": "classification",
    "batch_size": 100,
    "clipping_threshold": 0.0,
    "dataset_name": "hepatitis_classification",
    "epochs": 10,
    "initialization_scale": "\\sqrt{\frac{6}{n+m}}",
    "inner_ISGD_iterations": 0,
    "intra_epoch": false,
    "lr": 1.0,
    "momentum": 0.0,
    "mu": 0.0,
    "nodes": 50,
    "seed": 1,
    "sgdtype": "implicit",
    "data_type": "classification"
  },
  "results": {
    "train": {
      "average_loss": [
        0.5189549326896667,
        0.5120725631713867,
        0.5034859329462051,
        0.4825343191623688,
        0.42950816452503204,
        0.3512106090784073,
        0.30267731845378876,
        0.2762681692838669,
        0.25566402077674866,
        0.23986909538507462
      ],
      "average_accuracy": [
        78.2258064516129,
        78.2258064516129,
        78.2258064516129,
        78.2258064516129,
        78.2258064516129,
        83.87096774193549,
        85.48387096774194,
        84.6774193548387,
        87.09677419354838,
        88.70967741935483
      ]
    },
    "test": {
      "average_loss": [
        0.46121343970298767,
        0.44736170768737793,
        0.44092193245887756,
        0.4288073480129242,
        0.400539755821228,
        0.3681868016719818,
        0.36251142621040344,
        0.3671688735485077,
        0.3792411684989929,
        0.39733368158340454
      ],
      "average_accuracy": [
        83.87096774193549,
        83.87096774193549,
        83.87096774193549,
        83.87096774193549,
        83.87096774193549,
        80.64516129032258,
        80.64516129032258,
        83.87096774193549,
        83.87096774193549,
        83.87096774193549
      ]
    },
    "average_loss_intra_epoch": [
      0.23986909538507462
    ],
    "average_accuracy_intra_epoch": [
      88.70967741935483
    ],
    "runtime": 6.4960644245147705
  }
}