{
  "hyperparameters": {
    "architecture": "classification",
    "batch_size": 100,
    "clipping_threshold": 0.0,
    "dataset_name": "chess-krvk_classification",
    "epochs": 10,
    "initialization_scale": "\\sqrt{\frac{6}{n+m}}",
    "inner_ISGD_iterations": 0,
    "intra_epoch": false,
    "lr": 0.01,
    "momentum": 0.0,
    "mu": 0.0,
    "nodes": 50,
    "seed": 1,
    "sgdtype": "explicit",
    "data_type": "classification"
  },
  "results": {
    "train": {
      "average_loss": [
        2.8075704754723443,
        2.7031609270307753,
        2.62310407532586,
        2.565158174302843,
        2.525705547332764,
        2.4994293022155762,
        2.4817382028367785,
        2.4695175054338243,
        2.460806805292765,
        2.454381838904487
      ],
      "average_accuracy": [
        16.23596506861522,
        16.23596506861522,
        16.23596506861522,
        16.23596506861522,
        16.23596506861522,
        16.23596506861522,
        16.23596506861522,
        16.23596506861522,
        16.23596506861522,
        16.23596506861522
      ]
    },
    "test": {
      "average_loss": [
        2.8027047316233316,
        2.6983147922315096,
        2.6183294246071265,
        2.5604366837886343,
        2.5209817258935225,
        2.494655119745355,
        2.4768979465752317,
        2.46462419158534,
        2.4558852095352974,
        2.449455219402648
      ],
      "average_accuracy": [
        16.19743406985032,
        16.19743406985032,
        16.19743406985032,
        16.19743406985032,
        16.19743406985032,
        16.19743406985032,
        16.19743406985032,
        16.19743406985032,
        16.19743406985032,
        16.19743406985032
      ]
    },
    "average_loss_intra_epoch": [
      2.454381838904487
    ],
    "average_accuracy_intra_epoch": [
      16.23596506861522
    ],
    "runtime": 5.861847162246704
  }
}