{
  "hyperparameters": {
    "architecture": "classification",
    "batch_size": 100,
    "clipping_threshold": 0.0,
    "dataset_name": "energy-y1_classification",
    "epochs": 10,
    "initialization_scale": "\\sqrt{\frac{6}{n+m}}",
    "inner_ISGD_iterations": 0,
    "intra_epoch": false,
    "lr": 10.0,
    "momentum": 0.0,
    "mu": 0.0,
    "nodes": 50,
    "seed": 1,
    "sgdtype": "implicit",
    "data_type": "classification"
  },
  "results": {
    "train": {
      "average_loss": [
        78.20297350202289,
        13.39790712084089,
        10.004480293818883,
        16.231740951538086,
        17.09157575879778,
        17.543655259268625,
        27.47906357901437,
        9.311598573412214,
        12.704740933009557,
        17.471786771501815
      ],
      "average_accuracy": [
        47.557003257328994,
        59.77198697068404,
        39.413680781758956,
        39.413680781758956,
        81.43322475570032,
        81.43322475570032,
        81.43322475570032,
        81.43322475570032,
        81.43322475570032,
        81.43322475570032
      ]
    },
    "test": {
      "average_loss": [
        88.06343841552734,
        6.751316547393799,
        13.918034553527832,
        21.940248489379883,
        24.272099494934082,
        21.87711811065674,
        34.85156726837158,
        12.940011501312256,
        14.436709880828857,
        21.518670082092285
      ],
      "average_accuracy": [
        44.15584415584416,
        59.74025974025974,
        38.96103896103896,
        38.96103896103896,
        80.51948051948052,
        80.51948051948052,
        80.51948051948052,
        80.51948051948052,
        80.51948051948052,
        80.51948051948052
      ]
    },
    "average_loss_intra_epoch": [
      17.471786771501815
    ],
    "average_accuracy_intra_epoch": [
      81.43322475570032
    ],
    "runtime": 2.5956757068634033
  }
}