{
  "hyperparameters": {
    "architecture": "classification",
    "batch_size": 100,
    "clipping_threshold": 0.0,
    "dataset_name": "pittsburg-bridges-MATERIAL_classification",
    "epochs": 10,
    "initialization_scale": "\\sqrt{\frac{6}{n+m}}",
    "inner_ISGD_iterations": 0,
    "intra_epoch": false,
    "lr": 1.0,
    "momentum": 0.0,
    "mu": 0.0,
    "nodes": 50,
    "seed": 1,
    "sgdtype": "explicit",
    "data_type": "classification"
  },
  "results": {
    "train": {
      "average_loss": [
        0.8489587903022766,
        0.7851324677467346,
        0.7726403474807739,
        0.7702208757400513,
        0.7695446014404297,
        0.7691519856452942,
        0.768774151802063,
        0.768337070941925,
        0.7677924036979675,
        0.7670844793319702
      ],
      "average_accuracy": [
        72.61904761904762,
        72.61904761904762,
        72.61904761904762,
        72.61904761904762,
        72.61904761904762,
        72.61904761904762,
        72.61904761904762,
        72.61904761904762,
        72.61904761904762,
        72.61904761904762
      ]
    },
    "test": {
      "average_loss": [
        0.7743950486183167,
        0.6715415120124817,
        0.6409667730331421,
        0.6312406063079834,
        0.62788987159729,
        0.6266732811927795,
        0.6261814832687378,
        0.625898540019989,
        0.6256187558174133,
        0.6252456307411194
      ],
      "average_accuracy": [
        81.81818181818181,
        81.81818181818181,
        81.81818181818181,
        81.81818181818181,
        81.81818181818181,
        81.81818181818181,
        81.81818181818181,
        81.81818181818181,
        81.81818181818181,
        81.81818181818181
      ]
    },
    "average_loss_intra_epoch": [
      0.7670844793319702
    ],
    "average_accuracy_intra_epoch": [
      72.61904761904762
    ],
    "runtime": 3.21761155128479
  }
}