{
  "hyperparameters": {
    "architecture": "classification",
    "batch_size": 100,
    "clipping_threshold": 0.0,
    "dataset_name": "acute-inflammation_classification",
    "epochs": 10,
    "initialization_scale": "\\sqrt{\frac{6}{n+m}}",
    "inner_ISGD_iterations": 0,
    "intra_epoch": false,
    "lr": 30.0,
    "momentum": 0.0,
    "mu": 0.0,
    "nodes": 50,
    "seed": 1,
    "sgdtype": "explicit",
    "data_type": "classification"
  },
  "results": {
    "train": {
      "average_loss": [
        0.8147715926170349,
        2.279329776763916,
        106.39171600341797,
        89.21401977539062,
        128.58180236816406,
        51.253326416015625,
        50.83567810058594,
        110.5553970336914,
        84.41446685791016,
        58.27496337890625
      ],
      "average_accuracy": [
        48.958333333333336,
        51.041666666666664,
        48.958333333333336,
        29.166666666666668,
        70.83333333333333,
        75.0,
        16.666666666666668,
        83.33333333333333,
        83.33333333333333,
        83.33333333333333
      ]
    },
    "test": {
      "average_loss": [
        0.8059799075126648,
        2.268282651901245,
        108.25179290771484,
        62.65584182739258,
        250.30592346191406,
        61.37318420410156,
        49.85496139526367,
        138.1942596435547,
        105.51810455322266,
        72.84371185302734
      ],
      "average_accuracy": [
        50.0,
        50.0,
        50.0,
        54.166666666666664,
        45.833333333333336,
        70.83333333333333,
        20.833333333333332,
        79.16666666666667,
        79.16666666666667,
        79.16666666666667
      ]
    },
    "average_loss_intra_epoch": [
      58.27496337890625
    ],
    "average_accuracy_intra_epoch": [
      83.33333333333333
    ],
    "runtime": 0.8955142498016357
  }
}