{
  "hyperparameters": {
    "architecture": "classification",
    "batch_size": 100,
    "clipping_threshold": 0.0,
    "dataset_name": "statlog-vehicle_classification",
    "epochs": 10,
    "initialization_scale": "\\sqrt{\frac{6}{n+m}}",
    "inner_ISGD_iterations": 0,
    "intra_epoch": false,
    "lr": 10.0,
    "momentum": 0.0,
    "mu": 0.0,
    "nodes": 50,
    "seed": 1,
    "sgdtype": "implicit",
    "data_type": "classification"
  },
  "results": {
    "train": {
      "average_loss": [
        80.08059583391461,
        72.51151711600167,
        82.37061091831752,
        113.95253535679409,
        91.65982055664062,
        98.86394827706474,
        87.72936575753349,
        64.96964863368443,
        121.61401912144252,
        92.99617876325335
      ],
      "average_accuracy": [
        10.355029585798816,
        36.83431952662722,
        25.14792899408284,
        31.36094674556213,
        28.994082840236686,
        28.254437869822485,
        32.10059171597633,
        43.78698224852071,
        19.97041420118343,
        31.80473372781065
      ]
    },
    "test": {
      "average_loss": [
        81.16313171386719,
        78.64156723022461,
        93.27252197265625,
        115.3211441040039,
        105.5339126586914,
        97.28654098510742,
        81.98949813842773,
        64.68651962280273,
        111.46675872802734,
        98.98051071166992
      ],
      "average_accuracy": [
        14.117647058823529,
        33.529411764705884,
        22.352941176470587,
        25.88235294117647,
        28.235294117647058,
        29.41176470588235,
        35.88235294117647,
        44.705882352941174,
        18.235294117647058,
        31.176470588235293
      ]
    },
    "average_loss_intra_epoch": [
      92.99617876325335
    ],
    "average_accuracy_intra_epoch": [
      31.80473372781065
    ],
    "runtime": 20.677786350250244
  }
}