{
  "hyperparameters": {
    "architecture": "classification",
    "batch_size": 100,
    "clipping_threshold": 0.0,
    "dataset_name": "waveform-noise_classification",
    "epochs": 10,
    "initialization_scale": "\\sqrt{\frac{6}{n+m}}",
    "inner_ISGD_iterations": 0,
    "intra_epoch": false,
    "lr": 0.1,
    "momentum": 0.0,
    "mu": 0.0,
    "nodes": 50,
    "seed": 1,
    "sgdtype": "implicit",
    "data_type": "classification"
  },
  "results": {
    "train": {
      "average_loss": [
        0.8317916810512542,
        0.39657171815633774,
        0.32183731235563756,
        0.307265941798687,
        0.3017920322716236,
        0.298768051341176,
        0.2966281495988369,
        0.2948825556784868,
        0.29334223754704,
        0.29192272424697874
      ],
      "average_accuracy": [
        69.05,
        84.625,
        85.8,
        86.1,
        86.175,
        86.5,
        86.6,
        86.675,
        86.625,
        86.7
      ]
    },
    "test": {
      "average_loss": [
        0.8283657550811767,
        0.3997810035943985,
        0.3272613391280174,
        0.3168147295713425,
        0.31497908383607864,
        0.3148021221160889,
        0.31488809138536455,
        0.3149435222148895,
        0.3149232447147369,
        0.31483840495347976
      ],
      "average_accuracy": [
        71.3,
        86.1,
        85.9,
        85.9,
        85.3,
        84.7,
        84.7,
        84.9,
        84.8,
        84.9
      ]
    },
    "average_loss_intra_epoch": [
      0.29192272424697874
    ],
    "average_accuracy_intra_epoch": [
      86.7
    ],
    "runtime": 225.68451929092407
  }
}