{
  "hyperparameters": {
    "architecture": "music",
    "batch_size": 100,
    "clipping_threshold": 0.0,
    "dataset_name": "MuseData",
    "epochs": 5,
    "initialization_scale": "\\sqrt{\frac{6}{n+m}}",
    "inner_ISGD_iterations": 0,
    "intra_epoch": false,
    "lr": 50.0,
    "momentum": 0.0,
    "mu": 0.0,
    "nodes": 300,
    "seed": 3,
    "sgdtype": "implicit",
    "data_type": "sequential_many"
  },
  "results": {
    "train": {
      "average_loss": [
        0.0014887130525862249,
        0.001058226830807789,
        0.0006942445622183999,
        0.0006273410890293832,
        0.0005839000852630369
      ],
      "average_accuracy": [
        0,
        0,
        0,
        0,
        0
      ]
    },
    "test": {
      "average_loss": [
        0.0013400616680296334,
        0.0009741519772667802,
        0.0006449231615929861,
        0.0005729174825671268,
        0.0005327676974575884
      ],
      "average_accuracy": [
        0,
        0,
        0,
        0,
        0
      ]
    },
    "average_loss_intra_epoch": [
      0.0005839000852630369
    ],
    "average_accuracy_intra_epoch": [
      0
    ],
    "runtime": 9320.686279296875
  }
}