{
  "hyperparameters": {
    "architecture": "classification",
    "batch_size": 100,
    "clipping_threshold": 0.0,
    "dataset_name": "twonorm_classification",
    "epochs": 10,
    "initialization_scale": "\\sqrt{\frac{6}{n+m}}",
    "inner_ISGD_iterations": 0,
    "intra_epoch": false,
    "lr": 30.0,
    "momentum": 0.0,
    "mu": 0.0,
    "nodes": 50,
    "seed": 1,
    "sgdtype": "explicit",
    "data_type": "classification"
  },
  "results": {
    "train": {
      "average_loss": [
        38.94390300114949,
        10.789704342683157,
        9.067665700117747,
        21.128016217549643,
        58.741672134399415,
        20.655734395980836,
        32.84598452250163,
        25.426132011413575,
        13.528269322713216,
        23.610313367843627
      ],
      "average_accuracy": [
        51.317567567567565,
        89.51013513513513,
        87.24662162162163,
        82.43243243243244,
        44.40878378378378,
        68.41216216216216,
        55.8445945945946,
        39.74662162162162,
        73.69932432432432,
        75.16891891891892
      ]
    },
    "test": {
      "average_loss": [
        39.40022875467936,
        9.889078617095947,
        9.438210948308308,
        20.69906145731608,
        58.16018778483073,
        19.849226188659667,
        32.32045783996582,
        26.656212743123373,
        13.340149052937825,
        20.591680590311686
      ],
      "average_accuracy": [
        52.0945945945946,
        90.20270270270271,
        87.5,
        82.70270270270271,
        45.270270270270274,
        68.71621621621621,
        54.391891891891895,
        39.12162162162162,
        74.05405405405405,
        77.36486486486487
      ]
    },
    "average_loss_intra_epoch": [
      23.610313367843627
    ],
    "average_accuracy_intra_epoch": [
      75.16891891891892
    ],
    "runtime": 9.626045942306519
  }
}