{
  "hyperparameters": {
    "architecture": "classification",
    "batch_size": 100,
    "clipping_threshold": 0.0,
    "dataset_name": "vertebral-column-3clases_classification",
    "epochs": 10,
    "initialization_scale": "\\sqrt{\frac{6}{n+m}}",
    "inner_ISGD_iterations": 0,
    "intra_epoch": false,
    "lr": 0.5,
    "momentum": 0.0,
    "mu": 0.0,
    "nodes": 50,
    "seed": 1,
    "sgdtype": "implicit",
    "data_type": "classification"
  },
  "results": {
    "train": {
      "average_loss": [
        1.0600828727086384,
        1.0484291712443035,
        1.0440975228945415,
        1.0414344469706218,
        1.038311203320821,
        1.0328111847241719,
        1.0208922425905864,
        0.9908295273780823,
        0.9114828308423361,
        0.7743382056554159
      ],
      "average_accuracy": [
        47.983870967741936,
        47.983870967741936,
        47.983870967741936,
        47.983870967741936,
        47.983870967741936,
        47.983870967741936,
        47.983870967741936,
        47.983870967741936,
        66.53225806451613,
        72.1774193548387
      ]
    },
    "test": {
      "average_loss": [
        1.0494191646575928,
        1.032197117805481,
        1.0248829126358032,
        1.0205799341201782,
        1.0165774822235107,
        1.0107094049453735,
        0.998988926410675,
        0.9705407619476318,
        0.8984542489051819,
        0.7846160531044006
      ],
      "average_accuracy": [
        50.0,
        50.0,
        50.0,
        50.0,
        50.0,
        50.0,
        50.0,
        50.0,
        66.12903225806451,
        67.74193548387096
      ]
    },
    "average_loss_intra_epoch": [
      0.7743382056554159
    ],
    "average_accuracy_intra_epoch": [
      72.1774193548387
    ],
    "runtime": 6.2774224281311035
  }
}