{
  "hyperparameters": {
    "architecture": "classification",
    "batch_size": 100,
    "clipping_threshold": 0.0,
    "dataset_name": "nursery_classification",
    "epochs": 10,
    "initialization_scale": "\\sqrt{\frac{6}{n+m}}",
    "inner_ISGD_iterations": 0,
    "intra_epoch": false,
    "lr": 5.0,
    "momentum": 0.0,
    "mu": 0.0,
    "nodes": 50,
    "seed": 1,
    "sgdtype": "implicit",
    "data_type": "classification"
  },
  "results": {
    "train": {
      "average_loss": [
        1.7880305882829886,
        0.7390927431675104,
        1.868619712499472,
        2.7046753821464686,
        3.4208779357946835,
        0.8031947195816499,
        1.3470329037652566,
        0.675469703363398,
        0.6989946649051629,
        1.3565973415970802
      ],
      "average_accuracy": [
        86.23649691358025,
        88.70563271604938,
        73.8233024691358,
        73.70756172839506,
        76.31172839506173,
        80.38194444444444,
        88.48379629629629,
        89.73765432098766,
        90.38387345679013,
        89.69907407407408
      ]
    },
    "test": {
      "average_loss": [
        1.8786033300253062,
        0.7240921660111501,
        1.9055520731669207,
        2.833412761871631,
        3.4158760034121,
        0.8153786074656707,
        1.336807253269049,
        0.7425628854678228,
        0.7719878668968494,
        1.4881104024556966
      ],
      "average_accuracy": [
        85.49382716049382,
        88.27160493827161,
        73.95833333333333,
        73.34104938271605,
        78.04783950617283,
        81.09567901234568,
        88.34876543209876,
        88.8503086419753,
        89.35185185185185,
        89.04320987654322
      ]
    },
    "average_loss_intra_epoch": [
      1.3565973415970802
    ],
    "average_accuracy_intra_epoch": [
      89.69907407407408
    ],
    "runtime": 134.89618611335754
  }
}