{
  "hyperparameters": {
    "architecture": "music",
    "batch_size": 100,
    "clipping_threshold": 1.0,
    "dataset_name": "JSB Chorales",
    "epochs": 10,
    "initialization_scale": "\\sqrt{\frac{6}{n+m}}",
    "inner_ISGD_iterations": 0,
    "intra_epoch": false,
    "lr": 0.2,
    "momentum": 0.0,
    "mu": 0.0,
    "nodes": 50,
    "seed": 1,
    "sgdtype": "implicit",
    "data_type": "sequential_many"
  },
  "results": {
    "train": {
      "average_loss": [
        9.096120590726361,
        8.58690502029319,
        8.313203275463987,
        8.161930082146258,
        8.046133977356957,
        7.947870657433589,
        7.864805709847197,
        7.790563140894128,
        7.726890005919611,
        7.669777125770869
      ],
      "average_accuracy": [
        0,
        0,
        0,
        0,
        0,
        0,
        0,
        0,
        0,
        0
      ]
    },
    "test": {
      "average_loss": [
        9.23018840690712,
        8.722262791224889,
        8.451142001461672,
        8.300919631858925,
        8.185656891240702,
        8.088290090684767,
        8.006381449761328,
        7.933544963985295,
        7.8707871158401685,
        7.81443462433753
      ],
      "average_accuracy": [
        0,
        0,
        0,
        0,
        0,
        0,
        0,
        0,
        0,
        0
      ]
    },
    "average_loss_intra_epoch": [
      7.669777125770869
    ],
    "average_accuracy_intra_epoch": [
      0
    ],
    "runtime": 722.9316871166229
  }
}