{
  "hyperparameters": {
    "architecture": "music",
    "batch_size": 100,
    "clipping_threshold": 8.0,
    "dataset_name": "JSB Chorales",
    "epochs": 5,
    "initialization_scale": "\\sqrt{\frac{6}{n+m}}",
    "inner_ISGD_iterations": 0,
    "intra_epoch": false,
    "lr": 2.0,
    "momentum": 0.0,
    "mu": 0.0,
    "nodes": 300,
    "seed": 2,
    "sgdtype": "implicit",
    "data_type": "sequential_many"
  },
  "results": {
    "train": {
      "average_loss": [
        0.003005625093437113,
        0.0025270514431161455,
        0.00229461061438814,
        0.002141662714209847,
        0.0020273729778041323
      ],
      "average_accuracy": [
        0,
        0,
        0,
        0,
        0
      ]
    },
    "test": {
      "average_loss": [
        0.0029301113394609134,
        0.002458968249681805,
        0.002232428863130558,
        0.0020844603173567782,
        0.0019744705361943063
      ],
      "average_accuracy": [
        0,
        0,
        0,
        0,
        0
      ]
    },
    "average_loss_intra_epoch": [
      0.0020273729778041323
    ],
    "average_accuracy_intra_epoch": [
      0
    ],
    "runtime": 510.37324595451355
  }
}