{
  "hyperparameters": {
    "architecture": "music",
    "batch_size": 100,
    "clipping_threshold": 0.01,
    "dataset_name": "Piano-midi.de",
    "epochs": 5,
    "initialization_scale": "\\sqrt{\frac{6}{n+m}}",
    "inner_ISGD_iterations": 0,
    "intra_epoch": false,
    "lr": 50.0,
    "momentum": 0.0,
    "mu": 0.0,
    "nodes": 300,
    "seed": 1,
    "sgdtype": "implicit",
    "data_type": "sequential_many"
  },
  "results": {
    "train": {
      "average_loss": [
        0.000415171724424668,
        0.00037133690261987207,
        0.0003522669236796598,
        0.0003410545601352284,
        0.00033481388652881867
      ],
      "average_accuracy": [
        0,
        0,
        0,
        0,
        0
      ]
    },
    "test": {
      "average_loss": [
        0.000509930626139976,
        0.0004643879497598391,
        0.0004448059645073954,
        0.0004327930064755492,
        0.0004305990313878283
      ],
      "average_accuracy": [
        0,
        0,
        0,
        0,
        0
      ]
    },
    "average_loss_intra_epoch": [
      0.00033481388652881867
    ],
    "average_accuracy_intra_epoch": [
      0
    ],
    "runtime": 2772.6366097927094
  }
}