{
  "hyperparameters": {
    "architecture": "classification",
    "batch_size": 100,
    "clipping_threshold": 0.0,
    "dataset_name": "ozone_classification",
    "epochs": 10,
    "initialization_scale": "\\sqrt{\frac{6}{n+m}}",
    "inner_ISGD_iterations": 0,
    "intra_epoch": false,
    "lr": 0.01,
    "momentum": 0.0,
    "mu": 0.0,
    "nodes": 50,
    "seed": 1,
    "sgdtype": "explicit",
    "data_type": "classification"
  },
  "results": {
    "train": {
      "average_loss": [
        0.5108356504213243,
        0.4215916522911617,
        0.3562110052222297,
        0.3072741755417415,
        0.2700700951474054,
        0.241423385483878,
        0.21911229264168514,
        0.2015456628231775,
        0.18756640596049173,
        0.17632373528821127
      ],
      "average_accuracy": [
        97.33727810650888,
        97.33727810650888,
        97.33727810650888,
        97.33727810650888,
        97.33727810650888,
        97.33727810650888,
        97.33727810650888,
        97.33727810650888,
        97.33727810650888,
        97.33727810650888
      ]
    },
    "test": {
      "average_loss": [
        0.5112559795379639,
        0.4228879263003667,
        0.35821666320164997,
        0.3098663439353307,
        0.27314936369657516,
        0.24490716556708017,
        0.22293172279993692,
        0.20564347008864084,
        0.19189502795537314,
        0.18084345882137617
      ],
      "average_accuracy": [
        96.25984251968504,
        96.25984251968504,
        96.25984251968504,
        96.25984251968504,
        96.25984251968504,
        96.25984251968504,
        96.25984251968504,
        96.25984251968504,
        96.25984251968504,
        96.25984251968504
      ]
    },
    "average_loss_intra_epoch": [
      0.17632373528821127
    ],
    "average_accuracy_intra_epoch": [
      97.33727810650888
    ],
    "runtime": 7.15197229385376
  }
}