{
  "hyperparameters": {
    "architecture": "music",
    "batch_size": 100,
    "clipping_threshold": 1.0,
    "dataset_name": "Piano-midi.de",
    "epochs": 5,
    "initialization_scale": "\\sqrt{\frac{6}{n+m}}",
    "inner_ISGD_iterations": 0,
    "intra_epoch": false,
    "lr": 20.0,
    "momentum": 0.0,
    "mu": 0.0,
    "nodes": 300,
    "seed": 4,
    "sgdtype": "implicit",
    "data_type": "sequential_many"
  },
  "results": {
    "train": {
      "average_loss": [
        0.0005073256057773411,
        0.00042899855576962736,
        0.0003976705546816008,
        0.000379533216686071,
        0.0003672417355871936
      ],
      "average_accuracy": [
        0,
        0,
        0,
        0,
        0
      ]
    },
    "test": {
      "average_loss": [
        0.0006093659534235485,
        0.0005250982783036307,
        0.0004921193048357963,
        0.00047334227885585277,
        0.00046079721956630235
      ],
      "average_accuracy": [
        0,
        0,
        0,
        0,
        0
      ]
    },
    "average_loss_intra_epoch": [
      0.0003672417355871936
    ],
    "average_accuracy_intra_epoch": [
      0
    ],
    "runtime": 2992.8822379112244
  }
}