{
  "hyperparameters": {
    "architecture": "classification",
    "batch_size": 100,
    "clipping_threshold": 0.0,
    "dataset_name": "adult_classification",
    "epochs": 10,
    "initialization_scale": "\\sqrt{\frac{6}{n+m}}",
    "inner_ISGD_iterations": 0,
    "intra_epoch": false,
    "lr": 50.0,
    "momentum": 0.0,
    "mu": 0.0,
    "nodes": 50,
    "seed": 1,
    "sgdtype": "explicit",
    "data_type": "classification"
  },
  "results": {
    "train": {
      "average_loss": [
        88.72110455603246,
        37.68388545482665,
        33.930894100452626,
        21.193923120913297,
        57.65972519896524,
        34.582686538891416,
        22.137048809119808,
        61.826040497216425,
        23.490968190800505,
        27.187505836681943
      ],
      "average_accuracy": [
        46.85076651396105,
        66.68543495508408,
        64.34110511094617,
        75.36406214009675,
        51.86445883346556,
        71.90387223914212,
        68.47695339492745,
        63.929055869782204,
        68.69961354387941,
        68.94786681340055
      ]
    },
    "test": {
      "average_loss": [
        89.39168307245994,
        39.055571205761964,
        34.65471956681232,
        21.381393393691706,
        59.24805341448103,
        35.13463654810069,
        22.593070098331996,
        61.6075246966615,
        24.45489701446222,
        27.72360403683721
      ],
      "average_accuracy": [
        46.93417954754837,
        66.13778278227045,
        63.7117412222336,
        75.52461869178012,
        51.5405875729348,
        71.7883099600778,
        67.60159688811547,
        64.10072678882179,
        68.3693315590132,
        68.31814924762003
      ]
    },
    "average_loss_intra_epoch": [
      27.187505836681943
    ],
    "average_accuracy_intra_epoch": [
      68.94786681340055
    ],
    "runtime": 46.52026176452637
  }
}