{
  "hyperparameters": {
    "architecture": "classification",
    "batch_size": 100,
    "clipping_threshold": 0.0,
    "dataset_name": "bank_classification",
    "epochs": 10,
    "initialization_scale": "\\sqrt{\frac{6}{n+m}}",
    "inner_ISGD_iterations": 0,
    "intra_epoch": false,
    "lr": 0.001,
    "momentum": 0.0,
    "mu": 0.0,
    "nodes": 50,
    "seed": 1,
    "sgdtype": "explicit",
    "data_type": "classification"
  },
  "results": {
    "train": {
      "average_loss": [
        0.7366575163763922,
        0.7187067801887924,
        0.7016353140006194,
        0.6853970836948704,
        0.6699485956011592,
        0.6552492331814121,
        0.6412605611053673,
        0.6279464396270545,
        0.6152728183849437,
        0.6032074222693572
      ],
      "average_accuracy": [
        11.22787610619469,
        11.22787610619469,
        11.33849557522124,
        87.0575221238938,
        88.77212389380531,
        88.77212389380531,
        88.77212389380531,
        88.77212389380531,
        88.77212389380531,
        88.77212389380531
      ]
    },
    "test": {
      "average_loss": [
        0.7349369287490845,
        0.717860895395279,
        0.7016442537307739,
        0.6862415611743927,
        0.6716100990772247,
        0.6577096581459045,
        0.6445025384426117,
        0.631953114271164,
        0.6200277507305145,
        0.6086947321891785
      ],
      "average_accuracy": [
        12.707182320441989,
        12.707182320441989,
        13.03867403314917,
        85.96685082872928,
        87.29281767955801,
        87.29281767955801,
        87.29281767955801,
        87.29281767955801,
        87.29281767955801,
        87.29281767955801
      ]
    },
    "average_loss_intra_epoch": [
      0.6032074222693572
    ],
    "average_accuracy_intra_epoch": [
      88.77212389380531
    ],
    "runtime": 7.577443361282349
  }
}