{
  "hyperparameters": {
    "architecture": "classification",
    "batch_size": 100,
    "clipping_threshold": 0.0,
    "dataset_name": "pima_classification",
    "epochs": 10,
    "initialization_scale": "\\sqrt{\frac{6}{n+m}}",
    "inner_ISGD_iterations": 0,
    "intra_epoch": false,
    "lr": 10.0,
    "momentum": 0.0,
    "mu": 0.0,
    "nodes": 50,
    "seed": 1,
    "sgdtype": "implicit",
    "data_type": "classification"
  },
  "results": {
    "train": {
      "average_loss": [
        51.7826042175293,
        35.506617954799104,
        81.81154414585659,
        15.014256886073522,
        121.95232936314174,
        5.3720767838614325,
        54.088301522391184,
        104.45100947788784,
        5.721693856375558,
        69.41219329833984
      ],
      "average_accuracy": [
        65.30944625407166,
        65.30944625407166,
        34.69055374592834,
        65.30944625407166,
        34.69055374592834,
        65.30944625407166,
        65.30944625407166,
        34.69055374592834,
        65.30944625407166,
        65.30944625407166
      ]
    },
    "test": {
      "average_loss": [
        50.398908615112305,
        34.555973052978516,
        83.07392501831055,
        14.612412929534912,
        123.8369026184082,
        5.228471994400024,
        52.64080238342285,
        106.06417465209961,
        5.568391799926758,
        67.55456161499023
      ],
      "average_accuracy": [
        64.28571428571429,
        64.28571428571429,
        35.714285714285715,
        64.28571428571429,
        35.714285714285715,
        64.28571428571429,
        64.28571428571429,
        35.714285714285715,
        64.28571428571429,
        64.28571428571429
      ]
    },
    "average_loss_intra_epoch": [
      69.41219329833984
    ],
    "average_accuracy_intra_epoch": [
      65.30944625407166
    ],
    "runtime": 11.705248594284058
  }
}