{
  "hyperparameters": {
    "architecture": "classification",
    "batch_size": 100,
    "clipping_threshold": 0.0,
    "dataset_name": "breast-cancer-wisc-prog_classification",
    "epochs": 10,
    "initialization_scale": "\\sqrt{\frac{6}{n+m}}",
    "inner_ISGD_iterations": 0,
    "intra_epoch": false,
    "lr": 3.0,
    "momentum": 0.0,
    "mu": 0.0,
    "nodes": 50,
    "seed": 1,
    "sgdtype": "explicit",
    "data_type": "classification"
  },
  "results": {
    "train": {
      "average_loss": [
        0.5174665153026581,
        0.5105494558811188,
        0.4944015294313431,
        0.4597284495830536,
        0.49870358407497406,
        0.4144035279750824,
        0.5265849381685257,
        0.5309358239173889,
        0.5305070877075195,
        0.5295030623674393
      ],
      "average_accuracy": [
        77.21518987341773,
        77.21518987341773,
        77.21518987341773,
        78.48101265822785,
        77.21518987341773,
        81.0126582278481,
        77.21518987341773,
        77.21518987341773,
        77.21518987341773,
        77.21518987341773
      ]
    },
    "test": {
      "average_loss": [
        0.5814346075057983,
        0.5973982810974121,
        0.5957636833190918,
        0.5874518156051636,
        0.5745925307273865,
        0.6446446180343628,
        0.598620593547821,
        0.6178789138793945,
        0.6182457208633423,
        0.6181682348251343
      ],
      "average_accuracy": [
        72.5,
        72.5,
        72.5,
        75.0,
        72.5,
        80.0,
        72.5,
        72.5,
        72.5,
        72.5
      ]
    },
    "average_loss_intra_epoch": [
      0.5295030623674393
    ],
    "average_accuracy_intra_epoch": [
      77.21518987341773
    ],
    "runtime": 0.9131581783294678
  }
}