{
  "hyperparameters": {
    "architecture": "classification",
    "batch_size": 100,
    "clipping_threshold": 0.0,
    "dataset_name": "lenses_classification",
    "epochs": 10,
    "initialization_scale": "\\sqrt{\frac{6}{n+m}}",
    "inner_ISGD_iterations": 0,
    "intra_epoch": false,
    "lr": 50.0,
    "momentum": 0.0,
    "mu": 0.0,
    "nodes": 50,
    "seed": 1,
    "sgdtype": "explicit",
    "data_type": "classification"
  },
  "results": {
    "train": {
      "average_loss": [
        9.00290298461914,
        79.28848266601562,
        284.81512451171875,
        132.82090759277344,
        46.578914642333984,
        194.97645568847656,
        85.09835052490234,
        241.6630096435547,
        106.2279052734375,
        30.302005767822266
      ],
      "average_accuracy": [
        63.1578947368421,
        21.05263157894737,
        21.05263157894737,
        63.1578947368421,
        15.789473684210526,
        63.1578947368421,
        63.1578947368421,
        21.05263157894737,
        63.1578947368421,
        15.789473684210526
      ]
    },
    "test": {
      "average_loss": [
        9.985326766967773,
        76.33180236816406,
        286.8279113769531,
        139.1058807373047,
        44.249900817871094,
        223.5014190673828,
        104.9813461303711,
        252.9446258544922,
        113.3304214477539,
        28.787334442138672
      ],
      "average_accuracy": [
        60.0,
        20.0,
        20.0,
        60.0,
        20.0,
        60.0,
        60.0,
        20.0,
        60.0,
        20.0
      ]
    },
    "average_loss_intra_epoch": [
      30.302005767822266
    ],
    "average_accuracy_intra_epoch": [
      15.789473684210526
    ],
    "runtime": 3.4151854515075684
  }
}