{
  "hyperparameters": {
    "architecture": "classification",
    "batch_size": 100,
    "clipping_threshold": 0.0,
    "dataset_name": "connect-4_classification",
    "epochs": 10,
    "initialization_scale": "\\sqrt{\frac{6}{n+m}}",
    "inner_ISGD_iterations": 0,
    "intra_epoch": false,
    "lr": 30.0,
    "momentum": 0.0,
    "mu": 0.0,
    "nodes": 50,
    "seed": 1,
    "sgdtype": "implicit",
    "data_type": "classification"
  },
  "results": {
    "train": {
      "average_loss": [
        215.94461945200584,
        66.62916960513526,
        86.01804238282378,
        49.120199094197666,
        32.39854774898169,
        46.87277150815164,
        52.45605898872982,
        28.424321387038873,
        30.876591380995436,
        33.66442569302543
      ],
      "average_accuracy": [
        61.2619113701545,
        64.35933018780646,
        50.46535294661856,
        53.657137570543064,
        59.23767231011195,
        58.72143584050328,
        55.80719770561569,
        55.931168470718845,
        58.81580164677583,
        65.63049310759553
      ]
    },
    "test": {
      "average_loss": [
        213.02845076953665,
        65.71303474201875,
        84.65352725982666,
        48.56893979801851,
        32.845771074295044,
        47.72013072406544,
        51.77787789176492,
        28.414387520621805,
        30.1357379415456,
        33.97847497463226
      ],
      "average_accuracy": [
        61.59709887507401,
        64.0023682652457,
        50.821492007104794,
        53.87803433984606,
        59.332445233866196,
        57.85968028419183,
        56.0242747187685,
        56.238898756660745,
        59.19182948490231,
        65.30491415038485
      ]
    },
    "average_loss_intra_epoch": [
      33.66442569302543
    ],
    "average_accuracy_intra_epoch": [
      65.63049310759553
    ],
    "runtime": 2988.4496636390686
  }
}