{
  "hyperparameters": {
    "architecture": "classification",
    "batch_size": 100,
    "clipping_threshold": 0.0,
    "dataset_name": "pittsburg-bridges-MATERIAL_classification",
    "epochs": 10,
    "initialization_scale": "\\sqrt{\frac{6}{n+m}}",
    "inner_ISGD_iterations": 0,
    "intra_epoch": false,
    "lr": 3.0,
    "momentum": 0.0,
    "mu": 0.0,
    "nodes": 50,
    "seed": 1,
    "sgdtype": "implicit",
    "data_type": "classification"
  },
  "results": {
    "train": {
      "average_loss": [
        0.8418228626251221,
        0.8116673827171326,
        0.8101722002029419,
        0.7783883213996887,
        0.7720036506652832,
        0.7687733173370361,
        0.7668688893318176,
        0.7641652226448059,
        0.7586281895637512,
        0.744250476360321
      ],
      "average_accuracy": [
        72.61904761904762,
        72.61904761904762,
        72.61904761904762,
        72.61904761904762,
        72.61904761904762,
        72.61904761904762,
        72.61904761904762,
        72.61904761904762,
        72.61904761904762,
        72.61904761904762
      ]
    },
    "test": {
      "average_loss": [
        0.6300659775733948,
        0.728437066078186,
        0.6010269522666931,
        0.6628944277763367,
        0.6117731928825378,
        0.635752260684967,
        0.6204085350036621,
        0.6267833709716797,
        0.6188046932220459,
        0.6128678321838379
      ],
      "average_accuracy": [
        81.81818181818181,
        81.81818181818181,
        81.81818181818181,
        81.81818181818181,
        81.81818181818181,
        81.81818181818181,
        81.81818181818181,
        81.81818181818181,
        81.81818181818181,
        81.81818181818181
      ]
    },
    "average_loss_intra_epoch": [
      0.744250476360321
    ],
    "average_accuracy_intra_epoch": [
      72.61904761904762
    ],
    "runtime": 4.087940692901611
  }
}