{
  "hyperparameters": {
    "architecture": "classification",
    "batch_size": 100,
    "clipping_threshold": 0.0,
    "dataset_name": "arrhythmia_classification",
    "epochs": 10,
    "initialization_scale": "\\sqrt{\frac{6}{n+m}}",
    "inner_ISGD_iterations": 0,
    "intra_epoch": false,
    "lr": 0.1,
    "momentum": 0.0,
    "mu": 0.0,
    "nodes": 50,
    "seed": 1,
    "sgdtype": "explicit",
    "data_type": "classification"
  },
  "results": {
    "train": {
      "average_loss": [
        1.9312599897384644,
        1.5175246000289917,
        1.272554188966751,
        1.1034372597932816,
        0.9789264798164368,
        0.8823493123054504,
        0.8037291020154953,
        0.7373988777399063,
        0.6800467669963837,
        0.629544585943222
      ],
      "average_accuracy": [
        60.38781163434903,
        67.59002770083103,
        69.80609418282549,
        71.46814404432133,
        73.9612188365651,
        75.34626038781164,
        77.5623268698061,
        79.50138504155125,
        81.7174515235457,
        82.82548476454294
      ]
    },
    "test": {
      "average_loss": [
        2.0269196033477783,
        1.6491085290908813,
        1.4209738969802856,
        1.2708572149276733,
        1.1724157333374023,
        1.1095603704452515,
        1.0688458681106567,
        1.041185736656189,
        1.0212514400482178,
        1.0060765743255615
      ],
      "average_accuracy": [
        58.24175824175824,
        61.53846153846154,
        64.83516483516483,
        69.23076923076923,
        72.52747252747253,
        71.42857142857143,
        73.62637362637362,
        74.72527472527473,
        75.82417582417582,
        76.92307692307692
      ]
    },
    "average_loss_intra_epoch": [
      0.629544585943222
    ],
    "average_accuracy_intra_epoch": [
      82.82548476454294
    ],
    "runtime": 5.531913757324219
  }
}