{
  "hyperparameters": {
    "architecture": "classification",
    "batch_size": 100,
    "clipping_threshold": 0.0,
    "dataset_name": "hepatitis_classification",
    "epochs": 10,
    "initialization_scale": "\\sqrt{\frac{6}{n+m}}",
    "inner_ISGD_iterations": 0,
    "intra_epoch": false,
    "lr": 0.01,
    "momentum": 0.0,
    "mu": 0.0,
    "nodes": 50,
    "seed": 1,
    "sgdtype": "explicit",
    "data_type": "classification"
  },
  "results": {
    "train": {
      "average_loss": [
        0.720898449420929,
        0.715247631072998,
        0.7097612917423248,
        0.7044337689876556,
        0.6992605328559875,
        0.6942363381385803,
        0.6893564760684967,
        0.6846167743206024,
        0.6800123751163483,
        0.6755395531654358
      ],
      "average_accuracy": [
        21.774193548387096,
        21.774193548387096,
        21.774193548387096,
        21.774193548387096,
        21.774193548387096,
        31.451612903225808,
        83.06451612903226,
        78.2258064516129,
        78.2258064516129,
        78.2258064516129
      ]
    },
    "test": {
      "average_loss": [
        0.7277067303657532,
        0.7210723757743835,
        0.7146171927452087,
        0.708335816860199,
        0.7022227644920349,
        0.6962727904319763,
        0.6904811263084412,
        0.6848427057266235,
        0.6793533563613892,
        0.6740079522132874
      ],
      "average_accuracy": [
        16.129032258064516,
        16.129032258064516,
        16.129032258064516,
        16.129032258064516,
        16.129032258064516,
        16.129032258064516,
        80.64516129032258,
        83.87096774193549,
        83.87096774193549,
        83.87096774193549
      ]
    },
    "average_loss_intra_epoch": [
      0.6755395531654358
    ],
    "average_accuracy_intra_epoch": [
      78.2258064516129
    ],
    "runtime": 3.169552803039551
  }
}