{
  "hyperparameters": {
    "architecture": "classification",
    "batch_size": 100,
    "clipping_threshold": 0.0,
    "dataset_name": "ozone_classification",
    "epochs": 10,
    "initialization_scale": "\\sqrt{\frac{6}{n+m}}",
    "inner_ISGD_iterations": 0,
    "intra_epoch": false,
    "lr": 0.01,
    "momentum": 0.0,
    "mu": 0.0,
    "nodes": 50,
    "seed": 1,
    "sgdtype": "implicit",
    "data_type": "classification"
  },
  "results": {
    "train": {
      "average_loss": [
        0.5108356844811213,
        0.4215917189915975,
        0.35621109462919687,
        0.3072742947510311,
        0.27007022216206505,
        0.2414235302380153,
        0.21911242462339856,
        0.20154579551447005,
        0.18756652516978128,
        0.17632385236876352
      ],
      "average_accuracy": [
        97.33727810650888,
        97.33727810650888,
        97.33727810650888,
        97.33727810650888,
        97.33727810650888,
        97.33727810650888,
        97.33727810650888,
        97.33727810650888,
        97.33727810650888,
        97.33727810650888
      ]
    },
    "test": {
      "average_loss": [
        0.5112559795379639,
        0.42288799087206524,
        0.3582167824109395,
        0.30986646314462024,
        0.2731494630376498,
        0.24490725249052048,
        0.22293181717395782,
        0.20564357688029608,
        0.19189511984586716,
        0.1808435320854187
      ],
      "average_accuracy": [
        96.25984251968504,
        96.25984251968504,
        96.25984251968504,
        96.25984251968504,
        96.25984251968504,
        96.25984251968504,
        96.25984251968504,
        96.25984251968504,
        96.25984251968504,
        96.25984251968504
      ]
    },
    "average_loss_intra_epoch": [
      0.17632385236876352
    ],
    "average_accuracy_intra_epoch": [
      97.33727810650888
    ],
    "runtime": 200.5007302761078
  }
}