{
  "hyperparameters": {
    "architecture": "classification",
    "batch_size": 100,
    "clipping_threshold": 0.0,
    "dataset_name": "hepatitis_classification",
    "epochs": 10,
    "initialization_scale": "\\sqrt{\frac{6}{n+m}}",
    "inner_ISGD_iterations": 0,
    "intra_epoch": false,
    "lr": 50.0,
    "momentum": 0.0,
    "mu": 0.0,
    "nodes": 50,
    "seed": 1,
    "sgdtype": "explicit",
    "data_type": "classification"
  },
  "results": {
    "train": {
      "average_loss": [
        22.632485389709473,
        854.0300598144531,
        32.75748062133789,
        983.0976257324219,
        456.0974578857422,
        813.8619689941406,
        426.98924255371094,
        122.53571701049805,
        575.0669097900391,
        118.80131149291992
      ],
      "average_accuracy": [
        58.064516129032256,
        25.806451612903224,
        73.38709677419355,
        31.451612903225808,
        58.87096774193548,
        61.29032258064516,
        37.096774193548384,
        62.096774193548384,
        61.29032258064516,
        62.096774193548384
      ]
    },
    "test": {
      "average_loss": [
        23.4449520111084,
        769.3950805664062,
        45.486873626708984,
        781.572021484375,
        322.1389465332031,
        581.42431640625,
        470.86004638671875,
        90.46248626708984,
        389.1928405761719,
        98.71703338623047
      ],
      "average_accuracy": [
        64.51612903225806,
        35.483870967741936,
        74.19354838709677,
        48.38709677419355,
        74.19354838709677,
        74.19354838709677,
        22.580645161290324,
        77.41935483870968,
        77.41935483870968,
        77.41935483870968
      ]
    },
    "average_loss_intra_epoch": [
      118.80131149291992
    ],
    "average_accuracy_intra_epoch": [
      62.096774193548384
    ],
    "runtime": 3.6542234420776367
  }
}