{
  "hyperparameters": {
    "architecture": "classification",
    "batch_size": 100,
    "clipping_threshold": 0.0,
    "dataset_name": "acute-inflammation_classification",
    "epochs": 10,
    "initialization_scale": "\\sqrt{\frac{6}{n+m}}",
    "inner_ISGD_iterations": 0,
    "intra_epoch": false,
    "lr": 30.0,
    "momentum": 0.0,
    "mu": 0.0,
    "nodes": 50,
    "seed": 1,
    "sgdtype": "implicit",
    "data_type": "classification"
  },
  "results": {
    "train": {
      "average_loss": [
        0.8313817977905273,
        1.3390475511550903,
        62.200408935546875,
        0.5926454067230225,
        11.903786659240723,
        17.771970748901367,
        16.15485191345215,
        14.537914276123047,
        12.920676231384277,
        11.301798820495605
      ],
      "average_accuracy": [
        48.958333333333336,
        51.041666666666664,
        48.958333333333336,
        95.83333333333333,
        51.041666666666664,
        95.83333333333333,
        95.83333333333333,
        95.83333333333333,
        95.83333333333333,
        95.83333333333333
      ]
    },
    "test": {
      "average_loss": [
        0.8216845393180847,
        1.3132998943328857,
        63.98756790161133,
        3.5553407669067383,
        12.212845802307129,
        106.63031768798828,
        96.9276351928711,
        87.22606658935547,
        77.52265167236328,
        67.80941009521484
      ],
      "average_accuracy": [
        50.0,
        50.0,
        50.0,
        75.0,
        50.0,
        75.0,
        75.0,
        75.0,
        75.0,
        75.0
      ]
    },
    "average_loss_intra_epoch": [
      11.301798820495605
    ],
    "average_accuracy_intra_epoch": [
      95.83333333333333
    ],
    "runtime": 1.1784441471099854
  }
}