{
  "hyperparameters": {
    "architecture": "music",
    "batch_size": 100,
    "clipping_threshold": 8.0,
    "dataset_name": "MuseData",
    "epochs": 5,
    "initialization_scale": "\\sqrt{\frac{6}{n+m}}",
    "inner_ISGD_iterations": 0,
    "intra_epoch": false,
    "lr": 200.0,
    "momentum": 0.0,
    "mu": 0.0,
    "nodes": 300,
    "seed": 3,
    "sgdtype": "explicit",
    "data_type": "sequential_many"
  },
  "results": {
    "train": {
      "average_loss": [
        0.0011054508617346199,
        0.0009516007261662229,
        0.0009590393271488724,
        0.0008938642190271662,
        0.000808949321517572
      ],
      "average_accuracy": [
        0,
        0,
        0,
        0,
        0
      ]
    },
    "test": {
      "average_loss": [
        0.00098960674281003,
        0.0008666532743401119,
        0.0009120683331979483,
        0.0008412497053277254,
        0.0007745570770684055
      ],
      "average_accuracy": [
        0,
        0,
        0,
        0,
        0
      ]
    },
    "average_loss_intra_epoch": [
      0.000808949321517572
    ],
    "average_accuracy_intra_epoch": [
      0
    ],
    "runtime": 1827.1970434188843
  }
}