{
  "hyperparameters": {
    "architecture": "classification",
    "batch_size": 100,
    "clipping_threshold": 0.0,
    "dataset_name": "plant-margin_classification",
    "epochs": 10,
    "initialization_scale": "\\sqrt{\frac{6}{n+m}}",
    "inner_ISGD_iterations": 0,
    "intra_epoch": false,
    "lr": 5.0,
    "momentum": 0.0,
    "mu": 0.0,
    "nodes": 50,
    "seed": 1,
    "sgdtype": "explicit",
    "data_type": "classification"
  },
  "results": {
    "train": {
      "average_loss": [
        79.5013175377479,
        31.556031153752254,
        29.109123963576096,
        26.14697104233962,
        25.97536717928373,
        20.812177731440617,
        21.973556738633377,
        18.96310468820425,
        18.665306238027718,
        16.50397748213548
      ],
      "average_accuracy": [
        0.703125,
        4.921875,
        6.40625,
        12.265625,
        11.875,
        12.65625,
        13.90625,
        16.09375,
        17.265625,
        18.90625
      ]
    },
    "test": {
      "average_loss": [
        79.94015312194824,
        27.656278133392334,
        27.921878814697266,
        26.424477577209473,
        27.485870838165283,
        20.694068908691406,
        20.94627809524536,
        20.060975551605225,
        19.698180198669434,
        17.33549976348877
      ],
      "average_accuracy": [
        0.3125,
        5.3125,
        6.25,
        10.9375,
        8.4375,
        13.75,
        10.625,
        10.3125,
        12.8125,
        12.5
      ]
    },
    "average_loss_intra_epoch": [
      16.50397748213548
    ],
    "average_accuracy_intra_epoch": [
      18.90625
    ],
    "runtime": 5.555325508117676
  }
}