{
  "hyperparameters": {
    "architecture": "classification",
    "batch_size": 100,
    "clipping_threshold": 0.0,
    "dataset_name": "ionosphere_classification",
    "epochs": 10,
    "initialization_scale": "\\sqrt{\frac{6}{n+m}}",
    "inner_ISGD_iterations": 0,
    "intra_epoch": false,
    "lr": 0.001,
    "momentum": 0.0,
    "mu": 0.0,
    "nodes": 50,
    "seed": 1,
    "sgdtype": "implicit",
    "data_type": "classification"
  },
  "results": {
    "train": {
      "average_loss": [
        0.6980811953544617,
        0.6978411475817362,
        0.6976020534833273,
        0.6973638733228048,
        0.6971267859141032,
        0.696890652179718,
        0.6966553529103597,
        0.696421205997467,
        0.6961878736813863,
        0.6959555546442667
      ],
      "average_accuracy": [
        33.57142857142857,
        33.214285714285715,
        33.214285714285715,
        33.214285714285715,
        32.857142857142854,
        34.285714285714285,
        35.0,
        36.785714285714285,
        36.785714285714285,
        38.214285714285715
      ]
    },
    "test": {
      "average_loss": [
        0.6977372169494629,
        0.6975589990615845,
        0.6973822712898254,
        0.6972059607505798,
        0.6970306634902954,
        0.6968560814857483,
        0.6966823935508728,
        0.6965094804763794,
        0.6963372826576233,
        0.6961660385131836
      ],
      "average_accuracy": [
        32.394366197183096,
        32.394366197183096,
        32.394366197183096,
        33.80281690140845,
        35.2112676056338,
        36.61971830985915,
        38.028169014084504,
        38.028169014084504,
        38.028169014084504,
        39.436619718309856
      ]
    },
    "average_loss_intra_epoch": [
      0.6959555546442667
    ],
    "average_accuracy_intra_epoch": [
      38.214285714285715
    ],
    "runtime": 15.53188443183899
  }
}