{
  "hyperparameters": {
    "architecture": "classification",
    "batch_size": 100,
    "clipping_threshold": 0.0,
    "dataset_name": "semeion_classification",
    "epochs": 10,
    "initialization_scale": "\\sqrt{\frac{6}{n+m}}",
    "inner_ISGD_iterations": 0,
    "intra_epoch": false,
    "lr": 30.0,
    "momentum": 0.0,
    "mu": 0.0,
    "nodes": 50,
    "seed": 1,
    "sgdtype": "implicit",
    "data_type": "classification"
  },
  "results": {
    "train": {
      "average_loss": [
        1366.4642897385818,
        758.1421367938702,
        812.3707416240985,
        424.23665208082934,
        288.32925884540265,
        201.43891202486478,
        188.47199601393478,
        232.62224872295673,
        90.32268876295824,
        149.67950791579025
      ],
      "average_accuracy": [
        17.660910518053374,
        33.202511773940344,
        30.926216640502354,
        46.93877551020408,
        56.907378335949765,
        58.084772370486654,
        67.89638932496075,
        58.00627943485086,
        70.5651491365777,
        66.40502354788069
      ]
    },
    "test": {
      "average_loss": [
        1289.60107421875,
        813.6745147705078,
        952.2825164794922,
        565.1254119873047,
        410.1254577636719,
        211.79711532592773,
        266.70519638061523,
        305.4695358276367,
        135.02627182006836,
        189.81650161743164
      ],
      "average_accuracy": [
        18.181818181818183,
        24.137931034482758,
        23.510971786833856,
        40.43887147335423,
        48.90282131661442,
        56.739811912225704,
        56.426332288401255,
        56.426332288401255,
        62.69592476489028,
        58.93416927899686
      ]
    },
    "average_loss_intra_epoch": [
      149.67950791579025
    ],
    "average_accuracy_intra_epoch": [
      66.40502354788069
    ],
    "runtime": 405.6032044887543
  }
}