{
  "hyperparameters": {
    "architecture": "classification",
    "batch_size": 100,
    "clipping_threshold": 0.0,
    "dataset_name": "conn-bench-vowel-deterding_classification",
    "epochs": 10,
    "initialization_scale": "\\sqrt{\frac{6}{n+m}}",
    "inner_ISGD_iterations": 0,
    "intra_epoch": false,
    "lr": 3.0,
    "momentum": 0.0,
    "mu": 0.0,
    "nodes": 50,
    "seed": 1,
    "sgdtype": "implicit",
    "data_type": "classification"
  },
  "results": {
    "train": {
      "average_loss": [
        2.3691495656967163,
        2.0205200612545013,
        3.8157052099704742,
        6.74456387758255,
        4.449462354183197,
        1.9950378090143204,
        1.6138052642345428,
        1.8676643669605255,
        2.5096872746944427,
        1.2028763219714165
      ],
      "average_accuracy": [
        19.82323232323232,
        22.474747474747474,
        3.282828282828283,
        21.843434343434343,
        21.96969696969697,
        34.5959595959596,
        46.08585858585859,
        39.015151515151516,
        34.5959595959596,
        52.77777777777778
      ]
    },
    "test": {
      "average_loss": [
        2.3958070278167725,
        2.0495669841766357,
        3.7990282773971558,
        7.101696491241455,
        5.0994110107421875,
        2.2986243963241577,
        1.8698708415031433,
        1.983536720275879,
        2.8898820877075195,
        1.531742513179779
      ],
      "average_accuracy": [
        12.121212121212121,
        24.747474747474747,
        2.525252525252525,
        19.696969696969695,
        17.67676767676768,
        27.272727272727273,
        41.91919191919192,
        31.31313131313131,
        29.292929292929294,
        44.94949494949495
      ]
    },
    "average_loss_intra_epoch": [
      1.2028763219714165
    ],
    "average_accuracy_intra_epoch": [
      52.77777777777778
    ],
    "runtime": 16.539331674575806
  }
}