{
  "hyperparameters": {
    "architecture": "classification",
    "batch_size": 100,
    "clipping_threshold": 0.0,
    "dataset_name": "image-segmentation_classification",
    "epochs": 10,
    "initialization_scale": "\\sqrt{\frac{6}{n+m}}",
    "inner_ISGD_iterations": 0,
    "intra_epoch": false,
    "lr": 30.0,
    "momentum": 0.0,
    "mu": 0.0,
    "nodes": 50,
    "seed": 1,
    "sgdtype": "explicit",
    "data_type": "classification"
  },
  "results": {
    "train": {
      "average_loss": [
        93.1089385183234,
        142.48441676089638,
        138.7782580727025,
        97.88117298326995,
        37.35964664660002,
        50.640344519364206,
        60.822005020944694,
        98.8098598279451,
        94.53702183773643,
        95.61515928569592
      ],
      "average_accuracy": [
        21.861471861471863,
        39.66450216450217,
        35.55194805194805,
        44.696969696969695,
        47.4025974025974,
        58.92857142857143,
        39.77272727272727,
        46.753246753246756,
        51.46103896103896,
        42.42424242424242
      ]
    },
    "test": {
      "average_loss": [
        94.17074584960938,
        148.45712280273438,
        147.59189147949218,
        106.6861083984375,
        45.16113166809082,
        53.32031326293945,
        62.09997711181641,
        112.79722595214844,
        103.69477691650391,
        110.53755035400391
      ],
      "average_accuracy": [
        22.943722943722943,
        36.36363636363637,
        35.064935064935064,
        39.61038961038961,
        47.4025974025974,
        54.76190476190476,
        40.476190476190474,
        41.125541125541126,
        45.887445887445885,
        39.82683982683983
      ]
    },
    "average_loss_intra_epoch": [
      95.61515928569592
    ],
    "average_accuracy_intra_epoch": [
      42.42424242424242
    ],
    "runtime": 5.337360858917236
  }
}