{
  "hyperparameters": {
    "architecture": "classification",
    "batch_size": 100,
    "clipping_threshold": 0.0,
    "dataset_name": "breast-cancer-wisc-prog_classification",
    "epochs": 10,
    "initialization_scale": "\\sqrt{\frac{6}{n+m}}",
    "inner_ISGD_iterations": 0,
    "intra_epoch": false,
    "lr": 0.5,
    "momentum": 0.0,
    "mu": 0.0,
    "nodes": 50,
    "seed": 1,
    "sgdtype": "explicit",
    "data_type": "classification"
  },
  "results": {
    "train": {
      "average_loss": [
        0.5525827705860138,
        0.5246686041355133,
        0.5158255398273468,
        0.5097834020853043,
        0.5032201707363129,
        0.4954597055912018,
        0.486455500125885,
        0.4761735647916794,
        0.4641571491956711,
        0.44953571259975433
      ],
      "average_accuracy": [
        77.21518987341773,
        77.21518987341773,
        77.21518987341773,
        77.21518987341773,
        77.21518987341773,
        77.21518987341773,
        77.21518987341773,
        77.21518987341773,
        78.48101265822785,
        79.74683544303798
      ]
    },
    "test": {
      "average_loss": [
        0.5917972326278687,
        0.5806049108505249,
        0.5792659521102905,
        0.5762470960617065,
        0.570459246635437,
        0.5624272227287292,
        0.5531083345413208,
        0.5437940359115601,
        0.5357829332351685,
        0.5299475193023682
      ],
      "average_accuracy": [
        72.5,
        72.5,
        72.5,
        72.5,
        72.5,
        72.5,
        72.5,
        72.5,
        75.0,
        75.0
      ]
    },
    "average_loss_intra_epoch": [
      0.44953571259975433
    ],
    "average_accuracy_intra_epoch": [
      79.74683544303798
    ],
    "runtime": 0.8496198654174805
  }
}