{
  "hyperparameters": {
    "architecture": "classification",
    "batch_size": 100,
    "clipping_threshold": 0.0,
    "dataset_name": "heart-va_classification",
    "epochs": 10,
    "initialization_scale": "\\sqrt{\frac{6}{n+m}}",
    "inner_ISGD_iterations": 0,
    "intra_epoch": false,
    "lr": 10.0,
    "momentum": 0.0,
    "mu": 0.0,
    "nodes": 50,
    "seed": 1,
    "sgdtype": "explicit",
    "data_type": "classification"
  },
  "results": {
    "train": {
      "average_loss": [
        2.359833240509033,
        55.718674659729004,
        66.47549819946289,
        40.50955009460449,
        70.34688949584961,
        57.51437759399414,
        38.6567497253418,
        58.38621139526367,
        41.5795841217041,
        59.525360107421875
      ],
      "average_accuracy": [
        25.625,
        25.625,
        15.625,
        23.125,
        24.375,
        16.25,
        23.125,
        29.375,
        32.5,
        34.375
      ]
    },
    "test": {
      "average_loss": [
        2.599639415740967,
        62.2955436706543,
        66.09941101074219,
        34.73884201049805,
        83.14766693115234,
        56.8523063659668,
        41.18071746826172,
        58.1491584777832,
        46.942466735839844,
        69.15451049804688
      ],
      "average_accuracy": [
        25.0,
        25.0,
        17.5,
        22.5,
        15.0,
        27.5,
        25.0,
        40.0,
        17.5,
        22.5
      ]
    },
    "average_loss_intra_epoch": [
      59.525360107421875
    ],
    "average_accuracy_intra_epoch": [
      34.375
    ],
    "runtime": 3.6345572471618652
  }
}