{
  "hyperparameters": {
    "architecture": "classification",
    "batch_size": 100,
    "clipping_threshold": 0.0,
    "dataset_name": "teaching_classification",
    "epochs": 10,
    "initialization_scale": "\\sqrt{\frac{6}{n+m}}",
    "inner_ISGD_iterations": 0,
    "intra_epoch": false,
    "lr": 0.001,
    "momentum": 0.0,
    "mu": 0.0,
    "nodes": 50,
    "seed": 1,
    "sgdtype": "explicit",
    "data_type": "classification"
  },
  "results": {
    "train": {
      "average_loss": [
        1.1143449544906616,
        1.1143070459365845,
        1.1142688393592834,
        1.1142311096191406,
        1.1141931414604187,
        1.1141552329063416,
        1.114117681980133,
        1.1140798330307007,
        1.1140419244766235,
        1.1140044927597046
      ],
      "average_accuracy": [
        34.166666666666664,
        34.166666666666664,
        34.166666666666664,
        34.166666666666664,
        34.166666666666664,
        34.166666666666664,
        34.166666666666664,
        34.166666666666664,
        34.166666666666664,
        34.166666666666664
      ]
    },
    "test": {
      "average_loss": [
        1.165967583656311,
        1.1659115552902222,
        1.1658552885055542,
        1.1657993793487549,
        1.1657435894012451,
        1.1656876802444458,
        1.165631651878357,
        1.1655761003494263,
        1.165520429611206,
        1.1654651165008545
      ],
      "average_accuracy": [
        29.032258064516128,
        29.032258064516128,
        29.032258064516128,
        29.032258064516128,
        29.032258064516128,
        29.032258064516128,
        29.032258064516128,
        29.032258064516128,
        29.032258064516128,
        29.032258064516128
      ]
    },
    "average_loss_intra_epoch": [
      1.1140044927597046
    ],
    "average_accuracy_intra_epoch": [
      34.166666666666664
    ],
    "runtime": 3.3212571144104004
  }
}