{
  "hyperparameters": {
    "architecture": "classification",
    "batch_size": 100,
    "clipping_threshold": 0.0,
    "dataset_name": "vertebral-column-2clases_classification",
    "epochs": 10,
    "initialization_scale": "\\sqrt{\frac{6}{n+m}}",
    "inner_ISGD_iterations": 0,
    "intra_epoch": false,
    "lr": 50.0,
    "momentum": 0.0,
    "mu": 0.0,
    "nodes": 50,
    "seed": 1,
    "sgdtype": "implicit",
    "data_type": "classification"
  },
  "results": {
    "train": {
      "average_loss": [
        78.03618240356445,
        87.9962387084961,
        199.89723205566406,
        232.56224060058594,
        251.08727518717447,
        68.5271110534668,
        170.9344024658203,
        92.07319641113281,
        176.69586181640625,
        52.45048522949219
      ],
      "average_accuracy": [
        71.7741935483871,
        40.725806451612904,
        40.725806451612904,
        34.274193548387096,
        32.66129032258065,
        51.20967741935484,
        28.225806451612904,
        50.403225806451616,
        26.20967741935484,
        49.193548387096776
      ]
    },
    "test": {
      "average_loss": [
        77.74979400634766,
        93.68187713623047,
        201.99395751953125,
        224.3147430419922,
        243.8474884033203,
        61.43119812011719,
        158.36941528320312,
        91.58770751953125,
        164.28416442871094,
        48.50126647949219
      ],
      "average_accuracy": [
        69.35483870967742,
        41.935483870967744,
        41.935483870967744,
        35.483870967741936,
        33.87096774193548,
        58.064516129032256,
        32.25806451612903,
        53.225806451612904,
        29.032258064516128,
        54.83870967741935
      ]
    },
    "average_loss_intra_epoch": [
      52.45048522949219
    ],
    "average_accuracy_intra_epoch": [
      49.193548387096776
    ],
    "runtime": 6.207845449447632
  }
}