{
  "hyperparameters": {
    "architecture": "classification",
    "batch_size": 100,
    "clipping_threshold": 0.0,
    "dataset_name": "congressional-voting_classification",
    "epochs": 10,
    "initialization_scale": "\\sqrt{\frac{6}{n+m}}",
    "inner_ISGD_iterations": 0,
    "intra_epoch": false,
    "lr": 0.1,
    "momentum": 0.0,
    "mu": 0.0,
    "nodes": 50,
    "seed": 1,
    "sgdtype": "implicit",
    "data_type": "classification"
  },
  "results": {
    "train": {
      "average_loss": [
        0.6934508681297302,
        0.6828457117080688,
        0.677012100815773,
        0.6738079637289047,
        0.6720414161682129,
        0.6710562855005264,
        0.6704934388399124,
        0.6701584160327911,
        0.6699444204568863,
        0.6697948575019836
      ],
      "average_accuracy": [
        51.14942528735632,
        60.632183908045974,
        60.632183908045974,
        60.632183908045974,
        60.632183908045974,
        60.632183908045974,
        60.632183908045974,
        60.632183908045974,
        60.632183908045974,
        60.632183908045974
      ]
    },
    "test": {
      "average_loss": [
        0.6928391456604004,
        0.6780431270599365,
        0.6690979599952698,
        0.6635943055152893,
        0.6601365804672241,
        0.6579134464263916,
        0.6564494371414185,
        0.6554622650146484,
        0.6547794938087463,
        0.6542969346046448
      ],
      "average_accuracy": [
        56.32183908045977,
        64.36781609195403,
        64.36781609195403,
        64.36781609195403,
        64.36781609195403,
        64.36781609195403,
        64.36781609195403,
        64.36781609195403,
        64.36781609195403,
        64.36781609195403
      ]
    },
    "average_loss_intra_epoch": [
      0.6697948575019836
    ],
    "average_accuracy_intra_epoch": [
      60.632183908045974
    ],
    "runtime": 11.509345769882202
  }
}