{
  "hyperparameters": {
    "architecture": "classification",
    "batch_size": 100,
    "clipping_threshold": 0.0,
    "dataset_name": "primary-tumor_classification",
    "epochs": 10,
    "initialization_scale": "\\sqrt{\frac{6}{n+m}}",
    "inner_ISGD_iterations": 0,
    "intra_epoch": false,
    "lr": 0.001,
    "momentum": 0.0,
    "mu": 0.0,
    "nodes": 50,
    "seed": 1,
    "sgdtype": "implicit",
    "data_type": "classification"
  },
  "results": {
    "train": {
      "average_loss": [
        2.705627918243408,
        2.7053675651550293,
        2.7051072915395102,
        2.7048473358154297,
        2.704586903254191,
        2.704327424367269,
        2.7040677070617676,
        2.703808069229126,
        2.7035485108693442,
        2.703289270401001
      ],
      "average_accuracy": [
        5.681818181818182,
        5.681818181818182,
        5.681818181818182,
        5.681818181818182,
        5.681818181818182,
        5.681818181818182,
        5.681818181818182,
        5.681818181818182,
        5.681818181818182,
        5.681818181818182
      ]
    },
    "test": {
      "average_loss": [
        2.7410154342651367,
        2.740875005722046,
        2.740734815597534,
        2.7405946254730225,
        2.7404544353485107,
        2.7403147220611572,
        2.7401747703552246,
        2.74003529548645,
        2.7398953437805176,
        2.7397561073303223
      ],
      "average_accuracy": [
        3.0303030303030303,
        3.0303030303030303,
        3.0303030303030303,
        3.0303030303030303,
        3.0303030303030303,
        3.0303030303030303,
        3.0303030303030303,
        3.0303030303030303,
        3.0303030303030303,
        3.0303030303030303
      ]
    },
    "average_loss_intra_epoch": [
      2.703289270401001
    ],
    "average_accuracy_intra_epoch": [
      5.681818181818182
    ],
    "runtime": 9.576948165893555
  }
}