{
  "hyperparameters": {
    "architecture": "music",
    "batch_size": 100,
    "clipping_threshold": 0.1,
    "dataset_name": "JSB Chorales",
    "epochs": 5,
    "initialization_scale": "\\sqrt{\frac{6}{n+m}}",
    "inner_ISGD_iterations": 0,
    "intra_epoch": false,
    "lr": 2.0,
    "momentum": 0.0,
    "mu": 0.0,
    "nodes": 300,
    "seed": 1,
    "sgdtype": "implicit",
    "data_type": "sequential_many"
  },
  "results": {
    "train": {
      "average_loss": [
        0.0030624013456137743,
        0.0025450997433307944,
        0.002300254830289388,
        0.0021424191214925075,
        0.0020259772765442046
      ],
      "average_accuracy": [
        0,
        0,
        0,
        0,
        0
      ]
    },
    "test": {
      "average_loss": [
        0.00298466456316218,
        0.002477328330066732,
        0.0022410728239950226,
        0.002088925884371357,
        0.0019768104652644366
      ],
      "average_accuracy": [
        0,
        0,
        0,
        0,
        0
      ]
    },
    "average_loss_intra_epoch": [
      0.0020259772765442046
    ],
    "average_accuracy_intra_epoch": [
      0
    ],
    "runtime": 500.9833285808563
  }
}