{
  "hyperparameters": {
    "architecture": "music",
    "batch_size": 100,
    "clipping_threshold": 1.0,
    "dataset_name": "Piano-midi.de",
    "epochs": 10,
    "initialization_scale": "\\sqrt{\frac{6}{n+m}}",
    "inner_ISGD_iterations": 0,
    "intra_epoch": false,
    "lr": 1.0,
    "momentum": 0.0,
    "mu": 0.0,
    "nodes": 50,
    "seed": 1,
    "sgdtype": "explicit",
    "data_type": "sequential_many"
  },
  "results": {
    "train": {
      "average_loss": [
        124.42793463564468,
        136.33871060952373,
        123.5794778801929,
        119.65058233546115,
        108.52403436858079,
        105.57483391378118,
        102.46111600152378,
        100.53419485859487,
        99.31509365432564,
        97.96279867764177
      ],
      "average_accuracy": [
        0,
        0,
        0,
        0,
        0,
        0,
        0,
        0,
        0,
        0
      ]
    },
    "test": {
      "average_loss": [
        106.90743362426758,
        116.73343029022217,
        107.79565689086914,
        103.99755657196044,
        94.45615886688232,
        91.46054794311523,
        88.92157775878906,
        87.36852451324462,
        86.53810733795166,
        85.46079490661621
      ],
      "average_accuracy": [
        0,
        0,
        0,
        0,
        0,
        0,
        0,
        0,
        0,
        0
      ]
    },
    "average_loss_intra_epoch": [
      97.96279867764177
    ],
    "average_accuracy_intra_epoch": [
      0
    ],
    "runtime": 1066.827475786209
  }
}