{
  "hyperparameters": {
    "architecture": "classification",
    "batch_size": 100,
    "clipping_threshold": 0.0,
    "dataset_name": "libras_classification",
    "epochs": 10,
    "initialization_scale": "\\sqrt{\frac{6}{n+m}}",
    "inner_ISGD_iterations": 0,
    "intra_epoch": false,
    "lr": 30.0,
    "momentum": 0.0,
    "mu": 0.0,
    "nodes": 50,
    "seed": 1,
    "sgdtype": "explicit",
    "data_type": "classification"
  },
  "results": {
    "train": {
      "average_loss": [
        173.96351623535156,
        736.8961181640625,
        261.2620391845703,
        294.0542704264323,
        211.09385681152344,
        234.56683349609375,
        278.11179606119794,
        250.29285685221353,
        264.928217569987,
        196.98668416341147
      ],
      "average_accuracy": [
        7.638888888888889,
        11.11111111111111,
        13.541666666666666,
        14.583333333333334,
        21.52777777777778,
        23.958333333333332,
        18.055555555555557,
        32.291666666666664,
        13.541666666666666,
        23.26388888888889
      ]
    },
    "test": {
      "average_loss": [
        170.9288330078125,
        728.2484130859375,
        267.5928955078125,
        311.659912109375,
        238.13685607910156,
        238.9853515625,
        264.6935119628906,
        244.2863006591797,
        264.2483215332031,
        203.03201293945312
      ],
      "average_accuracy": [
        11.11111111111111,
        4.166666666666667,
        13.88888888888889,
        9.722222222222221,
        19.444444444444443,
        19.444444444444443,
        16.666666666666668,
        38.888888888888886,
        12.5,
        30.555555555555557
      ]
    },
    "average_loss_intra_epoch": [
      196.98668416341147
    ],
    "average_accuracy_intra_epoch": [
      23.26388888888889
    ],
    "runtime": 4.264493942260742
  }
}