{
  "hyperparameters": {
    "architecture": "classification",
    "batch_size": 100,
    "clipping_threshold": 0.0,
    "dataset_name": "car_classification",
    "epochs": 10,
    "initialization_scale": "\\sqrt{\frac{6}{n+m}}",
    "inner_ISGD_iterations": 0,
    "intra_epoch": false,
    "lr": 30.0,
    "momentum": 0.0,
    "mu": 0.0,
    "nodes": 50,
    "seed": 1,
    "sgdtype": "explicit",
    "data_type": "classification"
  },
  "results": {
    "train": {
      "average_loss": [
        152.5279824393136,
        131.01258414132255,
        152.91574369158064,
        32.395515714372905,
        224.05562373570032,
        38.67973681858608,
        73.24271038600376,
        73.68064880371094,
        147.10270472935267,
        53.97033364432199
      ],
      "average_accuracy": [
        3.979739507959479,
        23.516642547033285,
        68.7409551374819,
        68.7409551374819,
        23.516642547033285,
        3.7626628075253254,
        68.7409551374819,
        68.7409551374819,
        68.7409551374819,
        68.7409551374819
      ]
    },
    "test": {
      "average_loss": [
        159.2287139892578,
        139.46048736572266,
        126.12150573730469,
        29.350512981414795,
        239.93195724487305,
        39.39279747009277,
        65.27781963348389,
        58.02291011810303,
        122.8044319152832,
        48.83151912689209
      ],
      "average_accuracy": [
        4.046242774566474,
        17.052023121387283,
        75.14450867052022,
        75.14450867052022,
        17.052023121387283,
        3.7572254335260116,
        75.14450867052022,
        75.14450867052022,
        75.14450867052022,
        75.14450867052022
      ]
    },
    "average_loss_intra_epoch": [
      53.97033364432199
    ],
    "average_accuracy_intra_epoch": [
      68.7409551374819
    ],
    "runtime": 4.665102958679199
  }
}