{
  "hyperparameters": {
    "architecture": "classification",
    "batch_size": 100,
    "clipping_threshold": 0.0,
    "dataset_name": "iris_classification",
    "epochs": 10,
    "initialization_scale": "\\sqrt{\frac{6}{n+m}}",
    "inner_ISGD_iterations": 0,
    "intra_epoch": false,
    "lr": 50.0,
    "momentum": 0.0,
    "mu": 0.0,
    "nodes": 50,
    "seed": 1,
    "sgdtype": "explicit",
    "data_type": "classification"
  },
  "results": {
    "train": {
      "average_loss": [
        45.019086837768555,
        156.87171936035156,
        87.78625869750977,
        226.53170776367188,
        166.99732971191406,
        234.7690200805664,
        99.17306137084961,
        154.12757873535156,
        97.86798858642578,
        257.4983673095703
      ],
      "average_accuracy": [
        36.666666666666664,
        30.833333333333332,
        36.666666666666664,
        2.5,
        51.666666666666664,
        30.833333333333332,
        30.833333333333332,
        32.5,
        36.666666666666664,
        32.5
      ]
    },
    "test": {
      "average_loss": [
        54.45541763305664,
        111.00336456298828,
        106.91938781738281,
        204.62608337402344,
        117.2057113647461,
        157.91131591796875,
        107.58082580566406,
        98.79447174072266,
        118.95720672607422,
        241.99710083007812
      ],
      "average_accuracy": [
        20.0,
        43.333333333333336,
        20.0,
        3.3333333333333335,
        66.66666666666667,
        43.333333333333336,
        43.333333333333336,
        36.666666666666664,
        20.0,
        36.666666666666664
      ]
    },
    "average_loss_intra_epoch": [
      257.4983673095703
    ],
    "average_accuracy_intra_epoch": [
      32.5
    ],
    "runtime": 3.698439598083496
  }
}