{
  "hyperparameters": {
    "architecture": "classification",
    "batch_size": 100,
    "clipping_threshold": 0.0,
    "dataset_name": "contrac_classification",
    "epochs": 10,
    "initialization_scale": "\\sqrt{\frac{6}{n+m}}",
    "inner_ISGD_iterations": 0,
    "intra_epoch": false,
    "lr": 1.0,
    "momentum": 0.0,
    "mu": 0.0,
    "nodes": 50,
    "seed": 1,
    "sgdtype": "implicit",
    "data_type": "classification"
  },
  "results": {
    "train": {
      "average_loss": [
        1.071417510509491,
        1.0699057777722676,
        1.0653905073801677,
        1.0420217613379161,
        0.9963276038567225,
        0.9834250261386236,
        0.9744220475355784,
        0.9694909701744715,
        0.9661345332860947,
        0.9634599288304647
      ],
      "average_accuracy": [
        42.52971137521222,
        44.99151103565365,
        46.6044142614601,
        47.70797962648557,
        47.53820033955857,
        49.32088285229202,
        50.50933786078099,
        50.42444821731749,
        50.50933786078099,
        51.27334465195246
      ]
    },
    "test": {
      "average_loss": [
        1.0745922327041626,
        1.0729804436365764,
        1.0681966145833333,
        1.0442309776941936,
        0.9966992139816284,
        0.981643815835317,
        0.9695298274358114,
        0.9608808954556783,
        0.9543245236078898,
        0.9490885933240255
      ],
      "average_accuracy": [
        43.728813559322035,
        48.47457627118644,
        46.779661016949156,
        46.779661016949156,
        46.779661016949156,
        49.83050847457627,
        50.50847457627118,
        51.52542372881356,
        52.54237288135593,
        52.20338983050848
      ]
    },
    "average_loss_intra_epoch": [
      0.9634599288304647
    ],
    "average_accuracy_intra_epoch": [
      51.27334465195246
    ],
    "runtime": 19.82692313194275
  }
}