{
  "hyperparameters": {
    "architecture": "classification",
    "batch_size": 100,
    "clipping_threshold": 0.0,
    "dataset_name": "zoo_classification",
    "epochs": 10,
    "initialization_scale": "\\sqrt{\frac{6}{n+m}}",
    "inner_ISGD_iterations": 0,
    "intra_epoch": false,
    "lr": 5.0,
    "momentum": 0.0,
    "mu": 0.0,
    "nodes": 50,
    "seed": 1,
    "sgdtype": "explicit",
    "data_type": "classification"
  },
  "results": {
    "train": {
      "average_loss": [
        1.717227578163147,
        1.7241528034210205,
        1.3677729368209839,
        3.7960097789764404,
        18.956729888916016,
        16.005828857421875,
        12.967549324035645,
        18.540912628173828,
        28.494754791259766,
        6.226420879364014
      ],
      "average_accuracy": [
        37.5,
        18.75,
        53.75,
        18.75,
        0.0,
        26.25,
        56.25,
        47.5,
        16.25,
        42.5
      ]
    },
    "test": {
      "average_loss": [
        1.4477344751358032,
        1.6511764526367188,
        0.9086184501647949,
        2.7090282440185547,
        20.96962547302246,
        21.34517478942871,
        4.0599188804626465,
        17.446571350097656,
        24.098648071289062,
        2.881089210510254
      ],
      "average_accuracy": [
        52.38095238095238,
        23.80952380952381,
        76.19047619047619,
        23.80952380952381,
        0.0,
        4.761904761904762,
        76.19047619047619,
        61.904761904761905,
        4.761904761904762,
        57.142857142857146
      ]
    },
    "average_loss_intra_epoch": [
      6.226420879364014
    ],
    "average_accuracy_intra_epoch": [
      42.5
    ],
    "runtime": 3.646683931350708
  }
}