{
  "hyperparameters": {
    "architecture": "classification",
    "batch_size": 100,
    "clipping_threshold": 0.0,
    "dataset_name": "statlog-shuttle_classification",
    "epochs": 10,
    "initialization_scale": "\\sqrt{\frac{6}{n+m}}",
    "inner_ISGD_iterations": 0,
    "intra_epoch": false,
    "lr": 1.0,
    "momentum": 0.0,
    "mu": 0.0,
    "nodes": 50,
    "seed": 1,
    "sgdtype": "explicit",
    "data_type": "classification"
  },
  "results": {
    "train": {
      "average_loss": [
        0.043138857965522186,
        0.02716724857475191,
        0.03826383245328104,
        0.019528841032548247,
        0.018001906830187212,
        0.01614368505548116,
        0.014585733422728512,
        0.013088597512878237,
        0.011173579556960814,
        0.0100938707183904
      ],
      "average_accuracy": [
        98.9396551724138,
        99.51508620689656,
        98.72629310344827,
        99.5646551724138,
        99.5603448275862,
        99.60344827586206,
        99.64439655172414,
        99.64655172413794,
        99.70043103448276,
        99.73922413793103
      ]
    },
    "test": {
      "average_loss": [
        0.03957690300363726,
        0.024314953331385964,
        0.03328966257836798,
        0.01629452012752279,
        0.014069029749250683,
        0.012343647322268225,
        0.011002720483169281,
        0.010981559040374123,
        0.00997953241438091,
        0.008429618903831178
      ],
      "average_accuracy": [
        99.02586206896552,
        99.53448275862068,
        98.87068965517241,
        99.59482758620689,
        99.59482758620689,
        99.59482758620689,
        99.70689655172414,
        99.71551724137932,
        99.75,
        99.77586206896552
      ]
    },
    "average_loss_intra_epoch": [
      0.0100938707183904
    ],
    "average_accuracy_intra_epoch": [
      99.73922413793103
    ],
    "runtime": 52.27419114112854
  }
}