{
  "hyperparameters": {
    "architecture": "classification",
    "batch_size": 100,
    "clipping_threshold": 0.0,
    "dataset_name": "synthetic-control_classification",
    "epochs": 10,
    "initialization_scale": "\\sqrt{\frac{6}{n+m}}",
    "inner_ISGD_iterations": 0,
    "intra_epoch": false,
    "lr": 1.0,
    "momentum": 0.0,
    "mu": 0.0,
    "nodes": 50,
    "seed": 1,
    "sgdtype": "explicit",
    "data_type": "classification"
  },
  "results": {
    "train": {
      "average_loss": [
        1.0027506709098817,
        3.4884485244750976,
        5.040120220184326,
        12.583914756774902,
        7.9245298385620115,
        6.001193714141846,
        5.232558917999268,
        2.0969311952590943,
        7.016853618621826,
        5.961080551147461
      ],
      "average_accuracy": [
        55.416666666666664,
        34.166666666666664,
        33.333333333333336,
        27.708333333333332,
        43.333333333333336,
        65.20833333333333,
        65.625,
        73.125,
        70.20833333333333,
        63.541666666666664
      ]
    },
    "test": {
      "average_loss": [
        0.9807620048522949,
        3.799826741218567,
        4.350316643714905,
        13.641714572906494,
        7.678666114807129,
        5.336546897888184,
        5.499996066093445,
        1.9030225276947021,
        7.8981218338012695,
        4.792859792709351
      ],
      "average_accuracy": [
        54.166666666666664,
        33.333333333333336,
        35.833333333333336,
        35.833333333333336,
        41.666666666666664,
        65.0,
        65.0,
        75.0,
        60.833333333333336,
        70.83333333333333
      ]
    },
    "average_loss_intra_epoch": [
      5.961080551147461
    ],
    "average_accuracy_intra_epoch": [
      63.541666666666664
    ],
    "runtime": 4.168658256530762
  }
}