{
  "hyperparameters": {
    "architecture": "classification",
    "batch_size": 100,
    "clipping_threshold": 0.0,
    "dataset_name": "vertebral-column-3clases_classification",
    "epochs": 10,
    "initialization_scale": "\\sqrt{\frac{6}{n+m}}",
    "inner_ISGD_iterations": 0,
    "intra_epoch": false,
    "lr": 3.0,
    "momentum": 0.0,
    "mu": 0.0,
    "nodes": 50,
    "seed": 1,
    "sgdtype": "explicit",
    "data_type": "classification"
  },
  "results": {
    "train": {
      "average_loss": [
        1.0589384237925212,
        0.901292602221171,
        1.4850448767344158,
        1.5876979033152263,
        3.819190740585327,
        3.3346216678619385,
        11.352556228637695,
        3.6559556325276694,
        2.5567679405212402,
        7.367397785186768
      ],
      "average_accuracy": [
        35.08064516129032,
        71.7741935483871,
        31.451612903225808,
        6.854838709677419,
        47.983870967741936,
        24.596774193548388,
        27.016129032258064,
        67.33870967741936,
        25.806451612903224,
        29.032258064516128
      ]
    },
    "test": {
      "average_loss": [
        1.0458290576934814,
        0.8959769010543823,
        1.6011971235275269,
        1.6416113376617432,
        3.9707415103912354,
        4.370887279510498,
        11.865433692932129,
        5.47922945022583,
        2.6447701454162598,
        7.7345428466796875
      ],
      "average_accuracy": [
        40.32258064516129,
        67.74193548387096,
        30.64516129032258,
        11.290322580645162,
        46.774193548387096,
        19.35483870967742,
        24.193548387096776,
        59.67741935483871,
        20.967741935483872,
        25.806451612903224
      ]
    },
    "average_loss_intra_epoch": [
      7.367397785186768
    ],
    "average_accuracy_intra_epoch": [
      29.032258064516128
    ],
    "runtime": 3.909477472305298
  }
}