{
  "hyperparameters": {
    "architecture": "classification",
    "batch_size": 100,
    "clipping_threshold": 0.0,
    "dataset_name": "energy-y1_classification",
    "epochs": 10,
    "initialization_scale": "\\sqrt{\frac{6}{n+m}}",
    "inner_ISGD_iterations": 0,
    "intra_epoch": false,
    "lr": 0.5,
    "momentum": 0.0,
    "mu": 0.0,
    "nodes": 50,
    "seed": 1,
    "sgdtype": "implicit",
    "data_type": "classification"
  },
  "results": {
    "train": {
      "average_loss": [
        1.019898193223136,
        1.0164230125291007,
        1.0094808169773646,
        0.9456659725734166,
        0.549350014754704,
        0.489117545740945,
        0.4493706354073116,
        0.4070164007799966,
        0.43954278102942873,
        0.45327299620424
      ],
      "average_accuracy": [
        47.557003257328994,
        47.557003257328994,
        47.557003257328994,
        47.557003257328994,
        81.43322475570032,
        81.43322475570032,
        81.43322475570032,
        79.96742671009773,
        80.45602605863192,
        78.99022801302931
      ]
    },
    "test": {
      "average_loss": [
        1.0455514192581177,
        1.0505611300468445,
        1.044813096523285,
        0.9813476204872131,
        0.5617124736309052,
        0.4998261481523514,
        0.4726268798112869,
        0.454734206199646,
        0.49796342849731445,
        0.5126780122518539
      ],
      "average_accuracy": [
        44.15584415584416,
        44.15584415584416,
        44.15584415584416,
        44.15584415584416,
        80.51948051948052,
        80.51948051948052,
        80.51948051948052,
        79.22077922077922,
        80.51948051948052,
        79.87012987012987
      ]
    },
    "average_loss_intra_epoch": [
      0.45327299620424
    ],
    "average_accuracy_intra_epoch": [
      78.99022801302931
    ],
    "runtime": 2.60752010345459
  }
}