{
  "hyperparameters": {
    "architecture": "music",
    "batch_size": 100,
    "clipping_threshold": 8.0,
    "dataset_name": "MuseData",
    "epochs": 5,
    "initialization_scale": "\\sqrt{\frac{6}{n+m}}",
    "inner_ISGD_iterations": 0,
    "intra_epoch": false,
    "lr": 500.0,
    "momentum": 0.0,
    "mu": 0.0,
    "nodes": 300,
    "seed": 2,
    "sgdtype": "explicit",
    "data_type": "sequential_many"
  },
  "results": {
    "train": {
      "average_loss": [
        0.007162673654788323,
        0.005048023701815614,
        0.005467225465779583,
        0.0050693407754404006,
        0.004183169457585354
      ],
      "average_accuracy": [
        0,
        0,
        0,
        0,
        0
      ]
    },
    "test": {
      "average_loss": [
        0.007334228216002943,
        0.005170392906884738,
        0.00515077150210404,
        0.00495683141590205,
        0.0038800800736475314
      ],
      "average_accuracy": [
        0,
        0,
        0,
        0,
        0
      ]
    },
    "average_loss_intra_epoch": [
      0.004183169457585354
    ],
    "average_accuracy_intra_epoch": [
      0
    ],
    "runtime": 1927.4970281124115
  }
}