{
  "hyperparameters": {
    "architecture": "classification",
    "batch_size": 100,
    "clipping_threshold": 0.0,
    "dataset_name": "hepatitis_classification",
    "epochs": 10,
    "initialization_scale": "\\sqrt{\frac{6}{n+m}}",
    "inner_ISGD_iterations": 0,
    "intra_epoch": false,
    "lr": 3.0,
    "momentum": 0.0,
    "mu": 0.0,
    "nodes": 50,
    "seed": 1,
    "sgdtype": "explicit",
    "data_type": "classification"
  },
  "results": {
    "train": {
      "average_loss": [
        0.5255266726016998,
        0.5063012540340424,
        0.43525421619415283,
        0.33395764231681824,
        0.517269566655159,
        0.2778632417321205,
        0.26800747960805893,
        0.43032367527484894,
        0.28177811205387115,
        0.31735868006944656
      ],
      "average_accuracy": [
        78.2258064516129,
        78.2258064516129,
        78.2258064516129,
        83.06451612903226,
        78.2258064516129,
        83.87096774193549,
        83.06451612903226,
        79.83870967741936,
        87.90322580645162,
        83.87096774193549
      ]
    },
    "test": {
      "average_loss": [
        0.4735538363456726,
        0.4409415125846863,
        0.39640554785728455,
        0.3544810116291046,
        0.44044190645217896,
        0.36715880036354065,
        0.4412641227245331,
        0.5632345676422119,
        0.3494527339935303,
        0.4291313588619232
      ],
      "average_accuracy": [
        83.87096774193549,
        83.87096774193549,
        83.87096774193549,
        83.87096774193549,
        83.87096774193549,
        80.64516129032258,
        83.87096774193549,
        80.64516129032258,
        87.09677419354838,
        83.87096774193549
      ]
    },
    "average_loss_intra_epoch": [
      0.31735868006944656
    ],
    "average_accuracy_intra_epoch": [
      83.87096774193549
    ],
    "runtime": 3.714834213256836
  }
}