{
  "hyperparameters": {
    "architecture": "classification",
    "batch_size": 100,
    "clipping_threshold": 0.0,
    "dataset_name": "statlog-image_classification",
    "epochs": 10,
    "initialization_scale": "\\sqrt{\frac{6}{n+m}}",
    "inner_ISGD_iterations": 0,
    "intra_epoch": false,
    "lr": 0.1,
    "momentum": 0.0,
    "mu": 0.0,
    "nodes": 50,
    "seed": 1,
    "sgdtype": "explicit",
    "data_type": "classification"
  },
  "results": {
    "train": {
      "average_loss": [
        1.9396362116462307,
        1.9251807551634939,
        1.8902839296742489,
        1.7707139630066722,
        1.5492762389935946,
        1.4089568916120028,
        1.3160679340362549,
        1.2116413492905467,
        1.0825187375670986,
        0.9752591252326965
      ],
      "average_accuracy": [
        14.448051948051948,
        14.448051948051948,
        32.52164502164502,
        37.878787878787875,
        32.25108225108225,
        34.09090909090909,
        42.803030303030305,
        53.46320346320346,
        57.52164502164502,
        59.46969696969697
      ]
    },
    "test": {
      "average_loss": [
        1.9402769327163696,
        1.9255922794342042,
        1.887906265258789,
        1.7575392723083496,
        1.520049786567688,
        1.3752131462097168,
        1.282888698577881,
        1.1782163858413697,
        1.0492919087409973,
        0.9439256191253662
      ],
      "average_accuracy": [
        13.636363636363637,
        13.636363636363637,
        34.41558441558441,
        38.96103896103896,
        35.28138528138528,
        36.58008658008658,
        47.83549783549783,
        58.65800865800866,
        63.41991341991342,
        64.06926406926407
      ]
    },
    "average_loss_intra_epoch": [
      0.9752591252326965
    ],
    "average_accuracy_intra_epoch": [
      59.46969696969697
    ],
    "runtime": 5.56958270072937
  }
}