{
  "hyperparameters": {
    "architecture": "classification",
    "batch_size": 100,
    "clipping_threshold": 0.0,
    "dataset_name": "monks-3_classification",
    "epochs": 10,
    "initialization_scale": "\\sqrt{\frac{6}{n+m}}",
    "inner_ISGD_iterations": 0,
    "intra_epoch": false,
    "lr": 5.0,
    "momentum": 0.0,
    "mu": 0.0,
    "nodes": 50,
    "seed": 1,
    "sgdtype": "explicit",
    "data_type": "classification"
  },
  "results": {
    "train": {
      "average_loss": [
        1.146254801750183,
        3.514003801345825,
        19.04814682006836,
        0.7622536540031433,
        6.844525337219238,
        9.363910007476807,
        4.240312194824218,
        10.365020179748536,
        6.482896041870117,
        4.159729051589966
      ],
      "average_accuracy": [
        47.40406320541761,
        47.40406320541761,
        73.81489841986456,
        51.693002257336346,
        48.98419864559819,
        60.72234762979684,
        53.72460496613996,
        40.63205417607224,
        59.36794582392776,
        50.79006772009029
      ]
    },
    "test": {
      "average_loss": [
        1.2313868999481201,
        3.5912270545959473,
        21.8230619430542,
        0.7578617334365845,
        7.103466987609863,
        7.477919101715088,
        4.288252592086792,
        11.622026920318604,
        6.9525017738342285,
        4.160391211509705
      ],
      "average_accuracy": [
        50.450450450450454,
        50.450450450450454,
        79.27927927927928,
        49.549549549549546,
        43.24324324324324,
        67.56756756756756,
        50.450450450450454,
        38.73873873873874,
        60.36036036036036,
        42.34234234234234
      ]
    },
    "average_loss_intra_epoch": [
      4.159729051589966
    ],
    "average_accuracy_intra_epoch": [
      50.79006772009029
    ],
    "runtime": 3.8314473628997803
  }
}