{
  "hyperparameters": {
    "architecture": "classification",
    "batch_size": 100,
    "clipping_threshold": 0.0,
    "dataset_name": "statlog-australian-credit_classification",
    "epochs": 10,
    "initialization_scale": "\\sqrt{\frac{6}{n+m}}",
    "inner_ISGD_iterations": 0,
    "intra_epoch": false,
    "lr": 1.0,
    "momentum": 0.0,
    "mu": 0.0,
    "nodes": 50,
    "seed": 1,
    "sgdtype": "implicit",
    "data_type": "classification"
  },
  "results": {
    "train": {
      "average_loss": [
        0.6444081167380015,
        0.6442507803440094,
        0.6441362996896108,
        0.6440239548683167,
        0.6439045270284017,
        0.6437683006127676,
        0.6436029573281606,
        0.6433912118275961,
        0.6431072552998861,
        0.6427096327145895
      ],
      "average_accuracy": [
        65.94202898550725,
        65.94202898550725,
        65.94202898550725,
        65.94202898550725,
        65.94202898550725,
        65.94202898550725,
        65.94202898550725,
        65.94202898550725,
        65.94202898550725,
        65.94202898550725
      ]
    },
    "test": {
      "average_loss": [
        0.581844687461853,
        0.5813180804252625,
        0.5810544192790985,
        0.5808147192001343,
        0.58059161901474,
        0.5803803205490112,
        0.5801764130592346,
        0.5799751281738281,
        0.5797706246376038,
        0.5795539915561676
      ],
      "average_accuracy": [
        75.3623188405797,
        75.3623188405797,
        75.3623188405797,
        75.3623188405797,
        75.3623188405797,
        75.3623188405797,
        75.3623188405797,
        75.3623188405797,
        75.3623188405797,
        75.3623188405797
      ]
    },
    "average_loss_intra_epoch": [
      0.6427096327145895
    ],
    "average_accuracy_intra_epoch": [
      65.94202898550725
    ],
    "runtime": 14.81362271308899
  }
}