{
  "hyperparameters": {
    "architecture": "classification",
    "batch_size": 100,
    "clipping_threshold": 0.0,
    "dataset_name": "lung-cancer_classification",
    "epochs": 10,
    "initialization_scale": "\\sqrt{\frac{6}{n+m}}",
    "inner_ISGD_iterations": 0,
    "intra_epoch": false,
    "lr": 0.1,
    "momentum": 0.0,
    "mu": 0.0,
    "nodes": 50,
    "seed": 1,
    "sgdtype": "explicit",
    "data_type": "classification"
  },
  "results": {
    "train": {
      "average_loss": [
        1.1042249202728271,
        1.0971239805221558,
        1.09019136428833,
        1.0833415985107422,
        1.0764915943145752,
        1.0695583820343018,
        1.06245756149292,
        1.0551016330718994,
        1.047397494316101,
        1.0392471551895142
      ],
      "average_accuracy": [
        44.0,
        48.0,
        52.0,
        56.0,
        56.0,
        60.0,
        64.0,
        68.0,
        76.0,
        76.0
      ]
    },
    "test": {
      "average_loss": [
        1.1014612913131714,
        1.0965116024017334,
        1.091684103012085,
        1.0869214534759521,
        1.0821675062179565,
        1.0773656368255615,
        1.0724586248397827,
        1.0673871040344238,
        1.062088131904602,
        1.0564957857131958
      ],
      "average_accuracy": [
        57.142857142857146,
        57.142857142857146,
        57.142857142857146,
        57.142857142857146,
        57.142857142857146,
        42.857142857142854,
        42.857142857142854,
        42.857142857142854,
        42.857142857142854,
        71.42857142857143
      ]
    },
    "average_loss_intra_epoch": [
      1.0392471551895142
    ],
    "average_accuracy_intra_epoch": [
      76.0
    ],
    "runtime": 3.1681838035583496
  }
}