{
  "hyperparameters": {
    "architecture": "classification",
    "batch_size": 100,
    "clipping_threshold": 0.0,
    "dataset_name": "abalone_classification",
    "epochs": 10,
    "initialization_scale": "\\sqrt{\frac{6}{n+m}}",
    "inner_ISGD_iterations": 0,
    "intra_epoch": false,
    "lr": 0.1,
    "momentum": 0.0,
    "mu": 0.0,
    "nodes": 50,
    "seed": 1,
    "sgdtype": "implicit",
    "data_type": "classification"
  },
  "results": {
    "train": {
      "average_loss": [
        1.0986547890831442,
        1.0965847162639393,
        1.0942867783939136,
        1.0865589730879839,
        1.0426517900298624,
        0.9037956122089835,
        0.86337091291652,
        0.8517861909726087,
        0.8406658225199756,
        0.8270582977463218
      ],
      "average_accuracy": [
        34.72014366956001,
        34.72014366956001,
        36.54594432804549,
        55.46243639628854,
        56.330439988027535,
        56.36037114636336,
        56.8392696797366,
        57.82699790481892,
        58.84465728823705,
        59.6527985633044
      ]
    },
    "test": {
      "average_loss": [
        1.0993376175562541,
        1.0975464714898004,
        1.0954086515638564,
        1.088008615705702,
        1.0458264218436346,
        0.9145204755995009,
        0.8787160846922133,
        0.8668689727783203,
        0.854273796081543,
        0.8385002613067627
      ],
      "average_accuracy": [
        34.33014354066986,
        34.33014354066986,
        36.1244019138756,
        54.42583732057416,
        55.02392344497608,
        55.26315789473684,
        55.143540669856456,
        56.33971291866029,
        56.33971291866029,
        56.578947368421055
      ]
    },
    "average_loss_intra_epoch": [
      0.8270582977463218
    ],
    "average_accuracy_intra_epoch": [
      59.6527985633044
    ],
    "runtime": 13.211565017700195
  }
}