{
  "hyperparameters": {
    "architecture": "classification",
    "batch_size": 100,
    "clipping_threshold": 0.0,
    "dataset_name": "statlog-german-credit_classification",
    "epochs": 10,
    "initialization_scale": "\\sqrt{\frac{6}{n+m}}",
    "inner_ISGD_iterations": 0,
    "intra_epoch": false,
    "lr": 30.0,
    "momentum": 0.0,
    "mu": 0.0,
    "nodes": 50,
    "seed": 1,
    "sgdtype": "explicit",
    "data_type": "classification"
  },
  "results": {
    "train": {
      "average_loss": [
        159.90131378173828,
        82.90851306915283,
        234.3224277496338,
        140.7513313293457,
        105.07630729675293,
        175.54423332214355,
        131.2516632080078,
        83.5192985534668,
        69.8291392326355,
        223.83739852905273
      ],
      "average_accuracy": [
        46.75,
        60.0,
        59.375,
        55.125,
        62.0,
        56.0,
        56.125,
        69.875,
        67.625,
        53.375
      ]
    },
    "test": {
      "average_loss": [
        158.66825103759766,
        81.59992599487305,
        221.92493438720703,
        138.33834075927734,
        98.94775390625,
        174.82289123535156,
        135.63433074951172,
        81.68222427368164,
        70.86782455444336,
        227.8633041381836
      ],
      "average_accuracy": [
        45.5,
        59.0,
        60.0,
        54.5,
        66.0,
        57.0,
        54.5,
        70.0,
        64.0,
        56.0
      ]
    },
    "average_loss_intra_epoch": [
      223.83739852905273
    ],
    "average_accuracy_intra_epoch": [
      53.375
    ],
    "runtime": 4.230433225631714
  }
}