{
  "hyperparameters": {
    "architecture": "classification",
    "batch_size": 100,
    "clipping_threshold": 0.0,
    "dataset_name": "annealing_classification",
    "epochs": 10,
    "initialization_scale": "\\sqrt{\frac{6}{n+m}}",
    "inner_ISGD_iterations": 0,
    "intra_epoch": false,
    "lr": 0.1,
    "momentum": 0.0,
    "mu": 0.0,
    "nodes": 50,
    "seed": 1,
    "sgdtype": "explicit",
    "data_type": "classification"
  },
  "results": {
    "train": {
      "average_loss": [
        1.1945679634809494,
        0.9939670711755753,
        0.9042415767908096,
        0.866242453455925,
        0.8444207832217216,
        0.8260778412222862,
        0.8067593351006508,
        0.7838498130440712,
        0.7599750384688377,
        0.729614220559597
      ],
      "average_accuracy": [
        75.6267409470752,
        75.6267409470752,
        75.6267409470752,
        75.6267409470752,
        75.6267409470752,
        75.6267409470752,
        75.6267409470752,
        75.6267409470752,
        75.6267409470752,
        75.6267409470752
      ]
    },
    "test": {
      "average_loss": [
        1.170972228050232,
        0.9550730586051941,
        0.8555203676223755,
        0.814217746257782,
        0.7934398949146271,
        0.7779784798622131,
        0.7618149816989899,
        0.743251383304596,
        0.7172164022922516,
        0.6912528872489929
      ],
      "average_accuracy": [
        78.33333333333333,
        78.33333333333333,
        78.33333333333333,
        78.33333333333333,
        78.33333333333333,
        78.33333333333333,
        78.33333333333333,
        78.33333333333333,
        78.33333333333333,
        78.33333333333333
      ]
    },
    "average_loss_intra_epoch": [
      0.729614220559597
    ],
    "average_accuracy_intra_epoch": [
      75.6267409470752
    ],
    "runtime": 1.0835819244384766
  }
}