{
  "hyperparameters": {
    "architecture": "music",
    "batch_size": 100,
    "clipping_threshold": 0.0,
    "dataset_name": "JSB Chorales",
    "epochs": 10,
    "initialization_scale": "\\sqrt{\frac{6}{n+m}}",
    "inner_ISGD_iterations": 0,
    "intra_epoch": false,
    "lr": 0.05,
    "momentum": 0.0,
    "mu": 0.0,
    "nodes": 50,
    "seed": 1,
    "sgdtype": "implicit",
    "data_type": "sequential_many"
  },
  "results": {
    "train": {
      "average_loss": [
        9.133129422841634,
        8.679888955370307,
        8.428957785060833,
        8.261033806738375,
        8.137042879537724,
        8.03929711116974,
        7.958714923483836,
        7.890171188454441,
        7.830579511983946,
        7.777983740427609
      ],
      "average_accuracy": [
        0,
        0,
        0,
        0,
        0,
        0,
        0,
        0,
        0,
        0
      ]
    },
    "test": {
      "average_loss": [
        9.262270010911026,
        8.810237085664427,
        8.561351577956955,
        8.395085904505345,
        8.272386928657433,
        8.175729646311177,
        8.09614896155023,
        8.028581718345741,
        7.9699611199366585,
        7.918324163981846
      ],
      "average_accuracy": [
        0,
        0,
        0,
        0,
        0,
        0,
        0,
        0,
        0,
        0
      ]
    },
    "average_loss_intra_epoch": [
      7.777983740427609
    ],
    "average_accuracy_intra_epoch": [
      0
    ],
    "runtime": 743.3846280574799
  }
}