{
  "hyperparameters": {
    "architecture": "classification",
    "batch_size": 100,
    "clipping_threshold": 0.0,
    "dataset_name": "spect_classification",
    "epochs": 10,
    "initialization_scale": "\\sqrt{\frac{6}{n+m}}",
    "inner_ISGD_iterations": 0,
    "intra_epoch": false,
    "lr": 0.5,
    "momentum": 0.0,
    "mu": 0.0,
    "nodes": 50,
    "seed": 1,
    "sgdtype": "explicit",
    "data_type": "classification"
  },
  "results": {
    "train": {
      "average_loss": [
        0.6755704283714294,
        0.667912503083547,
        0.6555183927218119,
        0.6288800239562988,
        0.573816200097402,
        0.5059494078159332,
        0.4697219431400299,
        0.4544363816579183,
        0.44675040741761524,
        0.442784051100413
      ],
      "average_accuracy": [
        57.54716981132076,
        57.54716981132076,
        57.54716981132076,
        62.735849056603776,
        75.94339622641509,
        73.58490566037736,
        74.05660377358491,
        73.11320754716981,
        73.11320754716981,
        73.11320754716981
      ]
    },
    "test": {
      "average_loss": [
        0.6685596704483032,
        0.6599572896957397,
        0.6513903141021729,
        0.6353425979614258,
        0.6070658564567566,
        0.5923119187355042,
        0.6202014088630676,
        0.6692259907722473,
        0.7224524617195129,
        0.769920825958252
      ],
      "average_accuracy": [
        62.264150943396224,
        62.264150943396224,
        62.264150943396224,
        56.60377358490566,
        64.15094339622641,
        69.81132075471699,
        66.0377358490566,
        60.37735849056604,
        58.490566037735846,
        56.60377358490566
      ]
    },
    "average_loss_intra_epoch": [
      0.442784051100413
    ],
    "average_accuracy_intra_epoch": [
      73.11320754716981
    ],
    "runtime": 3.5495738983154297
  }
}