{
  "hyperparameters": {
    "architecture": "classification",
    "batch_size": 100,
    "clipping_threshold": 0.0,
    "dataset_name": "lenses_classification",
    "epochs": 10,
    "initialization_scale": "\\sqrt{\frac{6}{n+m}}",
    "inner_ISGD_iterations": 0,
    "intra_epoch": false,
    "lr": 1.0,
    "momentum": 0.0,
    "mu": 0.0,
    "nodes": 50,
    "seed": 1,
    "sgdtype": "implicit",
    "data_type": "classification"
  },
  "results": {
    "train": {
      "average_loss": [
        0.9577907919883728,
        0.9218666553497314,
        0.9127854704856873,
        0.9105680584907532,
        0.9099944233894348,
        0.909818172454834,
        0.9097467660903931,
        0.9097083210945129,
        0.9096825122833252,
        0.9096620678901672
      ],
      "average_accuracy": [
        63.1578947368421,
        63.1578947368421,
        63.1578947368421,
        63.1578947368421,
        63.1578947368421,
        63.1578947368421,
        63.1578947368421,
        63.1578947368421,
        63.1578947368421,
        63.1578947368421
      ]
    },
    "test": {
      "average_loss": [
        0.9780719876289368,
        0.9545589685440063,
        0.9519429206848145,
        0.9530454874038696,
        0.9541996121406555,
        0.9549549221992493,
        0.9554115533828735,
        0.9556886553764343,
        0.9558619260787964,
        0.9559730291366577
      ],
      "average_accuracy": [
        60.0,
        60.0,
        60.0,
        60.0,
        60.0,
        60.0,
        60.0,
        60.0,
        60.0,
        60.0
      ]
    },
    "average_loss_intra_epoch": [
      0.9096620678901672
    ],
    "average_accuracy_intra_epoch": [
      63.1578947368421
    ],
    "runtime": 3.2854199409484863
  }
}