{
  "hyperparameters": {
    "architecture": "classification",
    "batch_size": 100,
    "clipping_threshold": 0.0,
    "dataset_name": "horse-colic_classification",
    "epochs": 10,
    "initialization_scale": "\\sqrt{\frac{6}{n+m}}",
    "inner_ISGD_iterations": 0,
    "intra_epoch": false,
    "lr": 50.0,
    "momentum": 0.0,
    "mu": 0.0,
    "nodes": 50,
    "seed": 1,
    "sgdtype": "explicit",
    "data_type": "classification"
  },
  "results": {
    "train": {
      "average_loss": [
        81.10071818033855,
        437.0823974609375,
        344.01317342122394,
        178.81387329101562,
        40.9005978902181,
        187.7325185139974,
        144.290283203125,
        315.9904276529948,
        304.2717590332031,
        335.00335693359375
      ],
      "average_accuracy": [
        46.25850340136054,
        58.843537414965986,
        52.72108843537415,
        51.36054421768708,
        59.183673469387756,
        47.61904761904762,
        70.06802721088435,
        61.224489795918366,
        71.08843537414965,
        66.3265306122449
      ]
    },
    "test": {
      "average_loss": [
        96.13530731201172,
        440.38006591796875,
        300.54425048828125,
        158.3099365234375,
        44.347652435302734,
        201.0302734375,
        166.2298583984375,
        278.166259765625,
        351.92901611328125,
        357.3625793457031
      ],
      "average_accuracy": [
        47.2972972972973,
        56.75675675675676,
        55.4054054054054,
        56.75675675675676,
        62.16216216216216,
        39.189189189189186,
        71.62162162162163,
        63.513513513513516,
        70.27027027027027,
        64.86486486486487
      ]
    },
    "average_loss_intra_epoch": [
      335.00335693359375
    ],
    "average_accuracy_intra_epoch": [
      66.3265306122449
    ],
    "runtime": 3.9658730030059814
  }
}