{
  "hyperparameters": {
    "architecture": "classification",
    "batch_size": 100,
    "clipping_threshold": 0.0,
    "dataset_name": "primary-tumor_classification",
    "epochs": 10,
    "initialization_scale": "\\sqrt{\frac{6}{n+m}}",
    "inner_ISGD_iterations": 0,
    "intra_epoch": false,
    "lr": 0.01,
    "momentum": 0.0,
    "mu": 0.0,
    "nodes": 50,
    "seed": 1,
    "sgdtype": "implicit",
    "data_type": "classification"
  },
  "results": {
    "train": {
      "average_loss": [
        2.7032881577809653,
        2.700700124104818,
        2.698124806086222,
        2.6955601374308267,
        2.6930082639058432,
        2.690467675526937,
        2.6879384517669678,
        2.685420831044515,
        2.6829148133595786,
        2.6804190476735434
      ],
      "average_accuracy": [
        5.681818181818182,
        6.0606060606060606,
        6.4393939393939394,
        6.818181818181818,
        6.818181818181818,
        7.954545454545454,
        9.090909090909092,
        9.848484848484848,
        11.363636363636363,
        12.121212121212121
      ]
    },
    "test": {
      "average_loss": [
        2.739755630493164,
        2.7383642196655273,
        2.7369818687438965,
        2.735609531402588,
        2.734246253967285,
        2.7328920364379883,
        2.7315468788146973,
        2.730211019515991,
        2.72888445854187,
        2.727565050125122
      ],
      "average_accuracy": [
        3.0303030303030303,
        3.0303030303030303,
        3.0303030303030303,
        1.5151515151515151,
        1.5151515151515151,
        1.5151515151515151,
        3.0303030303030303,
        3.0303030303030303,
        3.0303030303030303,
        3.0303030303030303
      ]
    },
    "average_loss_intra_epoch": [
      2.6804190476735434
    ],
    "average_accuracy_intra_epoch": [
      12.121212121212121
    ],
    "runtime": 9.288997888565063
  }
}