{
  "hyperparameters": {
    "architecture": "music",
    "batch_size": 100,
    "clipping_threshold": 0.0,
    "dataset_name": "MuseData",
    "epochs": 5,
    "initialization_scale": "\\sqrt{\frac{6}{n+m}}",
    "inner_ISGD_iterations": 0,
    "intra_epoch": false,
    "lr": 2.0,
    "momentum": 0.0,
    "mu": 0.0,
    "nodes": 300,
    "seed": 1,
    "sgdtype": "explicit",
    "data_type": "sequential_many"
  },
  "results": {
    "train": {
      "average_loss": [
        0.0011472945578911969,
        0.0009751386351265566,
        0.0009015431883372766,
        0.0008572861281958855,
        0.0008264271356809692
      ],
      "average_accuracy": [
        0,
        0,
        0,
        0,
        0
      ]
    },
    "test": {
      "average_loss": [
        0.001074636707662355,
        0.0009097130399118948,
        0.00083869249876091,
        0.0007958117644633485,
        0.0007658334235026316
      ],
      "average_accuracy": [
        0,
        0,
        0,
        0,
        0
      ]
    },
    "average_loss_intra_epoch": [
      0.0008264271356809692
    ],
    "average_accuracy_intra_epoch": [
      0
    ],
    "runtime": 1800.1246926784515
  }
}