{
  "hyperparameters": {
    "architecture": "classification",
    "batch_size": 100,
    "clipping_threshold": 0.0,
    "dataset_name": "parkinsons_classification",
    "epochs": 10,
    "initialization_scale": "\\sqrt{\frac{6}{n+m}}",
    "inner_ISGD_iterations": 0,
    "intra_epoch": false,
    "lr": 0.01,
    "momentum": 0.0,
    "mu": 0.0,
    "nodes": 50,
    "seed": 1,
    "sgdtype": "explicit",
    "data_type": "classification"
  },
  "results": {
    "train": {
      "average_loss": [
        0.6745480298995972,
        0.6713380217552185,
        0.6682155430316925,
        0.665178120136261,
        0.6622230112552643,
        0.6593476235866547,
        0.6565495431423187,
        0.6538263857364655,
        0.6511760950088501,
        0.6485961973667145
      ],
      "average_accuracy": [
        75.64102564102564,
        75.64102564102564,
        75.64102564102564,
        75.64102564102564,
        75.64102564102564,
        75.64102564102564,
        75.64102564102564,
        75.64102564102564,
        75.64102564102564,
        75.64102564102564
      ]
    },
    "test": {
      "average_loss": [
        0.6759396195411682,
        0.6728829145431519,
        0.66991126537323,
        0.6670224070549011,
        0.664213240146637,
        0.6614816188812256,
        0.6588253378868103,
        0.6562414765357971,
        0.6537283658981323,
        0.6512833833694458
      ],
      "average_accuracy": [
        74.35897435897436,
        74.35897435897436,
        74.35897435897436,
        74.35897435897436,
        74.35897435897436,
        74.35897435897436,
        74.35897435897436,
        74.35897435897436,
        74.35897435897436,
        74.35897435897436
      ]
    },
    "average_loss_intra_epoch": [
      0.6485961973667145
    ],
    "average_accuracy_intra_epoch": [
      75.64102564102564
    ],
    "runtime": 3.336491823196411
  }
}