{
  "hyperparameters": {
    "architecture": "classification",
    "batch_size": 100,
    "clipping_threshold": 0.0,
    "dataset_name": "chess-krvkp_classification",
    "epochs": 10,
    "initialization_scale": "\\sqrt{\frac{6}{n+m}}",
    "inner_ISGD_iterations": 0,
    "intra_epoch": false,
    "lr": 0.001,
    "momentum": 0.0,
    "mu": 0.0,
    "nodes": 50,
    "seed": 1,
    "sgdtype": "explicit",
    "data_type": "classification"
  },
  "results": {
    "train": {
      "average_loss": [
        0.6953283754678873,
        0.6951795059901017,
        0.69503253698349,
        0.6948873973809756,
        0.694744002360564,
        0.6946022327129657,
        0.6944620838532081,
        0.6943234342795152,
        0.6941862931618323,
        0.6940505114885477
      ],
      "average_accuracy": [
        41.8622848200313,
        42.29264475743349,
        42.41001564945227,
        42.527386541471046,
        43.1924882629108,
        43.9358372456964,
        44.64006259780908,
        45.46165884194053,
        46.36150234741784,
        47.02660406885759
      ]
    },
    "test": {
      "average_loss": [
        0.6959751333509173,
        0.6958132982254028,
        0.6956536855016436,
        0.6954962270600455,
        0.695340735571725,
        0.6951872961861747,
        0.6950357471193586,
        0.6948861139161246,
        0.6947381581578936,
        0.6945917776652745
      ],
      "average_accuracy": [
        39.375,
        40.46875,
        40.9375,
        40.9375,
        40.625,
        41.71875,
        42.34375,
        43.125,
        43.28125,
        45.0
      ]
    },
    "average_loss_intra_epoch": [
      0.6940505114885477
    ],
    "average_accuracy_intra_epoch": [
      47.02660406885759
    ],
    "runtime": 6.092353820800781
  }
}