{
  "hyperparameters": {
    "architecture": "classification",
    "batch_size": 100,
    "clipping_threshold": 0.0,
    "dataset_name": "horse-colic_classification",
    "epochs": 10,
    "initialization_scale": "\\sqrt{\frac{6}{n+m}}",
    "inner_ISGD_iterations": 0,
    "intra_epoch": false,
    "lr": 1.0,
    "momentum": 0.0,
    "mu": 0.0,
    "nodes": 50,
    "seed": 1,
    "sgdtype": "implicit",
    "data_type": "classification"
  },
  "results": {
    "train": {
      "average_loss": [
        0.652040958404541,
        0.6088987986246744,
        0.4611065089702606,
        0.3701208829879761,
        0.3572141428788503,
        0.3507646520932515,
        0.3463192582130432,
        0.3430466651916504,
        0.3405023713906606,
        0.33842888474464417
      ],
      "average_accuracy": [
        62.585034013605444,
        65.98639455782313,
        79.93197278911565,
        86.05442176870748,
        86.39455782312925,
        87.41496598639456,
        88.0952380952381,
        88.0952380952381,
        88.43537414965986,
        88.0952380952381
      ]
    },
    "test": {
      "average_loss": [
        0.6449769735336304,
        0.6083391308784485,
        0.5006750822067261,
        0.4786852300167084,
        0.4728470742702484,
        0.4706740379333496,
        0.4704577326774597,
        0.47131723165512085,
        0.4726818799972534,
        0.4741772413253784
      ],
      "average_accuracy": [
        64.86486486486487,
        67.56756756756756,
        78.37837837837837,
        79.72972972972973,
        78.37837837837837,
        81.08108108108108,
        79.72972972972973,
        79.72972972972973,
        81.08108108108108,
        81.08108108108108
      ]
    },
    "average_loss_intra_epoch": [
      0.33842888474464417
    ],
    "average_accuracy_intra_epoch": [
      88.0952380952381
    ],
    "runtime": 13.758378505706787
  }
}