{
  "hyperparameters": {
    "architecture": "classification",
    "batch_size": 100,
    "clipping_threshold": 0.0,
    "dataset_name": "semeion_classification",
    "epochs": 10,
    "initialization_scale": "\\sqrt{\frac{6}{n+m}}",
    "inner_ISGD_iterations": 0,
    "intra_epoch": false,
    "lr": 50.0,
    "momentum": 0.0,
    "mu": 0.0,
    "nodes": 50,
    "seed": 1,
    "sgdtype": "implicit",
    "data_type": "classification"
  },
  "results": {
    "train": {
      "average_loss": [
        2455.269719050481,
        2872.228703425481,
        2330.260986328125,
        3134.9691256009614,
        986.5497859074519,
        1081.7626154972957,
        742.4679753230168,
        520.7491173377404,
        834.996812086839,
        559.7596482496995
      ],
      "average_accuracy": [
        14.364207221350078,
        27.315541601255887,
        36.81318681318681,
        17.346938775510203,
        31.946624803767662,
        37.20565149136578,
        42.30769230769231,
        48.35164835164835,
        37.44113029827316,
        45.52590266875981
      ]
    },
    "test": {
      "average_loss": [
        2524.5208740234375,
        3152.3634033203125,
        2484.2747192382812,
        3081.7535400390625,
        1013.9370727539062,
        1244.6347961425781,
        784.7921142578125,
        578.796257019043,
        753.6434173583984,
        659.7309875488281
      ],
      "average_accuracy": [
        14.420062695924765,
        19.74921630094044,
        28.84012539184953,
        16.300940438871475,
        32.60188087774295,
        39.49843260188088,
        42.94670846394985,
        43.8871473354232,
        39.81191222570533,
        45.141065830721004
      ]
    },
    "average_loss_intra_epoch": [
      559.7596482496995
    ],
    "average_accuracy_intra_epoch": [
      45.52590266875981
    ],
    "runtime": 406.4652669429779
  }
}