{
  "hyperparameters": {
    "architecture": "classification",
    "batch_size": 100,
    "clipping_threshold": 0.0,
    "dataset_name": "heart-switzerland_classification",
    "epochs": 10,
    "initialization_scale": "\\sqrt{\frac{6}{n+m}}",
    "inner_ISGD_iterations": 0,
    "intra_epoch": false,
    "lr": 3.0,
    "momentum": 0.0,
    "mu": 0.0,
    "nodes": 50,
    "seed": 1,
    "sgdtype": "implicit",
    "data_type": "classification"
  },
  "results": {
    "train": {
      "average_loss": [
        1.3554975986480713,
        1.3364521265029907,
        1.3322259187698364,
        1.330910086631775,
        1.3300586938858032,
        1.329105019569397,
        1.3277692794799805,
        1.3257375955581665,
        1.3223611116409302,
        1.316319227218628
      ],
      "average_accuracy": [
        41.83673469387755,
        41.83673469387755,
        41.83673469387755,
        41.83673469387755,
        41.83673469387755,
        41.83673469387755,
        41.83673469387755,
        41.83673469387755,
        41.83673469387755,
        41.83673469387755
      ]
    },
    "test": {
      "average_loss": [
        1.537629246711731,
        1.5346534252166748,
        1.536039113998413,
        1.5380568504333496,
        1.540988564491272,
        1.5396788120269775,
        1.5425348281860352,
        1.5395143032073975,
        1.5430548191070557,
        1.5381697416305542
      ],
      "average_accuracy": [
        28.0,
        28.0,
        28.0,
        28.0,
        28.0,
        28.0,
        28.0,
        28.0,
        28.0,
        28.0
      ]
    },
    "average_loss_intra_epoch": [
      1.316319227218628
    ],
    "average_accuracy_intra_epoch": [
      41.83673469387755
    ],
    "runtime": 1.261599063873291
  }
}