{
  "hyperparameters": {
    "architecture": "classification",
    "batch_size": 100,
    "clipping_threshold": 0.0,
    "dataset_name": "adult_classification",
    "epochs": 10,
    "initialization_scale": "\\sqrt{\frac{6}{n+m}}",
    "inner_ISGD_iterations": 0,
    "intra_epoch": false,
    "lr": 3.0,
    "momentum": 0.0,
    "mu": 0.0,
    "nodes": 50,
    "seed": 1,
    "sgdtype": "explicit",
    "data_type": "classification"
  },
  "results": {
    "train": {
      "average_loss": [
        0.3656587173871677,
        0.3462200397268281,
        0.35347920397053595,
        0.3473574034393291,
        0.3406286789175799,
        0.3368098720184068,
        0.3354262474857633,
        0.34176686112685584,
        0.3454008111563485,
        0.3617185463228494
      ],
      "average_accuracy": [
        83.9326389066619,
        84.41123026130576,
        84.16041767972769,
        84.31909502725668,
        84.32421365137051,
        84.62109384997312,
        84.53919586415172,
        84.20904460880915,
        83.93775753077573,
        82.42264479307963
      ]
    },
    "test": {
      "average_loss": [
        0.36878490706487577,
        0.35397603301977626,
        0.36285493553292997,
        0.35540600805258266,
        0.3456238264940223,
        0.3421519275526611,
        0.34356723026353486,
        0.3464585240094029,
        0.3509474635428312,
        0.3727546039284492
      ],
      "average_accuracy": [
        83.88780837342614,
        84.23584809089978,
        84.06182823216297,
        84.06182823216297,
        84.6043607329307,
        84.48152318558706,
        84.28703040229297,
        84.23584809089978,
        83.47834988228068,
        81.93264407820658
      ]
    },
    "average_loss_intra_epoch": [
      0.3617185463228494
    ],
    "average_accuracy_intra_epoch": [
      82.42264479307963
    ],
    "runtime": 45.513171434402466
  }
}