{
  "hyperparameters": {
    "architecture": "classification",
    "batch_size": 100,
    "clipping_threshold": 0.0,
    "dataset_name": "congressional-voting_classification",
    "epochs": 10,
    "initialization_scale": "\\sqrt{\frac{6}{n+m}}",
    "inner_ISGD_iterations": 0,
    "intra_epoch": false,
    "lr": 3.0,
    "momentum": 0.0,
    "mu": 0.0,
    "nodes": 50,
    "seed": 1,
    "sgdtype": "explicit",
    "data_type": "classification"
  },
  "results": {
    "train": {
      "average_loss": [
        0.6953313201665878,
        0.6756234914064407,
        0.6753891259431839,
        0.6753874570131302,
        0.6753872632980347,
        0.6753850132226944,
        0.6753824353218079,
        0.6753783971071243,
        0.6753729581832886,
        0.6753661036491394
      ],
      "average_accuracy": [
        39.367816091954026,
        60.632183908045974,
        60.632183908045974,
        60.632183908045974,
        60.632183908045974,
        60.632183908045974,
        60.632183908045974,
        60.632183908045974,
        60.632183908045974,
        60.632183908045974
      ]
    },
    "test": {
      "average_loss": [
        0.6961420774459839,
        0.6672178506851196,
        0.6668272018432617,
        0.6668362617492676,
        0.6668481826782227,
        0.6668586134910583,
        0.6668710708618164,
        0.6668857932090759,
        0.666903555393219,
        0.6669260859489441
      ],
      "average_accuracy": [
        35.632183908045974,
        64.36781609195403,
        64.36781609195403,
        64.36781609195403,
        64.36781609195403,
        64.36781609195403,
        64.36781609195403,
        64.36781609195403,
        64.36781609195403,
        64.36781609195403
      ]
    },
    "average_loss_intra_epoch": [
      0.6753661036491394
    ],
    "average_accuracy_intra_epoch": [
      60.632183908045974
    ],
    "runtime": 3.848106861114502
  }
}