{
  "hyperparameters": {
    "architecture": "classification",
    "batch_size": 100,
    "clipping_threshold": 0.0,
    "dataset_name": "plant-shape_classification",
    "epochs": 10,
    "initialization_scale": "\\sqrt{\frac{6}{n+m}}",
    "inner_ISGD_iterations": 0,
    "intra_epoch": false,
    "lr": 1.0,
    "momentum": 0.0,
    "mu": 0.0,
    "nodes": 50,
    "seed": 1,
    "sgdtype": "implicit",
    "data_type": "classification"
  },
  "results": {
    "train": {
      "average_loss": [
        4.044514912825364,
        3.4804929403158336,
        3.434356634433453,
        3.478029911334698,
        3.2601579886216383,
        3.333995140515841,
        3.109914467884944,
        3.206374315115122,
        3.0836843894078183,
        2.866976792995746
      ],
      "average_accuracy": [
        3.125,
        7.265625,
        5.78125,
        5.546875,
        7.578125,
        7.265625,
        10.9375,
        9.84375,
        12.34375,
        14.921875
      ]
    },
    "test": {
      "average_loss": [
        4.047273516654968,
        3.527885138988495,
        3.436238944530487,
        3.5283308029174805,
        3.264516592025757,
        3.4028815627098083,
        3.1555216312408447,
        3.352270245552063,
        3.187777101993561,
        3.0177785754203796
      ],
      "average_accuracy": [
        2.5,
        3.75,
        3.75,
        5.625,
        5.625,
        6.5625,
        7.8125,
        6.5625,
        10.0,
        11.5625
      ]
    },
    "average_loss_intra_epoch": [
      2.866976792995746
    ],
    "average_accuracy_intra_epoch": [
      14.921875
    ],
    "runtime": 114.38935160636902
  }
}