{
  "hyperparameters": {
    "architecture": "classification",
    "batch_size": 100,
    "clipping_threshold": 0.0,
    "dataset_name": "oocytes-merluccius-nucleus-4d_classification",
    "epochs": 10,
    "initialization_scale": "\\sqrt{\frac{6}{n+m}}",
    "inner_ISGD_iterations": 0,
    "intra_epoch": false,
    "lr": 0.1,
    "momentum": 0.0,
    "mu": 0.0,
    "nodes": 50,
    "seed": 1,
    "sgdtype": "implicit",
    "data_type": "classification"
  },
  "results": {
    "train": {
      "average_loss": [
        0.6302997469902039,
        0.6226369937260946,
        0.6190193361706204,
        0.6167515714963278,
        0.6150625613000658,
        0.6135911610391405,
        0.6121186481581794,
        0.6105093095037673,
        0.6086754666434394,
        0.6065516670544943
      ],
      "average_accuracy": [
        67.93145654834761,
        67.93145654834761,
        67.93145654834761,
        67.93145654834761,
        67.93145654834761,
        67.93145654834761,
        67.93145654834761,
        67.93145654834761,
        67.93145654834761,
        67.93145654834761
      ]
    },
    "test": {
      "average_loss": [
        0.6537766853968302,
        0.6446692744890848,
        0.6372744639714559,
        0.6307730674743652,
        0.6253304680188497,
        0.6209323604901632,
        0.6173571149508158,
        0.6143113970756531,
        0.611515482266744,
        0.6087270379066467
      ],
      "average_accuracy": [
        63.41463414634146,
        63.41463414634146,
        63.41463414634146,
        63.41463414634146,
        63.41463414634146,
        63.41463414634146,
        63.41463414634146,
        63.41463414634146,
        63.41463414634146,
        63.41463414634146
      ]
    },
    "average_loss_intra_epoch": [
      0.6065516670544943
    ],
    "average_accuracy_intra_epoch": [
      67.93145654834761
    ],
    "runtime": 48.715932846069336
  }
}