{
  "hyperparameters": {
    "architecture": "music",
    "batch_size": 100,
    "clipping_threshold": 0.0,
    "dataset_name": "Nottingham",
    "epochs": 10,
    "initialization_scale": "\\sqrt{\frac{6}{n+m}}",
    "inner_ISGD_iterations": 0,
    "intra_epoch": false,
    "lr": 0.1,
    "momentum": 0.0,
    "mu": 0.0,
    "nodes": 50,
    "seed": 1,
    "sgdtype": "implicit",
    "data_type": "sequential_many"
  },
  "results": {
    "train": {
      "average_loss": [
        21.396417633944356,
        18.52202385784226,
        19.148574867234792,
        18.79177116145318,
        18.75211578452965,
        18.42258610986495,
        17.338707029304175,
        17.01072889892787,
        16.801983231082772,
        17.190464773164358
      ],
      "average_accuracy": [
        0,
        0,
        0,
        0,
        0,
        0,
        0,
        0,
        0,
        0
      ]
    },
    "test": {
      "average_loss": [
        22.408886295206408,
        19.502832954070147,
        20.04694522408878,
        19.715166557536406,
        19.661796875560984,
        19.283801454656263,
        18.20747551357045,
        17.896301533194148,
        17.674273353464464,
        18.003433432298547
      ],
      "average_accuracy": [
        0,
        0,
        0,
        0,
        0,
        0,
        0,
        0,
        0,
        0
      ]
    },
    "average_loss_intra_epoch": [
      17.190464773164358
    ],
    "average_accuracy_intra_epoch": [
      0
    ],
    "runtime": 7464.327883005142
  }
}