{
  "hyperparameters": {
    "architecture": "classification",
    "batch_size": 100,
    "clipping_threshold": 0.0,
    "dataset_name": "musk-1_classification",
    "epochs": 10,
    "initialization_scale": "\\sqrt{\frac{6}{n+m}}",
    "inner_ISGD_iterations": 0,
    "intra_epoch": false,
    "lr": 1.0,
    "momentum": 0.0,
    "mu": 0.0,
    "nodes": 50,
    "seed": 1,
    "sgdtype": "implicit",
    "data_type": "classification"
  },
  "results": {
    "train": {
      "average_loss": [
        2.723578453063965,
        98.20549774169922,
        69.3616943359375,
        70.40000343322754,
        60.50333881378174,
        42.01925182342529,
        89.44195938110352,
        60.164509773254395,
        40.666208267211914,
        26.13359308242798
      ],
      "average_accuracy": [
        49.473684210526315,
        36.31578947368421,
        44.73684210526316,
        42.36842105263158,
        51.05263157894737,
        51.8421052631579,
        52.89473684210526,
        51.31578947368421,
        64.21052631578948,
        71.3157894736842
      ]
    },
    "test": {
      "average_loss": [
        2.575949192047119,
        88.19315338134766,
        68.3011703491211,
        71.79229736328125,
        60.86479187011719,
        41.63277816772461,
        91.91720581054688,
        59.505035400390625,
        36.15378952026367,
        27.265295028686523
      ],
      "average_accuracy": [
        48.958333333333336,
        43.75,
        46.875,
        42.708333333333336,
        52.083333333333336,
        52.083333333333336,
        51.041666666666664,
        53.125,
        63.541666666666664,
        71.875
      ]
    },
    "average_loss_intra_epoch": [
      26.13359308242798
    ],
    "average_accuracy_intra_epoch": [
      71.3157894736842
    ],
    "runtime": 84.68680906295776
  }
}