{
  "hyperparameters": {
    "architecture": "classification",
    "batch_size": 100,
    "clipping_threshold": 0.0,
    "dataset_name": "cardiotocography-10clases_classification",
    "epochs": 10,
    "initialization_scale": "\\sqrt{\frac{6}{n+m}}",
    "inner_ISGD_iterations": 0,
    "intra_epoch": false,
    "lr": 0.1,
    "momentum": 0.0,
    "mu": 0.0,
    "nodes": 50,
    "seed": 1,
    "sgdtype": "explicit",
    "data_type": "classification"
  },
  "results": {
    "train": {
      "average_loss": [
        2.176610694212072,
        2.093715836020077,
        2.0430351706112133,
        2.0026404717389275,
        1.9426096467410816,
        1.8138604795231539,
        1.6355902587666231,
        1.4923061342800366,
        1.363228117718416,
        1.2397354630862965
      ],
      "average_accuracy": [
        26.88235294117647,
        26.88235294117647,
        26.88235294117647,
        26.88235294117647,
        26.88235294117647,
        31.529411764705884,
        38.411764705882355,
        47.8235294117647,
        53.64705882352941,
        59.64705882352941
      ]
    },
    "test": {
      "average_loss": [
        2.1672393321990966,
        2.0821702003479006,
        2.0307593822479246,
        1.9916297674179078,
        1.936376428604126,
        1.819177269935608,
        1.652124571800232,
        1.5100863456726075,
        1.3826687812805176,
        1.2641655206680298
      ],
      "average_accuracy": [
        28.63849765258216,
        28.63849765258216,
        28.63849765258216,
        28.63849765258216,
        28.63849765258216,
        34.27230046948357,
        38.967136150234744,
        48.35680751173709,
        54.225352112676056,
        58.92018779342723
      ]
    },
    "average_loss_intra_epoch": [
      1.2397354630862965
    ],
    "average_accuracy_intra_epoch": [
      59.64705882352941
    ],
    "runtime": 1.179187297821045
  }
}