{
  "hyperparameters": {
    "architecture": "classification",
    "batch_size": 100,
    "clipping_threshold": 0.0,
    "dataset_name": "low-res-spect_classification",
    "epochs": 10,
    "initialization_scale": "\\sqrt{\frac{6}{n+m}}",
    "inner_ISGD_iterations": 0,
    "intra_epoch": false,
    "lr": 1.0,
    "momentum": 0.0,
    "mu": 0.0,
    "nodes": 50,
    "seed": 1,
    "sgdtype": "explicit",
    "data_type": "classification"
  },
  "results": {
    "train": {
      "average_loss": [
        3.635877561569214,
        31.501654052734374,
        40.488671875,
        13.98304271697998,
        11.262256050109864,
        18.174436378479005,
        4.063451051712036,
        5.2230573177337645,
        4.499780321121216,
        11.662485885620118
      ],
      "average_accuracy": [
        9.669811320754716,
        16.745283018867923,
        58.9622641509434,
        58.490566037735846,
        52.12264150943396,
        59.905660377358494,
        59.43396226415094,
        59.905660377358494,
        58.0188679245283,
        68.16037735849056
      ]
    },
    "test": {
      "average_loss": [
        3.572792410850525,
        34.232794761657715,
        17.241436004638672,
        6.07727078079165,
        8.417734503746033,
        10.97151392698288,
        1.7459402318345383,
        3.5162140248003197,
        3.2842389345169067,
        5.455744743347168
      ],
      "average_accuracy": [
        7.4766355140186915,
        19.626168224299064,
        65.42056074766356,
        62.61682242990654,
        49.532710280373834,
        56.074766355140184,
        67.28971962616822,
        57.00934579439252,
        56.074766355140184,
        70.09345794392523
      ]
    },
    "average_loss_intra_epoch": [
      11.662485885620118
    ],
    "average_accuracy_intra_epoch": [
      68.16037735849056
    ],
    "runtime": 4.398956298828125
  }
}