{
  "hyperparameters": {
    "architecture": "classification",
    "batch_size": 100,
    "clipping_threshold": 0.0,
    "dataset_name": "hill-valley_classification",
    "epochs": 10,
    "initialization_scale": "\\sqrt{\frac{6}{n+m}}",
    "inner_ISGD_iterations": 0,
    "intra_epoch": false,
    "lr": 50.0,
    "momentum": 0.0,
    "mu": 0.0,
    "nodes": 50,
    "seed": 1,
    "sgdtype": "explicit",
    "data_type": "classification"
  },
  "results": {
    "train": {
      "average_loss": [
        2081.236218261719,
        1237.2973022460938,
        13.427048587799073,
        3848.140185546875,
        4411.482153320312,
        4228.134814453125,
        1939.9692626953124,
        1343.5001342773437,
        1146.392510986328,
        1005.3044067382813
      ],
      "average_accuracy": [
        49.01960784313726,
        49.22600619195047,
        50.36119711042311,
        50.87719298245614,
        50.87719298245614,
        50.98039215686274,
        52.52837977296181,
        51.496388028895765,
        51.59958720330237,
        52.115583075335394
      ]
    },
    "test": {
      "average_loss": [
        2025.5266927083333,
        1206.7850952148438,
        13.122398058573404,
        3997.0001627604165,
        4613.114583333333,
        4404.235270182292,
        1982.1594645182292,
        1382.2715657552083,
        1188.7221272786458,
        1047.4792073567708
      ],
      "average_accuracy": [
        48.559670781893004,
        48.559670781893004,
        48.559670781893004,
        51.440329218106996,
        51.440329218106996,
        51.440329218106996,
        50.617283950617285,
        50.617283950617285,
        51.02880658436214,
        50.205761316872426
      ]
    },
    "average_loss_intra_epoch": [
      1005.3044067382813
    ],
    "average_accuracy_intra_epoch": [
      52.115583075335394
    ],
    "runtime": 5.39698600769043
  }
}