{
  "hyperparameters": {
    "architecture": "classification",
    "batch_size": 100,
    "clipping_threshold": 0.0,
    "dataset_name": "lung-cancer_classification",
    "epochs": 10,
    "initialization_scale": "\\sqrt{\frac{6}{n+m}}",
    "inner_ISGD_iterations": 0,
    "intra_epoch": false,
    "lr": 30.0,
    "momentum": 0.0,
    "mu": 0.0,
    "nodes": 50,
    "seed": 1,
    "sgdtype": "explicit",
    "data_type": "classification"
  },
  "results": {
    "train": {
      "average_loss": [
        2.199262857437134,
        62.78499984741211,
        184.5634765625,
        469.75262451171875,
        1163.789306640625,
        563.5574340820312,
        1505.3902587890625,
        419.4966125488281,
        1326.7763671875,
        1071.4019775390625
      ],
      "average_accuracy": [
        40.0,
        60.0,
        48.0,
        16.0,
        40.0,
        32.0,
        40.0,
        40.0,
        28.0,
        40.0
      ]
    },
    "test": {
      "average_loss": [
        2.296459436416626,
        95.66822814941406,
        134.06272888183594,
        443.4494934082031,
        929.5026245117188,
        410.2195129394531,
        1311.3314208984375,
        259.7311706542969,
        1728.072265625,
        835.2825317382812
      ],
      "average_accuracy": [
        42.857142857142854,
        57.142857142857146,
        57.142857142857146,
        14.285714285714286,
        42.857142857142854,
        28.571428571428573,
        28.571428571428573,
        71.42857142857143,
        28.571428571428573,
        42.857142857142854
      ]
    },
    "average_loss_intra_epoch": [
      1071.4019775390625
    ],
    "average_accuracy_intra_epoch": [
      40.0
    ],
    "runtime": 3.4685986042022705
  }
}