{
  "hyperparameters": {
    "architecture": "classification",
    "batch_size": 100,
    "clipping_threshold": 0.0,
    "dataset_name": "heart-hungarian_classification",
    "epochs": 10,
    "initialization_scale": "\\sqrt{\frac{6}{n+m}}",
    "inner_ISGD_iterations": 0,
    "intra_epoch": false,
    "lr": 0.5,
    "momentum": 0.0,
    "mu": 0.0,
    "nodes": 50,
    "seed": 1,
    "sgdtype": "explicit",
    "data_type": "classification"
  },
  "results": {
    "train": {
      "average_loss": [
        0.6597264210383097,
        0.6573147773742676,
        0.6535060405731201,
        0.6456519563992819,
        0.6258174379666647,
        0.5664356350898743,
        0.42775099476178485,
        0.3435326913992564,
        0.3226395199696223,
        0.31354344884554547
      ],
      "average_accuracy": [
        64.25531914893617,
        64.25531914893617,
        64.25531914893617,
        64.25531914893617,
        64.25531914893617,
        73.19148936170212,
        85.1063829787234,
        85.1063829787234,
        86.38297872340425,
        86.80851063829788
      ]
    },
    "test": {
      "average_loss": [
        0.659530520439148,
        0.657892644405365,
        0.6552276611328125,
        0.6496055126190186,
        0.6352362632751465,
        0.592206597328186,
        0.49772945046424866,
        0.46380770206451416,
        0.4760889410972595,
        0.49036863446235657
      ],
      "average_accuracy": [
        62.71186440677966,
        62.71186440677966,
        62.71186440677966,
        62.71186440677966,
        62.71186440677966,
        69.49152542372882,
        77.96610169491525,
        79.66101694915254,
        79.66101694915254,
        77.96610169491525
      ]
    },
    "average_loss_intra_epoch": [
      0.31354344884554547
    ],
    "average_accuracy_intra_epoch": [
      86.80851063829788
    ],
    "runtime": 0.77559494972229
  }
}