{
  "hyperparameters": {
    "architecture": "classification",
    "batch_size": 100,
    "clipping_threshold": 0.0,
    "dataset_name": "breast-cancer_classification",
    "epochs": 10,
    "initialization_scale": "\\sqrt{\frac{6}{n+m}}",
    "inner_ISGD_iterations": 0,
    "intra_epoch": false,
    "lr": 50.0,
    "momentum": 0.0,
    "mu": 0.0,
    "nodes": 50,
    "seed": 1,
    "sgdtype": "explicit",
    "data_type": "classification"
  },
  "results": {
    "train": {
      "average_loss": [
        211.52937825520834,
        48.851479848225914,
        83.29548772176106,
        52.39240646362305,
        265.4530995686849,
        94.84773508707683,
        161.47497049967447,
        92.01032257080078,
        124.40210723876953,
        97.65535481770833
      ],
      "average_accuracy": [
        66.66666666666667,
        64.03508771929825,
        64.91228070175438,
        42.98245614035088,
        33.771929824561404,
        41.666666666666664,
        65.78947368421052,
        66.2280701754386,
        65.78947368421052,
        64.47368421052632
      ]
    },
    "test": {
      "average_loss": [
        150.74363708496094,
        42.67731857299805,
        69.18348693847656,
        56.45610427856445,
        256.17352294921875,
        85.66638946533203,
        183.16976928710938,
        87.19830322265625,
        124.16675567626953,
        97.28925323486328
      ],
      "average_accuracy": [
        74.13793103448276,
        67.24137931034483,
        67.24137931034483,
        36.206896551724135,
        32.758620689655174,
        48.275862068965516,
        62.06896551724138,
        60.3448275862069,
        62.06896551724138,
        63.793103448275865
      ]
    },
    "average_loss_intra_epoch": [
      97.65535481770833
    ],
    "average_accuracy_intra_epoch": [
      64.47368421052632
    ],
    "runtime": 0.8743689060211182
  }
}