{
  "hyperparameters": {
    "architecture": "classification",
    "batch_size": 100,
    "clipping_threshold": 0.0,
    "dataset_name": "molec-biol-splice_classification",
    "epochs": 10,
    "initialization_scale": "\\sqrt{\frac{6}{n+m}}",
    "inner_ISGD_iterations": 0,
    "intra_epoch": false,
    "lr": 0.01,
    "momentum": 0.0,
    "mu": 0.0,
    "nodes": 50,
    "seed": 1,
    "sgdtype": "explicit",
    "data_type": "classification"
  },
  "results": {
    "train": {
      "average_loss": [
        1.0517635941505432,
        1.040070185294518,
        1.0303693092786348,
        1.0220764669088216,
        1.0147306483525496,
        1.007960347028879,
        1.0014588580681727,
        0.9949642970011785,
        0.988244292827753,
        0.9810831592633174
      ],
      "average_accuracy": [
        52.07680250783699,
        52.03761755485893,
        52.03761755485893,
        52.03761755485893,
        52.03761755485893,
        52.03761755485893,
        52.03761755485893,
        52.03761755485893,
        52.03761755485893,
        52.03761755485893
      ]
    },
    "test": {
      "average_loss": [
        1.052071111542838,
        1.0407972846712386,
        1.031512004988534,
        1.023640785898481,
        1.0167316879544939,
        1.010422204221998,
        1.0044146605900355,
        0.9984573381287711,
        0.992328975881849,
        0.9858270372663226
      ],
      "average_accuracy": [
        51.2539184952978,
        51.2539184952978,
        51.2539184952978,
        51.2539184952978,
        51.2539184952978,
        51.2539184952978,
        51.2539184952978,
        51.2539184952978,
        51.2539184952978,
        51.2539184952978
      ]
    },
    "average_loss_intra_epoch": [
      0.9810831592633174
    ],
    "average_accuracy_intra_epoch": [
      52.03761755485893
    ],
    "runtime": 6.976569414138794
  }
}