{
  "hyperparameters": {
    "architecture": "classification",
    "batch_size": 100,
    "clipping_threshold": 0.0,
    "dataset_name": "conn-bench-sonar-mines-rocks_classification",
    "epochs": 10,
    "initialization_scale": "\\sqrt{\frac{6}{n+m}}",
    "inner_ISGD_iterations": 0,
    "intra_epoch": false,
    "lr": 5.0,
    "momentum": 0.0,
    "mu": 0.0,
    "nodes": 50,
    "seed": 1,
    "sgdtype": "explicit",
    "data_type": "classification"
  },
  "results": {
    "train": {
      "average_loss": [
        1.4701381921768188,
        62.01930618286133,
        191.51852416992188,
        93.60472106933594,
        86.7577896118164,
        92.09736633300781,
        45.10947036743164,
        84.3839282989502,
        154.67608642578125,
        93.29031753540039
      ],
      "average_accuracy": [
        65.06024096385542,
        54.21686746987952,
        53.01204819277108,
        43.373493975903614,
        36.74698795180723,
        54.81927710843374,
        57.83132530120482,
        62.04819277108434,
        48.795180722891565,
        53.6144578313253
      ]
    },
    "test": {
      "average_loss": [
        1.6405786275863647,
        53.28310012817383,
        174.08433532714844,
        77.86945343017578,
        82.97945404052734,
        65.49189758300781,
        24.698246002197266,
        80.4229736328125,
        172.1764678955078,
        125.900634765625
      ],
      "average_accuracy": [
        61.904761904761905,
        61.904761904761905,
        57.142857142857146,
        52.38095238095238,
        40.476190476190474,
        59.523809523809526,
        73.80952380952381,
        54.76190476190476,
        45.23809523809524,
        47.61904761904762
      ]
    },
    "average_loss_intra_epoch": [
      93.29031753540039
    ],
    "average_accuracy_intra_epoch": [
      53.6144578313253
    ],
    "runtime": 0.9646241664886475
  }
}