{
  "hyperparameters": {
    "architecture": "classification",
    "batch_size": 100,
    "clipping_threshold": 0.0,
    "dataset_name": "low-res-spect_classification",
    "epochs": 10,
    "initialization_scale": "\\sqrt{\frac{6}{n+m}}",
    "inner_ISGD_iterations": 0,
    "intra_epoch": false,
    "lr": 5.0,
    "momentum": 0.0,
    "mu": 0.0,
    "nodes": 50,
    "seed": 1,
    "sgdtype": "implicit",
    "data_type": "classification"
  },
  "results": {
    "train": {
      "average_loss": [
        153.5345245361328,
        158.93904724121094,
        324.71205444335936,
        46.970942687988284,
        66.0272201538086,
        50.02228126525879,
        179.80455932617187,
        75.53372344970703,
        66.62420349121093,
        109.3690055847168
      ],
      "average_accuracy": [
        20.047169811320753,
        30.42452830188679,
        32.783018867924525,
        54.4811320754717,
        59.198113207547166,
        58.72641509433962,
        62.971698113207545,
        54.4811320754717,
        64.15094339622641,
        56.367924528301884
      ]
    },
    "test": {
      "average_loss": [
        160.2420196533203,
        123.26595306396484,
        342.4264373779297,
        35.67233180999756,
        28.385051727299288,
        26.059436798095703,
        90.97676849365234,
        42.76728820800781,
        54.32089042663574,
        68.10980987549092
      ],
      "average_accuracy": [
        26.16822429906542,
        27.102803738317757,
        26.16822429906542,
        55.14018691588785,
        66.35514018691589,
        60.74766355140187,
        63.55140186915888,
        55.14018691588785,
        68.22429906542057,
        59.81308411214953
      ]
    },
    "average_loss_intra_epoch": [
      109.3690055847168
    ],
    "average_accuracy_intra_epoch": [
      56.367924528301884
    ],
    "runtime": 57.27926206588745
  }
}