{
  "hyperparameters": {
    "architecture": "music",
    "batch_size": 100,
    "clipping_threshold": 0.1,
    "dataset_name": "Piano-midi.de",
    "epochs": 5,
    "initialization_scale": "\\sqrt{\frac{6}{n+m}}",
    "inner_ISGD_iterations": 0,
    "intra_epoch": false,
    "lr": 500.0,
    "momentum": 0.0,
    "mu": 0.0,
    "nodes": 300,
    "seed": 5,
    "sgdtype": "implicit",
    "data_type": "sequential_many"
  },
  "results": {
    "train": {
      "average_loss": [
        0.0017181718321389989,
        0.001299876247361388,
        0.001025736435392106,
        0.0008612989073173657,
        0.0007520238224928128
      ],
      "average_accuracy": [
        0,
        0,
        0,
        0,
        0
      ]
    },
    "test": {
      "average_loss": [
        0.0018507735850289463,
        0.0013942420214880257,
        0.0011256728699663653,
        0.0009640517737716436,
        0.0008573017822345719
      ],
      "average_accuracy": [
        0,
        0,
        0,
        0,
        0
      ]
    },
    "average_loss_intra_epoch": [
      0.0007520238224928128
    ],
    "average_accuracy_intra_epoch": [
      0
    ],
    "runtime": 2956.5705659389496
  }
}