{
  "hyperparameters": {
    "architecture": "music",
    "batch_size": 100,
    "clipping_threshold": 0.1,
    "dataset_name": "Piano-midi.de",
    "epochs": 5,
    "initialization_scale": "\\sqrt{\frac{6}{n+m}}",
    "inner_ISGD_iterations": 0,
    "intra_epoch": false,
    "lr": 20.0,
    "momentum": 0.0,
    "mu": 0.0,
    "nodes": 300,
    "seed": 3,
    "sgdtype": "implicit",
    "data_type": "sequential_many"
  },
  "results": {
    "train": {
      "average_loss": [
        0.0005009587561101492,
        0.0004252738905344667,
        0.0003946720302254149,
        0.0003769518404425625,
        0.00036494629385669706
      ],
      "average_accuracy": [
        0,
        0,
        0,
        0,
        0
      ]
    },
    "test": {
      "average_loss": [
        0.0006047916554962285,
        0.000522687406046316,
        0.0004903992111212574,
        0.00047200558125041423,
        0.00045973604879691267
      ],
      "average_accuracy": [
        0,
        0,
        0,
        0,
        0
      ]
    },
    "average_loss_intra_epoch": [
      0.00036494629385669706
    ],
    "average_accuracy_intra_epoch": [
      0
    ],
    "runtime": 2981.9047017097473
  }
}