{
  "hyperparameters": {
    "architecture": "classification",
    "batch_size": 100,
    "clipping_threshold": 0.0,
    "dataset_name": "ecoli_classification",
    "epochs": 10,
    "initialization_scale": "\\sqrt{\frac{6}{n+m}}",
    "inner_ISGD_iterations": 0,
    "intra_epoch": false,
    "lr": 0.5,
    "momentum": 0.0,
    "mu": 0.0,
    "nodes": 50,
    "seed": 1,
    "sgdtype": "explicit",
    "data_type": "classification"
  },
  "results": {
    "train": {
      "average_loss": [
        1.9076196352640789,
        1.7880537112553914,
        1.7155224084854126,
        1.668503204981486,
        1.6348594029744465,
        1.606809178988139,
        1.5753044684727986,
        1.5189128716786702,
        1.3820645411809285,
        1.1921066840489705
      ],
      "average_accuracy": [
        41.417910447761194,
        41.417910447761194,
        41.417910447761194,
        41.417910447761194,
        41.417910447761194,
        41.417910447761194,
        41.417910447761194,
        41.417910447761194,
        55.97014925373134,
        61.56716417910448
      ]
    },
    "test": {
      "average_loss": [
        1.8864763975143433,
        1.7388144731521606,
        1.6472656726837158,
        1.587001085281372,
        1.5433505773544312,
        1.5067198276519775,
        1.466538429260254,
        1.3988617658615112,
        1.242908000946045,
        1.0313957929611206
      ],
      "average_accuracy": [
        47.05882352941177,
        47.05882352941177,
        47.05882352941177,
        47.05882352941177,
        47.05882352941177,
        47.05882352941177,
        47.05882352941177,
        47.05882352941177,
        60.294117647058826,
        67.6470588235294
      ]
    },
    "average_loss_intra_epoch": [
      1.1921066840489705
    ],
    "average_accuracy_intra_epoch": [
      61.56716417910448
    ],
    "runtime": 3.4077322483062744
  }
}