{
  "hyperparameters": {
    "architecture": "classification",
    "batch_size": 100,
    "clipping_threshold": 0.0,
    "dataset_name": "page-blocks_classification",
    "epochs": 10,
    "initialization_scale": "\\sqrt{\frac{6}{n+m}}",
    "inner_ISGD_iterations": 0,
    "intra_epoch": false,
    "lr": 50.0,
    "momentum": 0.0,
    "mu": 0.0,
    "nodes": 50,
    "seed": 1,
    "sgdtype": "explicit",
    "data_type": "classification"
  },
  "results": {
    "train": {
      "average_loss": [
        38.5795971697027,
        32.420340061187744,
        67.79940163005482,
        48.03638005256653,
        30.39302270520817,
        18.045627556063913,
        25.437555865807965,
        27.046731211922385,
        17.512572559443388,
        23.522277040915057
      ],
      "average_accuracy": [
        89.72133394243947,
        34.17085427135678,
        89.81269986295112,
        89.99543170397442,
        90.20100502512562,
        90.36089538602101,
        89.62996802192782,
        90.01827318410233,
        89.97259022384651,
        90.01827318410233
      ]
    },
    "test": {
      "average_loss": [
        42.770627455277875,
        34.96515499461781,
        70.23529156771573,
        51.423980019309305,
        34.250875212929465,
        18.64769068631259,
        25.992477330294523,
        28.109821146184746,
        20.812864303588867,
        23.684463934464887
      ],
      "average_accuracy": [
        88.94977168949772,
        33.789954337899545,
        89.04109589041096,
        89.1324200913242,
        89.22374429223744,
        89.68036529680366,
        88.76712328767124,
        88.94977168949772,
        89.1324200913242,
        89.1324200913242
      ]
    },
    "average_loss_intra_epoch": [
      23.522277040915057
    ],
    "average_accuracy_intra_epoch": [
      90.01827318410233
    ],
    "runtime": 7.743187427520752
  }
}