{
  "hyperparameters": {
    "architecture": "classification",
    "batch_size": 100,
    "clipping_threshold": 0.0,
    "dataset_name": "waveform_classification",
    "epochs": 10,
    "initialization_scale": "\\sqrt{\frac{6}{n+m}}",
    "inner_ISGD_iterations": 0,
    "intra_epoch": false,
    "lr": 5.0,
    "momentum": 0.0,
    "mu": 0.0,
    "nodes": 50,
    "seed": 1,
    "sgdtype": "explicit",
    "data_type": "classification"
  },
  "results": {
    "train": {
      "average_loss": [
        22.152476978302,
        13.594961667060852,
        4.256822669506073,
        3.6641349494457245,
        2.697016778588295,
        15.217611813545227,
        4.907893267273903,
        10.594397407770156,
        6.602546298503876,
        5.866652911901474
      ],
      "average_accuracy": [
        63.95,
        69.025,
        78.425,
        76.75,
        78.0,
        66.15,
        68.3,
        66.675,
        73.625,
        73.0
      ]
    },
    "test": {
      "average_loss": [
        19.67701120376587,
        13.353650569915771,
        4.501953268051148,
        3.476099455356598,
        3.1781360626220705,
        15.610431003570557,
        4.508184266090393,
        9.92222056388855,
        6.340142107009887,
        5.221959662437439
      ],
      "average_accuracy": [
        65.4,
        69.7,
        76.8,
        77.2,
        76.9,
        67.8,
        70.3,
        69.9,
        74.5,
        75.9
      ]
    },
    "average_loss_intra_epoch": [
      5.866652911901474
    ],
    "average_accuracy_intra_epoch": [
      73.0
    ],
    "runtime": 8.009794235229492
  }
}