{
  "hyperparameters": {
    "architecture": "classification",
    "batch_size": 100,
    "clipping_threshold": 0.0,
    "dataset_name": "iris_classification",
    "epochs": 10,
    "initialization_scale": "\\sqrt{\frac{6}{n+m}}",
    "inner_ISGD_iterations": 0,
    "intra_epoch": false,
    "lr": 0.1,
    "momentum": 0.0,
    "mu": 0.0,
    "nodes": 50,
    "seed": 1,
    "sgdtype": "explicit",
    "data_type": "classification"
  },
  "results": {
    "train": {
      "average_loss": [
        1.107795774936676,
        1.1058731079101562,
        1.1042373180389404,
        1.10284423828125,
        1.1016573309898376,
        1.1006451845169067,
        1.0997816324234009,
        1.0990446209907532,
        1.0984152555465698,
        1.0978780388832092
      ],
      "average_accuracy": [
        32.5,
        32.5,
        24.166666666666668,
        36.666666666666664,
        36.666666666666664,
        36.666666666666664,
        36.666666666666664,
        36.666666666666664,
        36.666666666666664,
        36.666666666666664
      ]
    },
    "test": {
      "average_loss": [
        1.1157515048980713,
        1.1140682697296143,
        1.1125982999801636,
        1.111310362815857,
        1.1101782321929932,
        1.109179973602295,
        1.1082968711853027,
        1.1075135469436646,
        1.1068167686462402,
        1.106195092201233
      ],
      "average_accuracy": [
        36.666666666666664,
        36.666666666666664,
        16.666666666666668,
        20.0,
        20.0,
        20.0,
        20.0,
        20.0,
        20.0,
        20.0
      ]
    },
    "average_loss_intra_epoch": [
      1.0978780388832092
    ],
    "average_accuracy_intra_epoch": [
      36.666666666666664
    ],
    "runtime": 3.1744372844696045
  }
}