{
  "hyperparameters": {
    "architecture": "music",
    "batch_size": 100,
    "clipping_threshold": 0.01,
    "dataset_name": "Piano-midi.de",
    "epochs": 5,
    "initialization_scale": "\\sqrt{\frac{6}{n+m}}",
    "inner_ISGD_iterations": 0,
    "intra_epoch": false,
    "lr": 500.0,
    "momentum": 0.0,
    "mu": 0.0,
    "nodes": 300,
    "seed": 1,
    "sgdtype": "explicit",
    "data_type": "sequential_many"
  },
  "results": {
    "train": {
      "average_loss": [
        0.0016508882546840214,
        0.001573144495784942,
        0.0015506933877464041,
        0.0013107952494381648,
        0.0013187266143584817
      ],
      "average_accuracy": [
        0,
        0,
        0,
        0,
        0
      ]
    },
    "test": {
      "average_loss": [
        0.003868609718629159,
        0.003664166916278191,
        0.0032607086573261767,
        0.0024710020306520164,
        0.0020725952682550996
      ],
      "average_accuracy": [
        0,
        0,
        0,
        0,
        0
      ]
    },
    "average_loss_intra_epoch": [
      0.0013187266143584817
    ],
    "average_accuracy_intra_epoch": [
      0
    ],
    "runtime": 594.1591849327087
  }
}