{
  "hyperparameters": {
    "architecture": "classification",
    "batch_size": 100,
    "clipping_threshold": 0.0,
    "dataset_name": "mammographic_classification",
    "epochs": 10,
    "initialization_scale": "\\sqrt{\frac{6}{n+m}}",
    "inner_ISGD_iterations": 0,
    "intra_epoch": false,
    "lr": 0.01,
    "momentum": 0.0,
    "mu": 0.0,
    "nodes": 50,
    "seed": 1,
    "sgdtype": "implicit",
    "data_type": "classification"
  },
  "results": {
    "train": {
      "average_loss": [
        0.7081572413444519,
        0.7066019400954247,
        0.705189049243927,
        0.7039059475064278,
        0.7027410492300987,
        0.7016836330294609,
        0.7007240056991577,
        0.6998532637953758,
        0.6990634649991989,
        0.6983471736311913
      ],
      "average_accuracy": [
        52.864583333333336,
        52.864583333333336,
        52.864583333333336,
        52.864583333333336,
        52.864583333333336,
        52.864583333333336,
        52.864583333333336,
        52.864583333333336,
        52.864583333333336,
        52.864583333333336
      ]
    },
    "test": {
      "average_loss": [
        0.6895382106304169,
        0.6886644661426544,
        0.687901109457016,
        0.6872368156909943,
        0.6866613924503326,
        0.6861657500267029,
        0.6857410669326782,
        0.6853798627853394,
        0.6850754022598267,
        0.684821218252182
      ],
      "average_accuracy": [
        56.994818652849744,
        56.994818652849744,
        56.994818652849744,
        56.994818652849744,
        56.994818652849744,
        56.994818652849744,
        56.994818652849744,
        56.994818652849744,
        56.994818652849744,
        56.994818652849744
      ]
    },
    "average_loss_intra_epoch": [
      0.6983471736311913
    ],
    "average_accuracy_intra_epoch": [
      52.864583333333336
    ],
    "runtime": 10.003232717514038
  }
}