{
  "hyperparameters": {
    "architecture": "classification",
    "batch_size": 100,
    "clipping_threshold": 0.0,
    "dataset_name": "pima_classification",
    "epochs": 10,
    "initialization_scale": "\\sqrt{\frac{6}{n+m}}",
    "inner_ISGD_iterations": 0,
    "intra_epoch": false,
    "lr": 30.0,
    "momentum": 0.0,
    "mu": 0.0,
    "nodes": 50,
    "seed": 1,
    "sgdtype": "explicit",
    "data_type": "classification"
  },
  "results": {
    "train": {
      "average_loss": [
        64.50891004289899,
        29.344661985124862,
        13.420907429286412,
        59.2967769077846,
        49.38843100411551,
        13.851775441850934,
        36.44229752676828,
        57.33963285173689,
        69.38283375331334,
        112.66207340785435
      ],
      "average_accuracy": [
        35.66775244299674,
        51.302931596091206,
        60.91205211726384,
        40.87947882736157,
        47.88273615635179,
        56.188925081433226,
        51.954397394136805,
        47.23127035830619,
        50.6514657980456,
        50.1628664495114
      ]
    },
    "test": {
      "average_loss": [
        56.32779312133789,
        22.910579681396484,
        13.515063285827637,
        67.11972045898438,
        49.66935920715332,
        16.788987159729004,
        43.99515914916992,
        54.60883140563965,
        80.6225814819336,
        121.01213836669922
      ],
      "average_accuracy": [
        36.36363636363637,
        48.701298701298704,
        58.44155844155844,
        39.61038961038961,
        46.103896103896105,
        54.54545454545455,
        49.35064935064935,
        50.64935064935065,
        45.45454545454545,
        48.701298701298704
      ]
    },
    "average_loss_intra_epoch": [
      112.66207340785435
    ],
    "average_accuracy_intra_epoch": [
      50.1628664495114
    ],
    "runtime": 3.9559967517852783
  }
}