{
  "hyperparameters": {
    "architecture": "classification",
    "batch_size": 100,
    "clipping_threshold": 0.0,
    "dataset_name": "dermatology_classification",
    "epochs": 10,
    "initialization_scale": "\\sqrt{\frac{6}{n+m}}",
    "inner_ISGD_iterations": 0,
    "intra_epoch": false,
    "lr": 1.0,
    "momentum": 0.0,
    "mu": 0.0,
    "nodes": 50,
    "seed": 1,
    "sgdtype": "explicit",
    "data_type": "classification"
  },
  "results": {
    "train": {
      "average_loss": [
        1.4831318457921345,
        0.7913358211517334,
        0.5378803014755249,
        0.3310161729653676,
        0.27450018127759296,
        0.23576136926809946,
        0.15819855282704035,
        0.11084118733803432,
        0.07803369561831157,
        0.08966239045063655
      ],
      "average_accuracy": [
        51.02739726027397,
        67.12328767123287,
        79.10958904109589,
        83.56164383561644,
        83.56164383561644,
        85.61643835616438,
        94.52054794520548,
        96.23287671232876,
        97.6027397260274,
        96.23287671232876
      ]
    },
    "test": {
      "average_loss": [
        1.4368318319320679,
        0.6911612749099731,
        0.4720044434070587,
        0.3176056742668152,
        0.2731615900993347,
        0.23499174416065216,
        0.1583869457244873,
        0.11411476135253906,
        0.08489879965782166,
        0.1009356677532196
      ],
      "average_accuracy": [
        55.4054054054054,
        70.27027027027027,
        81.08108108108108,
        83.78378378378379,
        83.78378378378379,
        85.13513513513513,
        94.5945945945946,
        94.5945945945946,
        97.29729729729729,
        95.94594594594595
      ]
    },
    "average_loss_intra_epoch": [
      0.08966239045063655
    ],
    "average_accuracy_intra_epoch": [
      96.23287671232876
    ],
    "runtime": 3.303974151611328
  }
}