{
  "hyperparameters": {
    "architecture": "classification",
    "batch_size": 100,
    "clipping_threshold": 0.0,
    "dataset_name": "pittsburg-bridges-TYPE_classification",
    "epochs": 10,
    "initialization_scale": "\\sqrt{\frac{6}{n+m}}",
    "inner_ISGD_iterations": 0,
    "intra_epoch": false,
    "lr": 0.1,
    "momentum": 0.0,
    "mu": 0.0,
    "nodes": 50,
    "seed": 1,
    "sgdtype": "explicit",
    "data_type": "classification"
  },
  "results": {
    "train": {
      "average_loss": [
        1.9757152795791626,
        1.9525583982467651,
        1.9304697513580322,
        1.909388780593872,
        1.8892614841461182,
        1.8700429201126099,
        1.8516952991485596,
        1.8341861963272095,
        1.8174879550933838,
        1.8015774488449097
      ],
      "average_accuracy": [
        10.714285714285714,
        10.714285714285714,
        10.714285714285714,
        10.714285714285714,
        10.714285714285714,
        10.714285714285714,
        10.714285714285714,
        10.714285714285714,
        7.142857142857143,
        9.523809523809524
      ]
    },
    "test": {
      "average_loss": [
        1.924131989479065,
        1.905205488204956,
        1.8872722387313843,
        1.8702791929244995,
        1.85417902469635,
        1.8389322757720947,
        1.8245052099227905,
        1.8108689785003662,
        1.7979989051818848,
        1.7858737707138062
      ],
      "average_accuracy": [
        9.523809523809524,
        9.523809523809524,
        9.523809523809524,
        9.523809523809524,
        9.523809523809524,
        9.523809523809524,
        9.523809523809524,
        9.523809523809524,
        14.285714285714286,
        9.523809523809524
      ]
    },
    "average_loss_intra_epoch": [
      1.8015774488449097
    ],
    "average_accuracy_intra_epoch": [
      9.523809523809524
    ],
    "runtime": 3.1529688835144043
  }
}