{
  "hyperparameters": {
    "architecture": "classification",
    "batch_size": 100,
    "clipping_threshold": 0.0,
    "dataset_name": "adult_classification",
    "epochs": 10,
    "initialization_scale": "\\sqrt{\frac{6}{n+m}}",
    "inner_ISGD_iterations": 0,
    "intra_epoch": false,
    "lr": 0.5,
    "momentum": 0.0,
    "mu": 0.0,
    "nodes": 50,
    "seed": 1,
    "sgdtype": "explicit",
    "data_type": "classification"
  },
  "results": {
    "train": {
      "average_loss": [
        0.33657769607308574,
        0.32971950679483925,
        0.3262360133707066,
        0.3238336820812786,
        0.3219943085442419,
        0.32055243278098533,
        0.31940120153719814,
        0.31840523970706386,
        0.31746821395119135,
        0.3165672222138061
      ],
      "average_accuracy": [
        84.46241650244414,
        84.82583881452666,
        84.8591098712666,
        84.8847029918358,
        84.93332992091726,
        84.99475341028331,
        85.0331430911371,
        85.10224451667392,
        85.09712589256009,
        85.09200726844624
      ]
    },
    "test": {
      "average_loss": [
        0.34105446554568347,
        0.3351938868967854,
        0.3324358983307469,
        0.3302375808054087,
        0.3284387769443648,
        0.3270639067097586,
        0.326053401189191,
        0.3252186852754379,
        0.32443614258449904,
        0.32367963663169314
      ],
      "average_accuracy": [
        84.55317842153751,
        84.67601596888116,
        84.62483365748797,
        84.62483365748797,
        84.65554304432388,
        84.63507011976661,
        84.7169618179957,
        84.7988535162248,
        84.95240045040434,
        84.97287337496161
      ]
    },
    "average_loss_intra_epoch": [
      0.3165672222138061
    ],
    "average_accuracy_intra_epoch": [
      85.09200726844624
    ],
    "runtime": 44.170284271240234
  }
}