{
  "hyperparameters": {
    "architecture": "classification",
    "batch_size": 100,
    "clipping_threshold": 0.0,
    "dataset_name": "statlog-landsat_classification",
    "epochs": 10,
    "initialization_scale": "\\sqrt{\frac{6}{n+m}}",
    "inner_ISGD_iterations": 0,
    "intra_epoch": false,
    "lr": 0.001,
    "momentum": 0.0,
    "mu": 0.0,
    "nodes": 50,
    "seed": 1,
    "sgdtype": "explicit",
    "data_type": "classification"
  },
  "results": {
    "train": {
      "average_loss": [
        1.7632831426767201,
        1.7590933465040648,
        1.754912711106814,
        1.7507320963419402,
        1.7465420800905962,
        1.7423334694825685,
        1.7380966200278356,
        1.7338217611496265,
        1.7294992965001326,
        1.7251191116296327
      ],
      "average_accuracy": [
        20.473970473970475,
        20.707070707070706,
        21.095571095571096,
        21.756021756021756,
        23.05749805749806,
        25.62160062160062,
        29.079254079254078,
        32.59518259518259,
        35.66433566433567,
        39.1025641025641
      ]
    },
    "test": {
      "average_loss": [
        1.7598836972163274,
        1.7557096114525428,
        1.751546492943397,
        1.7473850433643048,
        1.7432162303190966,
        1.7390305629143348,
        1.7348186236161451,
        1.7305706647726207,
        1.7262771221307607,
        1.7219284039277296
      ],
      "average_accuracy": [
        21.98912198912199,
        22.2999222999223,
        23.076923076923077,
        23.62082362082362,
        24.630924630924632,
        26.961926961926963,
        30.303030303030305,
        34.4988344988345,
        37.91763791763792,
        41.8026418026418
      ]
    },
    "average_loss_intra_epoch": [
      1.7251191116296327
    ],
    "average_accuracy_intra_epoch": [
      39.1025641025641
    ],
    "runtime": 9.283275604248047
  }
}