{
  "hyperparameters": {
    "architecture": "classification",
    "batch_size": 100,
    "clipping_threshold": 0.0,
    "dataset_name": "statlog-australian-credit_classification",
    "epochs": 10,
    "initialization_scale": "\\sqrt{\frac{6}{n+m}}",
    "inner_ISGD_iterations": 0,
    "intra_epoch": false,
    "lr": 5.0,
    "momentum": 0.0,
    "mu": 0.0,
    "nodes": 50,
    "seed": 1,
    "sgdtype": "explicit",
    "data_type": "classification"
  },
  "results": {
    "train": {
      "average_loss": [
        0.8255759179592133,
        67.89267985026042,
        41.319478352864586,
        18.846163113911945,
        21.14868418375651,
        20.374008496602375,
        32.957886377970375,
        6.327528476715088,
        10.703900814056396,
        19.38989194234212
      ],
      "average_accuracy": [
        34.05797101449275,
        51.630434782608695,
        51.08695652173913,
        54.710144927536234,
        48.91304347826087,
        48.91304347826087,
        51.08695652173913,
        64.4927536231884,
        50.0,
        52.17391304347826
      ]
    },
    "test": {
      "average_loss": [
        0.8892540335655212,
        55.54269027709961,
        30.92816925048828,
        19.49099826812744,
        21.961125373840332,
        21.09950542449951,
        21.538433074951172,
        4.815560817718506,
        11.60700798034668,
        20.92376708984375
      ],
      "average_accuracy": [
        24.63768115942029,
        61.594202898550726,
        59.42028985507246,
        50.0,
        40.57971014492754,
        40.57971014492754,
        60.14492753623188,
        70.28985507246377,
        43.47826086956522,
        47.82608695652174
      ]
    },
    "average_loss_intra_epoch": [
      19.38989194234212
    ],
    "average_accuracy_intra_epoch": [
      52.17391304347826
    ],
    "runtime": 4.015373468399048
  }
}