{
  "hyperparameters": {
    "architecture": "classification",
    "batch_size": 100,
    "clipping_threshold": 0.0,
    "dataset_name": "post-operative_classification",
    "epochs": 10,
    "initialization_scale": "\\sqrt{\frac{6}{n+m}}",
    "inner_ISGD_iterations": 0,
    "intra_epoch": false,
    "lr": 30.0,
    "momentum": 0.0,
    "mu": 0.0,
    "nodes": 50,
    "seed": 1,
    "sgdtype": "explicit",
    "data_type": "classification"
  },
  "results": {
    "train": {
      "average_loss": [
        5.678483963012695,
        45.21277618408203,
        81.04541015625,
        115.10708618164062,
        207.79861450195312,
        84.8984375,
        56.20699691772461,
        233.12179565429688,
        122.76921844482422,
        60.2822265625
      ],
      "average_accuracy": [
        69.44444444444444,
        29.166666666666668,
        69.44444444444444,
        29.166666666666668,
        69.44444444444444,
        69.44444444444444,
        29.166666666666668,
        69.44444444444444,
        69.44444444444444,
        1.3888888888888888
      ]
    },
    "test": {
      "average_loss": [
        4.418388843536377,
        52.1982536315918,
        53.064697265625,
        132.49188232421875,
        135.04904174804688,
        54.270408630371094,
        63.18405532836914,
        149.7190704345703,
        77.26532745361328,
        52.64668273925781
      ],
      "average_accuracy": [
        77.77777777777777,
        16.666666666666668,
        77.77777777777777,
        16.666666666666668,
        77.77777777777777,
        77.77777777777777,
        16.666666666666668,
        77.77777777777777,
        77.77777777777777,
        5.555555555555555
      ]
    },
    "average_loss_intra_epoch": [
      60.2822265625
    ],
    "average_accuracy_intra_epoch": [
      1.3888888888888888
    ],
    "runtime": 3.5280561447143555
  }
}