{
  "hyperparameters": {
    "architecture": "classification",
    "batch_size": 100,
    "clipping_threshold": 0.0,
    "dataset_name": "statlog-image_classification",
    "epochs": 10,
    "initialization_scale": "\\sqrt{\frac{6}{n+m}}",
    "inner_ISGD_iterations": 0,
    "intra_epoch": false,
    "lr": 5.0,
    "momentum": 0.0,
    "mu": 0.0,
    "nodes": 50,
    "seed": 1,
    "sgdtype": "implicit",
    "data_type": "classification"
  },
  "results": {
    "train": {
      "average_loss": [
        27.178496611745732,
        23.584914207458496,
        30.182069878829154,
        22.211451078716077,
        9.57686710357666,
        6.718223220423648,
        17.126843803807308,
        5.140874837574206,
        5.365895961460314,
        7.487084815376683
      ],
      "average_accuracy": [
        29.761904761904763,
        42.857142857142854,
        53.67965367965368,
        43.3982683982684,
        64.66450216450217,
        54.49134199134199,
        55.303030303030305,
        76.78571428571429,
        79.27489177489177,
        67.58658008658008
      ]
    },
    "test": {
      "average_loss": [
        27.021766662597656,
        23.43066520690918,
        31.9239803314209,
        23.2065788269043,
        10.375502586364746,
        6.335812091827393,
        17.77703857421875,
        5.240066051483154,
        5.537857723236084,
        7.383277130126953
      ],
      "average_accuracy": [
        29.87012987012987,
        42.42424242424242,
        51.298701298701296,
        42.42424242424242,
        62.33766233766234,
        56.493506493506494,
        51.731601731601735,
        77.27272727272727,
        79.65367965367966,
        67.0995670995671
      ]
    },
    "average_loss_intra_epoch": [
      7.487084815376683
    ],
    "average_accuracy_intra_epoch": [
      67.58658008658008
    ],
    "runtime": 50.310381174087524
  }
}