{
  "hyperparameters": {
    "architecture": "music",
    "batch_size": 100,
    "clipping_threshold": 0.0,
    "dataset_name": "MuseData",
    "epochs": 5,
    "initialization_scale": "\\sqrt{\frac{6}{n+m}}",
    "inner_ISGD_iterations": 0,
    "intra_epoch": false,
    "lr": 0.5,
    "momentum": 0.0,
    "mu": 0.0,
    "nodes": 300,
    "seed": 4,
    "sgdtype": "explicit",
    "data_type": "sequential_many"
  },
  "results": {
    "train": {
      "average_loss": [
        0.0019731934312646605,
        0.001431872328704015,
        0.001248379129643609,
        0.001150262372514152,
        0.0010866303164776298
      ],
      "average_accuracy": [
        0,
        0,
        0,
        0,
        0
      ]
    },
    "test": {
      "average_loss": [
        0.001826490795147331,
        0.0013409626514452788,
        0.0011726211099695291,
        0.0010812880212641527,
        0.0010214964757969643
      ],
      "average_accuracy": [
        0,
        0,
        0,
        0,
        0
      ]
    },
    "average_loss_intra_epoch": [
      0.0010866303164776298
    ],
    "average_accuracy_intra_epoch": [
      0
    ],
    "runtime": 1909.4359710216522
  }
}