{
  "hyperparameters": {
    "architecture": "classification",
    "batch_size": 100,
    "clipping_threshold": 0.0,
    "dataset_name": "vertebral-column-3clases_classification",
    "epochs": 10,
    "initialization_scale": "\\sqrt{\frac{6}{n+m}}",
    "inner_ISGD_iterations": 0,
    "intra_epoch": false,
    "lr": 10.0,
    "momentum": 0.0,
    "mu": 0.0,
    "nodes": 50,
    "seed": 1,
    "sgdtype": "implicit",
    "data_type": "classification"
  },
  "results": {
    "train": {
      "average_loss": [
        2.16197669506073,
        28.137725830078125,
        24.159393946329754,
        30.832352956136067,
        36.39607365926107,
        9.478437264760336,
        17.141267776489258,
        36.02135467529297,
        12.853316942850748,
        7.7907454172770185
      ],
      "average_accuracy": [
        47.983870967741936,
        66.53225806451613,
        61.693548387096776,
        68.14516129032258,
        61.29032258064516,
        69.75806451612904,
        69.75806451612904,
        60.483870967741936,
        47.983870967741936,
        69.75806451612904
      ]
    },
    "test": {
      "average_loss": [
        2.0944159030914307,
        30.48080062866211,
        28.936471939086914,
        31.356569290161133,
        47.47966766357422,
        10.206744194030762,
        19.95596694946289,
        44.340579986572266,
        11.764345169067383,
        9.630993843078613
      ],
      "average_accuracy": [
        50.0,
        64.51612903225806,
        58.064516129032256,
        66.12903225806451,
        53.225806451612904,
        64.51612903225806,
        64.51612903225806,
        53.225806451612904,
        50.0,
        64.51612903225806
      ]
    },
    "average_loss_intra_epoch": [
      7.7907454172770185
    ],
    "average_accuracy_intra_epoch": [
      69.75806451612904
    ],
    "runtime": 6.191428184509277
  }
}