{
  "hyperparameters": {
    "architecture": "classification",
    "batch_size": 100,
    "clipping_threshold": 0.0,
    "dataset_name": "adult_classification",
    "epochs": 10,
    "initialization_scale": "\\sqrt{\frac{6}{n+m}}",
    "inner_ISGD_iterations": 0,
    "intra_epoch": false,
    "lr": 1.0,
    "momentum": 0.0,
    "mu": 0.0,
    "nodes": 50,
    "seed": 1,
    "sgdtype": "implicit",
    "data_type": "classification"
  },
  "results": {
    "train": {
      "average_loss": [
        0.3391184714215491,
        0.3325568009977755,
        0.32938804307862013,
        0.32753489519019263,
        0.32632267456072983,
        0.32553360220568867,
        0.3250136224510115,
        0.3246819053007209,
        0.3244374830018529,
        0.3242073209618059
      ],
      "average_accuracy": [
        84.51104343152561,
        84.7644153251606,
        84.84631331098201,
        84.86678780743736,
        84.87446574360811,
        84.8719064315512,
        84.93332992091726,
        84.97683822588488,
        84.97683822588488,
        85.00499065851099
      ]
    },
    "test": {
      "average_loss": [
        0.3434992149776342,
        0.33773140609264374,
        0.3345884527174794,
        0.3326234507317446,
        0.3313893265261942,
        0.33062046659844263,
        0.33014386329723866,
        0.32982473181826727,
        0.3295536617539367,
        0.3292798900178501
      ],
      "average_accuracy": [
        84.44057733647251,
        84.64530658204525,
        84.63507011976661,
        84.66577950660252,
        84.7169618179957,
        84.64530658204525,
        84.64530658204525,
        84.68625243115979,
        84.73743474255298,
        84.7476712048316
      ]
    },
    "average_loss_intra_epoch": [
      0.3242073209618059
    ],
    "average_accuracy_intra_epoch": [
      85.00499065851099
    ],
    "runtime": 823.5606758594513
  }
}