{
  "hyperparameters": {
    "architecture": "classification",
    "batch_size": 100,
    "clipping_threshold": 0.0,
    "dataset_name": "mammographic_classification",
    "epochs": 10,
    "initialization_scale": "\\sqrt{\frac{6}{n+m}}",
    "inner_ISGD_iterations": 0,
    "intra_epoch": false,
    "lr": 10.0,
    "momentum": 0.0,
    "mu": 0.0,
    "nodes": 50,
    "seed": 1,
    "sgdtype": "implicit",
    "data_type": "classification"
  },
  "results": {
    "train": {
      "average_loss": [
        3.779403269290924,
        14.317069053649902,
        14.466683745384216,
        18.625735998153687,
        20.884663581848145,
        22.59111261367798,
        11.980517864227295,
        12.777770519256592,
        6.352568030357361,
        9.934612154960632
      ],
      "average_accuracy": [
        47.135416666666664,
        51.171875,
        56.770833333333336,
        51.302083333333336,
        52.864583333333336,
        72.91666666666667,
        79.03645833333333,
        79.55729166666667,
        79.42708333333333,
        79.03645833333333
      ]
    },
    "test": {
      "average_loss": [
        4.053796768188477,
        14.953946590423584,
        15.011768817901611,
        17.37068510055542,
        19.65029525756836,
        19.74141025543213,
        10.93805980682373,
        11.57629919052124,
        5.767220973968506,
        9.890743255615234
      ],
      "average_accuracy": [
        43.005181347150256,
        48.704663212435236,
        54.92227979274612,
        53.36787564766839,
        56.994818652849744,
        75.64766839378238,
        79.79274611398964,
        80.31088082901555,
        79.79274611398964,
        80.31088082901555
      ]
    },
    "average_loss_intra_epoch": [
      9.934612154960632
    ],
    "average_accuracy_intra_epoch": [
      79.03645833333333
    ],
    "runtime": 9.725983619689941
  }
}