{
  "hyperparameters": {
    "architecture": "music",
    "batch_size": 100,
    "clipping_threshold": 0.0,
    "dataset_name": "Nottingham",
    "epochs": 5,
    "initialization_scale": "\\sqrt{\frac{6}{n+m}}",
    "inner_ISGD_iterations": 0,
    "intra_epoch": false,
    "lr": 20.0,
    "momentum": 0.0,
    "mu": 0.0,
    "nodes": 300,
    "seed": 3,
    "sgdtype": "explicit",
    "data_type": "sequential_many"
  },
  "results": {
    "train": {
      "average_loss": [
        0.0005180894223414898,
        0.0004096725597133543,
        0.0003521591220135342,
        0.0003281619143984713,
        0.00031605253836135174
      ],
      "average_accuracy": [
        0,
        0,
        0,
        0,
        0
      ]
    },
    "test": {
      "average_loss": [
        0.0005268914384086042,
        0.0004317308671863216,
        0.0003797169539372108,
        0.000360476011679994,
        0.0003523259169870631
      ],
      "average_accuracy": [
        0,
        0,
        0,
        0,
        0
      ]
    },
    "average_loss_intra_epoch": [
      0.00031605253836135174
    ],
    "average_accuracy_intra_epoch": [
      0
    ],
    "runtime": 1391.8041870594025
  }
}