{
  "hyperparameters": {
    "architecture": "music",
    "batch_size": 100,
    "clipping_threshold": 8.0,
    "dataset_name": "JSB Chorales",
    "epochs": 5,
    "initialization_scale": "\\sqrt{\frac{6}{n+m}}",
    "inner_ISGD_iterations": 0,
    "intra_epoch": false,
    "lr": 200.0,
    "momentum": 0.0,
    "mu": 0.0,
    "nodes": 300,
    "seed": 1,
    "sgdtype": "implicit",
    "data_type": "sequential_many"
  },
  "results": {
    "train": {
      "average_loss": [
        0.0031412209689924207,
        0.002487710907757404,
        0.0019482537252802044,
        0.0016781698492219404,
        0.0014962399037560961
      ],
      "average_accuracy": [
        0,
        0,
        0,
        0,
        0
      ]
    },
    "test": {
      "average_loss": [
        0.0031769077339687374,
        0.0025567521081100424,
        0.0020297258516301874,
        0.0017559204141718227,
        0.0015630935290042165
      ],
      "average_accuracy": [
        0,
        0,
        0,
        0,
        0
      ]
    },
    "average_loss_intra_epoch": [
      0.0014962399037560961
    ],
    "average_accuracy_intra_epoch": [
      0
    ],
    "runtime": 551.3365612030029
  }
}