{
  "hyperparameters": {
    "architecture": "classification",
    "batch_size": 100,
    "clipping_threshold": 0.0,
    "dataset_name": "thyroid_classification",
    "epochs": 10,
    "initialization_scale": "\\sqrt{\frac{6}{n+m}}",
    "inner_ISGD_iterations": 0,
    "intra_epoch": false,
    "lr": 50.0,
    "momentum": 0.0,
    "mu": 0.0,
    "nodes": 50,
    "seed": 1,
    "sgdtype": "implicit",
    "data_type": "classification"
  },
  "results": {
    "train": {
      "average_loss": [
        87.72422540598902,
        170.18528964601714,
        37.924818170481714,
        242.8050159585887,
        169.95580456174653,
        181.98670676658892,
        203.4499123671959,
        125.71336719907563,
        49.30411526252483,
        51.20690100768517
      ],
      "average_accuracy": [
        90.95486111111111,
        92.44791666666667,
        92.65625,
        90.39930555555556,
        92.20486111111111,
        90.45138888888889,
        90.22569444444444,
        84.11458333333333,
        91.26736111111111,
        92.51736111111111
      ]
    },
    "test": {
      "average_loss": [
        110.40311915079752,
        215.30890299479168,
        44.295296859741214,
        275.76568806966145,
        186.26495819091798,
        192.69806365966798,
        246.84823608398438,
        139.9744079589844,
        62.51179364522298,
        60.805067761739096
      ],
      "average_accuracy": [
        88.88888888888889,
        90.55555555555556,
        91.80555555555556,
        89.72222222222223,
        91.45833333333333,
        89.79166666666667,
        88.125,
        81.52777777777777,
        89.72222222222223,
        91.04166666666667
      ]
    },
    "average_loss_intra_epoch": [
      51.20690100768517
    ],
    "average_accuracy_intra_epoch": [
      92.51736111111111
    ],
    "runtime": 173.17318201065063
  }
}