{
  "hyperparameters": {
    "architecture": "music",
    "batch_size": 100,
    "clipping_threshold": 1.0,
    "dataset_name": "JSB Chorales",
    "epochs": 5,
    "initialization_scale": "\\sqrt{\frac{6}{n+m}}",
    "inner_ISGD_iterations": 0,
    "intra_epoch": false,
    "lr": 5.0,
    "momentum": 0.0,
    "mu": 0.0,
    "nodes": 300,
    "seed": 4,
    "sgdtype": "implicit",
    "data_type": "sequential_many"
  },
  "results": {
    "train": {
      "average_loss": [
        0.0024076695932689486,
        0.0020258661212631418,
        0.001823411969768949,
        0.0016837713985264659,
        0.0015768184642791423
      ],
      "average_accuracy": [
        0,
        0,
        0,
        0,
        0
      ]
    },
    "test": {
      "average_loss": [
        0.0023589428301066064,
        0.0019892802236710565,
        0.0017952618118097354,
        0.0016620457225309854,
        0.0015597493979662609
      ],
      "average_accuracy": [
        0,
        0,
        0,
        0,
        0
      ]
    },
    "average_loss_intra_epoch": [
      0.0015768184642791423
    ],
    "average_accuracy_intra_epoch": [
      0
    ],
    "runtime": 540.7295191287994
  }
}