{
  "hyperparameters": {
    "architecture": "classification",
    "batch_size": 100,
    "clipping_threshold": 0.0,
    "dataset_name": "cardiotocography-10clases_classification",
    "epochs": 10,
    "initialization_scale": "\\sqrt{\frac{6}{n+m}}",
    "inner_ISGD_iterations": 0,
    "intra_epoch": false,
    "lr": 3.0,
    "momentum": 0.0,
    "mu": 0.0,
    "nodes": 50,
    "seed": 1,
    "sgdtype": "implicit",
    "data_type": "classification"
  },
  "results": {
    "train": {
      "average_loss": [
        23.645577823414524,
        9.272945712594424,
        12.872667593114516,
        11.876836832831888,
        8.496671087601605,
        9.910086968365837,
        7.743345709408031,
        6.352855766520781,
        3.876812177545884,
        5.00524652705473
      ],
      "average_accuracy": [
        31.529411764705884,
        43.705882352941174,
        41.1764705882353,
        34.470588235294116,
        50.35294117647059,
        46.76470588235294,
        49.76470588235294,
        61.529411764705884,
        61.588235294117645,
        58.88235294117647
      ]
    },
    "test": {
      "average_loss": [
        23.66985626220703,
        11.117365264892578,
        13.648822021484374,
        12.414002227783204,
        9.378767585754394,
        10.893137359619141,
        8.037355899810791,
        7.0608007431030275,
        4.685200595855713,
        5.677790927886963
      ],
      "average_accuracy": [
        33.333333333333336,
        38.732394366197184,
        43.89671361502347,
        35.2112676056338,
        50.23474178403756,
        46.478873239436616,
        46.009389671361504,
        57.98122065727699,
        59.859154929577464,
        55.86854460093897
      ]
    },
    "average_loss_intra_epoch": [
      5.00524652705473
    ],
    "average_accuracy_intra_epoch": [
      58.88235294117647
    ],
    "runtime": 15.499865055084229
  }
}