{
  "hyperparameters": {
    "architecture": "classification",
    "batch_size": 100,
    "clipping_threshold": 0.0,
    "dataset_name": "synthetic-control_classification",
    "epochs": 10,
    "initialization_scale": "\\sqrt{\frac{6}{n+m}}",
    "inner_ISGD_iterations": 0,
    "intra_epoch": false,
    "lr": 0.1,
    "momentum": 0.0,
    "mu": 0.0,
    "nodes": 50,
    "seed": 1,
    "sgdtype": "explicit",
    "data_type": "classification"
  },
  "results": {
    "train": {
      "average_loss": [
        1.7232872724533081,
        1.599943256378174,
        1.4063367128372193,
        1.218482208251953,
        1.0894043922424317,
        0.9884254932403564,
        0.8974990963935852,
        0.818776547908783,
        0.7553457140922546,
        0.7025238871574402
      ],
      "average_accuracy": [
        38.541666666666664,
        51.25,
        48.125,
        50.416666666666664,
        51.666666666666664,
        55.625,
        58.958333333333336,
        62.708333333333336,
        67.5,
        75.625
      ]
    },
    "test": {
      "average_loss": [
        1.7355851531028748,
        1.6284756064414978,
        1.4582411646842957,
        1.2858132719993591,
        1.1560432314872742,
        1.044605553150177,
        0.9394473135471344,
        0.8477232754230499,
        0.7755066752433777,
        0.7178791761398315
      ],
      "average_accuracy": [
        36.666666666666664,
        45.0,
        41.666666666666664,
        41.666666666666664,
        44.166666666666664,
        47.5,
        50.0,
        56.666666666666664,
        61.666666666666664,
        69.16666666666667
      ]
    },
    "average_loss_intra_epoch": [
      0.7025238871574402
    ],
    "average_accuracy_intra_epoch": [
      75.625
    ],
    "runtime": 4.0647265911102295
  }
}