{
  "hyperparameters": {
    "architecture": "classification",
    "batch_size": 100,
    "clipping_threshold": 0.0,
    "dataset_name": "abalone_classification",
    "epochs": 10,
    "initialization_scale": "\\sqrt{\frac{6}{n+m}}",
    "inner_ISGD_iterations": 0,
    "intra_epoch": false,
    "lr": 0.5,
    "momentum": 0.0,
    "mu": 0.0,
    "nodes": 50,
    "seed": 1,
    "sgdtype": "explicit",
    "data_type": "classification"
  },
  "results": {
    "train": {
      "average_loss": [
        1.05984387327643,
        0.8357477433541242,
        0.7849925177938798,
        0.7799120299956378,
        0.7758087638546439,
        0.774306107969845,
        0.7727178089758929,
        0.7710928198169259,
        0.7693644078338847,
        0.7672929237870609
      ],
      "average_accuracy": [
        56.65968272972164,
        58.99431307991619,
        62.61598323855133,
        62.97515713858126,
        63.63364262196947,
        63.603711463633644,
        63.75336725531278,
        63.78329841364861,
        63.57378030529782,
        63.75336725531278
      ]
    },
    "test": {
      "average_loss": [
        1.0620007117589314,
        0.8457443515459696,
        0.7955367035335965,
        0.7929374575614929,
        0.7881264090538025,
        0.7868785328335233,
        0.7856319944063822,
        0.7843216061592102,
        0.78287806113561,
        0.7810354696379768
      ],
      "average_accuracy": [
        55.50239234449761,
        56.45933014354067,
        61.24401913875598,
        62.32057416267943,
        61.72248803827751,
        61.961722488038276,
        61.961722488038276,
        62.08133971291866,
        62.20095693779904,
        62.67942583732057
      ]
    },
    "average_loss_intra_epoch": [
      0.7672929237870609
    ],
    "average_accuracy_intra_epoch": [
      63.75336725531278
    ],
    "runtime": 1.5273849964141846
  }
}