{
  "hyperparameters": {
    "architecture": "classification",
    "batch_size": 100,
    "clipping_threshold": 0.0,
    "dataset_name": "titanic_classification",
    "epochs": 10,
    "initialization_scale": "\\sqrt{\frac{6}{n+m}}",
    "inner_ISGD_iterations": 0,
    "intra_epoch": false,
    "lr": 50.0,
    "momentum": 0.0,
    "mu": 0.0,
    "nodes": 50,
    "seed": 1,
    "sgdtype": "implicit",
    "data_type": "classification"
  },
  "results": {
    "train": {
      "average_loss": [
        28.96027512020535,
        68.74084239535861,
        123.12147903442383,
        224.52059343126086,
        141.83315785725912,
        127.07750447591145,
        185.77136654324002,
        99.55140686035156,
        15.334695710076225,
        58.33476575215658
      ],
      "average_accuracy": [
        67.72727272727273,
        67.72727272727273,
        67.72727272727273,
        32.27272727272727,
        32.27272727272727,
        32.27272727272727,
        32.27272727272727,
        32.27272727272727,
        67.72727272727273,
        67.72727272727273
      ]
    },
    "test": {
      "average_loss": [
        28.033632659912108,
        66.5413703918457,
        119.18202362060546,
        227.9823486328125,
        144.02001953125,
        129.03685150146484,
        188.63570556640624,
        101.0863525390625,
        14.844109916687012,
        56.4683334350586
      ],
      "average_accuracy": [
        67.57369614512471,
        67.57369614512471,
        67.57369614512471,
        32.426303854875286,
        32.426303854875286,
        32.426303854875286,
        32.426303854875286,
        32.426303854875286,
        67.57369614512471,
        67.57369614512471
      ]
    },
    "average_loss_intra_epoch": [
      58.33476575215658
    ],
    "average_accuracy_intra_epoch": [
      67.72727272727273
    ],
    "runtime": 13.470122575759888
  }
}