{
  "hyperparameters": {
    "architecture": "classification",
    "batch_size": 100,
    "clipping_threshold": 0.0,
    "dataset_name": "credit-approval_classification",
    "epochs": 10,
    "initialization_scale": "\\sqrt{\frac{6}{n+m}}",
    "inner_ISGD_iterations": 0,
    "intra_epoch": false,
    "lr": 30.0,
    "momentum": 0.0,
    "mu": 0.0,
    "nodes": 50,
    "seed": 1,
    "sgdtype": "implicit",
    "data_type": "classification"
  },
  "results": {
    "train": {
      "average_loss": [
        367.5921986897786,
        45.74495633443197,
        283.1138559977214,
        278.9767023722331,
        29.314991633097332,
        62.993377685546875,
        81.51653798421223,
        65.8035119374593,
        269.86290486653644,
        31.86359405517578
      ],
      "average_accuracy": [
        67.02898550724638,
        78.07971014492753,
        70.47101449275362,
        72.46376811594203,
        82.78985507246377,
        54.528985507246375,
        33.51449275362319,
        67.57246376811594,
        74.27536231884058,
        81.34057971014492
      ]
    },
    "test": {
      "average_loss": [
        442.2603302001953,
        59.47066879272461,
        319.50897216796875,
        340.3561248779297,
        20.07579803466797,
        51.09747314453125,
        91.90038681030273,
        74.2511215209961,
        271.251953125,
        30.593863487243652
      ],
      "average_accuracy": [
        63.04347826086956,
        73.91304347826087,
        64.4927536231884,
        64.4927536231884,
        84.78260869565217,
        52.89855072463768,
        40.57971014492754,
        59.42028985507246,
        71.01449275362319,
        78.26086956521739
      ]
    },
    "average_loss_intra_epoch": [
      31.86359405517578
    ],
    "average_accuracy_intra_epoch": [
      81.34057971014492
    ],
    "runtime": 15.498425483703613
  }
}