{
  "hyperparameters": {
    "architecture": "classification",
    "batch_size": 100,
    "clipping_threshold": 0.0,
    "dataset_name": "contrac_classification",
    "epochs": 10,
    "initialization_scale": "\\sqrt{\frac{6}{n+m}}",
    "inner_ISGD_iterations": 0,
    "intra_epoch": false,
    "lr": 50.0,
    "momentum": 0.0,
    "mu": 0.0,
    "nodes": 50,
    "seed": 1,
    "sgdtype": "implicit",
    "data_type": "classification"
  },
  "results": {
    "train": {
      "average_loss": [
        306.4421106974284,
        41.52033615112305,
        165.65990447998047,
        208.82701110839844,
        184.50863774617514,
        225.8469721476237,
        125.7982349395752,
        127.05227025349934,
        162.04265975952148,
        181.85864384969076
      ],
      "average_accuracy": [
        23.68421052631579,
        29.881154499151105,
        40.66213921901528,
        40.83191850594228,
        37.86078098471987,
        22.580645161290324,
        40.916808149405774,
        35.568760611205434,
        42.444821731748725,
        36.502546689303905
      ]
    },
    "test": {
      "average_loss": [
        295.0541483561198,
        40.40590286254883,
        172.96620178222656,
        218.04513041178384,
        179.2608184814453,
        224.06075032552084,
        118.70883687337239,
        134.15592193603516,
        157.33476765950522,
        195.3991953531901
      ],
      "average_accuracy": [
        26.10169491525424,
        29.491525423728813,
        38.644067796610166,
        38.983050847457626,
        41.016949152542374,
        24.406779661016948,
        41.355932203389834,
        36.94915254237288,
        43.728813559322035,
        34.91525423728814
      ]
    },
    "average_loss_intra_epoch": [
      181.85864384969076
    ],
    "average_accuracy_intra_epoch": [
      36.502546689303905
    ],
    "runtime": 19.937638998031616
  }
}