{
  "hyperparameters": {
    "architecture": "classification",
    "batch_size": 100,
    "clipping_threshold": 0.0,
    "dataset_name": "soybean_classification",
    "epochs": 10,
    "initialization_scale": "\\sqrt{\frac{6}{n+m}}",
    "inner_ISGD_iterations": 0,
    "intra_epoch": false,
    "lr": 30.0,
    "momentum": 0.0,
    "mu": 0.0,
    "nodes": 50,
    "seed": 1,
    "sgdtype": "implicit",
    "data_type": "classification"
  },
  "results": {
    "train": {
      "average_loss": [
        607.6735534667969,
        420.70830790201825,
        188.34037017822266,
        192.2914072672526,
        227.9768549601237,
        297.94401295979816,
        209.17068481445312,
        279.50484975179035,
        160.14956410725912,
        161.14398956298828
      ],
      "average_accuracy": [
        17.032967032967033,
        17.94871794871795,
        21.428571428571427,
        21.428571428571427,
        21.428571428571427,
        21.245421245421245,
        12.271062271062272,
        16.483516483516482,
        27.106227106227106,
        24.725274725274726
      ]
    },
    "test": {
      "average_loss": [
        682.9236450195312,
        314.0421142578125,
        192.36227416992188,
        205.72745513916016,
        205.171142578125,
        265.62831115722656,
        190.29682159423828,
        287.45121002197266,
        156.0872039794922,
        151.20939254760742
      ],
      "average_accuracy": [
        16.05839416058394,
        22.62773722627737,
        27.00729927007299,
        13.86861313868613,
        19.708029197080293,
        23.357664233576642,
        13.138686131386862,
        16.05839416058394,
        22.62773722627737,
        20.437956204379564
      ]
    },
    "average_loss_intra_epoch": [
      161.14398956298828
    ],
    "average_accuracy_intra_epoch": [
      24.725274725274726
    ],
    "runtime": 29.31791615486145
  }
}