{
  "hyperparameters": {
    "architecture": "classification",
    "batch_size": 100,
    "clipping_threshold": 0.0,
    "dataset_name": "dermatology_classification",
    "epochs": 10,
    "initialization_scale": "\\sqrt{\frac{6}{n+m}}",
    "inner_ISGD_iterations": 0,
    "intra_epoch": false,
    "lr": 50.0,
    "momentum": 0.0,
    "mu": 0.0,
    "nodes": 50,
    "seed": 1,
    "sgdtype": "implicit",
    "data_type": "classification"
  },
  "results": {
    "train": {
      "average_loss": [
        752.2247111002604,
        573.484120686849,
        303.78004964192706,
        439.1761779785156,
        375.7925618489583,
        464.85768636067706,
        265.0657908121745,
        298.77930704752606,
        272.78481038411456,
        170.2615966796875
      ],
      "average_accuracy": [
        29.794520547945204,
        26.36986301369863,
        63.013698630136986,
        70.20547945205479,
        56.50684931506849,
        69.86301369863014,
        57.87671232876713,
        57.534246575342465,
        58.9041095890411,
        62.32876712328767
      ]
    },
    "test": {
      "average_loss": [
        668.2339477539062,
        557.90673828125,
        335.11199951171875,
        494.6729736328125,
        346.4571838378906,
        449.1045837402344,
        249.70130920410156,
        282.6376037597656,
        223.6352996826172,
        117.91096496582031
      ],
      "average_accuracy": [
        33.78378378378378,
        25.675675675675677,
        64.86486486486487,
        66.21621621621621,
        59.45945945945946,
        67.56756756756756,
        60.810810810810814,
        58.108108108108105,
        67.56756756756756,
        75.67567567567568
      ]
    },
    "average_loss_intra_epoch": [
      170.2615966796875
    ],
    "average_accuracy_intra_epoch": [
      62.32876712328767
    ],
    "runtime": 16.060381412506104
  }
}