{
  "hyperparameters": {
    "architecture": "classification",
    "batch_size": 100,
    "clipping_threshold": 0.0,
    "dataset_name": "iris_classification",
    "epochs": 10,
    "initialization_scale": "\\sqrt{\frac{6}{n+m}}",
    "inner_ISGD_iterations": 0,
    "intra_epoch": false,
    "lr": 30.0,
    "momentum": 0.0,
    "mu": 0.0,
    "nodes": 50,
    "seed": 1,
    "sgdtype": "explicit",
    "data_type": "classification"
  },
  "results": {
    "train": {
      "average_loss": [
        8.057415962219238,
        28.096458435058594,
        91.09565353393555,
        19.08042621612549,
        58.928611755371094,
        64.59618377685547,
        43.890939712524414,
        90.87112045288086,
        22.60897731781006,
        14.586304664611816
      ],
      "average_accuracy": [
        36.666666666666664,
        11.666666666666666,
        30.833333333333332,
        44.166666666666664,
        44.166666666666664,
        12.5,
        55.0,
        30.833333333333332,
        44.166666666666664,
        53.333333333333336
      ]
    },
    "test": {
      "average_loss": [
        9.738053321838379,
        32.29418182373047,
        96.0888442993164,
        15.949365615844727,
        39.86346435546875,
        66.1369857788086,
        53.53113555908203,
        70.85574340820312,
        12.653775215148926,
        15.440472602844238
      ],
      "average_accuracy": [
        20.0,
        6.666666666666667,
        43.333333333333336,
        53.333333333333336,
        53.333333333333336,
        16.666666666666668,
        46.666666666666664,
        43.333333333333336,
        53.333333333333336,
        60.0
      ]
    },
    "average_loss_intra_epoch": [
      14.586304664611816
    ],
    "average_accuracy_intra_epoch": [
      53.333333333333336
    ],
    "runtime": 3.7937614917755127
  }
}