{
  "hyperparameters": {
    "architecture": "classification",
    "batch_size": 1,
    "clipping_threshold": 0.0,
    "dataset_name": "classification_annealing",
    "epochs": 10,
    "initialization_scale": "\\sqrt{\frac{6}{n+m}}",
    "inner_ISGD_iterations": 0,
    "intra_epoch": false,
    "lr": 0.0002,
    "momentum": 0.0,
    "mu": 0.0,
    "nodes": 50,
    "seed": 1,
    "sgdtype": "explicit",
    "data_type": "classification"
  },
  "results": {
    "train": {
      "average_loss": [
        1.4811936615237287,
        1.40653039137301,
        1.3388751619041463,
        1.2771525158025427,
        1.2214993471720756,
        1.1712578508515212,
        1.126148356700674,
        1.0859373028397892,
        1.0503843918152174,
        1.0191910630481156
      ],
      "average_accuracy": [
        75.06963788300835,
        75.4874651810585,
        75.6267409470752,
        75.6267409470752,
        75.6267409470752,
        75.6267409470752,
        75.6267409470752,
        75.6267409470752,
        75.6267409470752,
        75.6267409470752
      ]
    },
    "test": {
      "average_loss": [
        1.4735327978928885,
        1.395317214065128,
        1.3242598831653596,
        1.2597155998150507,
        1.20083220369286,
        1.1474337650669946,
        1.0992662075493072,
        1.0561059865686628,
        1.0177245954672496,
        0.9840239961942037
      ],
      "average_accuracy": [
        76.66666666666667,
        78.33333333333333,
        78.33333333333333,
        78.33333333333333,
        78.33333333333333,
        78.33333333333333,
        78.33333333333333,
        78.33333333333333,
        78.33333333333333,
        78.33333333333333
      ]
    },
    "average_loss_intra_epoch": [
      1.0191910630481156
    ],
    "average_accuracy_intra_epoch": [
      75.6267409470752
    ],
    "runtime": 35.63984560966492
  }
}