{
  "hyperparameters": {
    "architecture": "classification",
    "batch_size": 100,
    "clipping_threshold": 0.0,
    "dataset_name": "contrac_classification",
    "epochs": 10,
    "initialization_scale": "\\sqrt{\frac{6}{n+m}}",
    "inner_ISGD_iterations": 0,
    "intra_epoch": false,
    "lr": 3.0,
    "momentum": 0.0,
    "mu": 0.0,
    "nodes": 50,
    "seed": 1,
    "sgdtype": "explicit",
    "data_type": "classification"
  },
  "results": {
    "train": {
      "average_loss": [
        1.077232817808787,
        1.0649393101533253,
        1.0433621754248936,
        1.0388792206843693,
        1.0259501884380977,
        1.018077755967776,
        1.0119184851646423,
        1.0071263660987217,
        1.003300314148267,
        0.9996449599663416
      ],
      "average_accuracy": [
        46.09507640067912,
        47.11375212224109,
        45.50084889643463,
        46.34974533106961,
        48.13242784380306,
        48.217317487266556,
        49.235993208828525,
        50.169779286926996,
        50.42444821731749,
        50.59422750424448
      ]
    },
    "test": {
      "average_loss": [
        1.0793420473734539,
        1.0661462148030598,
        1.0517340103785198,
        1.047295610109965,
        1.0310351053873699,
        1.019980827967326,
        1.0115616122881572,
        1.004538635412852,
        0.9992137551307678,
        0.9941161473592123
      ],
      "average_accuracy": [
        42.71186440677966,
        48.47457627118644,
        44.40677966101695,
        45.76271186440678,
        45.76271186440678,
        45.08474576271186,
        47.45762711864407,
        48.813559322033896,
        52.20338983050848,
        51.52542372881356
      ]
    },
    "average_loss_intra_epoch": [
      0.9996449599663416
    ],
    "average_accuracy_intra_epoch": [
      50.59422750424448
    ],
    "runtime": 4.6649980545043945
  }
}