{
  "hyperparameters": {
    "architecture": "classification",
    "batch_size": 100,
    "clipping_threshold": 0.0,
    "dataset_name": "adult_classification",
    "epochs": 10,
    "initialization_scale": "\\sqrt{\frac{6}{n+m}}",
    "inner_ISGD_iterations": 0,
    "intra_epoch": false,
    "lr": 30.0,
    "momentum": 0.0,
    "mu": 0.0,
    "nodes": 50,
    "seed": 1,
    "sgdtype": "implicit",
    "data_type": "classification"
  },
  "results": {
    "train": {
      "average_loss": [
        57.71490512174719,
        52.29666517213787,
        22.911129163659137,
        13.927778982445407,
        15.87039073836773,
        25.100937494536495,
        25.2176059896074,
        19.156058462684417,
        9.639054941704206,
        12.224671557736214
      ],
      "average_accuracy": [
        72.03695646610191,
        80.48268625393494,
        73.31661249456147,
        76.50295600542574,
        69.51091546592276,
        69.97415094822512,
        78.68093056586389,
        71.86804187034525,
        72.87385150871445,
        69.49555959358125
      ]
    },
    "test": {
      "average_loss": [
        59.21322962702537,
        51.67595522744315,
        24.08967470636173,
        14.033629261717504,
        16.330387232254964,
        25.61765988992185,
        25.689246781018316,
        19.953751155308314,
        9.785891328539167,
        12.18423028868072
      ],
      "average_accuracy": [
        71.32766915753915,
        80.77592384072065,
        72.45368000818917,
        76.33329921179241,
        68.6764254273723,
        69.78196335346504,
        78.47271982802744,
        71.05128467601597,
        72.27966014945235,
        70.32449585423278
      ]
    },
    "average_loss_intra_epoch": [
      12.224671557736214
    ],
    "average_accuracy_intra_epoch": [
      69.49555959358125
    ],
    "runtime": 842.8072257041931
  }
}