{
  "hyperparameters": {
    "architecture": "classification",
    "batch_size": 100,
    "clipping_threshold": 0.0,
    "dataset_name": "pima_classification",
    "epochs": 10,
    "initialization_scale": "\\sqrt{\frac{6}{n+m}}",
    "inner_ISGD_iterations": 0,
    "intra_epoch": false,
    "lr": 0.1,
    "momentum": 0.0,
    "mu": 0.0,
    "nodes": 50,
    "seed": 1,
    "sgdtype": "implicit",
    "data_type": "classification"
  },
  "results": {
    "train": {
      "average_loss": [
        0.657037615776062,
        0.6567746485982623,
        0.6566349182810102,
        0.6565535920006889,
        0.6565007141658238,
        0.65646174124309,
        0.6564296739442008,
        0.656400842326028,
        0.6563731857708522,
        0.6563454014914376
      ],
      "average_accuracy": [
        65.30944625407166,
        65.30944625407166,
        65.30944625407166,
        65.30944625407166,
        65.30944625407166,
        65.30944625407166,
        65.30944625407166,
        65.30944625407166,
        65.30944625407166,
        65.30944625407166
      ]
    },
    "test": {
      "average_loss": [
        0.6522328853607178,
        0.6517916619777679,
        0.6515316963195801,
        0.6513688862323761,
        0.6512596905231476,
        0.6511813402175903,
        0.6511210203170776,
        0.6510711014270782,
        0.6510270237922668,
        0.6509861052036285
      ],
      "average_accuracy": [
        64.28571428571429,
        64.28571428571429,
        64.28571428571429,
        64.28571428571429,
        64.28571428571429,
        64.28571428571429,
        64.28571428571429,
        64.28571428571429,
        64.28571428571429,
        64.28571428571429
      ]
    },
    "average_loss_intra_epoch": [
      0.6563454014914376
    ],
    "average_accuracy_intra_epoch": [
      65.30944625407166
    ],
    "runtime": 11.702468633651733
  }
}