{
  "hyperparameters": {
    "architecture": "classification",
    "batch_size": 100,
    "clipping_threshold": 0.0,
    "dataset_name": "audiology-std_classification",
    "epochs": 10,
    "initialization_scale": "\\sqrt{\frac{6}{n+m}}",
    "inner_ISGD_iterations": 0,
    "intra_epoch": false,
    "lr": 0.01,
    "momentum": 0.0,
    "mu": 0.0,
    "nodes": 50,
    "seed": 1,
    "sgdtype": "explicit",
    "data_type": "classification"
  },
  "results": {
    "train": {
      "average_loss": [
        2.88666832447052,
        2.883036255836487,
        2.879417300224304,
        2.875809669494629,
        2.8722140789031982,
        2.868628978729248,
        2.865056037902832,
        2.861492395401001,
        2.857939600944519,
        2.8543962240219116
      ],
      "average_accuracy": [
        1.2820512820512822,
        1.9230769230769231,
        1.9230769230769231,
        1.9230769230769231,
        1.9230769230769231,
        1.9230769230769231,
        4.487179487179487,
        5.769230769230769,
        6.410256410256411,
        7.051282051282051
      ]
    },
    "test": {
      "average_loss": [
        2.871394157409668,
        2.8678221702575684,
        2.864262104034424,
        2.8607144355773926,
        2.8571791648864746,
        2.853654384613037,
        2.850142002105713,
        2.846639394760132,
        2.8431479930877686,
        2.8396661281585693
      ],
      "average_accuracy": [
        0.0,
        0.0,
        0.0,
        0.0,
        2.5,
        2.5,
        7.5,
        7.5,
        7.5,
        10.0
      ]
    },
    "average_loss_intra_epoch": [
      2.8543962240219116
    ],
    "average_accuracy_intra_epoch": [
      7.051282051282051
    ],
    "runtime": 3.479975700378418
  }
}