{
  "hyperparameters": {
    "architecture": "classification",
    "batch_size": 100,
    "clipping_threshold": 0.0,
    "dataset_name": "spambase_classification",
    "epochs": 10,
    "initialization_scale": "\\sqrt{\frac{6}{n+m}}",
    "inner_ISGD_iterations": 0,
    "intra_epoch": false,
    "lr": 10.0,
    "momentum": 0.0,
    "mu": 0.0,
    "nodes": 50,
    "seed": 1,
    "sgdtype": "explicit",
    "data_type": "classification"
  },
  "results": {
    "train": {
      "average_loss": [
        22.55269009358174,
        23.79805474667936,
        39.13863821287413,
        7.195775798849158,
        26.201981982669317,
        8.508300652375093,
        14.983185188190356,
        7.01166139100049,
        12.354679210765942,
        20.925002613583125
      ],
      "average_accuracy": [
        86.08695652173913,
        86.08695652173913,
        52.20108695652174,
        82.52717391304348,
        76.65760869565217,
        85.81521739130434,
        78.39673913043478,
        84.8913043478261,
        74.97282608695652,
        75.46195652173913
      ]
    },
    "test": {
      "average_loss": [
        15.69913420677185,
        17.55253981465321,
        41.438699340820314,
        7.043354821205139,
        24.737935638427736,
        8.840429997444152,
        14.210544347763062,
        6.173714232444763,
        12.170812273025513,
        20.77685966491699
      ],
      "average_accuracy": [
        89.14223669923996,
        86.97068403908794,
        49.728555917480996,
        82.62757871878394,
        76.9815418023887,
        86.31921824104235,
        78.82736156351791,
        87.07926167209556,
        75.8957654723127,
        74.48425624321389
      ]
    },
    "average_loss_intra_epoch": [
      20.925002613583125
    ],
    "average_accuracy_intra_epoch": [
      75.46195652173913
    ],
    "runtime": 9.287003755569458
  }
}