{
  "hyperparameters": {
    "architecture": "classification",
    "batch_size": 100,
    "clipping_threshold": 0.0,
    "dataset_name": "trains_classification",
    "epochs": 10,
    "initialization_scale": "\\sqrt{\frac{6}{n+m}}",
    "inner_ISGD_iterations": 0,
    "intra_epoch": false,
    "lr": 5.0,
    "momentum": 0.0,
    "mu": 0.0,
    "nodes": 50,
    "seed": 1,
    "sgdtype": "implicit",
    "data_type": "classification"
  },
  "results": {
    "train": {
      "average_loss": [
        0.6471927165985107,
        0.455847829580307,
        0.8488406538963318,
        0.5130353569984436,
        0.39483630657196045,
        1.729975938796997,
        20.23211669921875,
        38.638771057128906,
        179.4615936279297,
        55.27665328979492
      ],
      "average_accuracy": [
        50.0,
        87.5,
        50.0,
        62.5,
        75.0,
        87.5,
        25.0,
        62.5,
        37.5,
        62.5
      ]
    },
    "test": {
      "average_loss": [
        0.6813935041427612,
        0.24445009231567383,
        0.7848107814788818,
        0.6080975532531738,
        0.0043526384979486465,
        10.060837745666504,
        31.156864166259766,
        50.80030059814453,
        143.6408233642578,
        53.91038513183594
      ],
      "average_accuracy": [
        50.0,
        100.0,
        50.0,
        50.0,
        100.0,
        50.0,
        0.0,
        50.0,
        50.0,
        50.0
      ]
    },
    "average_loss_intra_epoch": [
      55.27665328979492
    ],
    "average_accuracy_intra_epoch": [
      62.5
    ],
    "runtime": 3.857597827911377
  }
}