{
  "hyperparameters": {
    "architecture": "classification",
    "batch_size": 100,
    "clipping_threshold": 0.0,
    "dataset_name": "audiology-std_classification",
    "epochs": 10,
    "initialization_scale": "\\sqrt{\frac{6}{n+m}}",
    "inner_ISGD_iterations": 0,
    "intra_epoch": false,
    "lr": 10.0,
    "momentum": 0.0,
    "mu": 0.0,
    "nodes": 50,
    "seed": 1,
    "sgdtype": "explicit",
    "data_type": "classification"
  },
  "results": {
    "train": {
      "average_loss": [
        4.317044734954834,
        385.77772521972656,
        130.80741119384766,
        117.15933609008789,
        177.53816986083984,
        139.10910034179688,
        89.71382904052734,
        134.73041534423828,
        51.107473373413086,
        57.28427505493164
      ],
      "average_accuracy": [
        35.8974358974359,
        13.461538461538462,
        8.974358974358974,
        25.641025641025642,
        28.205128205128204,
        23.076923076923077,
        37.82051282051282,
        32.05128205128205,
        30.76923076923077,
        39.743589743589745
      ]
    },
    "test": {
      "average_loss": [
        3.10269832611084,
        411.2427673339844,
        132.75152587890625,
        122.07414245605469,
        169.81532287597656,
        158.5125274658203,
        108.26014709472656,
        149.6761016845703,
        64.90990447998047,
        61.76818084716797
      ],
      "average_accuracy": [
        45.0,
        7.5,
        7.5,
        30.0,
        30.0,
        20.0,
        32.5,
        35.0,
        25.0,
        37.5
      ]
    },
    "average_loss_intra_epoch": [
      57.28427505493164
    ],
    "average_accuracy_intra_epoch": [
      39.743589743589745
    ],
    "runtime": 3.904186248779297
  }
}