{
  "hyperparameters": {
    "architecture": "classification",
    "batch_size": 100,
    "clipping_threshold": 0.0,
    "dataset_name": "vertebral-column-3clases_classification",
    "epochs": 10,
    "initialization_scale": "\\sqrt{\frac{6}{n+m}}",
    "inner_ISGD_iterations": 0,
    "intra_epoch": false,
    "lr": 0.01,
    "momentum": 0.0,
    "mu": 0.0,
    "nodes": 50,
    "seed": 1,
    "sgdtype": "explicit",
    "data_type": "classification"
  },
  "results": {
    "train": {
      "average_loss": [
        1.1004322369893391,
        1.0990841388702393,
        1.0977713267008464,
        1.0964924097061157,
        1.0952466328938801,
        1.0940326849619548,
        1.0928500096003215,
        1.0916975339253743,
        1.0905745029449463,
        1.089479962984721
      ],
      "average_accuracy": [
        47.983870967741936,
        47.983870967741936,
        47.983870967741936,
        47.983870967741936,
        47.983870967741936,
        47.983870967741936,
        47.983870967741936,
        47.983870967741936,
        47.983870967741936,
        47.983870967741936
      ]
    },
    "test": {
      "average_loss": [
        1.1005494594573975,
        1.0989270210266113,
        1.0973429679870605,
        1.0957963466644287,
        1.0942867994308472,
        1.0928125381469727,
        1.0913732051849365,
        1.089967131614685,
        1.0885939598083496,
        1.0872528553009033
      ],
      "average_accuracy": [
        50.0,
        50.0,
        50.0,
        50.0,
        50.0,
        50.0,
        50.0,
        50.0,
        50.0,
        50.0
      ]
    },
    "average_loss_intra_epoch": [
      1.089479962984721
    ],
    "average_accuracy_intra_epoch": [
      47.983870967741936
    ],
    "runtime": 3.6468684673309326
  }
}