{
  "hyperparameters": {
    "architecture": "classification",
    "batch_size": 100,
    "clipping_threshold": 0.0,
    "dataset_name": "ionosphere_classification",
    "epochs": 10,
    "initialization_scale": "\\sqrt{\frac{6}{n+m}}",
    "inner_ISGD_iterations": 0,
    "intra_epoch": false,
    "lr": 30.0,
    "momentum": 0.0,
    "mu": 0.0,
    "nodes": 50,
    "seed": 1,
    "sgdtype": "explicit",
    "data_type": "classification"
  },
  "results": {
    "train": {
      "average_loss": [
        172.96789042154947,
        369.4533386230469,
        128.01312764485678,
        142.14572397867838,
        606.4058024088541,
        1065.0884399414062,
        726.1396077473959,
        462.24733479817706,
        86.20289357503255,
        101.65677388509114
      ],
      "average_accuracy": [
        63.92857142857143,
        61.07142857142857,
        63.57142857142857,
        40.0,
        40.0,
        39.642857142857146,
        61.42857142857143,
        62.857142857142854,
        63.57142857142857,
        67.14285714285714
      ]
    },
    "test": {
      "average_loss": [
        139.56996154785156,
        278.6484069824219,
        105.06839752197266,
        172.43728637695312,
        700.1895141601562,
        1220.2845458984375,
        546.5432739257812,
        351.2779846191406,
        74.46411895751953,
        133.4244842529297
      ],
      "average_accuracy": [
        70.4225352112676,
        69.01408450704226,
        71.83098591549296,
        32.394366197183096,
        32.394366197183096,
        32.394366197183096,
        69.01408450704226,
        69.01408450704226,
        71.83098591549296,
        57.74647887323944
      ]
    },
    "average_loss_intra_epoch": [
      101.65677388509114
    ],
    "average_accuracy_intra_epoch": [
      67.14285714285714
    ],
    "runtime": 3.845473051071167
  }
}