{
  "hyperparameters": {
    "architecture": "classification",
    "batch_size": 100,
    "clipping_threshold": 0.0,
    "dataset_name": "pendigits_classification",
    "epochs": 10,
    "initialization_scale": "\\sqrt{\frac{6}{n+m}}",
    "inner_ISGD_iterations": 0,
    "intra_epoch": false,
    "lr": 5.0,
    "momentum": 0.0,
    "mu": 0.0,
    "nodes": 50,
    "seed": 1,
    "sgdtype": "implicit",
    "data_type": "classification"
  },
  "results": {
    "train": {
      "average_loss": [
        3.5399188561873003,
        3.269663906910203,
        0.695890086279674,
        0.7185699086297642,
        0.6434620927003297,
        0.47329294825480744,
        0.3597116421230815,
        0.3116313794797117,
        0.31273892674256454,
        0.2642066127789969
      ],
      "average_accuracy": [
        61.18503354941431,
        59.854429659956786,
        86.7280791538724,
        87.31945866029797,
        88.13829182304106,
        91.53872398498805,
        92.56226543841693,
        93.61992494029342,
        93.47208006368703,
        94.64346639372228
      ]
    },
    "test": {
      "average_loss": [
        3.491519581187855,
        3.5622793490236457,
        0.745597087524154,
        0.7545421252196486,
        0.6290982406247746,
        0.5284558324651285,
        0.4010131372646852,
        0.362126695161516,
        0.38235406509854575,
        0.29197917777028953
      ],
      "average_accuracy": [
        61.391541609822646,
        59.07230559345157,
        86.49386084583902,
        86.9031377899045,
        87.40336516598454,
        90.99590723055934,
        91.31423374261028,
        92.45111414279218,
        92.90586630286494,
        93.58799454297407
      ]
    },
    "average_loss_intra_epoch": [
      0.2642066127789969
    ],
    "average_accuracy_intra_epoch": [
      94.64346639372228
    ],
    "runtime": 207.88280963897705
  }
}