{
  "hyperparameters": {
    "architecture": "music",
    "batch_size": 100,
    "clipping_threshold": 0.0,
    "dataset_name": "Nottingham",
    "epochs": 10,
    "initialization_scale": "\\sqrt{\frac{6}{n+m}}",
    "inner_ISGD_iterations": 0,
    "intra_epoch": false,
    "lr": 0.01,
    "momentum": 0.0,
    "mu": 0.0,
    "nodes": 50,
    "seed": 1,
    "sgdtype": "explicit",
    "data_type": "sequential_many"
  },
  "results": {
    "train": {
      "average_loss": [
        24.27532948368908,
        22.108042477530773,
        21.117891942046217,
        20.50866494501702,
        20.03946273505516,
        19.696607955594573,
        19.435030900435763,
        19.22209342343663,
        19.040647927210035,
        18.878106708485387
      ],
      "average_accuracy": [
        0,
        0,
        0,
        0,
        0,
        0,
        0,
        0,
        0,
        0
      ]
    },
    "test": {
      "average_loss": [
        25.454847035688513,
        23.222314192267024,
        22.204272388009464,
        21.566114686517153,
        21.064008881064023,
        20.702688253627105,
        20.431501691481646,
        20.21296967338113,
        20.027885857750388,
        19.863068426356595
      ],
      "average_accuracy": [
        0,
        0,
        0,
        0,
        0,
        0,
        0,
        0,
        0,
        0
      ]
    },
    "average_loss_intra_epoch": [
      18.878106708485387
    ],
    "average_accuracy_intra_epoch": [
      0
    ],
    "runtime": 2971.2982149124146
  }
}