{
  "hyperparameters": {
    "architecture": "classification",
    "batch_size": 100,
    "clipping_threshold": 0.0,
    "dataset_name": "blood_classification",
    "epochs": 10,
    "initialization_scale": "\\sqrt{\frac{6}{n+m}}",
    "inner_ISGD_iterations": 0,
    "intra_epoch": false,
    "lr": 10.0,
    "momentum": 0.0,
    "mu": 0.0,
    "nodes": 50,
    "seed": 1,
    "sgdtype": "implicit",
    "data_type": "classification"
  },
  "results": {
    "train": {
      "average_loss": [
        1.5651283065478008,
        16.86727984746297,
        5.264886856079102,
        27.2962163289388,
        8.84009869893392,
        32.35519886016846,
        18.508529980977375,
        0.5725350181261698,
        3.6921070416768393,
        28.88045024871826
      ],
      "average_accuracy": [
        22.909698996655518,
        77.09030100334448,
        22.909698996655518,
        77.09030100334448,
        77.09030100334448,
        22.909698996655518,
        77.09030100334448,
        77.09030100334448,
        22.909698996655518,
        77.09030100334448
      ]
    },
    "test": {
      "average_loss": [
        1.4809268712997437,
        20.236226081848145,
        4.9526166915893555,
        32.74820327758789,
        10.605749607086182,
        30.434231758117676,
        22.20532989501953,
        0.600873202085495,
        3.4733294248580933,
        34.648887634277344
      ],
      "average_accuracy": [
        27.333333333333332,
        72.66666666666667,
        27.333333333333332,
        72.66666666666667,
        72.66666666666667,
        27.333333333333332,
        72.66666666666667,
        72.66666666666667,
        27.333333333333332,
        72.66666666666667
      ]
    },
    "average_loss_intra_epoch": [
      28.88045024871826
    ],
    "average_accuracy_intra_epoch": [
      77.09030100334448
    ],
    "runtime": 7.380763053894043
  }
}