{
  "hyperparameters": {
    "architecture": "music",
    "batch_size": 100,
    "clipping_threshold": 0.0,
    "dataset_name": "Piano-midi.de",
    "epochs": 5,
    "initialization_scale": "\\sqrt{\frac{6}{n+m}}",
    "inner_ISGD_iterations": 0,
    "intra_epoch": false,
    "lr": 2.0,
    "momentum": 0.0,
    "mu": 0.0,
    "nodes": 300,
    "seed": 1,
    "sgdtype": "explicit",
    "data_type": "sequential_many"
  },
  "results": {
    "train": {
      "average_loss": [
        0.0013066642088400756,
        0.0010709103997047435,
        0.0008861482619768244,
        0.0007592387405095686,
        0.0006763597662813544
      ],
      "average_accuracy": [
        0,
        0,
        0,
        0,
        0
      ]
    },
    "test": {
      "average_loss": [
        0.0015095223759999498,
        0.0012392951047513635,
        0.001031864851829596,
        0.000890485605923459,
        0.000799025358282961
      ],
      "average_accuracy": [
        0,
        0,
        0,
        0,
        0
      ]
    },
    "average_loss_intra_epoch": [
      0.0006763597662813544
    ],
    "average_accuracy_intra_epoch": [
      0
    ],
    "runtime": 1167.0785205364227
  }
}