{
  "hyperparameters": {
    "architecture": "classification",
    "batch_size": 100,
    "clipping_threshold": 0.0,
    "dataset_name": "statlog-australian-credit_classification",
    "epochs": 10,
    "initialization_scale": "\\sqrt{\frac{6}{n+m}}",
    "inner_ISGD_iterations": 0,
    "intra_epoch": false,
    "lr": 1.0,
    "momentum": 0.0,
    "mu": 0.0,
    "nodes": 50,
    "seed": 1,
    "sgdtype": "explicit",
    "data_type": "classification"
  },
  "results": {
    "train": {
      "average_loss": [
        0.6444053947925568,
        0.6442488729953766,
        0.644135057926178,
        0.6440233985582987,
        0.6439046859741211,
        0.6437690655390421,
        0.6436045070489248,
        0.6433935761451721,
        0.6431105236212412,
        0.6427140831947327
      ],
      "average_accuracy": [
        65.94202898550725,
        65.94202898550725,
        65.94202898550725,
        65.94202898550725,
        65.94202898550725,
        65.94202898550725,
        65.94202898550725,
        65.94202898550725,
        65.94202898550725,
        65.94202898550725
      ]
    },
    "test": {
      "average_loss": [
        0.5818249881267548,
        0.5813029110431671,
        0.5810436010360718,
        0.5808079242706299,
        0.5805883407592773,
        0.5803801417350769,
        0.5801787376403809,
        0.5799795687198639,
        0.5797764956951141,
        0.5795606672763824
      ],
      "average_accuracy": [
        75.3623188405797,
        75.3623188405797,
        75.3623188405797,
        75.3623188405797,
        75.3623188405797,
        75.3623188405797,
        75.3623188405797,
        75.3623188405797,
        75.3623188405797,
        75.3623188405797
      ]
    },
    "average_loss_intra_epoch": [
      0.6427140831947327
    ],
    "average_accuracy_intra_epoch": [
      65.94202898550725
    ],
    "runtime": 3.683988332748413
  }
}