{
  "hyperparameters": {
    "architecture": "classification",
    "batch_size": 100,
    "clipping_threshold": 0.0,
    "dataset_name": "hill-valley_classification",
    "epochs": 10,
    "initialization_scale": "\\sqrt{\frac{6}{n+m}}",
    "inner_ISGD_iterations": 0,
    "intra_epoch": false,
    "lr": 0.1,
    "momentum": 0.0,
    "mu": 0.0,
    "nodes": 50,
    "seed": 1,
    "sgdtype": "implicit",
    "data_type": "classification"
  },
  "results": {
    "train": {
      "average_loss": [
        0.6921863079071044,
        0.6918311834335327,
        0.6916257441043854,
        0.6914548873901367,
        0.6912973463535309,
        0.6911462128162384,
        0.6909975349903107,
        0.6908481419086456,
        0.6906959712505341,
        0.6905394077301026
      ],
      "average_accuracy": [
        53.869969040247675,
        50.87719298245614,
        50.56759545923632,
        50.67079463364293,
        50.67079463364293,
        50.56759545923632,
        50.67079463364293,
        50.67079463364293,
        50.77399380804953,
        50.77399380804953
      ]
    },
    "test": {
      "average_loss": [
        0.6913649837176005,
        0.6917352279027303,
        0.6917737325032552,
        0.6917306979497274,
        0.6916590332984924,
        0.6915725668271383,
        0.6914754311243693,
        0.6913682619730631,
        0.6912506024042765,
        0.6911218166351318
      ],
      "average_accuracy": [
        53.90946502057613,
        51.440329218106996,
        52.26337448559671,
        52.26337448559671,
        52.26337448559671,
        52.26337448559671,
        52.26337448559671,
        52.26337448559671,
        52.26337448559671,
        52.26337448559671
      ]
    },
    "average_loss_intra_epoch": [
      0.6905394077301026
    ],
    "average_accuracy_intra_epoch": [
      50.77399380804953
    ],
    "runtime": 134.25389981269836
  }
}