{
  "hyperparameters": {
    "architecture": "music",
    "batch_size": 100,
    "clipping_threshold": 0.1,
    "dataset_name": "Piano-midi.de",
    "epochs": 5,
    "initialization_scale": "\\sqrt{\frac{6}{n+m}}",
    "inner_ISGD_iterations": 0,
    "intra_epoch": false,
    "lr": 5.0,
    "momentum": 0.0,
    "mu": 0.0,
    "nodes": 300,
    "seed": 1,
    "sgdtype": "implicit",
    "data_type": "sequential_many"
  },
  "results": {
    "train": {
      "average_loss": [
        0.0009699924997001855,
        0.0006759245067048047,
        0.000566564062603578,
        0.0005125191289999779,
        0.0004793432402446593
      ],
      "average_accuracy": [
        0,
        0,
        0,
        0,
        0
      ]
    },
    "test": {
      "average_loss": [
        0.0011255082680145278,
        0.0007982947531854734,
        0.0006789606332313269,
        0.000620502217207104,
        0.0005846886895596981
      ],
      "average_accuracy": [
        0,
        0,
        0,
        0,
        0
      ]
    },
    "average_loss_intra_epoch": [
      0.0004793432402446593
    ],
    "average_accuracy_intra_epoch": [
      0
    ],
    "runtime": 3080.7895839214325
  }
}