{
  "hyperparameters": {
    "architecture": "classification",
    "batch_size": 100,
    "clipping_threshold": 0.0,
    "dataset_name": "horse-colic_classification",
    "epochs": 10,
    "initialization_scale": "\\sqrt{\frac{6}{n+m}}",
    "inner_ISGD_iterations": 0,
    "intra_epoch": false,
    "lr": 10.0,
    "momentum": 0.0,
    "mu": 0.0,
    "nodes": 50,
    "seed": 1,
    "sgdtype": "explicit",
    "data_type": "classification"
  },
  "results": {
    "train": {
      "average_loss": [
        24.14667510986328,
        100.13825225830078,
        32.10333569844564,
        15.51389249165853,
        53.374359130859375,
        45.914599100748696,
        17.117467880249023,
        24.396645228068035,
        39.04344685872396,
        60.72254180908203
      ],
      "average_accuracy": [
        38.435374149659864,
        26.53061224489796,
        30.272108843537413,
        74.48979591836735,
        73.80952380952381,
        45.91836734693877,
        70.40816326530613,
        68.02721088435374,
        74.82993197278911,
        70.74829931972789
      ]
    },
    "test": {
      "average_loss": [
        22.34564781188965,
        100.6962661743164,
        25.569408416748047,
        21.672101974487305,
        41.320228576660156,
        50.5091438293457,
        21.88650131225586,
        33.34109878540039,
        45.0165901184082,
        43.22254180908203
      ],
      "average_accuracy": [
        41.891891891891895,
        27.027027027027028,
        39.189189189189186,
        70.27027027027027,
        77.02702702702703,
        40.54054054054054,
        67.56756756756756,
        64.86486486486487,
        71.62162162162163,
        74.32432432432432
      ]
    },
    "average_loss_intra_epoch": [
      60.72254180908203
    ],
    "average_accuracy_intra_epoch": [
      70.74829931972789
    ],
    "runtime": 3.9227285385131836
  }
}