{
  "hyperparameters": {
    "architecture": "classification",
    "batch_size": 100,
    "clipping_threshold": 0.0,
    "dataset_name": "credit-approval_classification",
    "epochs": 10,
    "initialization_scale": "\\sqrt{\frac{6}{n+m}}",
    "inner_ISGD_iterations": 0,
    "intra_epoch": false,
    "lr": 0.5,
    "momentum": 0.0,
    "mu": 0.0,
    "nodes": 50,
    "seed": 1,
    "sgdtype": "implicit",
    "data_type": "classification"
  },
  "results": {
    "train": {
      "average_loss": [
        0.6842990418275198,
        0.6749676366647085,
        0.6281224091847738,
        0.40324390927950543,
        0.34922942022482556,
        0.3422320584456126,
        0.33966146657864255,
        0.33800434072812396,
        0.3365694930156072,
        0.33519961933294934
      ],
      "average_accuracy": [
        55.79710144927536,
        56.15942028985507,
        76.26811594202898,
        84.96376811594203,
        85.14492753623189,
        86.23188405797102,
        85.32608695652173,
        85.68840579710145,
        85.68840579710145,
        86.05072463768116
      ]
    },
    "test": {
      "average_loss": [
        0.686254471540451,
        0.675674557685852,
        0.6212619245052338,
        0.3685554414987564,
        0.3264402002096176,
        0.32508550584316254,
        0.32460273802280426,
        0.3237563669681549,
        0.3227770924568176,
        0.3217727988958359
      ],
      "average_accuracy": [
        54.34782608695652,
        54.34782608695652,
        82.6086956521739,
        86.95652173913044,
        86.23188405797102,
        85.5072463768116,
        86.23188405797102,
        86.95652173913044,
        86.95652173913044,
        86.95652173913044
      ]
    },
    "average_loss_intra_epoch": [
      0.33519961933294934
    ],
    "average_accuracy_intra_epoch": [
      86.05072463768116
    ],
    "runtime": 15.553907871246338
  }
}