{
  "hyperparameters": {
    "architecture": "classification",
    "batch_size": 100,
    "clipping_threshold": 0.0,
    "dataset_name": "oocytes-merluccius-states-2f_classification",
    "epochs": 10,
    "initialization_scale": "\\sqrt{\frac{6}{n+m}}",
    "inner_ISGD_iterations": 0,
    "intra_epoch": false,
    "lr": 1.0,
    "momentum": 0.0,
    "mu": 0.0,
    "nodes": 50,
    "seed": 1,
    "sgdtype": "explicit",
    "data_type": "classification"
  },
  "results": {
    "train": {
      "average_loss": [
        0.5117993023660448,
        0.41450753808021545,
        0.2523385700252321,
        0.23036670850382912,
        0.22220639718903434,
        0.21638230151600307,
        0.21429350972175598,
        0.21110735005802578,
        0.20662221312522888,
        0.20191747777991825
      ],
      "average_accuracy": [
        79.9265605875153,
        84.45532435740515,
        88.49449204406365,
        89.96328029375765,
        90.20807833537332,
        90.69767441860465,
        90.33047735618115,
        90.57527539779682,
        90.69767441860465,
        90.94247246022032
      ]
    },
    "test": {
      "average_loss": [
        0.5816197395324707,
        0.54973637064298,
        0.34741543730099994,
        0.31371788183848065,
        0.3145056466261546,
        0.3092980583508809,
        0.31956400473912555,
        0.3219502568244934,
        0.3236762285232544,
        0.32205931345621747
      ],
      "average_accuracy": [
        81.46341463414635,
        84.8780487804878,
        88.29268292682927,
        87.8048780487805,
        88.78048780487805,
        88.78048780487805,
        88.78048780487805,
        88.78048780487805,
        88.78048780487805,
        89.26829268292683
      ]
    },
    "average_loss_intra_epoch": [
      0.20191747777991825
    ],
    "average_accuracy_intra_epoch": [
      90.94247246022032
    ],
    "runtime": 3.971759557723999
  }
}