{
  "hyperparameters": {
    "architecture": "classification",
    "batch_size": 100,
    "clipping_threshold": 0.0,
    "dataset_name": "breast-tissue_classification",
    "epochs": 10,
    "initialization_scale": "\\sqrt{\frac{6}{n+m}}",
    "inner_ISGD_iterations": 0,
    "intra_epoch": false,
    "lr": 1.0,
    "momentum": 0.0,
    "mu": 0.0,
    "nodes": 50,
    "seed": 1,
    "sgdtype": "explicit",
    "data_type": "classification"
  },
  "results": {
    "train": {
      "average_loss": [
        1.7767446041107178,
        1.7724488973617554,
        1.7694584131240845,
        1.7672064304351807,
        1.765318512916565,
        1.7635105848312378,
        1.7615145444869995,
        1.759014368057251,
        1.7555468082427979,
        1.7503342628479004
      ],
      "average_accuracy": [
        23.80952380952381,
        23.80952380952381,
        23.80952380952381,
        23.80952380952381,
        23.80952380952381,
        23.80952380952381,
        23.80952380952381,
        23.80952380952381,
        23.80952380952381,
        23.80952380952381
      ]
    },
    "test": {
      "average_loss": [
        1.8227916955947876,
        1.8257393836975098,
        1.8283381462097168,
        1.8304556608200073,
        1.8320225477218628,
        1.8329726457595825,
        1.8331974744796753,
        1.832496166229248,
        1.8304835557937622,
        1.8264145851135254
      ],
      "average_accuracy": [
        4.545454545454546,
        4.545454545454546,
        4.545454545454546,
        4.545454545454546,
        4.545454545454546,
        4.545454545454546,
        4.545454545454546,
        4.545454545454546,
        4.545454545454546,
        4.545454545454546
      ]
    },
    "average_loss_intra_epoch": [
      1.7503342628479004
    ],
    "average_accuracy_intra_epoch": [
      23.80952380952381
    ],
    "runtime": 3.072990655899048
  }
}