{
  "hyperparameters": {
    "architecture": "classification",
    "batch_size": 100,
    "clipping_threshold": 0.0,
    "dataset_name": "thyroid_classification",
    "epochs": 10,
    "initialization_scale": "\\sqrt{\frac{6}{n+m}}",
    "inner_ISGD_iterations": 0,
    "intra_epoch": false,
    "lr": 50.0,
    "momentum": 0.0,
    "mu": 0.0,
    "nodes": 50,
    "seed": 1,
    "sgdtype": "explicit",
    "data_type": "classification"
  },
  "results": {
    "train": {
      "average_loss": [
        223.6645219737086,
        79.25335367794695,
        138.22970357434502,
        39.09418655263966,
        70.3245640787585,
        22.262027699371863,
        20.417679618144856,
        47.658966557732946,
        10.535623180455175,
        52.406703784548
      ],
      "average_accuracy": [
        91.05902777777777,
        88.76736111111111,
        90.48611111111111,
        92.46527777777777,
        92.74305555555556,
        92.82986111111111,
        85.34722222222223,
        81.31944444444444,
        92.04861111111111,
        91.77083333333333
      ]
    },
    "test": {
      "average_loss": [
        255.4789077758789,
        86.36663487752278,
        158.35155487060547,
        46.06609567006429,
        82.04756062825521,
        21.092219638824464,
        27.94427874883016,
        57.632843017578125,
        13.156647523244223,
        66.41109313964844
      ],
      "average_accuracy": [
        90.34722222222223,
        88.40277777777777,
        89.79166666666667,
        91.59722222222223,
        91.80555555555556,
        91.52777777777777,
        84.375,
        78.61111111111111,
        91.31944444444444,
        90.97222222222223
      ]
    },
    "average_loss_intra_epoch": [
      52.406703784548
    ],
    "average_accuracy_intra_epoch": [
      91.77083333333333
    ],
    "runtime": 9.45644211769104
  }
}