{
  "hyperparameters": {
    "architecture": "classification",
    "batch_size": 100,
    "clipping_threshold": 0.0,
    "dataset_name": "wall-following_classification",
    "epochs": 10,
    "initialization_scale": "\\sqrt{\frac{6}{n+m}}",
    "inner_ISGD_iterations": 0,
    "intra_epoch": false,
    "lr": 1.0,
    "momentum": 0.0,
    "mu": 0.0,
    "nodes": 50,
    "seed": 1,
    "sgdtype": "explicit",
    "data_type": "classification"
  },
  "results": {
    "train": {
      "average_loss": [
        0.7789578112688932,
        0.6660572425885634,
        0.6272955767133019,
        0.5723741684447635,
        0.5017564730210737,
        0.520712898536162,
        0.5349247733300383,
        0.43551096794280136,
        0.3570459613745863,
        0.33916557918895374
      ],
      "average_accuracy": [
        68.4692942254812,
        75.34372135655362,
        74.6333638863428,
        77.68102658111825,
        80.91200733272227,
        79.58295142071493,
        79.74335472043997,
        84.44087992667278,
        87.21356553620532,
        87.71769019248396
      ]
    },
    "test": {
      "average_loss": [
        0.7692556164481423,
        0.6734268665313721,
        0.6340273564512079,
        0.6026144596663389,
        0.5506059960885481,
        0.5704003518277948,
        0.5803462321108038,
        0.5064480927857485,
        0.45321161909536883,
        0.4412834806875749
      ],
      "average_accuracy": [
        68.95604395604396,
        73.9010989010989,
        74.81684981684981,
        76.83150183150182,
        78.2967032967033,
        77.47252747252747,
        78.2051282051282,
        81.41025641025641,
        82.96703296703296,
        83.79120879120879
      ]
    },
    "average_loss_intra_epoch": [
      0.33916557918895374
    ],
    "average_accuracy_intra_epoch": [
      87.71769019248396
    ],
    "runtime": 8.42105484008789
  }
}