{
  "hyperparameters": {
    "architecture": "classification",
    "batch_size": 100,
    "clipping_threshold": 0.0,
    "dataset_name": "planning_classification",
    "epochs": 10,
    "initialization_scale": "\\sqrt{\frac{6}{n+m}}",
    "inner_ISGD_iterations": 0,
    "intra_epoch": false,
    "lr": 0.001,
    "momentum": 0.0,
    "mu": 0.0,
    "nodes": 50,
    "seed": 1,
    "sgdtype": "implicit",
    "data_type": "classification"
  },
  "results": {
    "train": {
      "average_loss": [
        0.6158198714256287,
        0.6157300174236298,
        0.6156401932239532,
        0.6155506372451782,
        0.6154613196849823,
        0.6153723299503326,
        0.6152834594249725,
        0.6151949167251587,
        0.6151065230369568,
        0.6150184273719788
      ],
      "average_accuracy": [
        71.72413793103448,
        71.72413793103448,
        71.72413793103448,
        71.72413793103448,
        71.72413793103448,
        71.72413793103448,
        71.72413793103448,
        71.72413793103448,
        71.72413793103448,
        71.72413793103448
      ]
    },
    "test": {
      "average_loss": [
        0.6284684538841248,
        0.6284006237983704,
        0.6283330917358398,
        0.6282657384872437,
        0.628198504447937,
        0.6281315684318542,
        0.6280646920204163,
        0.6279980540275574,
        0.6279317736625671,
        0.6278655529022217
      ],
      "average_accuracy": [
        70.27027027027027,
        70.27027027027027,
        70.27027027027027,
        70.27027027027027,
        70.27027027027027,
        70.27027027027027,
        70.27027027027027,
        70.27027027027027,
        70.27027027027027,
        70.27027027027027
      ]
    },
    "average_loss_intra_epoch": [
      0.6150184273719788
    ],
    "average_accuracy_intra_epoch": [
      71.72413793103448
    ],
    "runtime": 6.149749755859375
  }
}