{
  "hyperparameters": {
    "architecture": "classification",
    "batch_size": 100,
    "clipping_threshold": 0.0,
    "dataset_name": "chess-krvk_classification",
    "epochs": 10,
    "initialization_scale": "\\sqrt{\frac{6}{n+m}}",
    "inner_ISGD_iterations": 0,
    "intra_epoch": false,
    "lr": 30.0,
    "momentum": 0.0,
    "mu": 0.0,
    "nodes": 50,
    "seed": 1,
    "sgdtype": "implicit",
    "data_type": "classification"
  },
  "results": {
    "train": {
      "average_loss": [
        98.04147148980034,
        102.03983812120225,
        73.40293180677625,
        75.14739232381184,
        64.02712466769748,
        75.2031862725152,
        71.31743181016711,
        52.48871054755317,
        51.75459096272787,
        55.64665781656901
      ],
      "average_accuracy": [
        13.103724826234183,
        4.3352343610764565,
        15.291391908750668,
        14.881482801639637,
        17.180538228479772,
        9.49919800392087,
        13.35323471751916,
        11.557654607021922,
        10.434860096239529,
        12.435394760292283
      ]
    },
    "test": {
      "average_loss": [
        98.38262939453125,
        101.41413986473752,
        75.71857472469932,
        74.80983653821443,
        63.75957007157175,
        74.44838935450504,
        72.3894576357122,
        52.32798934401127,
        51.70153407046669,
        55.73523471229955
      ],
      "average_accuracy": [
        13.00784034212402,
        3.920171062009979,
        14.522451888809693,
        15.413399857448326,
        16.928011404133997,
        10.1568068424804,
        13.41767640769779,
        11.974340698503207,
        10.584461867426942,
        12.633642195295796
      ]
    },
    "average_loss_intra_epoch": [
      55.64665781656901
    ],
    "average_accuracy_intra_epoch": [
      12.435394760292283
    ],
    "runtime": 55.01328182220459
  }
}