{
  "hyperparameters": {
    "architecture": "classification",
    "batch_size": 100,
    "clipping_threshold": 0.0,
    "dataset_name": "vertebral-column-2clases_classification",
    "epochs": 10,
    "initialization_scale": "\\sqrt{\frac{6}{n+m}}",
    "inner_ISGD_iterations": 0,
    "intra_epoch": false,
    "lr": 10.0,
    "momentum": 0.0,
    "mu": 0.0,
    "nodes": 50,
    "seed": 1,
    "sgdtype": "implicit",
    "data_type": "classification"
  },
  "results": {
    "train": {
      "average_loss": [
        14.825631141662598,
        6.223979155222575,
        13.355568567911783,
        22.155412673950195,
        24.849945704142254,
        8.541605313618978,
        26.604270299275715,
        15.393973350524902,
        9.439818064371744,
        13.448196411132812
      ],
      "average_accuracy": [
        67.74193548387096,
        67.74193548387096,
        54.83870967741935,
        37.096774193548384,
        67.74193548387096,
        67.74193548387096,
        66.53225806451613,
        67.74193548387096,
        66.53225806451613,
        67.74193548387096
      ]
    },
    "test": {
      "average_loss": [
        14.906360626220703,
        6.265018939971924,
        11.271088600158691,
        22.195960998535156,
        24.876386642456055,
        7.639291286468506,
        28.109331130981445,
        15.50511360168457,
        9.040051460266113,
        13.556192398071289
      ],
      "average_accuracy": [
        67.74193548387096,
        67.74193548387096,
        59.67741935483871,
        41.935483870967744,
        67.74193548387096,
        67.74193548387096,
        64.51612903225806,
        67.74193548387096,
        64.51612903225806,
        67.74193548387096
      ]
    },
    "average_loss_intra_epoch": [
      13.448196411132812
    ],
    "average_accuracy_intra_epoch": [
      67.74193548387096
    ],
    "runtime": 6.141030788421631
  }
}