{
  "hyperparameters": {
    "architecture": "music",
    "batch_size": 100,
    "clipping_threshold": 8.0,
    "dataset_name": "Piano-midi.de",
    "epochs": 5,
    "initialization_scale": "\\sqrt{\frac{6}{n+m}}",
    "inner_ISGD_iterations": 0,
    "intra_epoch": false,
    "lr": 500.0,
    "momentum": 0.0,
    "mu": 0.0,
    "nodes": 300,
    "seed": 2,
    "sgdtype": "implicit",
    "data_type": "sequential_many"
  },
  "results": {
    "train": {
      "average_loss": [
        0.0003558838727948224,
        0.00034058392807257885,
        0.0003515709565059903,
        0.00034525773955319057,
        0.0003382090521202257
      ],
      "average_accuracy": [
        0,
        0,
        0,
        0,
        0
      ]
    },
    "test": {
      "average_loss": [
        0.0004653578659053892,
        0.00045431700578774326,
        0.0004642788258206565,
        0.0004600833608128596,
        0.00045500090098357757
      ],
      "average_accuracy": [
        0,
        0,
        0,
        0,
        0
      ]
    },
    "average_loss_intra_epoch": [
      0.0003382090521202257
    ],
    "average_accuracy_intra_epoch": [
      0
    ],
    "runtime": 3310.6562554836273
  }
}