{
  "hyperparameters": {
    "architecture": "classification",
    "batch_size": 100,
    "clipping_threshold": 0.0,
    "dataset_name": "seeds_classification",
    "epochs": 10,
    "initialization_scale": "\\sqrt{\frac{6}{n+m}}",
    "inner_ISGD_iterations": 0,
    "intra_epoch": false,
    "lr": 5.0,
    "momentum": 0.0,
    "mu": 0.0,
    "nodes": 50,
    "seed": 1,
    "sgdtype": "explicit",
    "data_type": "classification"
  },
  "results": {
    "train": {
      "average_loss": [
        1.281717598438263,
        1.2237526178359985,
        4.0803022384643555,
        9.461066246032715,
        5.873657703399658,
        12.443397045135498,
        5.192543387413025,
        7.741206407546997,
        11.310823440551758,
        8.841424942016602
      ],
      "average_accuracy": [
        36.30952380952381,
        55.357142857142854,
        1.1904761904761905,
        57.73809523809524,
        60.11904761904762,
        58.333333333333336,
        67.85714285714286,
        67.85714285714286,
        36.904761904761905,
        69.64285714285714
      ]
    },
    "test": {
      "average_loss": [
        1.3231744766235352,
        1.0784268379211426,
        3.3385257720947266,
        15.071879386901855,
        5.232758045196533,
        15.477510452270508,
        6.050775527954102,
        11.588257789611816,
        16.293912887573242,
        13.402734756469727
      ],
      "average_accuracy": [
        21.428571428571427,
        66.66666666666667,
        4.761904761904762,
        45.23809523809524,
        64.28571428571429,
        54.76190476190476,
        52.38095238095238,
        52.38095238095238,
        35.714285714285715,
        52.38095238095238
      ]
    },
    "average_loss_intra_epoch": [
      8.841424942016602
    ],
    "average_accuracy_intra_epoch": [
      69.64285714285714
    ],
    "runtime": 3.813425302505493
  }
}