{
  "hyperparameters": {
    "architecture": "classification",
    "batch_size": 100,
    "clipping_threshold": 0.0,
    "dataset_name": "cylinder-bands_classification",
    "epochs": 10,
    "initialization_scale": "\\sqrt{\frac{6}{n+m}}",
    "inner_ISGD_iterations": 0,
    "intra_epoch": false,
    "lr": 50.0,
    "momentum": 0.0,
    "mu": 0.0,
    "nodes": 50,
    "seed": 1,
    "sgdtype": "implicit",
    "data_type": "classification"
  },
  "results": {
    "train": {
      "average_loss": [
        410.6499755859375,
        226.78760375976563,
        1314.068994140625,
        963.52451171875,
        1094.6426025390624,
        1083.18896484375,
        1213.108984375,
        587.21337890625,
        1406.9731201171876,
        386.98984375
      ],
      "average_accuracy": [
        49.877750611246945,
        51.100244498777506,
        48.655256723716384,
        51.100244498777506,
        49.38875305623472,
        50.122249388753055,
        49.63325183374083,
        50.8557457212714,
        50.122249388753055,
        50.36674816625917
      ]
    },
    "test": {
      "average_loss": [
        643.8174285888672,
        173.4765396118164,
        1606.023193359375,
        741.8673095703125,
        1329.54833984375,
        827.36474609375,
        1505.9893188476562,
        426.2858123779297,
        1790.4480590820312,
        235.50248336791992
      ],
      "average_accuracy": [
        44.66019417475728,
        55.33980582524272,
        45.63106796116505,
        54.36893203883495,
        46.601941747572816,
        52.42718446601942,
        46.601941747572816,
        52.42718446601942,
        45.63106796116505,
        54.36893203883495
      ]
    },
    "average_loss_intra_epoch": [
      386.98984375
    ],
    "average_accuracy_intra_epoch": [
      50.36674816625917
    ],
    "runtime": 22.69950842857361
  }
}