{
  "hyperparameters": {
    "architecture": "classification",
    "batch_size": 100,
    "clipping_threshold": 0.0,
    "dataset_name": "oocytes-merluccius-nucleus-4d_classification",
    "epochs": 10,
    "initialization_scale": "\\sqrt{\frac{6}{n+m}}",
    "inner_ISGD_iterations": 0,
    "intra_epoch": false,
    "lr": 0.01,
    "momentum": 0.0,
    "mu": 0.0,
    "nodes": 50,
    "seed": 1,
    "sgdtype": "explicit",
    "data_type": "classification"
  },
  "results": {
    "train": {
      "average_loss": [
        0.6506197717454698,
        0.6469995776812235,
        0.6438534458478292,
        0.6411104798316956,
        0.6387111941973368,
        0.6366053753428988,
        0.634750657611423,
        0.6331112848387824,
        0.6316568785243564,
        0.6303617623117235
      ],
      "average_accuracy": [
        67.93145654834761,
        67.93145654834761,
        67.93145654834761,
        67.93145654834761,
        67.93145654834761,
        67.93145654834761,
        67.93145654834761,
        67.93145654834761,
        67.93145654834761,
        67.93145654834761
      ]
    },
    "test": {
      "average_loss": [
        0.6704562306404114,
        0.6676414807637533,
        0.66519163052241,
        0.6630443731943766,
        0.661147673924764,
        0.6594586173693339,
        0.657941460609436,
        0.6565665205319723,
        0.6553090612093607,
        0.6541486581166586
      ],
      "average_accuracy": [
        63.41463414634146,
        63.41463414634146,
        63.41463414634146,
        63.41463414634146,
        63.41463414634146,
        63.41463414634146,
        63.41463414634146,
        63.41463414634146,
        63.41463414634146,
        63.41463414634146
      ]
    },
    "average_loss_intra_epoch": [
      0.6303617623117235
    ],
    "average_accuracy_intra_epoch": [
      67.93145654834761
    ],
    "runtime": 4.2874085903167725
  }
}