{
  "hyperparameters": {
    "architecture": "classification",
    "batch_size": 100,
    "clipping_threshold": 0.0,
    "dataset_name": "blood_classification",
    "epochs": 10,
    "initialization_scale": "\\sqrt{\frac{6}{n+m}}",
    "inner_ISGD_iterations": 0,
    "intra_epoch": false,
    "lr": 0.001,
    "momentum": 0.0,
    "mu": 0.0,
    "nodes": 50,
    "seed": 1,
    "sgdtype": "explicit",
    "data_type": "classification"
  },
  "results": {
    "train": {
      "average_loss": [
        0.6987235645453135,
        0.6976188123226166,
        0.6965220272541046,
        0.6954331994056702,
        0.6943522493044535,
        0.6932791471481323,
        0.6922137240568796,
        0.6911559800306956,
        0.6901060342788696,
        0.6890635192394257
      ],
      "average_accuracy": [
        22.909698996655518,
        22.909698996655518,
        22.909698996655518,
        22.909698996655518,
        22.909698996655518,
        25.585284280936456,
        77.09030100334448,
        77.09030100334448,
        77.09030100334448,
        77.09030100334448
      ]
    },
    "test": {
      "average_loss": [
        0.6977684795856476,
        0.6968474090099335,
        0.6959335505962372,
        0.6950269937515259,
        0.6941275894641876,
        0.6932355165481567,
        0.6923504769802094,
        0.6914723515510559,
        0.6906014382839203,
        0.6897374093532562
      ],
      "average_accuracy": [
        27.333333333333332,
        27.333333333333332,
        27.333333333333332,
        27.333333333333332,
        27.333333333333332,
        32.666666666666664,
        72.66666666666667,
        72.66666666666667,
        72.66666666666667,
        72.66666666666667
      ]
    },
    "average_loss_intra_epoch": [
      0.6890635192394257
    ],
    "average_accuracy_intra_epoch": [
      77.09030100334448
    ],
    "runtime": 3.483290910720825
  }
}