{
  "hyperparameters": {
    "architecture": "classification",
    "batch_size": 100,
    "clipping_threshold": 0.0,
    "dataset_name": "chess-krvk_classification",
    "epochs": 10,
    "initialization_scale": "\\sqrt{\frac{6}{n+m}}",
    "inner_ISGD_iterations": 0,
    "intra_epoch": false,
    "lr": 1.0,
    "momentum": 0.0,
    "mu": 0.0,
    "nodes": 50,
    "seed": 1,
    "sgdtype": "explicit",
    "data_type": "classification"
  },
  "results": {
    "train": {
      "average_loss": [
        2.0572371037801105,
        1.8582839478386772,
        1.8170208417044746,
        1.7919711653391521,
        1.794598166677687,
        1.7829415045844184,
        1.7692721276813084,
        1.7607257191340129,
        1.7561174816555447,
        1.7511258792877198
      ],
      "average_accuracy": [
        24.84405631794689,
        29.950098021743006,
        30.417929067902335,
        31.028337194795938,
        31.482801639636428,
        31.66993405810016,
        31.69221172696489,
        31.54963464623062,
        31.55854571377651,
        32.021921226162895
      ]
    },
    "test": {
      "average_loss": [
        2.0645622140482853,
        1.8791091442108154,
        1.8451673503507648,
        1.822120467821757,
        1.8241394590913205,
        1.8143822979508786,
        1.8027438427272595,
        1.7955425454859149,
        1.790876727355154,
        1.7867522992585834
      ],
      "average_accuracy": [
        25.035637918745547,
        29.918032786885245,
        30.0784034212402,
        30.63079116179615,
        30.595153243050607,
        30.61297220242338,
        30.773342836778333,
        30.89807555238774,
        31.04062722736992,
        31.11190306486101
      ]
    },
    "average_loss_intra_epoch": [
      1.7511258792877198
    ],
    "average_accuracy_intra_epoch": [
      32.021921226162895
    ],
    "runtime": 7.4657769203186035
  }
}