{
  "hyperparameters": {
    "architecture": "classification",
    "batch_size": 100,
    "clipping_threshold": 0.0,
    "dataset_name": "connect-4_classification",
    "epochs": 10,
    "initialization_scale": "\\sqrt{\frac{6}{n+m}}",
    "inner_ISGD_iterations": 0,
    "intra_epoch": false,
    "lr": 10.0,
    "momentum": 0.0,
    "mu": 0.0,
    "nodes": 50,
    "seed": 1,
    "sgdtype": "explicit",
    "data_type": "classification"
  },
  "results": {
    "train": {
      "average_loss": [
        24.70025264577813,
        29.17873851120362,
        8.262846704331432,
        15.215478764003395,
        20.562175153143524,
        13.381183806717285,
        12.404211695665794,
        15.624652964791176,
        13.204815157680546,
        9.245702123906387
      ],
      "average_accuracy": [
        57.296697196780464,
        57.83513738551207,
        66.5556480710519,
        57.857341104635026,
        56.23461929873254,
        60.90295124433342,
        66.67221759644741,
        61.426588953649734,
        63.05486168933297,
        65.21232306411324
      ]
    },
    "test": {
      "average_loss": [
        24.799982021836673,
        29.142916426939124,
        8.233671606463545,
        14.969755411148071,
        20.959158427575055,
        13.447903664673076,
        12.158597926883136,
        15.454400623545927,
        13.302165490739485,
        9.096603421603932
      ],
      "average_accuracy": [
        57.03818827708703,
        58.02989934872706,
        66.40023682652458,
        58.17051509769094,
        55.75784487862641,
        60.723801065719364,
        66.66666666666667,
        61.70811130846655,
        63.069863824748374,
        65.54914150384843
      ]
    },
    "average_loss_intra_epoch": [
      9.245702123906387
    ],
    "average_accuracy_intra_epoch": [
      65.21232306411324
    ],
    "runtime": 71.44345760345459
  }
}