{
  "hyperparameters": {
    "architecture": "classification",
    "batch_size": 100,
    "clipping_threshold": 0.0,
    "dataset_name": "molec-biol-promoter_classification",
    "epochs": 10,
    "initialization_scale": "\\sqrt{\frac{6}{n+m}}",
    "inner_ISGD_iterations": 0,
    "intra_epoch": false,
    "lr": 30.0,
    "momentum": 0.0,
    "mu": 0.0,
    "nodes": 50,
    "seed": 1,
    "sgdtype": "implicit",
    "data_type": "classification"
  },
  "results": {
    "train": {
      "average_loss": [
        2.34348726272583,
        60.00374221801758,
        272.262451171875,
        150.35360717773438,
        574.766845703125,
        346.8927917480469,
        70.25279235839844,
        825.5001831054688,
        1014.6936645507812,
        642.1636962890625
      ],
      "average_accuracy": [
        54.76190476190476,
        8.333333333333334,
        86.9047619047619,
        54.76190476190476,
        82.14285714285714,
        78.57142857142857,
        83.33333333333333,
        19.047619047619047,
        82.14285714285714,
        84.52380952380952
      ]
    },
    "test": {
      "average_loss": [
        3.6855733394622803,
        51.93067932128906,
        401.4163818359375,
        86.32650756835938,
        1175.9630126953125,
        768.6331787109375,
        91.23755645751953,
        761.2786865234375,
        1804.1903076171875,
        1328.526123046875
      ],
      "average_accuracy": [
        31.818181818181817,
        18.181818181818183,
        72.72727272727273,
        72.72727272727273,
        63.63636363636363,
        59.09090909090909,
        72.72727272727273,
        22.727272727272727,
        68.18181818181819,
        68.18181818181819
      ]
    },
    "average_loss_intra_epoch": [
      642.1636962890625
    ],
    "average_accuracy_intra_epoch": [
      84.52380952380952
    ],
    "runtime": 2.9731252193450928
  }
}