{
  "hyperparameters": {
    "architecture": "classification",
    "batch_size": 100,
    "clipping_threshold": 0.0,
    "dataset_name": "iris_classification",
    "epochs": 10,
    "initialization_scale": "\\sqrt{\frac{6}{n+m}}",
    "inner_ISGD_iterations": 0,
    "intra_epoch": false,
    "lr": 1.0,
    "momentum": 0.0,
    "mu": 0.0,
    "nodes": 50,
    "seed": 1,
    "sgdtype": "explicit",
    "data_type": "classification"
  },
  "results": {
    "train": {
      "average_loss": [
        1.0958065390586853,
        1.0948367714881897,
        1.095133364200592,
        1.0953227281570435,
        1.0953713059425354,
        1.0953403115272522,
        1.095256507396698,
        1.095119833946228,
        1.094908356666565,
        1.0945719480514526
      ],
      "average_accuracy": [
        30.833333333333332,
        30.833333333333332,
        30.833333333333332,
        30.833333333333332,
        30.833333333333332,
        30.833333333333332,
        30.833333333333332,
        30.833333333333332,
        30.833333333333332,
        30.833333333333332
      ]
    },
    "test": {
      "average_loss": [
        1.102638840675354,
        1.0985677242279053,
        1.0971369743347168,
        1.0965330600738525,
        1.0962414741516113,
        1.0960696935653687,
        1.0959299802780151,
        1.0957719087600708,
        1.095552921295166,
        1.0952136516571045
      ],
      "average_accuracy": [
        43.333333333333336,
        43.333333333333336,
        43.333333333333336,
        43.333333333333336,
        43.333333333333336,
        43.333333333333336,
        43.333333333333336,
        43.333333333333336,
        43.333333333333336,
        43.333333333333336
      ]
    },
    "average_loss_intra_epoch": [
      1.0945719480514526
    ],
    "average_accuracy_intra_epoch": [
      30.833333333333332
    ],
    "runtime": 3.171842336654663
  }
}