{
  "hyperparameters": {
    "architecture": "classification",
    "batch_size": 100,
    "clipping_threshold": 0.0,
    "dataset_name": "balloons_classification",
    "epochs": 10,
    "initialization_scale": "\\sqrt{\frac{6}{n+m}}",
    "inner_ISGD_iterations": 0,
    "intra_epoch": false,
    "lr": 0.1,
    "momentum": 0.0,
    "mu": 0.0,
    "nodes": 50,
    "seed": 1,
    "sgdtype": "explicit",
    "data_type": "classification"
  },
  "results": {
    "train": {
      "average_loss": [
        0.6934505105018616,
        0.6917850971221924,
        0.6903154253959656,
        0.6890183091163635,
        0.6878735423088074,
        0.6868630051612854,
        0.6859709620475769,
        0.6851834654808044,
        0.68448805809021,
        0.6838740706443787
      ],
      "average_accuracy": [
        41.666666666666664,
        58.333333333333336,
        58.333333333333336,
        58.333333333333336,
        58.333333333333336,
        58.333333333333336,
        58.333333333333336,
        58.333333333333336,
        58.333333333333336,
        58.333333333333336
      ]
    },
    "test": {
      "average_loss": [
        0.6933609247207642,
        0.6933959722518921,
        0.6935238242149353,
        0.6937276721000671,
        0.6939929723739624,
        0.6943075656890869,
        0.6946606040000916,
        0.6950432062149048,
        0.6954474449157715,
        0.6958668828010559
      ],
      "average_accuracy": [
        50.0,
        50.0,
        50.0,
        50.0,
        50.0,
        50.0,
        50.0,
        50.0,
        50.0,
        50.0
      ]
    },
    "average_loss_intra_epoch": [
      0.6838740706443787
    ],
    "average_accuracy_intra_epoch": [
      58.333333333333336
    ],
    "runtime": 3.054438591003418
  }
}