{
  "hyperparameters": {
    "architecture": "classification",
    "batch_size": 100,
    "clipping_threshold": 0.0,
    "dataset_name": "oocytes-merluccius-nucleus-4d_classification",
    "epochs": 10,
    "initialization_scale": "\\sqrt{\frac{6}{n+m}}",
    "inner_ISGD_iterations": 0,
    "intra_epoch": false,
    "lr": 0.5,
    "momentum": 0.0,
    "mu": 0.0,
    "nodes": 50,
    "seed": 1,
    "sgdtype": "explicit",
    "data_type": "classification"
  },
  "results": {
    "train": {
      "average_loss": [
        0.6160846418804593,
        0.6119359334309896,
        0.6083018018139733,
        0.6195132202572293,
        0.6532230012946658,
        0.6689558592107561,
        0.676567147175471,
        0.6820503373940786,
        0.6858888996971978,
        0.6889478895399306
      ],
      "average_accuracy": [
        67.93145654834761,
        67.56425948592411,
        67.80905752753978,
        65.85067319461444,
        63.76988984088127,
        63.76988984088127,
        64.74908200734394,
        64.99388004895961,
        65.23867809057528,
        65.48347613219094
      ]
    },
    "test": {
      "average_loss": [
        0.6192053953806559,
        0.6008228659629822,
        0.5828609565893809,
        0.56246218085289,
        0.5606642961502075,
        0.5622257689634959,
        0.5625570565462112,
        0.5629840840895971,
        0.5633213470379511,
        0.5637622872988383
      ],
      "average_accuracy": [
        63.41463414634146,
        63.90243902439025,
        68.29268292682927,
        63.90243902439025,
        63.41463414634146,
        63.90243902439025,
        63.41463414634146,
        64.39024390243902,
        63.90243902439025,
        65.36585365853658
      ]
    },
    "average_loss_intra_epoch": [
      0.6889478895399306
    ],
    "average_accuracy_intra_epoch": [
      65.48347613219094
    ],
    "runtime": 4.3127429485321045
  }
}