{
  "hyperparameters": {
    "architecture": "classification",
    "batch_size": 100,
    "clipping_threshold": 0.0,
    "dataset_name": "heart-hungarian_classification",
    "epochs": 10,
    "initialization_scale": "\\sqrt{\frac{6}{n+m}}",
    "inner_ISGD_iterations": 0,
    "intra_epoch": false,
    "lr": 0.1,
    "momentum": 0.0,
    "mu": 0.0,
    "nodes": 50,
    "seed": 1,
    "sgdtype": "implicit",
    "data_type": "classification"
  },
  "results": {
    "train": {
      "average_loss": [
        0.6615060369173685,
        0.6609121163686117,
        0.6603839794794718,
        0.6598944266637167,
        0.6594228148460388,
        0.658952554066976,
        0.6584695974985758,
        0.6579609513282776,
        0.6574137409528097,
        0.6568145354588827
      ],
      "average_accuracy": [
        64.25531914893617,
        64.25531914893617,
        64.25531914893617,
        64.25531914893617,
        64.25531914893617,
        64.25531914893617,
        64.25531914893617,
        64.25531914893617,
        64.25531914893617,
        64.25531914893617
      ]
    },
    "test": {
      "average_loss": [
        0.6607154011726379,
        0.6602774262428284,
        0.6598994731903076,
        0.6595574021339417,
        0.6592327952384949,
        0.658912181854248,
        0.6585831642150879,
        0.6582361459732056,
        0.657861053943634,
        0.6574479341506958
      ],
      "average_accuracy": [
        62.71186440677966,
        62.71186440677966,
        62.71186440677966,
        62.71186440677966,
        62.71186440677966,
        62.71186440677966,
        62.71186440677966,
        62.71186440677966,
        62.71186440677966,
        62.71186440677966
      ]
    },
    "average_loss_intra_epoch": [
      0.6568145354588827
    ],
    "average_accuracy_intra_epoch": [
      64.25531914893617
    ],
    "runtime": 1.8506319522857666
  }
}