{
  "hyperparameters": {
    "architecture": "classification",
    "batch_size": 100,
    "clipping_threshold": 0.0,
    "dataset_name": "chess-krvk_classification",
    "epochs": 10,
    "initialization_scale": "\\sqrt{\frac{6}{n+m}}",
    "inner_ISGD_iterations": 0,
    "intra_epoch": false,
    "lr": 10.0,
    "momentum": 0.0,
    "mu": 0.0,
    "nodes": 50,
    "seed": 1,
    "sgdtype": "explicit",
    "data_type": "classification"
  },
  "results": {
    "train": {
      "average_loss": [
        14.617981910705566,
        12.106178881327311,
        16.66693059285482,
        12.975417510138618,
        13.56860270606147,
        12.542348391215006,
        11.802759208679198,
        9.304956050448947,
        8.819563912285698,
        10.263335446251764
      ],
      "average_accuracy": [
        13.215113170557833,
        5.894671181607556,
        12.702726786669043,
        8.22937087863126,
        11.887364106219925,
        12.987880948137587,
        8.07342719657815,
        11.383888789877027,
        15.148814828016397,
        13.812154696132596
      ]
    },
    "test": {
      "average_loss": [
        14.740774271780985,
        12.037147521972656,
        16.752026959469443,
        12.934362110338713,
        13.681523808261804,
        12.712846354434365,
        11.862541483159651,
        9.321534934796786,
        8.922668147505375,
        10.337214821263364
      ],
      "average_accuracy": [
        12.508909479686386,
        5.773342836778332,
        12.704918032786885,
        8.107626514611546,
        11.404133998574483,
        12.384176764076978,
        8.178902352102638,
        11.600142551674983,
        14.326443335709195,
        14.005702066999287
      ]
    },
    "average_loss_intra_epoch": [
      10.263335446251764
    ],
    "average_accuracy_intra_epoch": [
      13.812154696132596
    ],
    "runtime": 6.04526686668396
  }
}