{
  "hyperparameters": {
    "architecture": "classification",
    "batch_size": 100,
    "clipping_threshold": 0.0,
    "dataset_name": "heart-cleveland_classification",
    "epochs": 10,
    "initialization_scale": "\\sqrt{\frac{6}{n+m}}",
    "inner_ISGD_iterations": 0,
    "intra_epoch": false,
    "lr": 5.0,
    "momentum": 0.0,
    "mu": 0.0,
    "nodes": 50,
    "seed": 1,
    "sgdtype": "explicit",
    "data_type": "classification"
  },
  "results": {
    "train": {
      "average_loss": [
        4.704024950663249,
        21.27125612894694,
        19.000054677327473,
        16.380897521972656,
        7.218652566274007,
        9.86838404337565,
        9.205533663431803,
        4.4577310880025225,
        4.5233462651570635,
        7.37970495223999
      ],
      "average_accuracy": [
        53.71900826446281,
        23.140495867768596,
        38.84297520661157,
        35.12396694214876,
        59.09090909090909,
        50.82644628099174,
        43.388429752066116,
        55.78512396694215,
        54.95867768595041,
        23.553719008264462
      ]
    },
    "test": {
      "average_loss": [
        4.607753276824951,
        25.330968856811523,
        17.11592674255371,
        16.346296310424805,
        8.287517547607422,
        8.751700401306152,
        7.171766757965088,
        4.698302745819092,
        4.992961883544922,
        7.750556945800781
      ],
      "average_accuracy": [
        55.73770491803279,
        18.0327868852459,
        42.622950819672134,
        34.42622950819672,
        59.01639344262295,
        63.9344262295082,
        44.26229508196721,
        62.295081967213115,
        52.459016393442624,
        16.39344262295082
      ]
    },
    "average_loss_intra_epoch": [
      7.37970495223999
    ],
    "average_accuracy_intra_epoch": [
      23.553719008264462
    ],
    "runtime": 0.6577799320220947
  }
}