{
  "hyperparameters": {
    "architecture": "music",
    "batch_size": 100,
    "clipping_threshold": 8.0,
    "dataset_name": "Nottingham",
    "epochs": 5,
    "initialization_scale": "\\sqrt{\frac{6}{n+m}}",
    "inner_ISGD_iterations": 0,
    "intra_epoch": false,
    "lr": 5.0,
    "momentum": 0.0,
    "mu": 0.0,
    "nodes": 300,
    "seed": 3,
    "sgdtype": "implicit",
    "data_type": "sequential_many"
  },
  "results": {
    "train": {
      "average_loss": [
        0.0006818741280413588,
        0.0005817644854613998,
        0.0005258919961020983,
        0.0004819450082807763,
        0.0004433796023893786
      ],
      "average_accuracy": [
        0,
        0,
        0,
        0,
        0
      ]
    },
    "test": {
      "average_loss": [
        0.0006808403774972677,
        0.0005865457983043812,
        0.0005353850277863197,
        0.0004960457333200954,
        0.00046182721213399954
      ],
      "average_accuracy": [
        0,
        0,
        0,
        0,
        0
      ]
    },
    "average_loss_intra_epoch": [
      0.0004433796023893786
    ],
    "average_accuracy_intra_epoch": [
      0
    ],
    "runtime": 6778.966909170151
  }
}