{
  "hyperparameters": {
    "architecture": "classification",
    "batch_size": 100,
    "clipping_threshold": 0.0,
    "dataset_name": "oocytes-merluccius-states-2f_classification",
    "epochs": 10,
    "initialization_scale": "\\sqrt{\frac{6}{n+m}}",
    "inner_ISGD_iterations": 0,
    "intra_epoch": false,
    "lr": 3.0,
    "momentum": 0.0,
    "mu": 0.0,
    "nodes": 50,
    "seed": 1,
    "sgdtype": "implicit",
    "data_type": "classification"
  },
  "results": {
    "train": {
      "average_loss": [
        0.9518090552753873,
        18.423204527960884,
        18.107954449123806,
        13.112197717030844,
        13.101157824198404,
        45.631479263305664,
        11.43453926510281,
        14.882228427463108,
        27.08856709798177,
        3.7273970444997153
      ],
      "average_accuracy": [
        52.01958384332925,
        68.78824969400245,
        81.27294981640146,
        81.15055079559363,
        69.64504283965728,
        73.43941248470013,
        55.32435740514076,
        81.88494492044063,
        72.9498164014688,
        70.25703794369645
      ]
    },
    "test": {
      "average_loss": [
        1.0349007646242778,
        16.657686869303387,
        21.090304692586262,
        13.884284973144531,
        17.099576950073242,
        27.435853322347004,
        13.307000796000162,
        11.526208877563477,
        14.161055883433141,
        3.426460027694702
      ],
      "average_accuracy": [
        51.21951219512195,
        68.78048780487805,
        81.46341463414635,
        80.97560975609755,
        65.85365853658537,
        74.63414634146342,
        51.21951219512195,
        79.51219512195122,
        76.09756097560975,
        65.36585365853658
      ]
    },
    "average_loss_intra_epoch": [
      3.7273970444997153
    ],
    "average_accuracy_intra_epoch": [
      70.25703794369645
    ],
    "runtime": 31.16660785675049
  }
}