{
  "hyperparameters": {
    "architecture": "classification",
    "batch_size": 100,
    "clipping_threshold": 0.0,
    "dataset_name": "acute-nephritis_classification",
    "epochs": 10,
    "initialization_scale": "\\sqrt{\frac{6}{n+m}}",
    "inner_ISGD_iterations": 0,
    "intra_epoch": false,
    "lr": 0.001,
    "momentum": 0.0,
    "mu": 0.0,
    "nodes": 50,
    "seed": 1,
    "sgdtype": "explicit",
    "data_type": "classification"
  },
  "results": {
    "train": {
      "average_loss": [
        0.6813411712646484,
        0.6812945008277893,
        0.681248128414154,
        0.681201696395874,
        0.681155264377594,
        0.6811090111732483,
        0.6810629963874817,
        0.6810169816017151,
        0.6809708476066589,
        0.6809248328208923
      ],
      "average_accuracy": [
        64.58333333333333,
        64.58333333333333,
        64.58333333333333,
        64.58333333333333,
        64.58333333333333,
        64.58333333333333,
        64.58333333333333,
        64.58333333333333,
        64.58333333333333,
        64.58333333333333
      ]
    },
    "test": {
      "average_loss": [
        0.7081656455993652,
        0.7082357406616211,
        0.7083055377006531,
        0.7083756923675537,
        0.7084457874298096,
        0.7085156440734863,
        0.7085856795310974,
        0.708655595779419,
        0.7087254524230957,
        0.7087954878807068
      ],
      "average_accuracy": [
        33.333333333333336,
        33.333333333333336,
        33.333333333333336,
        33.333333333333336,
        33.333333333333336,
        33.333333333333336,
        33.333333333333336,
        33.333333333333336,
        33.333333333333336,
        33.333333333333336
      ]
    },
    "average_loss_intra_epoch": [
      0.6809248328208923
    ],
    "average_accuracy_intra_epoch": [
      64.58333333333333
    ],
    "runtime": 3.0309770107269287
  }
}