{
  "hyperparameters": {
    "architecture": "classification",
    "batch_size": 100,
    "clipping_threshold": 0.0,
    "dataset_name": "cardiotocography-3clases_classification",
    "epochs": 10,
    "initialization_scale": "\\sqrt{\frac{6}{n+m}}",
    "inner_ISGD_iterations": 0,
    "intra_epoch": false,
    "lr": 0.001,
    "momentum": 0.0,
    "mu": 0.0,
    "nodes": 50,
    "seed": 1,
    "sgdtype": "implicit",
    "data_type": "classification"
  },
  "results": {
    "train": {
      "average_loss": [
        1.1609270712908577,
        1.152471899986267,
        1.144148167441873,
        1.1359534684349508,
        1.1278855800628662,
        1.1199423214968514,
        1.1121216170928057,
        1.104421524440541,
        1.0968398206374224,
        1.0893747105317957
      ],
      "average_accuracy": [
        8.235294117647058,
        8.235294117647058,
        8.235294117647058,
        8.176470588235293,
        8.176470588235293,
        8.117647058823529,
        7.529411764705882,
        4.647058823529412,
        15.0,
        55.35294117647059
      ]
    },
    "test": {
      "average_loss": [
        1.160505509376526,
        1.1521869897842407,
        1.1439988136291503,
        1.1359384298324584,
        1.1280041933059692,
        1.1201934576034547,
        1.1125043153762817,
        1.1049346685409547,
        1.0974824905395508,
        1.0901460647583008
      ],
      "average_accuracy": [
        7.511737089201878,
        7.511737089201878,
        7.511737089201878,
        7.511737089201878,
        7.276995305164319,
        7.276995305164319,
        6.807511737089202,
        5.164319248826291,
        16.197183098591548,
        53.521126760563384
      ]
    },
    "average_loss_intra_epoch": [
      1.0893747105317957
    ],
    "average_accuracy_intra_epoch": [
      55.35294117647059
    ],
    "runtime": 53.578611612319946
  }
}