{
  "hyperparameters": {
    "architecture": "classification",
    "batch_size": 100,
    "clipping_threshold": 0.0,
    "dataset_name": "wall-following_classification",
    "epochs": 10,
    "initialization_scale": "\\sqrt{\frac{6}{n+m}}",
    "inner_ISGD_iterations": 0,
    "intra_epoch": false,
    "lr": 0.001,
    "momentum": 0.0,
    "mu": 0.0,
    "nodes": 50,
    "seed": 1,
    "sgdtype": "implicit",
    "data_type": "classification"
  },
  "results": {
    "train": {
      "average_loss": [
        1.4406774911013516,
        1.4330102069811388,
        1.4255809106610038,
        1.4183804094791412,
        1.411400006576018,
        1.4046314060688019,
        1.398066913539713,
        1.39169919219884,
        1.385521333325993,
        1.3795265555381775
      ],
      "average_accuracy": [
        5.774518790100825,
        5.774518790100825,
        5.774518790100825,
        5.774518790100825,
        5.774518790100825,
        5.774518790100825,
        5.774518790100825,
        5.751604032997251,
        11.251145737855179,
        40.6736938588451
      ]
    },
    "test": {
      "average_loss": [
        1.4409940892999822,
        1.433576919815757,
        1.426393216306513,
        1.4194337888197466,
        1.4126902493563565,
        1.4061545458706943,
        1.3998191248286853,
        1.3936766277660022,
        1.3877201622182673,
        1.3819431174885144
      ],
      "average_accuracy": [
        6.95970695970696,
        6.95970695970696,
        6.95970695970696,
        6.95970695970696,
        6.95970695970696,
        6.95970695970696,
        6.95970695970696,
        7.051282051282051,
        9.706959706959706,
        36.63003663003663
      ]
    },
    "average_loss_intra_epoch": [
      1.3795265555381775
    ],
    "average_accuracy_intra_epoch": [
      40.6736938588451
    ],
    "runtime": 160.94817304611206
  }
}