{
  "hyperparameters": {
    "architecture": "music",
    "batch_size": 100,
    "clipping_threshold": 0.0,
    "dataset_name": "Piano-midi.de",
    "epochs": 10,
    "initialization_scale": "\\sqrt{\frac{6}{n+m}}",
    "inner_ISGD_iterations": 0,
    "intra_epoch": false,
    "lr": 0.1,
    "momentum": 0.0,
    "mu": 0.0,
    "nodes": 50,
    "seed": 1,
    "sgdtype": "implicit",
    "data_type": "sequential_many"
  },
  "results": {
    "train": {
      "average_loss": [
        161.01160444062333,
        155.31015257999815,
        142.4674202491497,
        143.04193815691718,
        141.8707692595734,
        145.33343985985064,
        145.46018015105147,
        149.25727684196386,
        166.96865371177935,
        1035.8156103375313
      ],
      "average_accuracy": [
        0,
        0,
        0,
        0,
        0,
        0,
        0,
        0,
        0,
        0
      ]
    },
    "test": {
      "average_loss": [
        136.6567724609375,
        134.2954075241089,
        121.23255405426025,
        121.13288703918457,
        121.56703205108643,
        123.65432609558106,
        122.93507530212402,
        126.85383255004882,
        142.21041374206544,
        901.9621640014649
      ],
      "average_accuracy": [
        0,
        0,
        0,
        0,
        0,
        0,
        0,
        0,
        0,
        0
      ]
    },
    "average_loss_intra_epoch": [
      1035.8156103375313
    ],
    "average_accuracy_intra_epoch": [
      0
    ],
    "runtime": 5370.239567995071
  }
}