{
  "hyperparameters": {
    "architecture": "classification",
    "batch_size": 100,
    "clipping_threshold": 0.0,
    "dataset_name": "statlog-shuttle_classification",
    "epochs": 10,
    "initialization_scale": "\\sqrt{\frac{6}{n+m}}",
    "inner_ISGD_iterations": 0,
    "intra_epoch": false,
    "lr": 50.0,
    "momentum": 0.0,
    "mu": 0.0,
    "nodes": 50,
    "seed": 1,
    "sgdtype": "explicit",
    "data_type": "classification"
  },
  "results": {
    "train": {
      "average_loss": [
        4.343776267752501,
        29.015108590496,
        3.1051893875259777,
        7.556525493361827,
        5.863201793218995,
        7.89669787254313,
        5.650718221376682,
        5.332551054913422,
        6.33713296338402,
        4.51304172005119
      ],
      "average_accuracy": [
        91.64439655172414,
        84.8103448275862,
        90.05172413793103,
        91.58189655172414,
        90.82112068965517,
        90.80818965517241,
        89.95043103448276,
        89.99568965517241,
        90.20474137931035,
        91.02801724137932
      ]
    },
    "test": {
      "average_loss": [
        4.022941806706889,
        27.396691605962555,
        2.913462178460483,
        7.995283445664521,
        5.941526623121623,
        8.096540448994473,
        5.821116739305957,
        5.557842688313846,
        6.643250576381026,
        4.571812085550407
      ],
      "average_accuracy": [
        91.42241379310344,
        85.49137931034483,
        90.25862068965517,
        91.29310344827586,
        90.56896551724138,
        90.56896551724138,
        89.54310344827586,
        89.53448275862068,
        89.76724137931035,
        90.76724137931035
      ]
    },
    "average_loss_intra_epoch": [
      4.51304172005119
    ],
    "average_accuracy_intra_epoch": [
      91.02801724137932
    ],
    "runtime": 52.68691372871399
  }
}