{
  "hyperparameters": {
    "architecture": "classification",
    "batch_size": 100,
    "clipping_threshold": 0.0,
    "dataset_name": "image-segmentation_classification",
    "epochs": 10,
    "initialization_scale": "\\sqrt{\frac{6}{n+m}}",
    "inner_ISGD_iterations": 0,
    "intra_epoch": false,
    "lr": 3.0,
    "momentum": 0.0,
    "mu": 0.0,
    "nodes": 50,
    "seed": 1,
    "sgdtype": "implicit",
    "data_type": "classification"
  },
  "results": {
    "train": {
      "average_loss": [
        26.233926070363896,
        17.42144946048134,
        7.000114892658434,
        8.71712518993177,
        5.2734904665696,
        4.872510558680484,
        3.12428711590014,
        5.520540915037456,
        3.2189153809296456,
        2.7654427666413155
      ],
      "average_accuracy": [
        23.43073593073593,
        27.326839826839826,
        42.37012987012987,
        56.6017316017316,
        51.94805194805195,
        59.46969696969697,
        55.032467532467535,
        32.196969696969695,
        77.81385281385282,
        74.13419913419914
      ]
    },
    "test": {
      "average_loss": [
        26.41967010498047,
        17.21759452819824,
        8.075807762145995,
        10.413582038879394,
        5.828319263458252,
        5.489114284515381,
        3.626088333129883,
        5.762235069274903,
        3.514820384979248,
        2.784707498550415
      ],
      "average_accuracy": [
        22.51082251082251,
        26.83982683982684,
        39.39393939393939,
        53.03030303030303,
        49.134199134199136,
        56.06060606060606,
        53.67965367965368,
        31.6017316017316,
        76.62337662337663,
        71.86147186147186
      ]
    },
    "average_loss_intra_epoch": [
      2.7654427666413155
    ],
    "average_accuracy_intra_epoch": [
      74.13419913419914
    ],
    "runtime": 50.651588678359985
  }
}