{
  "hyperparameters": {
    "architecture": "classification",
    "batch_size": 100,
    "clipping_threshold": 0.0,
    "dataset_name": "haberman-survival_classification",
    "epochs": 10,
    "initialization_scale": "\\sqrt{\frac{6}{n+m}}",
    "inner_ISGD_iterations": 0,
    "intra_epoch": false,
    "lr": 0.5,
    "momentum": 0.0,
    "mu": 0.0,
    "nodes": 50,
    "seed": 1,
    "sgdtype": "explicit",
    "data_type": "classification"
  },
  "results": {
    "train": {
      "average_loss": [
        0.5762998263041178,
        0.574678103129069,
        0.5748619437217712,
        0.5749692519505819,
        0.5750036636988322,
        0.5750118494033813,
        0.5750120282173157,
        0.5750096440315247,
        0.5750066240628561,
        0.575003445148468
      ],
      "average_accuracy": [
        72.54098360655738,
        72.54098360655738,
        72.54098360655738,
        72.54098360655738,
        72.54098360655738,
        72.54098360655738,
        72.54098360655738,
        72.54098360655738,
        72.54098360655738,
        72.54098360655738
      ]
    },
    "test": {
      "average_loss": [
        0.5438247323036194,
        0.53741455078125,
        0.5362122058868408,
        0.5359092354774475,
        0.5358230471611023,
        0.5357975363731384,
        0.5357899069786072,
        0.5357879996299744,
        0.5357874631881714,
        0.5357876420021057
      ],
      "average_accuracy": [
        77.41935483870968,
        77.41935483870968,
        77.41935483870968,
        77.41935483870968,
        77.41935483870968,
        77.41935483870968,
        77.41935483870968,
        77.41935483870968,
        77.41935483870968,
        77.41935483870968
      ]
    },
    "average_loss_intra_epoch": [
      0.575003445148468
    ],
    "average_accuracy_intra_epoch": [
      72.54098360655738
    ],
    "runtime": 3.3388571739196777
  }
}