{
  "hyperparameters": {
    "architecture": "classification",
    "batch_size": 100,
    "clipping_threshold": 0.0,
    "dataset_name": "ringnorm_classification",
    "epochs": 10,
    "initialization_scale": "\\sqrt{\frac{6}{n+m}}",
    "inner_ISGD_iterations": 0,
    "intra_epoch": false,
    "lr": 0.01,
    "momentum": 0.0,
    "mu": 0.0,
    "nodes": 50,
    "seed": 1,
    "sgdtype": "explicit",
    "data_type": "classification"
  },
  "results": {
    "train": {
      "average_loss": [
        0.6929628868897756,
        0.6926291406154632,
        0.6923587252696355,
        0.6921107312043507,
        0.6918636918067932,
        0.6916050384442012,
        0.6913260062535603,
        0.6910188138484955,
        0.6906756530205409,
        0.6902876188357671
      ],
      "average_accuracy": [
        50.16891891891892,
        50.2195945945946,
        50.96283783783784,
        52.652027027027025,
        55.4054054054054,
        58.58108108108108,
        60.91216216216216,
        62.9222972972973,
        64.44256756756756,
        65.77702702702703
      ]
    },
    "test": {
      "average_loss": [
        0.6920648097991944,
        0.6919514616330464,
        0.691833500067393,
        0.6916917363802592,
        0.6915196061134339,
        0.6913145224253336,
        0.6910747647285461,
        0.6907973210016887,
        0.6904775460561117,
        0.6901089628537496
      ],
      "average_accuracy": [
        51.75675675675676,
        51.75675675675676,
        52.63513513513514,
        54.32432432432432,
        56.891891891891895,
        59.45945945945946,
        62.2972972972973,
        63.445945945945944,
        65.33783783783784,
        66.75675675675676
      ]
    },
    "average_loss_intra_epoch": [
      0.6902876188357671
    ],
    "average_accuracy_intra_epoch": [
      65.77702702702703
    ],
    "runtime": 10.913804531097412
  }
}