{
  "hyperparameters": {
    "architecture": "classification",
    "batch_size": 100,
    "clipping_threshold": 0.0,
    "dataset_name": "steel-plates_classification",
    "epochs": 10,
    "initialization_scale": "\\sqrt{\frac{6}{n+m}}",
    "inner_ISGD_iterations": 0,
    "intra_epoch": false,
    "lr": 50.0,
    "momentum": 0.0,
    "mu": 0.0,
    "nodes": 50,
    "seed": 1,
    "sgdtype": "implicit",
    "data_type": "classification"
  },
  "results": {
    "train": {
      "average_loss": [
        312.26651191711426,
        423.87305450439453,
        459.18708992004395,
        203.95164012908936,
        176.6821870803833,
        295.360445022583,
        314.3983974456787,
        200.38813591003418,
        266.9415292739868,
        340.84413623809814
      ],
      "average_accuracy": [
        9.02061855670103,
        38.079896907216494,
        45.876288659793815,
        42.654639175257735,
        9.987113402061855,
        40.850515463917525,
        47.55154639175258,
        31.829896907216494,
        42.01030927835052,
        38.853092783505154
      ]
    },
    "test": {
      "average_loss": [
        319.10094451904297,
        444.20438385009766,
        445.21116638183594,
        207.09115982055664,
        176.04300689697266,
        294.0241508483887,
        299.1957321166992,
        195.9510269165039,
        279.53436279296875,
        340.9685974121094
      ],
      "average_accuracy": [
        7.712082262210797,
        36.246786632390744,
        46.52956298200514,
        46.7866323907455,
        10.796915167095115,
        39.84575835475579,
        50.38560411311054,
        31.876606683804628,
        40.3598971722365,
        38.04627249357326
      ]
    },
    "average_loss_intra_epoch": [
      340.84413623809814
    ],
    "average_accuracy_intra_epoch": [
      38.853092783505154
    ],
    "runtime": 62.33607506752014
  }
}