{
  "hyperparameters": {
    "architecture": "classification",
    "batch_size": 100,
    "clipping_threshold": 0.0,
    "dataset_name": "glass_classification",
    "epochs": 10,
    "initialization_scale": "\\sqrt{\frac{6}{n+m}}",
    "inner_ISGD_iterations": 0,
    "intra_epoch": false,
    "lr": 50.0,
    "momentum": 0.0,
    "mu": 0.0,
    "nodes": 50,
    "seed": 1,
    "sgdtype": "implicit",
    "data_type": "classification"
  },
  "results": {
    "train": {
      "average_loss": [
        194.2758026123047,
        243.4664306640625,
        378.27911376953125,
        321.5692138671875,
        202.9474334716797,
        568.18505859375,
        384.065185546875,
        245.72859954833984,
        368.73793029785156,
        378.3214416503906
      ],
      "average_accuracy": [
        29.82456140350877,
        29.239766081871345,
        6.432748538011696,
        34.50292397660819,
        5.847953216374269,
        30.994152046783626,
        36.25730994152047,
        36.25730994152047,
        14.619883040935672,
        29.82456140350877
      ]
    },
    "test": {
      "average_loss": [
        139.97654724121094,
        228.08094787597656,
        338.9583740234375,
        413.1976623535156,
        293.1748352050781,
        451.67364501953125,
        451.8185729980469,
        311.58251953125,
        446.8492126464844,
        230.08692932128906
      ],
      "average_accuracy": [
        44.18604651162791,
        44.18604651162791,
        13.953488372093023,
        18.6046511627907,
        2.3255813953488373,
        44.18604651162791,
        18.6046511627907,
        18.6046511627907,
        9.30232558139535,
        44.18604651162791
      ]
    },
    "average_loss_intra_epoch": [
      378.3214416503906
    ],
    "average_accuracy_intra_epoch": [
      29.82456140350877
    ],
    "runtime": 5.806593418121338
  }
}