{
  "hyperparameters": {
    "architecture": "classification",
    "batch_size": 100,
    "clipping_threshold": 0.0,
    "dataset_name": "breast-cancer-wisc-diag_classification",
    "epochs": 10,
    "initialization_scale": "\\sqrt{\frac{6}{n+m}}",
    "inner_ISGD_iterations": 0,
    "intra_epoch": false,
    "lr": 30.0,
    "momentum": 0.0,
    "mu": 0.0,
    "nodes": 50,
    "seed": 1,
    "sgdtype": "implicit",
    "data_type": "classification"
  },
  "results": {
    "train": {
      "average_loss": [
        697.5408935546875,
        58.12341232299805,
        23.83530902862549,
        33.14435024261475,
        29.93319911956787,
        28.926882553100587,
        14.186123085021972,
        8.808667421340942,
        38.94712829589844,
        44.17197685241699
      ],
      "average_accuracy": [
        30.32967032967033,
        87.6923076923077,
        92.96703296703296,
        57.142857142857146,
        92.96703296703296,
        93.84615384615384,
        93.4065934065934,
        94.50549450549451,
        88.79120879120879,
        90.32967032967034
      ]
    },
    "test": {
      "average_loss": [
        706.5972900390625,
        68.7163257598877,
        29.660839080810547,
        39.453813552856445,
        47.30205535888672,
        38.61672401428223,
        19.0059494972229,
        19.861207008361816,
        51.3182373046875,
        27.657812118530273
      ],
      "average_accuracy": [
        24.56140350877193,
        88.59649122807018,
        91.2280701754386,
        64.91228070175438,
        92.10526315789474,
        92.10526315789474,
        92.98245614035088,
        92.10526315789474,
        80.70175438596492,
        93.85964912280701
      ]
    },
    "average_loss_intra_epoch": [
      44.17197685241699
    ],
    "average_accuracy_intra_epoch": [
      90.32967032967034
    ],
    "runtime": 6.175175189971924
  }
}