{
  "hyperparameters": {
    "architecture": "classification",
    "batch_size": 100,
    "clipping_threshold": 0.0,
    "dataset_name": "ilpd-indian-liver_classification",
    "epochs": 10,
    "initialization_scale": "\\sqrt{\frac{6}{n+m}}",
    "inner_ISGD_iterations": 0,
    "intra_epoch": false,
    "lr": 1.0,
    "momentum": 0.0,
    "mu": 0.0,
    "nodes": 50,
    "seed": 1,
    "sgdtype": "explicit",
    "data_type": "classification"
  },
  "results": {
    "train": {
      "average_loss": [
        0.6000566363334656,
        0.5995558142662049,
        0.5989352703094483,
        0.5977087020874023,
        0.5948566913604736,
        0.5868868231773376,
        0.5628484845161438,
        0.5331267893314362,
        0.537845504283905,
        0.5475790143013001
      ],
      "average_accuracy": [
        71.45922746781116,
        71.45922746781116,
        71.45922746781116,
        71.45922746781116,
        71.45922746781116,
        71.45922746781116,
        71.45922746781116,
        69.09871244635193,
        68.24034334763948,
        66.52360515021459
      ]
    },
    "test": {
      "average_loss": [
        0.6656313240528107,
        0.6659333407878876,
        0.6651683747768402,
        0.6636519730091095,
        0.6601959764957428,
        0.6507740020751953,
        0.6229625046253204,
        0.5843434631824493,
        0.569403886795044,
        0.5717924535274506
      ],
      "average_accuracy": [
        70.94017094017094,
        70.94017094017094,
        70.94017094017094,
        70.94017094017094,
        70.94017094017094,
        70.94017094017094,
        70.94017094017094,
        70.08547008547009,
        61.53846153846154,
        61.53846153846154
      ]
    },
    "average_loss_intra_epoch": [
      0.5475790143013001
    ],
    "average_accuracy_intra_epoch": [
      66.52360515021459
    ],
    "runtime": 3.7155380249023438
  }
}