{
  "hyperparameters": {
    "architecture": "classification",
    "batch_size": 1,
    "clipping_threshold": 0.0,
    "dataset_name": "classification_abalone",
    "epochs": 10,
    "initialization_scale": "\\sqrt{\frac{6}{n+m}}",
    "inner_ISGD_iterations": 0,
    "intra_epoch": false,
    "lr": 3.0,
    "momentum": 0.0,
    "mu": 0.0,
    "nodes": 50,
    "seed": 1,
    "sgdtype": "explicit",
    "data_type": "classification"
  },
  "results": {
    "train": {
      "average_loss": [
        55.22427720004518,
        35.13992907465022,
        43.02890633951579,
        72.19827884615842,
        23.70093765475728,
        73.88598706088213,
        19.299015094833578,
        26.544144217392102,
        26.603715152592045,
        29.522586413751423
      ],
      "average_accuracy": [
        35.64800957797067,
        18.138281951511523,
        18.04848847650404,
        18.04848847650404,
        37.14456749476205,
        17.5695899431308,
        17.539658784794973,
        18.16821310984735,
        17.000897934750075,
        18.70697395989225
      ]
    },
    "test": {
      "average_loss": [
        54.733179989043606,
        35.27898103540594,
        43.64555350216952,
        71.9460123463681,
        23.87406904731641,
        75.5401836171675,
        19.995587460732345,
        26.81821232207084,
        26.742790741213202,
        30.87056650385332
      ],
      "average_accuracy": [
        37.08133971291866,
        17.583732057416267,
        17.583732057416267,
        17.583732057416267,
        38.038277511961724,
        17.105263157894736,
        17.105263157894736,
        17.583732057416267,
        16.626794258373206,
        17.3444976076555
      ]
    },
    "average_loss_intra_epoch": [
      29.522586413751423
    ],
    "average_accuracy_intra_epoch": [
      18.70697395989225
    ],
    "runtime": 149.37424993515015
  }
}