{
  "hyperparameters": {
    "architecture": "music",
    "batch_size": 100,
    "clipping_threshold": 0.01,
    "dataset_name": "Piano-midi.de",
    "epochs": 5,
    "initialization_scale": "\\sqrt{\frac{6}{n+m}}",
    "inner_ISGD_iterations": 0,
    "intra_epoch": false,
    "lr": 0.5,
    "momentum": 0.0,
    "mu": 0.0,
    "nodes": 300,
    "seed": 3,
    "sgdtype": "implicit",
    "data_type": "sequential_many"
  },
  "results": {
    "train": {
      "average_loss": [
        0.001359080856641883,
        0.0012886708611675977,
        0.0012171998975969765,
        0.0011478216601763156,
        0.0010835185968825572
      ],
      "average_accuracy": [
        0,
        0,
        0,
        0,
        0
      ]
    },
    "test": {
      "average_loss": [
        0.001579669679631479,
        0.0014935101551236585,
        0.0014114688360132278,
        0.0013325431768316776,
        0.0012594426306895912
      ],
      "average_accuracy": [
        0,
        0,
        0,
        0,
        0
      ]
    },
    "average_loss_intra_epoch": [
      0.0010835185968825572
    ],
    "average_accuracy_intra_epoch": [
      0
    ],
    "runtime": 3051.7424368858337
  }
}