{
  "hyperparameters": {
    "architecture": "music",
    "batch_size": 100,
    "clipping_threshold": 0.0,
    "dataset_name": "Nottingham",
    "epochs": 5,
    "initialization_scale": "\\sqrt{\frac{6}{n+m}}",
    "inner_ISGD_iterations": 0,
    "intra_epoch": false,
    "lr": 500.0,
    "momentum": 0.0,
    "mu": 0.0,
    "nodes": 300,
    "seed": 3,
    "sgdtype": "implicit",
    "data_type": "sequential_many"
  },
  "results": {
    "train": {
      "average_loss": [
        0.0007230157628141923,
        0.0005734506752198564,
        0.0005826890825140304,
        0.0005008919652132385,
        0.00040491336745952935
      ],
      "average_accuracy": [
        0,
        0,
        0,
        0,
        0
      ]
    },
    "test": {
      "average_loss": [
        0.0007416548266465885,
        0.0006034625624392099,
        0.0006152860390155932,
        0.0005303889823527939,
        0.0004336797454230049
      ],
      "average_accuracy": [
        0,
        0,
        0,
        0,
        0
      ]
    },
    "average_loss_intra_epoch": [
      0.00040491336745952935
    ],
    "average_accuracy_intra_epoch": [
      0
    ],
    "runtime": 6746.841032505035
  }
}