{
  "hyperparameters": {
    "architecture": "classification",
    "batch_size": 100,
    "clipping_threshold": 0.0,
    "dataset_name": "spectf_classification",
    "epochs": 10,
    "initialization_scale": "\\sqrt{\frac{6}{n+m}}",
    "inner_ISGD_iterations": 0,
    "intra_epoch": false,
    "lr": 0.5,
    "momentum": 0.0,
    "mu": 0.0,
    "nodes": 50,
    "seed": 1,
    "sgdtype": "explicit",
    "data_type": "classification"
  },
  "results": {
    "train": {
      "average_loss": [
        0.5434530377388,
        0.49601292610168457,
        0.45199697216351825,
        0.4230590760707855,
        0.41241417328516644,
        0.40085692207018536,
        0.3603598972161611,
        0.3457337021827698,
        0.3919463058312734,
        0.37613487243652344
      ],
      "average_accuracy": [
        78.87323943661971,
        78.87323943661971,
        80.28169014084507,
        83.09859154929578,
        80.75117370892019,
        80.28169014084507,
        82.15962441314554,
        82.62910798122066,
        78.87323943661971,
        80.75117370892019
      ]
    },
    "test": {
      "average_loss": [
        0.5105438828468323,
        0.4638408422470093,
        0.4339241683483124,
        0.42164376378059387,
        0.4318062961101532,
        0.4362111985683441,
        0.3913854658603668,
        0.3901119530200958,
        0.3779720962047577,
        0.4077709913253784
      ],
      "average_accuracy": [
        81.48148148148148,
        81.48148148148148,
        81.48148148148148,
        77.77777777777777,
        75.92592592592592,
        75.92592592592592,
        77.77777777777777,
        77.77777777777777,
        81.48148148148148,
        77.77777777777777
      ]
    },
    "average_loss_intra_epoch": [
      0.37613487243652344
    ],
    "average_accuracy_intra_epoch": [
      80.75117370892019
    ],
    "runtime": 3.5045409202575684
  }
}