{
  "hyperparameters": {
    "architecture": "classification",
    "batch_size": 100,
    "clipping_threshold": 0.0,
    "dataset_name": "breast-cancer-wisc-diag_classification",
    "epochs": 10,
    "initialization_scale": "\\sqrt{\frac{6}{n+m}}",
    "inner_ISGD_iterations": 0,
    "intra_epoch": false,
    "lr": 50.0,
    "momentum": 0.0,
    "mu": 0.0,
    "nodes": 50,
    "seed": 1,
    "sgdtype": "implicit",
    "data_type": "classification"
  },
  "results": {
    "train": {
      "average_loss": [
        10.134586620330811,
        587.616748046875,
        72.07943267822266,
        68.57439041137695,
        86.35467147827148,
        405.5721801757812,
        169.32324829101563,
        498.3720947265625,
        213.39095916748047,
        95.68825473785401
      ],
      "average_accuracy": [
        92.74725274725274,
        86.81318681318682,
        91.42857142857143,
        91.64835164835165,
        91.86813186813187,
        91.64835164835165,
        91.86813186813187,
        92.08791208791209,
        93.62637362637362,
        96.26373626373626
      ]
    },
    "test": {
      "average_loss": [
        11.714982271194458,
        853.270751953125,
        91.18539619445801,
        87.6650619506836,
        116.49472045898438,
        536.2014770507812,
        214.96175384521484,
        557.2872467041016,
        109.81996154785156,
        44.991424560546875
      ],
      "average_accuracy": [
        89.47368421052632,
        78.94736842105263,
        85.96491228070175,
        86.84210526315789,
        86.84210526315789,
        86.84210526315789,
        87.71929824561404,
        90.35087719298245,
        94.73684210526316,
        97.36842105263158
      ]
    },
    "average_loss_intra_epoch": [
      95.68825473785401
    ],
    "average_accuracy_intra_epoch": [
      96.26373626373626
    ],
    "runtime": 6.223931312561035
  }
}