{
  "hyperparameters": {
    "architecture": "music",
    "batch_size": 100,
    "clipping_threshold": 0.0,
    "dataset_name": "Nottingham",
    "epochs": 5,
    "initialization_scale": "\\sqrt{\frac{6}{n+m}}",
    "inner_ISGD_iterations": 0,
    "intra_epoch": false,
    "lr": 500.0,
    "momentum": 0.0,
    "mu": 0.0,
    "nodes": 300,
    "seed": 5,
    "sgdtype": "implicit",
    "data_type": "sequential_many"
  },
  "results": {
    "train": {
      "average_loss": [
        0.0008941299199305393,
        0.0007053891412677656,
        0.00060366450771923,
        0.0005043106997990636,
        0.000449337186717363
      ],
      "average_accuracy": [
        0,
        0,
        0,
        0,
        0
      ]
    },
    "test": {
      "average_loss": [
        0.0008662851142991498,
        0.0006949611941629829,
        0.0006040433571102125,
        0.0005139500520111623,
        0.0004652001307155896
      ],
      "average_accuracy": [
        0,
        0,
        0,
        0,
        0
      ]
    },
    "average_loss_intra_epoch": [
      0.000449337186717363
    ],
    "average_accuracy_intra_epoch": [
      0
    ],
    "runtime": 6753.6752252578735
  }
}