{
  "hyperparameters": {
    "architecture": "classification",
    "batch_size": 100,
    "clipping_threshold": 0.0,
    "dataset_name": "zoo_classification",
    "epochs": 10,
    "initialization_scale": "\\sqrt{\frac{6}{n+m}}",
    "inner_ISGD_iterations": 0,
    "intra_epoch": false,
    "lr": 30.0,
    "momentum": 0.0,
    "mu": 0.0,
    "nodes": 50,
    "seed": 1,
    "sgdtype": "implicit",
    "data_type": "classification"
  },
  "results": {
    "train": {
      "average_loss": [
        5.845513343811035,
        96.69404602050781,
        159.17037963867188,
        940.6563720703125,
        317.4352722167969,
        153.69422912597656,
        230.0339813232422,
        120.0478515625,
        123.77154541015625,
        198.4013214111328
      ],
      "average_accuracy": [
        37.5,
        0.0,
        1.25,
        5.0,
        0.0,
        55.0,
        52.5,
        47.5,
        56.25,
        47.5
      ]
    },
    "test": {
      "average_loss": [
        4.371366024017334,
        99.63652038574219,
        176.56585693359375,
        1071.11083984375,
        385.205810546875,
        106.95436096191406,
        236.99388122558594,
        104.72101593017578,
        53.95780563354492,
        176.22433471679688
      ],
      "average_accuracy": [
        52.38095238095238,
        0.0,
        0.0,
        0.0,
        0.0,
        76.19047619047619,
        57.142857142857146,
        52.38095238095238,
        76.19047619047619,
        61.904761904761905
      ]
    },
    "average_loss_intra_epoch": [
      198.4013214111328
    ],
    "average_accuracy_intra_epoch": [
      47.5
    ],
    "runtime": 4.867534875869751
  }
}