{
  "hyperparameters": {
    "architecture": "classification",
    "batch_size": 100,
    "clipping_threshold": 0.0,
    "dataset_name": "vertebral-column-3clases_classification",
    "epochs": 10,
    "initialization_scale": "\\sqrt{\frac{6}{n+m}}",
    "inner_ISGD_iterations": 0,
    "intra_epoch": false,
    "lr": 1.0,
    "momentum": 0.0,
    "mu": 0.0,
    "nodes": 50,
    "seed": 1,
    "sgdtype": "implicit",
    "data_type": "classification"
  },
  "results": {
    "train": {
      "average_loss": [
        1.0475434859593709,
        1.041678210099538,
        1.0348166426022847,
        1.007715880870819,
        0.8616914749145508,
        0.6684948404630026,
        0.5979026953379313,
        0.5884131590525309,
        0.5558959146340688,
        0.5332981944084167
      ],
      "average_accuracy": [
        47.983870967741936,
        47.983870967741936,
        47.983870967741936,
        47.983870967741936,
        72.1774193548387,
        70.96774193548387,
        73.38709677419355,
        73.79032258064517,
        74.59677419354838,
        74.19354838709677
      ]
    },
    "test": {
      "average_loss": [
        1.030686855316162,
        1.0207890272140503,
        1.0129448175430298,
        0.9868199825286865,
        0.8563554883003235,
        0.7310090065002441,
        0.7256903648376465,
        0.7222660779953003,
        0.6742725968360901,
        0.6241996884346008
      ],
      "average_accuracy": [
        50.0,
        50.0,
        50.0,
        50.0,
        67.74193548387096,
        67.74193548387096,
        66.12903225806451,
        67.74193548387096,
        72.58064516129032,
        70.96774193548387
      ]
    },
    "average_loss_intra_epoch": [
      0.5332981944084167
    ],
    "average_accuracy_intra_epoch": [
      74.19354838709677
    ],
    "runtime": 6.246495962142944
  }
}