{
  "hyperparameters": {
    "architecture": "classification",
    "batch_size": 100,
    "clipping_threshold": 0.0,
    "dataset_name": "soybean_classification",
    "epochs": 10,
    "initialization_scale": "\\sqrt{\frac{6}{n+m}}",
    "inner_ISGD_iterations": 0,
    "intra_epoch": false,
    "lr": 50.0,
    "momentum": 0.0,
    "mu": 0.0,
    "nodes": 50,
    "seed": 1,
    "sgdtype": "implicit",
    "data_type": "classification"
  },
  "results": {
    "train": {
      "average_loss": [
        460.28435770670575,
        354.2040506998698,
        205.39120229085287,
        537.2557423909506,
        287.2657190958659,
        275.65443929036456,
        213.21410115559897,
        498.7264912923177,
        288.01879628499347,
        288.92529551188153
      ],
      "average_accuracy": [
        6.7765567765567765,
        10.073260073260073,
        29.853479853479854,
        21.062271062271062,
        26.373626373626372,
        21.978021978021978,
        28.754578754578755,
        15.750915750915752,
        21.245421245421245,
        23.80952380952381
      ]
    },
    "test": {
      "average_loss": [
        490.2312927246094,
        395.0492858886719,
        180.37813568115234,
        497.4623260498047,
        258.77581787109375,
        302.06117248535156,
        210.52626037597656,
        452.6403350830078,
        223.3490753173828,
        304.2061309814453
      ],
      "average_accuracy": [
        5.839416058394161,
        4.37956204379562,
        32.846715328467155,
        20.437956204379564,
        25.547445255474454,
        22.62773722627737,
        27.73722627737226,
        14.598540145985401,
        22.62773722627737,
        21.8978102189781
      ]
    },
    "average_loss_intra_epoch": [
      288.92529551188153
    ],
    "average_accuracy_intra_epoch": [
      23.80952380952381
    ],
    "runtime": 28.757864713668823
  }
}