{
  "hyperparameters": {
    "architecture": "classification",
    "batch_size": 100,
    "clipping_threshold": 0.0,
    "dataset_name": "statlog-vehicle_classification",
    "epochs": 10,
    "initialization_scale": "\\sqrt{\frac{6}{n+m}}",
    "inner_ISGD_iterations": 0,
    "intra_epoch": false,
    "lr": 0.1,
    "momentum": 0.0,
    "mu": 0.0,
    "nodes": 50,
    "seed": 1,
    "sgdtype": "explicit",
    "data_type": "classification"
  },
  "results": {
    "train": {
      "average_loss": [
        1.3857666083744593,
        1.3817304032189506,
        1.3782765184129988,
        1.374732494354248,
        1.3705406529562814,
        1.3651063101632255,
        1.3576887675694056,
        1.347352181162153,
        1.333096674510411,
        1.3143998554774694
      ],
      "average_accuracy": [
        23.37278106508876,
        33.875739644970416,
        27.662721893491124,
        27.662721893491124,
        28.698224852071007,
        39.79289940828402,
        44.082840236686394,
        38.905325443786985,
        36.53846153846154,
        39.053254437869825
      ]
    },
    "test": {
      "average_loss": [
        1.385497808456421,
        1.3848398327827454,
        1.3839214444160461,
        1.3823115229606628,
        1.3796367049217224,
        1.3754495978355408,
        1.3691400289535522,
        1.3598970770835876,
        1.3468526005744934,
        1.3296217918395996
      ],
      "average_accuracy": [
        25.294117647058822,
        31.764705882352942,
        22.352941176470587,
        22.352941176470587,
        23.529411764705884,
        32.35294117647059,
        33.529411764705884,
        32.94117647058823,
        30.58823529411765,
        37.05882352941177
      ]
    },
    "average_loss_intra_epoch": [
      1.3143998554774694
    ],
    "average_accuracy_intra_epoch": [
      39.053254437869825
    ],
    "runtime": 3.902134656906128
  }
}