{
  "hyperparameters": {
    "architecture": "classification",
    "batch_size": 100,
    "clipping_threshold": 0.0,
    "dataset_name": "image-segmentation_classification",
    "epochs": 10,
    "initialization_scale": "\\sqrt{\frac{6}{n+m}}",
    "inner_ISGD_iterations": 0,
    "intra_epoch": false,
    "lr": 0.001,
    "momentum": 0.0,
    "mu": 0.0,
    "nodes": 50,
    "seed": 1,
    "sgdtype": "explicit",
    "data_type": "classification"
  },
  "results": {
    "train": {
      "average_loss": [
        1.9518338881040875,
        1.9516968099694503,
        1.9515598510441028,
        1.9514237579546476,
        1.9512881228798313,
        1.951152908174615,
        1.951018540482772,
        1.9508844049353349,
        1.9507508528859991,
        1.9506177964963411
      ],
      "average_accuracy": [
        13.96103896103896,
        13.96103896103896,
        13.96103896103896,
        13.96103896103896,
        13.96103896103896,
        13.96103896103896,
        13.96103896103896,
        13.96103896103896,
        13.96103896103896,
        13.96103896103896
      ]
    },
    "test": {
      "average_loss": [
        1.9487386703491212,
        1.9486280918121337,
        1.948517656326294,
        1.9484076738357543,
        1.9482982397079467,
        1.9481894254684449,
        1.9480809688568115,
        1.947972798347473,
        1.94786536693573,
        1.947758173942566
      ],
      "average_accuracy": [
        15.584415584415584,
        15.584415584415584,
        15.584415584415584,
        15.584415584415584,
        15.584415584415584,
        15.584415584415584,
        15.584415584415584,
        15.584415584415584,
        15.584415584415584,
        15.584415584415584
      ]
    },
    "average_loss_intra_epoch": [
      1.9506177964963411
    ],
    "average_accuracy_intra_epoch": [
      13.96103896103896
    ],
    "runtime": 5.629453659057617
  }
}