{
  "hyperparameters": {
    "architecture": "music",
    "batch_size": 100,
    "clipping_threshold": 0.0,
    "dataset_name": "Nottingham",
    "epochs": 5,
    "initialization_scale": "\\sqrt{\frac{6}{n+m}}",
    "inner_ISGD_iterations": 0,
    "intra_epoch": false,
    "lr": 500.0,
    "momentum": 0.0,
    "mu": 0.0,
    "nodes": 300,
    "seed": 4,
    "sgdtype": "explicit",
    "data_type": "sequential_many"
  },
  "results": {
    "train": {
      "average_loss": [
        0.000728129504878971,
        0.00046101928560596,
        0.0004041449827216623,
        0.00024922438847340637,
        0.00031028265419485074
      ],
      "average_accuracy": [
        0,
        0,
        0,
        0,
        0
      ]
    },
    "test": {
      "average_loss": [
        0.0007757436869724188,
        0.0005091969411510303,
        0.0004397352425739347,
        0.00029877016205479294,
        0.0003656780721297871
      ],
      "average_accuracy": [
        0,
        0,
        0,
        0,
        0
      ]
    },
    "average_loss_intra_epoch": [
      0.00031028265419485074
    ],
    "average_accuracy_intra_epoch": [
      0
    ],
    "runtime": 1314.8920359611511
  }
}