{
  "hyperparameters": {
    "architecture": "music",
    "batch_size": 100,
    "clipping_threshold": 8.0,
    "dataset_name": "JSB Chorales",
    "epochs": 5,
    "initialization_scale": "\\sqrt{\frac{6}{n+m}}",
    "inner_ISGD_iterations": 0,
    "intra_epoch": false,
    "lr": 20.0,
    "momentum": 0.0,
    "mu": 0.0,
    "nodes": 300,
    "seed": 1,
    "sgdtype": "explicit",
    "data_type": "sequential_many"
  },
  "results": {
    "train": {
      "average_loss": [
        0.001946429372002578,
        0.0015966882972416822,
        0.0013819188448929891,
        0.0012356234274908298,
        0.0011362247804472606
      ],
      "average_accuracy": [
        0,
        0,
        0,
        0,
        0
      ]
    },
    "test": {
      "average_loss": [
        0.0019018634074282918,
        0.0015752408823585017,
        0.0013741297063768491,
        0.0012380254228883604,
        0.0011418342764955014
      ],
      "average_accuracy": [
        0,
        0,
        0,
        0,
        0
      ]
    },
    "average_loss_intra_epoch": [
      0.0011362247804472606
    ],
    "average_accuracy_intra_epoch": [
      0
    ],
    "runtime": 117.73463535308838
  }
}