{
  "hyperparameters": {
    "architecture": "music",
    "batch_size": 100,
    "clipping_threshold": 0.0,
    "dataset_name": "Nottingham",
    "epochs": 5,
    "initialization_scale": "\\sqrt{\frac{6}{n+m}}",
    "inner_ISGD_iterations": 0,
    "intra_epoch": false,
    "lr": 5.0,
    "momentum": 0.0,
    "mu": 0.0,
    "nodes": 300,
    "seed": 1,
    "sgdtype": "implicit",
    "data_type": "sequential_many"
  },
  "results": {
    "train": {
      "average_loss": [
        0.0006749032944929316,
        0.0005708246226434231,
        0.0005092124350003963,
        0.0004598204315740176,
        0.0004257171108384559
      ],
      "average_accuracy": [
        0,
        0,
        0,
        0,
        0
      ]
    },
    "test": {
      "average_loss": [
        0.0006749996503726031,
        0.0005775394332886208,
        0.0005209206619303372,
        0.00047614935178631534,
        0.0004464050147362286
      ],
      "average_accuracy": [
        0,
        0,
        0,
        0,
        0
      ]
    },
    "average_loss_intra_epoch": [
      0.0004257171108384559
    ],
    "average_accuracy_intra_epoch": [
      0
    ],
    "runtime": 6779.3330817222595
  }
}