{
  "hyperparameters": {
    "architecture": "music",
    "batch_size": 100,
    "clipping_threshold": 0.0,
    "dataset_name": "MuseData",
    "epochs": 10,
    "initialization_scale": "\\sqrt{\frac{6}{n+m}}",
    "inner_ISGD_iterations": 0,
    "intra_epoch": false,
    "lr": 0.01,
    "momentum": 0.0,
    "mu": 0.0,
    "nodes": 50,
    "seed": 1,
    "sgdtype": "implicit",
    "data_type": "sequential_many"
  },
  "results": {
    "train": {
      "average_loss": [
        64.92754973004793,
        61.335585011098225,
        59.91821260920918,
        57.68625405544543,
        56.60295230172973,
        55.933828469678645,
        55.421574104378244,
        55.0221765425824,
        54.69715997280965,
        54.42331180840958
      ],
      "average_accuracy": [
        0,
        0,
        0,
        0,
        0,
        0,
        0,
        0,
        0,
        0
      ]
    },
    "test": {
      "average_loss": [
        70.18943613575351,
        66.68205647699294,
        65.28729057696557,
        63.16687177842663,
        62.045886854971606,
        61.349867830353396,
        60.808530232598706,
        60.38080982046743,
        60.02997140346035,
        59.732628506998864
      ],
      "average_accuracy": [
        0,
        0,
        0,
        0,
        0,
        0,
        0,
        0,
        0,
        0
      ]
    },
    "average_loss_intra_epoch": [
      54.42331180840958
    ],
    "average_accuracy_intra_epoch": [
      0
    ],
    "runtime": 10245.709216117859
  }
}