{
  "hyperparameters": {
    "architecture": "classification",
    "batch_size": 100,
    "clipping_threshold": 0.0,
    "dataset_name": "breast-cancer_classification",
    "epochs": 10,
    "initialization_scale": "\\sqrt{\frac{6}{n+m}}",
    "inner_ISGD_iterations": 0,
    "intra_epoch": false,
    "lr": 30.0,
    "momentum": 0.0,
    "mu": 0.0,
    "nodes": 50,
    "seed": 1,
    "sgdtype": "explicit",
    "data_type": "classification"
  },
  "results": {
    "train": {
      "average_loss": [
        99.70669555664062,
        32.12780570983887,
        76.50816980997722,
        41.24826876322428,
        104.41720326741536,
        19.598249117533367,
        39.54628245035807,
        59.7496083577474,
        84.34617106119792,
        38.61375045776367
      ],
      "average_accuracy": [
        64.47368421052632,
        35.08771929824562,
        34.64912280701754,
        67.10526315789474,
        65.35087719298245,
        65.78947368421052,
        65.78947368421052,
        65.78947368421052,
        65.78947368421052,
        66.2280701754386
      ]
    },
    "test": {
      "average_loss": [
        106.15475463867188,
        25.56197166442871,
        66.00141906738281,
        31.032800674438477,
        146.54840087890625,
        27.894697189331055,
        55.85049057006836,
        80.705322265625,
        113.21717834472656,
        43.14677810668945
      ],
      "average_accuracy": [
        60.3448275862069,
        43.10344827586207,
        39.6551724137931,
        65.51724137931035,
        58.62068965517241,
        60.3448275862069,
        60.3448275862069,
        60.3448275862069,
        58.62068965517241,
        63.793103448275865
      ]
    },
    "average_loss_intra_epoch": [
      38.61375045776367
    ],
    "average_accuracy_intra_epoch": [
      66.2280701754386
    ],
    "runtime": 0.7893209457397461
  }
}