{
  "hyperparameters": {
    "architecture": "classification",
    "batch_size": 100,
    "clipping_threshold": 0.0,
    "dataset_name": "blood_classification",
    "epochs": 10,
    "initialization_scale": "\\sqrt{\frac{6}{n+m}}",
    "inner_ISGD_iterations": 0,
    "intra_epoch": false,
    "lr": 0.01,
    "momentum": 0.0,
    "mu": 0.0,
    "nodes": 50,
    "seed": 1,
    "sgdtype": "implicit",
    "data_type": "classification"
  },
  "results": {
    "train": {
      "average_loss": [
        0.6890415847301483,
        0.6790033678213755,
        0.6696658929189047,
        0.6609776417414347,
        0.6528909007708231,
        0.6453615923722585,
        0.6383494436740875,
        0.6318168540795644,
        0.6257293124993643,
        0.6200548907121023
      ],
      "average_accuracy": [
        77.09030100334448,
        77.09030100334448,
        77.09030100334448,
        77.09030100334448,
        77.09030100334448,
        77.09030100334448,
        77.09030100334448,
        77.09030100334448,
        77.09030100334448,
        77.09030100334448
      ]
    },
    "test": {
      "average_loss": [
        0.6897189617156982,
        0.681433379650116,
        0.6737866103649139,
        0.6667298078536987,
        0.6602179706096649,
        0.6542094051837921,
        0.6486658453941345,
        0.6435520648956299,
        0.6388352811336517,
        0.6344855725765228
      ],
      "average_accuracy": [
        72.66666666666667,
        72.66666666666667,
        72.66666666666667,
        72.66666666666667,
        72.66666666666667,
        72.66666666666667,
        72.66666666666667,
        72.66666666666667,
        72.66666666666667,
        72.66666666666667
      ]
    },
    "average_loss_intra_epoch": [
      0.6200548907121023
    ],
    "average_accuracy_intra_epoch": [
      77.09030100334448
    ],
    "runtime": 7.541667222976685
  }
}