{
  "hyperparameters": {
    "architecture": "music",
    "batch_size": 100,
    "clipping_threshold": 8.0,
    "dataset_name": "JSB Chorales",
    "epochs": 5,
    "initialization_scale": "\\sqrt{\frac{6}{n+m}}",
    "inner_ISGD_iterations": 0,
    "intra_epoch": false,
    "lr": 100.0,
    "momentum": 0.0,
    "mu": 0.0,
    "nodes": 300,
    "seed": 1,
    "sgdtype": "explicit",
    "data_type": "sequential_many"
  },
  "results": {
    "train": {
      "average_loss": [
        0.001782376561151191,
        0.0012107034949443453,
        0.0010323369008535723,
        0.0009096200085055962,
        0.0008008060125988913
      ],
      "average_accuracy": [
        0,
        0,
        0,
        0,
        0
      ]
    },
    "test": {
      "average_loss": [
        0.0017439753819535207,
        0.0012482488414502473,
        0.0011051987833041069,
        0.0009685686106079972,
        0.0008545441563579847
      ],
      "average_accuracy": [
        0,
        0,
        0,
        0,
        0
      ]
    },
    "average_loss_intra_epoch": [
      0.0008008060125988913
    ],
    "average_accuracy_intra_epoch": [
      0
    ],
    "runtime": 117.86793041229248
  }
}