{
  "hyperparameters": {
    "architecture": "music",
    "batch_size": 100,
    "clipping_threshold": 0.1,
    "dataset_name": "Piano-midi.de",
    "epochs": 5,
    "initialization_scale": "\\sqrt{\frac{6}{n+m}}",
    "inner_ISGD_iterations": 0,
    "intra_epoch": false,
    "lr": 500.0,
    "momentum": 0.0,
    "mu": 0.0,
    "nodes": 300,
    "seed": 1,
    "sgdtype": "explicit",
    "data_type": "sequential_many"
  },
  "results": {
    "train": {
      "average_loss": [
        0.00039588095684336424,
        0.00039757327868264627,
        0.0003873360565403241,
        0.0003610652541586508,
        0.0003366881310180413
      ],
      "average_accuracy": [
        0,
        0,
        0,
        0,
        0
      ]
    },
    "test": {
      "average_loss": [
        0.0005011593017843551,
        0.0005083928717067465,
        0.0004932629916584119,
        0.00047184566559735683,
        0.00044432903756387533
      ],
      "average_accuracy": [
        0,
        0,
        0,
        0,
        0
      ]
    },
    "average_loss_intra_epoch": [
      0.0003366881310180413
    ],
    "average_accuracy_intra_epoch": [
      0
    ],
    "runtime": 591.4171361923218
  }
}