{
  "hyperparameters": {
    "architecture": "music",
    "batch_size": 100,
    "clipping_threshold": 0.0,
    "dataset_name": "Nottingham",
    "epochs": 5,
    "initialization_scale": "\\sqrt{\frac{6}{n+m}}",
    "inner_ISGD_iterations": 0,
    "intra_epoch": false,
    "lr": 500.0,
    "momentum": 0.0,
    "mu": 0.0,
    "nodes": 300,
    "seed": 2,
    "sgdtype": "explicit",
    "data_type": "sequential_many"
  },
  "results": {
    "train": {
      "average_loss": [
        0.004319048719176595,
        0.004129062252109874,
        0.002928483118628022,
        0.0017327881074793668,
        0.0008154039399438204
      ],
      "average_accuracy": [
        0,
        0,
        0,
        0,
        0
      ]
    },
    "test": {
      "average_loss": [
        0.004103177502967061,
        0.00395125057976282,
        0.002807326162720154,
        0.0016595521567711222,
        0.0008511674648616463
      ],
      "average_accuracy": [
        0,
        0,
        0,
        0,
        0
      ]
    },
    "average_loss_intra_epoch": [
      0.0008154039399438204
    ],
    "average_accuracy_intra_epoch": [
      0
    ],
    "runtime": 1341.120501756668
  }
}