{
  "hyperparameters": {
    "architecture": "classification",
    "batch_size": 100,
    "clipping_threshold": 0.0,
    "dataset_name": "fertility_classification",
    "epochs": 10,
    "initialization_scale": "\\sqrt{\frac{6}{n+m}}",
    "inner_ISGD_iterations": 0,
    "intra_epoch": false,
    "lr": 0.1,
    "momentum": 0.0,
    "mu": 0.0,
    "nodes": 50,
    "seed": 1,
    "sgdtype": "explicit",
    "data_type": "classification"
  },
  "results": {
    "train": {
      "average_loss": [
        0.6849738955497742,
        0.6495861411094666,
        0.6182042360305786,
        0.5903486609458923,
        0.565600574016571,
        0.5435932874679565,
        0.5240055918693542,
        0.5065560340881348,
        0.4909968376159668,
        0.47711068391799927
      ],
      "average_accuracy": [
        88.75,
        88.75,
        88.75,
        88.75,
        88.75,
        88.75,
        88.75,
        88.75,
        88.75,
        88.75
      ]
    },
    "test": {
      "average_loss": [
        0.6863287091255188,
        0.6545332670211792,
        0.6265489459037781,
        0.6019101738929749,
        0.5802103281021118,
        0.5610941648483276,
        0.5442503690719604,
        0.5294064283370972,
        0.5163231492042542,
        0.5047906637191772
      ],
      "average_accuracy": [
        85.0,
        85.0,
        85.0,
        85.0,
        85.0,
        85.0,
        85.0,
        85.0,
        85.0,
        85.0
      ]
    },
    "average_loss_intra_epoch": [
      0.47711068391799927
    ],
    "average_accuracy_intra_epoch": [
      88.75
    ],
    "runtime": 3.0811774730682373
  }
}