{
  "hyperparameters": {
    "architecture": "music",
    "batch_size": 100,
    "clipping_threshold": 0.01,
    "dataset_name": "Piano-midi.de",
    "epochs": 5,
    "initialization_scale": "\\sqrt{\frac{6}{n+m}}",
    "inner_ISGD_iterations": 0,
    "intra_epoch": false,
    "lr": 200.0,
    "momentum": 0.0,
    "mu": 0.0,
    "nodes": 300,
    "seed": 2,
    "sgdtype": "implicit",
    "data_type": "sequential_many"
  },
  "results": {
    "train": {
      "average_loss": [
        0.000609641399473051,
        0.0006246611441822786,
        0.0005885601989073871,
        0.00043134320195799096,
        0.0004470406379734685
      ],
      "average_accuracy": [
        0,
        0,
        0,
        0,
        0
      ]
    },
    "test": {
      "average_loss": [
        0.0006561056611826643,
        0.0006372115125122946,
        0.0006309438866446726,
        0.0006277686543762684,
        0.0006209822429809719
      ],
      "average_accuracy": [
        0,
        0,
        0,
        0,
        0
      ]
    },
    "average_loss_intra_epoch": [
      0.0004470406379734685
    ],
    "average_accuracy_intra_epoch": [
      0
    ],
    "runtime": 2937.5627064704895
  }
}