{
  "hyperparameters": {
    "architecture": "classification",
    "batch_size": 100,
    "clipping_threshold": 0.0,
    "dataset_name": "waveform_classification",
    "epochs": 10,
    "initialization_scale": "\\sqrt{\frac{6}{n+m}}",
    "inner_ISGD_iterations": 0,
    "intra_epoch": false,
    "lr": 0.001,
    "momentum": 0.0,
    "mu": 0.0,
    "nodes": 50,
    "seed": 1,
    "sgdtype": "explicit",
    "data_type": "classification"
  },
  "results": {
    "train": {
      "average_loss": [
        1.09772629737854,
        1.0971605211496354,
        1.0965958327054977,
        1.0960315406322478,
        1.0954670518636704,
        1.0949016720056535,
        1.0943349450826645,
        1.0937660753726959,
        1.09319449365139,
        1.0926196694374084
      ],
      "average_accuracy": [
        33.525,
        33.525,
        33.525,
        33.525,
        33.525,
        33.55,
        33.625,
        33.725,
        34.05,
        34.525
      ]
    },
    "test": {
      "average_loss": [
        1.09534432888031,
        1.0948531866073608,
        1.09436194896698,
        1.0938701391220094,
        1.093376910686493,
        1.0928817629814147,
        1.0923842668533326,
        1.0918835997581482,
        1.0913791537284852,
        1.0908705592155457
      ],
      "average_accuracy": [
        35.5,
        35.5,
        35.5,
        35.5,
        35.5,
        35.5,
        35.5,
        35.6,
        35.8,
        36.3
      ]
    },
    "average_loss_intra_epoch": [
      1.0926196694374084
    ],
    "average_accuracy_intra_epoch": [
      34.525
    ],
    "runtime": 8.218206644058228
  }
}