{
  "hyperparameters": {
    "architecture": "classification",
    "batch_size": 100,
    "clipping_threshold": 0.0,
    "dataset_name": "ionosphere_classification",
    "epochs": 10,
    "initialization_scale": "\\sqrt{\frac{6}{n+m}}",
    "inner_ISGD_iterations": 0,
    "intra_epoch": false,
    "lr": 0.1,
    "momentum": 0.0,
    "mu": 0.0,
    "nodes": 50,
    "seed": 1,
    "sgdtype": "explicit",
    "data_type": "classification"
  },
  "results": {
    "train": {
      "average_loss": [
        0.6778659820556641,
        0.6641265749931335,
        0.6544458270072937,
        0.6471903324127197,
        0.6413129170735677,
        0.6361077229181925,
        0.6310627063115438,
        0.6257683436075846,
        0.619855006535848,
        0.6129492918650309
      ],
      "average_accuracy": [
        65.0,
        65.0,
        65.0,
        65.0,
        65.0,
        65.0,
        65.0,
        65.0,
        65.0,
        65.0
      ]
    },
    "test": {
      "average_loss": [
        0.683192789554596,
        0.6738526821136475,
        0.6675310134887695,
        0.6628046035766602,
        0.6587799787521362,
        0.654864490032196,
        0.6506279110908508,
        0.6457170248031616,
        0.6397971510887146,
        0.6325122117996216
      ],
      "average_accuracy": [
        60.563380281690144,
        60.563380281690144,
        60.563380281690144,
        60.563380281690144,
        60.563380281690144,
        60.563380281690144,
        60.563380281690144,
        60.563380281690144,
        60.563380281690144,
        60.563380281690144
      ]
    },
    "average_loss_intra_epoch": [
      0.6129492918650309
    ],
    "average_accuracy_intra_epoch": [
      65.0
    ],
    "runtime": 3.38904070854187
  }
}