{
  "hyperparameters": {
    "architecture": "classification",
    "batch_size": 100,
    "clipping_threshold": 0.0,
    "dataset_name": "steel-plates_classification",
    "epochs": 10,
    "initialization_scale": "\\sqrt{\frac{6}{n+m}}",
    "inner_ISGD_iterations": 0,
    "intra_epoch": false,
    "lr": 0.1,
    "momentum": 0.0,
    "mu": 0.0,
    "nodes": 50,
    "seed": 1,
    "sgdtype": "explicit",
    "data_type": "classification"
  },
  "results": {
    "train": {
      "average_loss": [
        1.796350859105587,
        1.7185728326439857,
        1.6418971195816994,
        1.4992071762681007,
        1.3691990077495575,
        1.3101801946759224,
        1.275906503200531,
        1.2529067695140839,
        1.2358781844377518,
        1.2214868888258934
      ],
      "average_accuracy": [
        34.47164948453608,
        34.47164948453608,
        34.5360824742268,
        50.45103092783505,
        49.097938144329895,
        49.29123711340206,
        50.45103092783505,
        50.96649484536083,
        51.41752577319588,
        51.54639175257732
      ]
    },
    "test": {
      "average_loss": [
        1.7898979783058167,
        1.7074655890464783,
        1.6284147202968597,
        1.4875276982784271,
        1.361450582742691,
        1.3035773932933807,
        1.2690216898918152,
        1.2458201944828033,
        1.228777676820755,
        1.214308112859726
      ],
      "average_accuracy": [
        35.47557840616967,
        35.47557840616967,
        35.47557840616967,
        51.41388174807198,
        49.61439588688946,
        50.6426735218509,
        51.41388174807198,
        51.670951156812336,
        52.69922879177378,
        52.95629820051414
      ]
    },
    "average_loss_intra_epoch": [
      1.2214868888258934
    ],
    "average_accuracy_intra_epoch": [
      51.54639175257732
    ],
    "runtime": 5.097922325134277
  }
}