{
  "hyperparameters": {
    "architecture": "classification",
    "batch_size": 100,
    "clipping_threshold": 0.0,
    "dataset_name": "heart-va_classification",
    "epochs": 10,
    "initialization_scale": "\\sqrt{\frac{6}{n+m}}",
    "inner_ISGD_iterations": 0,
    "intra_epoch": false,
    "lr": 50.0,
    "momentum": 0.0,
    "mu": 0.0,
    "nodes": 50,
    "seed": 1,
    "sgdtype": "explicit",
    "data_type": "classification"
  },
  "results": {
    "train": {
      "average_loss": [
        131.1412811279297,
        183.33724212646484,
        448.20973205566406,
        357.9925079345703,
        393.2003631591797,
        452.81932067871094,
        463.2700653076172,
        372.55126953125,
        277.2657928466797,
        186.12611389160156
      ],
      "average_accuracy": [
        25.625,
        31.875,
        18.125,
        20.625,
        23.75,
        25.0,
        31.875,
        16.25,
        31.25,
        31.875
      ]
    },
    "test": {
      "average_loss": [
        143.68508911132812,
        217.1656951904297,
        355.6806945800781,
        436.2887268066406,
        402.8216552734375,
        532.2713623046875,
        488.8311462402344,
        277.67987060546875,
        329.24383544921875,
        196.39134216308594
      ],
      "average_accuracy": [
        25.0,
        17.5,
        30.0,
        10.0,
        35.0,
        15.0,
        27.5,
        25.0,
        20.0,
        27.5
      ]
    },
    "average_loss_intra_epoch": [
      186.12611389160156
    ],
    "average_accuracy_intra_epoch": [
      31.875
    ],
    "runtime": 3.7527899742126465
  }
}