{
  "hyperparameters": {
    "architecture": "classification",
    "batch_size": 100,
    "clipping_threshold": 0.0,
    "dataset_name": "breast-tissue_classification",
    "epochs": 10,
    "initialization_scale": "\\sqrt{\frac{6}{n+m}}",
    "inner_ISGD_iterations": 0,
    "intra_epoch": false,
    "lr": 0.001,
    "momentum": 0.0,
    "mu": 0.0,
    "nodes": 50,
    "seed": 1,
    "sgdtype": "explicit",
    "data_type": "classification"
  },
  "results": {
    "train": {
      "average_loss": [
        1.7832860946655273,
        1.7832787036895752,
        1.7832714319229126,
        1.78326416015625,
        1.7832568883895874,
        1.7832505702972412,
        1.7832425832748413,
        1.7832353115081787,
        1.783227801322937,
        1.7832205295562744
      ],
      "average_accuracy": [
        23.80952380952381,
        23.80952380952381,
        23.80952380952381,
        23.80952380952381,
        23.80952380952381,
        23.80952380952381,
        23.80952380952381,
        23.80952380952381,
        23.80952380952381,
        23.80952380952381
      ]
    },
    "test": {
      "average_loss": [
        1.819808840751648,
        1.8198109865188599,
        1.8198132514953613,
        1.8198153972625732,
        1.8198177814483643,
        1.8198200464248657,
        1.8198221921920776,
        1.8198243379592896,
        1.819826602935791,
        1.8198291063308716
      ],
      "average_accuracy": [
        4.545454545454546,
        4.545454545454546,
        4.545454545454546,
        4.545454545454546,
        4.545454545454546,
        4.545454545454546,
        4.545454545454546,
        4.545454545454546,
        4.545454545454546,
        4.545454545454546
      ]
    },
    "average_loss_intra_epoch": [
      1.7832205295562744
    ],
    "average_accuracy_intra_epoch": [
      23.80952380952381
    ],
    "runtime": 3.045881509780884
  }
}