{
  "hyperparameters": {
    "architecture": "classification",
    "batch_size": 100,
    "clipping_threshold": 0.0,
    "dataset_name": "arrhythmia_classification",
    "epochs": 10,
    "initialization_scale": "\\sqrt{\frac{6}{n+m}}",
    "inner_ISGD_iterations": 0,
    "intra_epoch": false,
    "lr": 3.0,
    "momentum": 0.0,
    "mu": 0.0,
    "nodes": 50,
    "seed": 1,
    "sgdtype": "implicit",
    "data_type": "classification"
  },
  "results": {
    "train": {
      "average_loss": [
        102.77733421325684,
        462.5468444824219,
        346.9315948486328,
        265.7470359802246,
        90.85818099975586,
        163.8868637084961,
        103.18501853942871,
        153.24784088134766,
        167.85913467407227,
        48.02631092071533
      ],
      "average_accuracy": [
        13.01939058171745,
        26.869806094182824,
        23.545706371191137,
        12.742382271468143,
        21.606648199445985,
        40.99722991689751,
        16.066481994459835,
        10.526315789473685,
        51.24653739612188,
        47.9224376731302
      ]
    },
    "test": {
      "average_loss": [
        95.10002899169922,
        436.1187744140625,
        351.78411865234375,
        282.7924499511719,
        100.04515838623047,
        173.84823608398438,
        101.42770385742188,
        157.16209411621094,
        146.70433044433594,
        65.30829620361328
      ],
      "average_accuracy": [
        13.186813186813186,
        30.76923076923077,
        20.87912087912088,
        6.593406593406593,
        21.978021978021978,
        36.26373626373626,
        20.87912087912088,
        8.791208791208792,
        51.64835164835165,
        38.46153846153846
      ]
    },
    "average_loss_intra_epoch": [
      48.02631092071533
    ],
    "average_accuracy_intra_epoch": [
      47.9224376731302
    ],
    "runtime": 119.30637240409851
  }
}