{
  "hyperparameters": {
    "architecture": "classification",
    "batch_size": 100,
    "clipping_threshold": 0.0,
    "dataset_name": "chess-krvk_classification",
    "epochs": 10,
    "initialization_scale": "\\sqrt{\frac{6}{n+m}}",
    "inner_ISGD_iterations": 0,
    "intra_epoch": false,
    "lr": 5.0,
    "momentum": 0.0,
    "mu": 0.0,
    "nodes": 50,
    "seed": 1,
    "sgdtype": "implicit",
    "data_type": "classification"
  },
  "results": {
    "train": {
      "average_loss": [
        5.869351825714111,
        5.355673667060004,
        3.355500266816881,
        7.69194862153795,
        3.899563093185425,
        3.646098953882853,
        2.8660405280854966,
        3.3773180813259547,
        3.77730324321323,
        3.9203528277079265
      ],
      "average_accuracy": [
        10.920513277490643,
        15.594368205310996,
        14.640883977900552,
        14.801283193726608,
        17.6483692746391,
        19.524148993049366,
        18.535020495455356,
        17.184993762252716,
        21.729638210657637,
        14.805738727499554
      ]
    },
    "test": {
      "average_loss": [
        5.916361172993978,
        5.282386871806362,
        3.356068201232375,
        7.873798102663274,
        3.952399496446576,
        3.6921810852853874,
        2.892661843383521,
        3.400337993052968,
        3.770757896858349,
        3.9782794944027016
      ],
      "average_accuracy": [
        10.940841054882394,
        16.58945117605132,
        13.970064148253742,
        14.77191732002851,
        17.53385602280827,
        19.422665716322168,
        18.692088382038488,
        16.99928724162509,
        20.117605131860298,
        14.041339985744832
      ]
    },
    "average_loss_intra_epoch": [
      3.9203528277079265
    ],
    "average_accuracy_intra_epoch": [
      14.805738727499554
    ],
    "runtime": 55.694190979003906
  }
}