{
  "hyperparameters": {
    "architecture": "classification",
    "batch_size": 100,
    "clipping_threshold": 0.0,
    "dataset_name": "connect-4_classification",
    "epochs": 10,
    "initialization_scale": "\\sqrt{\frac{6}{n+m}}",
    "inner_ISGD_iterations": 0,
    "intra_epoch": false,
    "lr": 50.0,
    "momentum": 0.0,
    "mu": 0.0,
    "nodes": 50,
    "seed": 1,
    "sgdtype": "implicit",
    "data_type": "classification"
  },
  "results": {
    "train": {
      "average_loss": [
        83.90677398145749,
        74.65384038054349,
        73.0543457496629,
        66.01116771662743,
        46.36447615632288,
        70.01027881812696,
        54.34339172518408,
        64.83796074209724,
        98.02968733500201,
        52.39369833094796
      ],
      "average_accuracy": [
        52.45073549819595,
        53.62383199185864,
        56.39004533259321,
        64.0188731612545,
        62.17966509390323,
        59.73355537052456,
        60.21278564159497,
        62.42390600425571,
        59.68729762235174,
        72.94661855860856
      ]
    },
    "test": {
      "average_loss": [
        83.48905874701107,
        74.40253333484425,
        73.51301221286549,
        66.02229283837711,
        45.76248476084541,
        69.49892422732185,
        52.82491858917124,
        65.01893596088185,
        99.71454912073472,
        51.315630954854626
      ],
      "average_accuracy": [
        52.65689757252812,
        53.81142687981054,
        55.913262285375964,
        64.0837773830669,
        62.61101243339254,
        59.85790408525755,
        60.85701598579041,
        62.42599171107164,
        59.095618709295444,
        73.43102427471877
      ]
    },
    "average_loss_intra_epoch": [
      52.39369833094796
    ],
    "average_accuracy_intra_epoch": [
      72.94661855860856
    ],
    "runtime": 2956.493233680725
  }
}