{
  "hyperparameters": {
    "architecture": "classification",
    "batch_size": 100,
    "clipping_threshold": 0.0,
    "dataset_name": "parkinsons_classification",
    "epochs": 10,
    "initialization_scale": "\\sqrt{\frac{6}{n+m}}",
    "inner_ISGD_iterations": 0,
    "intra_epoch": false,
    "lr": 3.0,
    "momentum": 0.0,
    "mu": 0.0,
    "nodes": 50,
    "seed": 1,
    "sgdtype": "explicit",
    "data_type": "classification"
  },
  "results": {
    "train": {
      "average_loss": [
        0.5588833391666412,
        0.4159901887178421,
        0.3269307613372803,
        0.5331016778945923,
        0.6213554441928864,
        0.5856319963932037,
        0.3470761626958847,
        0.4781055450439453,
        0.9058200418949127,
        2.047386884689331
      ],
      "average_accuracy": [
        75.64102564102564,
        81.41025641025641,
        78.2051282051282,
        71.15384615384616,
        73.71794871794872,
        75.64102564102564,
        83.33333333333333,
        76.28205128205128,
        36.53846153846154,
        58.97435897435897
      ]
    },
    "test": {
      "average_loss": [
        0.5670698881149292,
        0.4331081509590149,
        0.35768774151802063,
        0.584541380405426,
        0.736761212348938,
        0.59666907787323,
        0.34477895498275757,
        0.4523906707763672,
        0.9437161684036255,
        2.4425911903381348
      ],
      "average_accuracy": [
        74.35897435897436,
        84.61538461538461,
        76.92307692307692,
        64.1025641025641,
        71.7948717948718,
        74.35897435897436,
        87.17948717948718,
        79.48717948717949,
        41.02564102564103,
        53.84615384615385
      ]
    },
    "average_loss_intra_epoch": [
      2.047386884689331
    ],
    "average_accuracy_intra_epoch": [
      58.97435897435897
    ],
    "runtime": 3.6743838787078857
  }
}