{
  "hyperparameters": {
    "architecture": "classification",
    "batch_size": 100,
    "clipping_threshold": 0.0,
    "dataset_name": "titanic_classification",
    "epochs": 10,
    "initialization_scale": "\\sqrt{\frac{6}{n+m}}",
    "inner_ISGD_iterations": 0,
    "intra_epoch": false,
    "lr": 1.0,
    "momentum": 0.0,
    "mu": 0.0,
    "nodes": 50,
    "seed": 1,
    "sgdtype": "explicit",
    "data_type": "classification"
  },
  "results": {
    "train": {
      "average_loss": [
        0.6405012110869089,
        0.6327479978402456,
        0.5422577460606893,
        0.536318795548545,
        0.5316897200213538,
        0.528119918372896,
        0.5251373201608658,
        0.5226315624184079,
        0.5204454478290346,
        0.5185265176826053
      ],
      "average_accuracy": [
        67.72727272727273,
        67.72727272727273,
        78.4090909090909,
        78.4090909090909,
        78.4090909090909,
        78.4090909090909,
        78.4090909090909,
        78.4090909090909,
        77.38636363636364,
        77.38636363636364
      ]
    },
    "test": {
      "average_loss": [
        0.6361157894134521,
        0.6296958327293396,
        0.5655585885047912,
        0.5606894731521607,
        0.5562810122966766,
        0.5530782043933868,
        0.550485759973526,
        0.5481436550617218,
        0.5456462562084198,
        0.5429161190986633
      ],
      "average_accuracy": [
        67.57369614512471,
        67.57369614512471,
        74.37641723356009,
        74.37641723356009,
        74.37641723356009,
        74.37641723356009,
        74.37641723356009,
        74.37641723356009,
        74.60317460317461,
        74.60317460317461
      ]
    },
    "average_loss_intra_epoch": [
      0.5185265176826053
    ],
    "average_accuracy_intra_epoch": [
      77.38636363636364
    ],
    "runtime": 5.3298180103302
  }
}