{
  "hyperparameters": {
    "architecture": "classification",
    "batch_size": 100,
    "clipping_threshold": 0.0,
    "dataset_name": "teaching_classification",
    "epochs": 10,
    "initialization_scale": "\\sqrt{\frac{6}{n+m}}",
    "inner_ISGD_iterations": 0,
    "intra_epoch": false,
    "lr": 0.01,
    "momentum": 0.0,
    "mu": 0.0,
    "nodes": 50,
    "seed": 1,
    "sgdtype": "explicit",
    "data_type": "classification"
  },
  "results": {
    "train": {
      "average_loss": [
        1.1140043139457703,
        1.1136308908462524,
        1.1132622361183167,
        1.1128984093666077,
        1.1125397086143494,
        1.1121857166290283,
        1.111836552619934,
        1.1114921569824219,
        1.1111522912979126,
        1.1108171343803406
      ],
      "average_accuracy": [
        34.166666666666664,
        34.166666666666664,
        34.166666666666664,
        34.166666666666664,
        34.166666666666664,
        34.166666666666664,
        34.166666666666664,
        34.166666666666664,
        34.166666666666664,
        34.166666666666664
      ]
    },
    "test": {
      "average_loss": [
        1.1654655933380127,
        1.1649147272109985,
        1.164371132850647,
        1.1638346910476685,
        1.1633055210113525,
        1.1627832651138306,
        1.1622682809829712,
        1.161759614944458,
        1.1612578630447388,
        1.160763144493103
      ],
      "average_accuracy": [
        29.032258064516128,
        29.032258064516128,
        29.032258064516128,
        29.032258064516128,
        29.032258064516128,
        29.032258064516128,
        29.032258064516128,
        29.032258064516128,
        29.032258064516128,
        29.032258064516128
      ]
    },
    "average_loss_intra_epoch": [
      1.1108171343803406
    ],
    "average_accuracy_intra_epoch": [
      34.166666666666664
    ],
    "runtime": 3.3993418216705322
  }
}