{
  "hyperparameters": {
    "architecture": "classification",
    "batch_size": 100,
    "clipping_threshold": 0.0,
    "dataset_name": "planning_classification",
    "epochs": 10,
    "initialization_scale": "\\sqrt{\frac{6}{n+m}}",
    "inner_ISGD_iterations": 0,
    "intra_epoch": false,
    "lr": 5.0,
    "momentum": 0.0,
    "mu": 0.0,
    "nodes": 50,
    "seed": 1,
    "sgdtype": "explicit",
    "data_type": "classification"
  },
  "results": {
    "train": {
      "average_loss": [
        0.5819470286369324,
        0.667014479637146,
        0.9729402363300323,
        0.9162258207798004,
        2.5241243839263916,
        3.586488723754883,
        30.491490364074707,
        15.102782726287842,
        43.18080520629883,
        34.64400100708008
      ],
      "average_accuracy": [
        71.72413793103448,
        71.72413793103448,
        71.72413793103448,
        71.72413793103448,
        71.72413793103448,
        71.72413793103448,
        28.275862068965516,
        58.62068965517241,
        46.89655172413793,
        48.96551724137931
      ]
    },
    "test": {
      "average_loss": [
        0.6082466840744019,
        0.7308769226074219,
        1.0838371515274048,
        1.0192666053771973,
        2.820434808731079,
        3.997365951538086,
        29.587444305419922,
        15.156017303466797,
        53.09922409057617,
        44.669864654541016
      ],
      "average_accuracy": [
        70.27027027027027,
        70.27027027027027,
        70.27027027027027,
        70.27027027027027,
        70.27027027027027,
        70.27027027027027,
        29.72972972972973,
        54.054054054054056,
        37.83783783783784,
        37.83783783783784
      ]
    },
    "average_loss_intra_epoch": [
      34.64400100708008
    ],
    "average_accuracy_intra_epoch": [
      48.96551724137931
    ],
    "runtime": 3.719331979751587
  }
}