{
  "hyperparameters": {
    "architecture": "classification",
    "batch_size": 100,
    "clipping_threshold": 0.0,
    "dataset_name": "plant-shape_classification",
    "epochs": 10,
    "initialization_scale": "\\sqrt{\frac{6}{n+m}}",
    "inner_ISGD_iterations": 0,
    "intra_epoch": false,
    "lr": 5.0,
    "momentum": 0.0,
    "mu": 0.0,
    "nodes": 50,
    "seed": 1,
    "sgdtype": "implicit",
    "data_type": "classification"
  },
  "results": {
    "train": {
      "average_loss": [
        90.02917891282301,
        37.38962144118089,
        69.69484857412485,
        39.33673682579627,
        38.54479657686674,
        42.455584012545074,
        44.138325030987076,
        39.758685478797325,
        37.176513818594124,
        43.796969193678635
      ],
      "average_accuracy": [
        0.15625,
        2.421875,
        3.828125,
        5.78125,
        5.546875,
        6.25,
        7.34375,
        8.984375,
        8.4375,
        7.03125
      ]
    },
    "test": {
      "average_loss": [
        84.94316291809082,
        35.25440502166748,
        65.7788257598877,
        40.08565139770508,
        37.77118492126465,
        41.49579429626465,
        43.09920120239258,
        39.928571701049805,
        37.96078872680664,
        42.2382926940918
      ],
      "average_accuracy": [
        0.0,
        2.1875,
        4.6875,
        4.6875,
        5.3125,
        3.4375,
        7.8125,
        5.3125,
        7.1875,
        3.75
      ]
    },
    "average_loss_intra_epoch": [
      43.796969193678635
    ],
    "average_accuracy_intra_epoch": [
      7.03125
    ],
    "runtime": 110.57331275939941
  }
}