{
  "hyperparameters": {
    "architecture": "classification",
    "batch_size": 100,
    "clipping_threshold": 0.0,
    "dataset_name": "statlog-image_classification",
    "epochs": 10,
    "initialization_scale": "\\sqrt{\frac{6}{n+m}}",
    "inner_ISGD_iterations": 0,
    "intra_epoch": false,
    "lr": 50.0,
    "momentum": 0.0,
    "mu": 0.0,
    "nodes": 50,
    "seed": 1,
    "sgdtype": "implicit",
    "data_type": "classification"
  },
  "results": {
    "train": {
      "average_loss": [
        541.3014221191406,
        128.46063393040708,
        67.97636694657176,
        94.11616034256785,
        137.37874161569695,
        67.67314609728362,
        83.36763422112716,
        69.76739321256939,
        62.85599056043123,
        62.291487442819694
      ],
      "average_accuracy": [
        30.627705627705627,
        33.54978354978355,
        65.2056277056277,
        53.35497835497836,
        58.603896103896105,
        67.74891774891775,
        63.04112554112554,
        62.175324675324674,
        73.53896103896103,
        57.57575757575758
      ]
    },
    "test": {
      "average_loss": [
        557.9033630371093,
        122.1787109375,
        61.55032196044922,
        96.36593322753906,
        136.76947631835938,
        65.66473999023438,
        86.66512298583984,
        69.80797882080078,
        64.15804290771484,
        56.94998779296875
      ],
      "average_accuracy": [
        31.16883116883117,
        33.333333333333336,
        66.01731601731602,
        56.926406926406926,
        59.307359307359306,
        69.6969696969697,
        63.41991341991342,
        60.60606060606061,
        70.34632034632034,
        59.307359307359306
      ]
    },
    "average_loss_intra_epoch": [
      62.291487442819694
    ],
    "average_accuracy_intra_epoch": [
      57.57575757575758
    ],
    "runtime": 51.36816191673279
  }
}