{
  "hyperparameters": {
    "architecture": "classification",
    "batch_size": 100,
    "clipping_threshold": 0.0,
    "dataset_name": "annealing_classification",
    "epochs": 10,
    "initialization_scale": "\\sqrt{\frac{6}{n+m}}",
    "inner_ISGD_iterations": 0,
    "intra_epoch": false,
    "lr": 1.0,
    "momentum": 0.0,
    "mu": 0.0,
    "nodes": 50,
    "seed": 1,
    "sgdtype": "explicit",
    "data_type": "classification"
  },
  "results": {
    "train": {
      "average_loss": [
        0.7835821434855461,
        0.6492080241441727,
        0.6462392657995224,
        0.7063341401517391,
        0.731195330619812,
        0.6219792179763317,
        0.6695792078971863,
        0.5835120342671871,
        0.5958359036594629,
        0.5683855228126049
      ],
      "average_accuracy": [
        75.6267409470752,
        80.77994428969359,
        74.65181058495821,
        62.8133704735376,
        63.64902506963789,
        66.15598885793872,
        64.06685236768803,
        66.71309192200557,
        71.3091922005571,
        72.84122562674095
      ]
    },
    "test": {
      "average_loss": [
        0.7462003529071808,
        0.6336031556129456,
        0.6376811265945435,
        0.7499351799488068,
        0.7725140452384949,
        0.6708296239376068,
        0.7519708275794983,
        0.6699652969837189,
        0.6915640532970428,
        0.6528554856777191
      ],
      "average_accuracy": [
        78.33333333333333,
        83.33333333333333,
        74.44444444444444,
        60.55555555555556,
        59.44444444444444,
        62.77777777777778,
        59.44444444444444,
        66.11111111111111,
        67.77777777777777,
        71.11111111111111
      ]
    },
    "average_loss_intra_epoch": [
      0.5683855228126049
    ],
    "average_accuracy_intra_epoch": [
      72.84122562674095
    ],
    "runtime": 1.0251610279083252
  }
}