{
  "hyperparameters": {
    "architecture": "classification",
    "batch_size": 100,
    "clipping_threshold": 0.0,
    "dataset_name": "breast-cancer-wisc-diag_classification",
    "epochs": 10,
    "initialization_scale": "\\sqrt{\frac{6}{n+m}}",
    "inner_ISGD_iterations": 0,
    "intra_epoch": false,
    "lr": 5.0,
    "momentum": 0.0,
    "mu": 0.0,
    "nodes": 50,
    "seed": 1,
    "sgdtype": "explicit",
    "data_type": "classification"
  },
  "results": {
    "train": {
      "average_loss": [
        23.964360427856445,
        3.4644500732421877,
        1.123195643723011,
        0.6499244540929794,
        9.04470705986023,
        3.7542606592178345,
        2.110941028594971,
        1.5601643800735474,
        1.9645828008651733,
        1.637922191619873
      ],
      "average_accuracy": [
        42.637362637362635,
        67.6923076923077,
        95.6043956043956,
        96.26373626373626,
        96.04395604395604,
        96.04395604395604,
        95.6043956043956,
        96.7032967032967,
        95.38461538461539,
        95.82417582417582
      ]
    },
    "test": {
      "average_loss": [
        16.421385288238525,
        4.920506000518799,
        1.2478717416524887,
        0.4638833706005477,
        13.233988761901855,
        4.886406183242798,
        4.078089356422424,
        1.9050327241420746,
        3.51725172996521,
        2.4457531571388245
      ],
      "average_accuracy": [
        50.0,
        69.29824561403508,
        93.85964912280701,
        97.36842105263158,
        94.73684210526316,
        92.98245614035088,
        94.73684210526316,
        95.6140350877193,
        92.10526315789474,
        95.6140350877193
      ]
    },
    "average_loss_intra_epoch": [
      1.637922191619873
    ],
    "average_accuracy_intra_epoch": [
      95.82417582417582
    ],
    "runtime": 0.9752438068389893
  }
}