{
  "hyperparameters": {
    "architecture": "classification",
    "batch_size": 100,
    "clipping_threshold": 0.0,
    "dataset_name": "steel-plates_classification",
    "epochs": 10,
    "initialization_scale": "\\sqrt{\frac{6}{n+m}}",
    "inner_ISGD_iterations": 0,
    "intra_epoch": false,
    "lr": 0.01,
    "momentum": 0.0,
    "mu": 0.0,
    "nodes": 50,
    "seed": 1,
    "sgdtype": "implicit",
    "data_type": "classification"
  },
  "results": {
    "train": {
      "average_loss": [
        1.9102098420262337,
        1.8943884372711182,
        1.879569686949253,
        1.8656652942299843,
        1.8525968790054321,
        1.84029421210289,
        1.8286946564912796,
        1.8177400827407837,
        1.807376854121685,
        1.7975549101829529
      ],
      "average_accuracy": [
        28.15721649484536,
        34.2139175257732,
        34.47164948453608,
        34.47164948453608,
        34.47164948453608,
        34.47164948453608,
        34.47164948453608,
        34.47164948453608,
        34.47164948453608,
        34.47164948453608
      ]
    },
    "test": {
      "average_loss": [
        1.909592479467392,
        1.8930520415306091,
        1.8775373995304108,
        1.862959861755371,
        1.8492390513420105,
        1.836305171251297,
        1.8240934014320374,
        1.8125458657741547,
        1.8016083538532257,
        1.7912303507328033
      ],
      "average_accuracy": [
        30.848329048843187,
        34.70437017994858,
        35.47557840616967,
        35.47557840616967,
        35.47557840616967,
        35.47557840616967,
        35.47557840616967,
        35.47557840616967,
        35.47557840616967,
        35.47557840616967
      ]
    },
    "average_loss_intra_epoch": [
      1.7975549101829529
    ],
    "average_accuracy_intra_epoch": [
      34.47164948453608
    ],
    "runtime": 65.93606877326965
  }
}