{
  "hyperparameters": {
    "architecture": "classification",
    "batch_size": 100,
    "clipping_threshold": 0.0,
    "dataset_name": "hayes-roth_classification",
    "epochs": 10,
    "initialization_scale": "\\sqrt{\frac{6}{n+m}}",
    "inner_ISGD_iterations": 0,
    "intra_epoch": false,
    "lr": 5.0,
    "momentum": 0.0,
    "mu": 0.0,
    "nodes": 50,
    "seed": 1,
    "sgdtype": "explicit",
    "data_type": "classification"
  },
  "results": {
    "train": {
      "average_loss": [
        1.27642023563385,
        1.6773498058319092,
        5.4328272342681885,
        4.90058159828186,
        2.9824966192245483,
        14.660264015197754,
        8.899176597595215,
        9.491588592529297,
        5.732758045196533,
        7.217674732208252
      ],
      "average_accuracy": [
        42.96875,
        42.96875,
        42.96875,
        42.96875,
        17.96875,
        42.96875,
        42.96875,
        36.71875,
        36.71875,
        42.96875
      ]
    },
    "test": {
      "average_loss": [
        1.5178370475769043,
        2.0381553173065186,
        6.954094409942627,
        6.478466033935547,
        3.8094542026519775,
        18.48358726501465,
        11.735457420349121,
        7.703798294067383,
        4.10599422454834,
        8.897849082946777
      ],
      "average_accuracy": [
        31.25,
        31.25,
        31.25,
        31.25,
        12.5,
        31.25,
        31.25,
        53.125,
        53.125,
        31.25
      ]
    },
    "average_loss_intra_epoch": [
      7.217674732208252
    ],
    "average_accuracy_intra_epoch": [
      42.96875
    ],
    "runtime": 3.7811172008514404
  }
}