{
  "hyperparameters": {
    "architecture": "classification",
    "batch_size": 100,
    "clipping_threshold": 0.0,
    "dataset_name": "wine_classification",
    "epochs": 10,
    "initialization_scale": "\\sqrt{\frac{6}{n+m}}",
    "inner_ISGD_iterations": 0,
    "intra_epoch": false,
    "lr": 30.0,
    "momentum": 0.0,
    "mu": 0.0,
    "nodes": 50,
    "seed": 1,
    "sgdtype": "explicit",
    "data_type": "classification"
  },
  "results": {
    "train": {
      "average_loss": [
        27.093589782714844,
        212.82677459716797,
        44.1009635925293,
        28.416373252868652,
        111.68572616577148,
        71.53487586975098,
        124.82854461669922,
        32.40709686279297,
        16.47570562362671,
        43.30643844604492
      ],
      "average_accuracy": [
        12.67605633802817,
        2.112676056338028,
        31.690140845070424,
        26.056338028169016,
        46.478873239436616,
        73.94366197183099,
        38.028169014084504,
        65.49295774647888,
        78.87323943661971,
        77.46478873239437
      ]
    },
    "test": {
      "average_loss": [
        34.65575408935547,
        246.87774658203125,
        42.155025482177734,
        29.615901947021484,
        104.56138610839844,
        71.4962158203125,
        111.97117614746094,
        25.411577224731445,
        10.519648551940918,
        26.195518493652344
      ],
      "average_accuracy": [
        8.333333333333334,
        2.7777777777777777,
        36.111111111111114,
        19.444444444444443,
        47.22222222222222,
        72.22222222222223,
        44.44444444444444,
        72.22222222222223,
        91.66666666666667,
        83.33333333333333
      ]
    },
    "average_loss_intra_epoch": [
      43.30643844604492
    ],
    "average_accuracy_intra_epoch": [
      77.46478873239437
    ],
    "runtime": 3.6793041229248047
  }
}