{
  "hyperparameters": {
    "architecture": "classification",
    "batch_size": 100,
    "clipping_threshold": 0.0,
    "dataset_name": "chess-krvk_classification",
    "epochs": 10,
    "initialization_scale": "\\sqrt{\frac{6}{n+m}}",
    "inner_ISGD_iterations": 0,
    "intra_epoch": false,
    "lr": 0.001,
    "momentum": 0.0,
    "mu": 0.0,
    "nodes": 50,
    "seed": 1,
    "sgdtype": "explicit",
    "data_type": "classification"
  },
  "results": {
    "train": {
      "average_loss": [
        2.9313867304060195,
        2.9155215930938723,
        2.900304383171929,
        2.885671904881795,
        2.871569799847073,
        2.8579511811998155,
        2.844775766796536,
        2.832008718914456,
        2.8196201282077364,
        2.807584326002333
      ],
      "average_accuracy": [
        7.6947068258777405,
        7.6947068258777405,
        7.6947068258777405,
        7.6947068258777405,
        16.23596506861522,
        16.23596506861522,
        16.23596506861522,
        16.23596506861522,
        16.23596506861522,
        16.23596506861522
      ]
    },
    "test": {
      "average_loss": [
        2.9266133308410645,
        2.9107311441187274,
        2.8954989910125732,
        2.880853632040191,
        2.8667403564118503,
        2.8531124424516108,
        2.839929233517563,
        2.827156058528967,
        2.8147626341434946,
        2.8027235415943883
      ],
      "average_accuracy": [
        7.822523164647184,
        7.822523164647184,
        7.822523164647184,
        7.822523164647184,
        16.19743406985032,
        16.19743406985032,
        16.19743406985032,
        16.19743406985032,
        16.19743406985032,
        16.19743406985032
      ]
    },
    "average_loss_intra_epoch": [
      2.807584326002333
    ],
    "average_accuracy_intra_epoch": [
      16.23596506861522
    ],
    "runtime": 6.604396104812622
  }
}