{
  "hyperparameters": {
    "architecture": "convffnn",
    "batch_size": 100,
    "clipping_threshold": 0.0,
    "dataset_name": "mnist",
    "epochs": 1,
    "initialization_scale": "\\sqrt{\frac{6}{n+m}}",
    "inner_ISGD_iterations": 10,
    "intra_epoch": true,
    "lr": 1.8,
    "momentum": 0.0,
    "mu": 0.0,
    "nodes": 50,
    "seed": 1,
    "sgdtype": "explicit",
    "data_type": "classification"
  },
  "results": {
    "train": {
      "average_loss": [
        0.09005349010384331
      ],
      "average_accuracy": [
        97.41333333333333
      ]
    },
    "test": {
      "average_loss": [
        0.09117969437502324
      ],
      "average_accuracy": [
        97.34
      ]
    },
    "average_loss_intra_epoch": [
      0.22348498041431109,
      0.14848071705549956,
      0.12796250524309774,
      0.09016473576620532,
      0.09751095584205662,
      0.09005349010384331
    ],
    "average_accuracy_intra_epoch": [
      93.31,
      95.64333333333333,
      96.36166666666666,
      97.37,
      97.18166666666667,
      97.41333333333333
    ],
    "runtime": 465.34283113479614
  }
}