{
  "hyperparameters": {
    "architecture": "classification",
    "batch_size": 100,
    "clipping_threshold": 0.0,
    "dataset_name": "wine-quality-red_classification",
    "epochs": 10,
    "initialization_scale": "\\sqrt{\frac{6}{n+m}}",
    "inner_ISGD_iterations": 0,
    "intra_epoch": false,
    "lr": 10.0,
    "momentum": 0.0,
    "mu": 0.0,
    "nodes": 50,
    "seed": 1,
    "sgdtype": "implicit",
    "data_type": "classification"
  },
  "results": {
    "train": {
      "average_loss": [
        23.821291850163387,
        74.10055982149564,
        89.7800785945012,
        49.12812130267803,
        37.38546371459961,
        32.7958244910607,
        39.68965413020207,
        15.293629206143892,
        25.577880712655876,
        24.767439475426308
      ],
      "average_accuracy": [
        42.37685691946834,
        42.689601250977326,
        36.04378420641126,
        31.66536356528538,
        30.883502736512902,
        40.50039093041438,
        36.59108678655199,
        33.46364347146208,
        40.10946051602815,
        12.04065676309617
      ]
    },
    "test": {
      "average_loss": [
        20.39928650856018,
        66.0944471359253,
        99.22098922729492,
        40.18391478061676,
        39.281253814697266,
        32.24016046524048,
        36.497679233551025,
        12.992565870285034,
        23.64063549041748,
        25.139726161956787
      ],
      "average_accuracy": [
        48.4375,
        48.4375,
        33.75,
        31.875,
        31.25,
        41.25,
        37.5,
        37.1875,
        42.1875,
        10.0
      ]
    },
    "average_loss_intra_epoch": [
      24.767439475426308
    ],
    "average_accuracy_intra_epoch": [
      12.04065676309617
    ],
    "runtime": 25.225309133529663
  }
}