{
  "hyperparameters": {
    "architecture": "classification",
    "batch_size": 100,
    "clipping_threshold": 0.0,
    "dataset_name": "musk-1_classification",
    "epochs": 10,
    "initialization_scale": "\\sqrt{\frac{6}{n+m}}",
    "inner_ISGD_iterations": 0,
    "intra_epoch": false,
    "lr": 0.01,
    "momentum": 0.0,
    "mu": 0.0,
    "nodes": 50,
    "seed": 1,
    "sgdtype": "implicit",
    "data_type": "classification"
  },
  "results": {
    "train": {
      "average_loss": [
        0.6919576823711395,
        0.6837475448846817,
        0.6759776771068573,
        0.6685643941164017,
        0.661440908908844,
        0.6545534878969193,
        0.6478587239980698,
        0.6413205564022064,
        0.6349096745252609,
        0.6286021322011948
      ],
      "average_accuracy": [
        49.73684210526316,
        52.10526315789474,
        56.05263157894737,
        59.473684210526315,
        61.8421052631579,
        64.21052631578948,
        67.10526315789474,
        68.15789473684211,
        70.0,
        71.84210526315789
      ]
    },
    "test": {
      "average_loss": [
        0.712461531162262,
        0.7030118107795715,
        0.6940743923187256,
        0.6855533719062805,
        0.6773725152015686,
        0.6694698333740234,
        0.6617944240570068,
        0.6543043851852417,
        0.6469652056694031,
        0.6397479176521301
      ],
      "average_accuracy": [
        46.875,
        47.916666666666664,
        47.916666666666664,
        50.0,
        52.083333333333336,
        53.125,
        54.166666666666664,
        58.333333333333336,
        59.375,
        61.458333333333336
      ]
    },
    "average_loss_intra_epoch": [
      0.6286021322011948
    ],
    "average_accuracy_intra_epoch": [
      71.84210526315789
    ],
    "runtime": 83.87407565116882
  }
}