{
  "hyperparameters": {
    "architecture": "classification",
    "batch_size": 100,
    "clipping_threshold": 0.0,
    "dataset_name": "plant-texture_classification",
    "epochs": 10,
    "initialization_scale": "\\sqrt{\frac{6}{n+m}}",
    "inner_ISGD_iterations": 0,
    "intra_epoch": false,
    "lr": 30.0,
    "momentum": 0.0,
    "mu": 0.0,
    "nodes": 50,
    "seed": 1,
    "sgdtype": "implicit",
    "data_type": "classification"
  },
  "results": {
    "train": {
      "average_loss": [
        671.4245323768029,
        268.42406287560095,
        252.9844747690054,
        175.03599548339844,
        154.1303992638221,
        134.83047133225662,
        108.04110893836388,
        95.15658774742714,
        79.77656173706055,
        68.11802203838641
      ],
      "average_accuracy": [
        0.4691164972634871,
        3.9093041438623923,
        4.769351055512119,
        6.254886630179828,
        9.382329945269742,
        7.8967943706020325,
        9.929632525410478,
        10.242376856919469,
        13.05707584050039,
        17.43549648162627
      ]
    },
    "test": {
      "average_loss": [
        686.5663909912109,
        264.5785675048828,
        265.564453125,
        186.81420135498047,
        180.96564865112305,
        127.79455184936523,
        105.06716918945312,
        99.44707298278809,
        73.18684768676758,
        77.46298217773438
      ],
      "average_accuracy": [
        0.0,
        1.5625,
        1.875,
        6.875,
        6.25,
        7.1875,
        7.1875,
        7.5,
        15.3125,
        13.75
      ]
    },
    "average_loss_intra_epoch": [
      68.11802203838641
    ],
    "average_accuracy_intra_epoch": [
      17.43549648162627
    ],
    "runtime": 112.83261609077454
  }
}