{
  "hyperparameters": {
    "architecture": "classification",
    "batch_size": 100,
    "clipping_threshold": 0.0,
    "dataset_name": "pittsburg-bridges-MATERIAL_classification",
    "epochs": 10,
    "initialization_scale": "\\sqrt{\frac{6}{n+m}}",
    "inner_ISGD_iterations": 0,
    "intra_epoch": false,
    "lr": 10.0,
    "momentum": 0.0,
    "mu": 0.0,
    "nodes": 50,
    "seed": 1,
    "sgdtype": "implicit",
    "data_type": "classification"
  },
  "results": {
    "train": {
      "average_loss": [
        1.8940244913101196,
        16.790203094482422,
        43.818153381347656,
        47.00938034057617,
        27.102115631103516,
        22.518287658691406,
        38.922462463378906,
        13.718836784362793,
        51.52610397338867,
        37.788917541503906
      ],
      "average_accuracy": [
        72.61904761904762,
        16.666666666666668,
        16.666666666666668,
        72.61904761904762,
        72.61904761904762,
        10.714285714285714,
        72.61904761904762,
        72.61904761904762,
        16.666666666666668,
        72.61904761904762
      ]
    },
    "test": {
      "average_loss": [
        1.3187204599380493,
        18.715782165527344,
        47.81635665893555,
        29.04320526123047,
        16.088285446166992,
        17.58186149597168,
        26.523679733276367,
        9.173408508300781,
        53.834476470947266,
        30.743919372558594
      ],
      "average_accuracy": [
        81.81818181818181,
        9.090909090909092,
        9.090909090909092,
        81.81818181818181,
        81.81818181818181,
        9.090909090909092,
        81.81818181818181,
        81.81818181818181,
        9.090909090909092,
        81.81818181818181
      ]
    },
    "average_loss_intra_epoch": [
      37.788917541503906
    ],
    "average_accuracy_intra_epoch": [
      72.61904761904762
    ],
    "runtime": 4.057654142379761
  }
}