{
  "hyperparameters": {
    "architecture": "classification",
    "batch_size": 100,
    "clipping_threshold": 0.0,
    "dataset_name": "breast-cancer-wisc_classification",
    "epochs": 10,
    "initialization_scale": "\\sqrt{\frac{6}{n+m}}",
    "inner_ISGD_iterations": 0,
    "intra_epoch": false,
    "lr": 3.0,
    "momentum": 0.0,
    "mu": 0.0,
    "nodes": 50,
    "seed": 1,
    "sgdtype": "explicit",
    "data_type": "classification"
  },
  "results": {
    "train": {
      "average_loss": [
        0.6247405807177225,
        0.11912173529465993,
        0.11377449706196785,
        0.10807412366072337,
        0.1102467030286789,
        0.1104824331899484,
        0.11027693127592404,
        0.10877403741081555,
        0.10779020562767982,
        0.10706549013654391
      ],
      "average_accuracy": [
        65.47406082289804,
        96.95885509838998,
        96.6010733452594,
        96.77996422182468,
        96.77996422182468,
        96.6010733452594,
        96.6010733452594,
        96.4221824686941,
        96.6010733452594,
        96.6010733452594
      ]
    },
    "test": {
      "average_loss": [
        0.6329109370708466,
        0.10648497566580772,
        0.09071655385196209,
        0.08094912022352219,
        0.0847607646137476,
        0.08562876656651497,
        0.08591039106249809,
        0.08426959067583084,
        0.08341852948069572,
        0.08288274705410004
      ],
      "average_accuracy": [
        65.71428571428571,
        95.0,
        95.71428571428571,
        97.85714285714286,
        97.14285714285714,
        97.14285714285714,
        97.14285714285714,
        97.14285714285714,
        97.85714285714286,
        97.85714285714286
      ]
    },
    "average_loss_intra_epoch": [
      0.10706549013654391
    ],
    "average_accuracy_intra_epoch": [
      96.6010733452594
    ],
    "runtime": 1.1222410202026367
  }
}