{
  "hyperparameters": {
    "architecture": "classification",
    "batch_size": 100,
    "clipping_threshold": 0.0,
    "dataset_name": "iris_classification",
    "epochs": 10,
    "initialization_scale": "\\sqrt{\frac{6}{n+m}}",
    "inner_ISGD_iterations": 0,
    "intra_epoch": false,
    "lr": 3.0,
    "momentum": 0.0,
    "mu": 0.0,
    "nodes": 50,
    "seed": 1,
    "sgdtype": "explicit",
    "data_type": "classification"
  },
  "results": {
    "train": {
      "average_loss": [
        1.1178503036499023,
        1.1126102209091187,
        1.1110047101974487,
        1.1098975539207458,
        1.105251431465149,
        1.0620019435882568,
        0.6045759320259094,
        1.5283970832824707,
        1.0576048493385315,
        0.8970119655132294
      ],
      "average_accuracy": [
        30.833333333333332,
        30.833333333333332,
        30.833333333333332,
        30.833333333333332,
        30.833333333333332,
        30.833333333333332,
        68.33333333333333,
        39.166666666666664,
        32.5,
        63.333333333333336
      ]
    },
    "test": {
      "average_loss": [
        1.0952388048171997,
        1.0991896390914917,
        1.092899203300476,
        1.0891796350479126,
        1.0839914083480835,
        1.0401148796081543,
        0.5623365044593811,
        1.3980900049209595,
        0.9951141476631165,
        0.5670368075370789
      ],
      "average_accuracy": [
        43.333333333333336,
        43.333333333333336,
        43.333333333333336,
        43.333333333333336,
        43.333333333333336,
        43.333333333333336,
        83.33333333333333,
        40.0,
        36.666666666666664,
        80.0
      ]
    },
    "average_loss_intra_epoch": [
      0.8970119655132294
    ],
    "average_accuracy_intra_epoch": [
      63.333333333333336
    ],
    "runtime": 3.6249170303344727
  }
}