{
  "hyperparameters": {
    "architecture": "classification",
    "batch_size": 100,
    "clipping_threshold": 0.0,
    "dataset_name": "statlog-vehicle_classification",
    "epochs": 10,
    "initialization_scale": "\\sqrt{\frac{6}{n+m}}",
    "inner_ISGD_iterations": 0,
    "intra_epoch": false,
    "lr": 10.0,
    "momentum": 0.0,
    "mu": 0.0,
    "nodes": 50,
    "seed": 1,
    "sgdtype": "explicit",
    "data_type": "classification"
  },
  "results": {
    "train": {
      "average_loss": [
        73.00474112374442,
        38.238085883004324,
        49.12899671282087,
        61.78537041800363,
        51.77870505196707,
        76.02070617675781,
        41.293504987444194,
        56.28280530657087,
        27.661387852260045,
        42.64570181710379
      ],
      "average_accuracy": [
        9.319526627218934,
        26.4792899408284,
        36.24260355029586,
        22.041420118343197,
        34.76331360946745,
        19.674556213017752,
        39.64497041420118,
        36.094674556213015,
        32.84023668639053,
        33.57988165680474
      ]
    },
    "test": {
      "average_loss": [
        73.17944717407227,
        38.487178802490234,
        57.71159744262695,
        65.77970695495605,
        55.636396408081055,
        68.44256591796875,
        50.049034118652344,
        49.88496971130371,
        31.63231086730957,
        46.65176010131836
      ],
      "average_accuracy": [
        15.882352941176471,
        25.294117647058822,
        30.58823529411765,
        17.647058823529413,
        25.294117647058822,
        24.11764705882353,
        29.41176470588235,
        37.64705882352941,
        24.11764705882353,
        21.764705882352942
      ]
    },
    "average_loss_intra_epoch": [
      42.64570181710379
    ],
    "average_accuracy_intra_epoch": [
      33.57988165680474
    ],
    "runtime": 4.2257466316223145
  }
}