{
  "hyperparameters": {
    "architecture": "classification",
    "batch_size": 100,
    "clipping_threshold": 0.0,
    "dataset_name": "thyroid_classification",
    "epochs": 10,
    "initialization_scale": "\\sqrt{\frac{6}{n+m}}",
    "inner_ISGD_iterations": 0,
    "intra_epoch": false,
    "lr": 0.001,
    "momentum": 0.0,
    "mu": 0.0,
    "nodes": 50,
    "seed": 1,
    "sgdtype": "explicit",
    "data_type": "classification"
  },
  "results": {
    "train": {
      "average_loss": [
        0.9814021145475322,
        0.9389923523212301,
        0.899413660682481,
        0.8624276796291614,
        0.8278268760648267,
        0.7954291793806799,
        0.7650735470755347,
        0.7366169393062592,
        0.709930949170014,
        0.6848997812846611
      ],
      "average_accuracy": [
        92.77777777777777,
        92.77777777777777,
        92.77777777777777,
        92.77777777777777,
        92.77777777777777,
        92.77777777777777,
        92.77777777777777,
        92.77777777777777,
        92.77777777777777,
        92.77777777777777
      ]
    },
    "test": {
      "average_loss": [
        0.9818973938624064,
        0.9401909311612447,
        0.9012897650400797,
        0.8649577776590983,
        0.8309893250465393,
        0.7992039243380229,
        0.7694419821103414,
        0.7415616353352864,
        0.7154355208079021,
        0.6909485419591268
      ],
      "average_accuracy": [
        91.80555555555556,
        91.80555555555556,
        91.80555555555556,
        91.80555555555556,
        91.80555555555556,
        91.80555555555556,
        91.80555555555556,
        91.80555555555556,
        91.80555555555556,
        91.80555555555556
      ]
    },
    "average_loss_intra_epoch": [
      0.6848997812846611
    ],
    "average_accuracy_intra_epoch": [
      92.77777777777777
    ],
    "runtime": 10.269193649291992
  }
}