{
  "hyperparameters": {
    "architecture": "classification",
    "batch_size": 100,
    "clipping_threshold": 0.0,
    "dataset_name": "chess-krvkp_classification",
    "epochs": 10,
    "initialization_scale": "\\sqrt{\frac{6}{n+m}}",
    "inner_ISGD_iterations": 0,
    "intra_epoch": false,
    "lr": 50.0,
    "momentum": 0.0,
    "mu": 0.0,
    "nodes": 50,
    "seed": 1,
    "sgdtype": "explicit",
    "data_type": "classification"
  },
  "results": {
    "train": {
      "average_loss": [
        517.0945657583384,
        384.8503101055439,
        277.82986919696515,
        341.2175598144531,
        133.71018072275015,
        122.99135149442233,
        558.6924825815054,
        461.03514685997595,
        370.05972994290863,
        467.8780329777644
      ],
      "average_accuracy": [
        48.59154929577465,
        50.352112676056336,
        50.31298904538341,
        49.45226917057903,
        50.86071987480438,
        55.59467918622848,
        54.49921752738654,
        54.225352112676056,
        51.87793427230047,
        52.0735524256651
      ]
    },
    "test": {
      "average_loss": [
        504.4105704171317,
        360.7599138532366,
        266.85576302664623,
        337.0625697544643,
        132.00036839076452,
        116.48200334821429,
        555.5877554757254,
        463.3075387137277,
        385.003662109375,
        471.3031572614397
      ],
      "average_accuracy": [
        49.84375,
        50.0,
        49.0625,
        49.375,
        49.6875,
        55.46875,
        54.84375,
        54.375,
        50.15625,
        52.5
      ]
    },
    "average_loss_intra_epoch": [
      467.8780329777644
    ],
    "average_accuracy_intra_epoch": [
      52.0735524256651
    ],
    "runtime": 6.087918758392334
  }
}