{
  "hyperparameters": {
    "architecture": "music",
    "batch_size": 100,
    "clipping_threshold": 1.0,
    "dataset_name": "JSB Chorales",
    "epochs": 10,
    "initialization_scale": "\\sqrt{\frac{6}{n+m}}",
    "inner_ISGD_iterations": 0,
    "intra_epoch": false,
    "lr": 0.05,
    "momentum": 0.0,
    "mu": 0.0,
    "nodes": 50,
    "seed": 1,
    "sgdtype": "explicit",
    "data_type": "sequential_many"
  },
  "results": {
    "train": {
      "average_loss": [
        9.820354699047371,
        9.089228384359435,
        8.771444020833512,
        8.569781783366308,
        8.422543896337784,
        8.306899300829292,
        8.212027344641207,
        8.13194913947426,
        8.062931201343453,
        8.002447420853194
      ],
      "average_accuracy": [
        0,
        0,
        0,
        0,
        0,
        0,
        0,
        0,
        0,
        0
      ]
    },
    "test": {
      "average_loss": [
        9.967153004237584,
        9.22763120973265,
        8.908237054750517,
        8.706375283080263,
        8.559414163812415,
        8.44424546848644,
        8.349937116944945,
        8.270470606816279,
        8.202095743897674,
        8.142274590281698
      ],
      "average_accuracy": [
        0,
        0,
        0,
        0,
        0,
        0,
        0,
        0,
        0,
        0
      ]
    },
    "average_loss_intra_epoch": [
      8.002447420853194
    ],
    "average_accuracy_intra_epoch": [
      0
    ],
    "runtime": 262.89082860946655
  }
}