{
  "hyperparameters": {
    "architecture": "music",
    "batch_size": 100,
    "clipping_threshold": 0.0,
    "dataset_name": "MuseData",
    "epochs": 5,
    "initialization_scale": "\\sqrt{\frac{6}{n+m}}",
    "inner_ISGD_iterations": 0,
    "intra_epoch": false,
    "lr": 50.0,
    "momentum": 0.0,
    "mu": 0.0,
    "nodes": 300,
    "seed": 3,
    "sgdtype": "explicit",
    "data_type": "sequential_many"
  },
  "results": {
    "train": {
      "average_loss": [
        0.0006961432380694185,
        0.0006385428191016349,
        0.0005903119775329988,
        0.0005560876820327533,
        0.000598667831693217
      ],
      "average_accuracy": [
        0,
        0,
        0,
        0,
        0
      ]
    },
    "test": {
      "average_loss": [
        0.0006390172620007022,
        0.0005791379468328453,
        0.0005318508322987679,
        0.0004965411231721866,
        0.0005705814749255237
      ],
      "average_accuracy": [
        0,
        0,
        0,
        0,
        0
      ]
    },
    "average_loss_intra_epoch": [
      0.000598667831693217
    ],
    "average_accuracy_intra_epoch": [
      0
    ],
    "runtime": 1813.8412778377533
  }
}