{
  "hyperparameters": {
    "architecture": "classification",
    "batch_size": 100,
    "clipping_threshold": 0.0,
    "dataset_name": "lung-cancer_classification",
    "epochs": 10,
    "initialization_scale": "\\sqrt{\frac{6}{n+m}}",
    "inner_ISGD_iterations": 0,
    "intra_epoch": false,
    "lr": 50.0,
    "momentum": 0.0,
    "mu": 0.0,
    "nodes": 50,
    "seed": 1,
    "sgdtype": "explicit",
    "data_type": "classification"
  },
  "results": {
    "train": {
      "average_loss": [
        2.988358736038208,
        100.23406219482422,
        1157.8968505859375,
        536.5970458984375,
        672.53515625,
        1209.354248046875,
        864.4736938476562,
        678.8753662109375,
        1589.25048828125,
        298.1336975097656
      ],
      "average_accuracy": [
        40.0,
        60.0,
        0.0,
        56.0,
        56.0,
        44.0,
        56.0,
        44.0,
        48.0,
        52.0
      ]
    },
    "test": {
      "average_loss": [
        3.2419967651367188,
        94.577392578125,
        1047.7977294921875,
        950.6946411132812,
        619.0294189453125,
        1552.9005126953125,
        878.4777221679688,
        795.0740356445312,
        1721.552490234375,
        308.92413330078125
      ],
      "average_accuracy": [
        42.857142857142854,
        57.142857142857146,
        0.0,
        57.142857142857146,
        71.42857142857143,
        28.571428571428573,
        57.142857142857146,
        14.285714285714286,
        28.571428571428573,
        42.857142857142854
      ]
    },
    "average_loss_intra_epoch": [
      298.1336975097656
    ],
    "average_accuracy_intra_epoch": [
      52.0
    ],
    "runtime": 3.470745801925659
  }
}