{
  "hyperparameters": {
    "architecture": "classification",
    "batch_size": 100,
    "clipping_threshold": 0.0,
    "dataset_name": "letter_classification",
    "epochs": 10,
    "initialization_scale": "\\sqrt{\frac{6}{n+m}}",
    "inner_ISGD_iterations": 0,
    "intra_epoch": false,
    "lr": 0.5,
    "momentum": 0.0,
    "mu": 0.0,
    "nodes": 50,
    "seed": 1,
    "sgdtype": "implicit",
    "data_type": "classification"
  },
  "results": {
    "train": {
      "average_loss": [
        2.1440154649317265,
        1.4135493062436582,
        1.1484643891453743,
        0.9545028898864985,
        0.8312073960900307,
        0.7587586222216487,
        0.702728614397347,
        0.6593857895582914,
        0.6255366574972868,
        0.591475029475987
      ],
      "average_accuracy": [
        34.23125,
        58.0625,
        65.35625,
        71.5125,
        75.15625,
        76.9,
        78.40625,
        79.7,
        80.71875,
        81.98125
      ]
    },
    "test": {
      "average_loss": [
        2.145856148004532,
        1.43765389919281,
        1.197115969657898,
        1.0114322796463966,
        0.8977630212903023,
        0.8305185914039612,
        0.7783927828073501,
        0.7399858288466931,
        0.7091654352843761,
        0.6749541625380516
      ],
      "average_accuracy": [
        34.05,
        57.6,
        64.775,
        70.4,
        73.575,
        75.175,
        76.575,
        77.525,
        78.225,
        79.675
      ]
    },
    "average_loss_intra_epoch": [
      0.591475029475987
    ],
    "average_accuracy_intra_epoch": [
      81.98125
    ],
    "runtime": 388.3134853839874
  }
}