{
  "hyperparameters": {
    "architecture": "music",
    "batch_size": 100,
    "clipping_threshold": 8.0,
    "dataset_name": "MuseData",
    "epochs": 5,
    "initialization_scale": "\\sqrt{\frac{6}{n+m}}",
    "inner_ISGD_iterations": 0,
    "intra_epoch": false,
    "lr": 200.0,
    "momentum": 0.0,
    "mu": 0.0,
    "nodes": 300,
    "seed": 2,
    "sgdtype": "explicit",
    "data_type": "sequential_many"
  },
  "results": {
    "train": {
      "average_loss": [
        0.001627914174480425,
        0.0015705775710786755,
        0.0019186392561956894,
        0.0016382269223444701,
        0.001496779965236783
      ],
      "average_accuracy": [
        0,
        0,
        0,
        0,
        0
      ]
    },
    "test": {
      "average_loss": [
        0.001466260454611573,
        0.0014426993189596443,
        0.0017252430087014105,
        0.0014567276701112155,
        0.0013680984268449397
      ],
      "average_accuracy": [
        0,
        0,
        0,
        0,
        0
      ]
    },
    "average_loss_intra_epoch": [
      0.001496779965236783
    ],
    "average_accuracy_intra_epoch": [
      0
    ],
    "runtime": 1792.370477437973
  }
}