{
  "hyperparameters": {
    "architecture": "classification",
    "batch_size": 100,
    "clipping_threshold": 0.0,
    "dataset_name": "conn-bench-sonar-mines-rocks_classification",
    "epochs": 10,
    "initialization_scale": "\\sqrt{\frac{6}{n+m}}",
    "inner_ISGD_iterations": 0,
    "intra_epoch": false,
    "lr": 0.5,
    "momentum": 0.0,
    "mu": 0.0,
    "nodes": 50,
    "seed": 1,
    "sgdtype": "explicit",
    "data_type": "classification"
  },
  "results": {
    "train": {
      "average_loss": [
        0.6586353480815887,
        0.6076222062110901,
        0.5234397947788239,
        0.4419570714235306,
        0.3832648694515228,
        0.3382772132754326,
        0.3048766031861305,
        0.28938882052898407,
        0.3090743348002434,
        0.2990478426218033
      ],
      "average_accuracy": [
        73.49397590361446,
        75.90361445783132,
        77.10843373493977,
        80.72289156626506,
        82.53012048192771,
        84.93975903614458,
        86.74698795180723,
        88.55421686746988,
        87.34939759036145,
        88.55421686746988
      ]
    },
    "test": {
      "average_loss": [
        0.671671986579895,
        0.6307536959648132,
        0.5616080164909363,
        0.5052348971366882,
        0.48850345611572266,
        0.496713787317276,
        0.5256953239440918,
        0.5813329815864563,
        0.6654260754585266,
        0.6655016541481018
      ],
      "average_accuracy": [
        69.04761904761905,
        69.04761904761905,
        66.66666666666667,
        69.04761904761905,
        73.80952380952381,
        73.80952380952381,
        73.80952380952381,
        71.42857142857143,
        69.04761904761905,
        69.04761904761905
      ]
    },
    "average_loss_intra_epoch": [
      0.2990478426218033
    ],
    "average_accuracy_intra_epoch": [
      88.55421686746988
    ],
    "runtime": 0.7480010986328125
  }
}