{
  "hyperparameters": {
    "architecture": "classification",
    "batch_size": 100,
    "clipping_threshold": 0.0,
    "dataset_name": "pendigits_classification",
    "epochs": 10,
    "initialization_scale": "\\sqrt{\frac{6}{n+m}}",
    "inner_ISGD_iterations": 0,
    "intra_epoch": false,
    "lr": 0.1,
    "momentum": 0.0,
    "mu": 0.0,
    "nodes": 50,
    "seed": 1,
    "sgdtype": "explicit",
    "data_type": "classification"
  },
  "results": {
    "train": {
      "average_loss": [
        2.2187986942854794,
        1.485916473648765,
        1.2035492943091826,
        1.0485096255486661,
        0.8553853996775367,
        0.6690925102342259,
        0.5311043936420571,
        0.419795404442332,
        0.3345752874897285,
        0.27506910552355374
      ],
      "average_accuracy": [
        26.714431934493348,
        48.28841123621062,
        59.558739906744,
        65.8819515523712,
        74.87774365972933,
        80.39349482542931,
        86.71670647105653,
        89.90105765950187,
        91.97088593199136,
        93.43796201523939
      ]
    },
    "test": {
      "average_loss": [
        2.217267719182101,
        1.4953515150330283,
        1.2199551192196934,
        1.0627774650400335,
        0.8604068430987272,
        0.6644802770831368,
        0.5236184366724708,
        0.4133607812903144,
        0.33170360936359927,
        0.27380668913776224
      ],
      "average_accuracy": [
        26.921327876307412,
        46.475670759436106,
        58.75397908140064,
        65.48431105047749,
        75.85266030013642,
        80.0818553888131,
        86.17553433378808,
        89.40427467030469,
        91.45065939063211,
        92.72396543883583
      ]
    },
    "average_loss_intra_epoch": [
      0.27506910552355374
    ],
    "average_accuracy_intra_epoch": [
      93.43796201523939
    ],
    "runtime": 12.823302507400513
  }
}