{
  "hyperparameters": {
    "architecture": "classification",
    "batch_size": 100,
    "clipping_threshold": 0.0,
    "dataset_name": "chess-krvkp_classification",
    "epochs": 10,
    "initialization_scale": "\\sqrt{\frac{6}{n+m}}",
    "inner_ISGD_iterations": 0,
    "intra_epoch": false,
    "lr": 0.01,
    "momentum": 0.0,
    "mu": 0.0,
    "nodes": 50,
    "seed": 1,
    "sgdtype": "implicit",
    "data_type": "classification"
  },
  "results": {
    "train": {
      "average_loss": [
        0.6940524578094482,
        0.6927591676895435,
        0.6915447207597586,
        0.6903669215165652,
        0.6891908393456385,
        0.6879860277359302,
        0.686723530292511,
        0.6853741842966813,
        0.6839067271122565,
        0.6822862143699939
      ],
      "average_accuracy": [
        47.02660406885759,
        54.02973395931142,
        56.33802816901409,
        56.18153364632238,
        55.82942097026604,
        55.94679186228482,
        56.220657276995304,
        56.72926447574335,
        57.27699530516432,
        57.90297339593114
      ]
    },
    "test": {
      "average_loss": [
        0.6945951240403312,
        0.6932130711419242,
        0.691933810710907,
        0.690710995878492,
        0.6895068969045367,
        0.6882886035101754,
        0.687025419303349,
        0.6856866819517953,
        0.684240290096828,
        0.682650761944907
      ],
      "average_accuracy": [
        44.6875,
        51.875,
        54.6875,
        55.78125,
        55.78125,
        55.46875,
        55.78125,
        56.5625,
        57.03125,
        57.8125
      ]
    },
    "average_loss_intra_epoch": [
      0.6822862143699939
    ],
    "average_accuracy_intra_epoch": [
      57.90297339593114
    ],
    "runtime": 136.0620265007019
  }
}