{
  "hyperparameters": {
    "architecture": "classification",
    "batch_size": 100,
    "clipping_threshold": 0.0,
    "dataset_name": "car_classification",
    "epochs": 10,
    "initialization_scale": "\\sqrt{\frac{6}{n+m}}",
    "inner_ISGD_iterations": 0,
    "intra_epoch": false,
    "lr": 0.5,
    "momentum": 0.0,
    "mu": 0.0,
    "nodes": 50,
    "seed": 1,
    "sgdtype": "explicit",
    "data_type": "classification"
  },
  "results": {
    "train": {
      "average_loss": [
        0.8737811573914119,
        0.8488603106566838,
        0.7950447286878314,
        0.5539732213531222,
        0.5309240754161563,
        0.5214103034564427,
        0.5142069586685726,
        0.5082069571529116,
        0.5027840201343808,
        0.4971384491239275
      ],
      "average_accuracy": [
        68.7409551374819,
        68.7409551374819,
        68.7409551374819,
        78.50940665701881,
        78.58176555716354,
        78.79884225759768,
        78.4370477568741,
        78.65412445730824,
        78.72648335745296,
        78.8712011577424
      ]
    },
    "test": {
      "average_loss": [
        0.8015887290239334,
        0.7836081683635712,
        0.7389755100011826,
        0.5386898964643478,
        0.5182402804493904,
        0.5068582817912102,
        0.49869706481695175,
        0.4921450987458229,
        0.4861987307667732,
        0.47992437332868576
      ],
      "average_accuracy": [
        75.14450867052022,
        75.14450867052022,
        75.14450867052022,
        79.47976878612717,
        78.90173410404624,
        78.90173410404624,
        78.61271676300578,
        79.1907514450867,
        79.47976878612717,
        79.76878612716763
      ]
    },
    "average_loss_intra_epoch": [
      0.4971384491239275
    ],
    "average_accuracy_intra_epoch": [
      78.8712011577424
    ],
    "runtime": 4.533268451690674
  }
}