{
  "hyperparameters": {
    "architecture": "classification",
    "batch_size": 100,
    "clipping_threshold": 0.0,
    "dataset_name": "pittsburg-bridges-REL-L_classification",
    "epochs": 10,
    "initialization_scale": "\\sqrt{\frac{6}{n+m}}",
    "inner_ISGD_iterations": 0,
    "intra_epoch": false,
    "lr": 50.0,
    "momentum": 0.0,
    "mu": 0.0,
    "nodes": 50,
    "seed": 1,
    "sgdtype": "implicit",
    "data_type": "classification"
  },
  "results": {
    "train": {
      "average_loss": [
        4.504522800445557,
        257.89947509765625,
        161.1214141845703,
        154.5467529296875,
        191.404541015625,
        189.52725219726562,
        207.8567352294922,
        261.3741760253906,
        112.68070220947266,
        330.23443603515625
      ],
      "average_accuracy": [
        48.78048780487805,
        36.58536585365854,
        34.146341463414636,
        29.26829268292683,
        39.02439024390244,
        47.5609756097561,
        37.80487804878049,
        47.5609756097561,
        36.58536585365854,
        48.78048780487805
      ]
    },
    "test": {
      "average_loss": [
        3.8750622272491455,
        321.54840087890625,
        109.01655578613281,
        133.77137756347656,
        156.8431854248047,
        237.3092498779297,
        152.66781616210938,
        329.5101318359375,
        90.70445251464844,
        431.3444519042969
      ],
      "average_accuracy": [
        61.904761904761905,
        23.80952380952381,
        42.857142857142854,
        23.80952380952381,
        52.38095238095238,
        33.333333333333336,
        52.38095238095238,
        33.333333333333336,
        47.61904761904762,
        33.333333333333336
      ]
    },
    "average_loss_intra_epoch": [
      330.23443603515625
    ],
    "average_accuracy_intra_epoch": [
      48.78048780487805
    ],
    "runtime": 4.213364601135254
  }
}