{
  "hyperparameters": {
    "architecture": "classification",
    "batch_size": 100,
    "clipping_threshold": 0.0,
    "dataset_name": "statlog-heart_classification",
    "epochs": 10,
    "initialization_scale": "\\sqrt{\frac{6}{n+m}}",
    "inner_ISGD_iterations": 0,
    "intra_epoch": false,
    "lr": 0.1,
    "momentum": 0.0,
    "mu": 0.0,
    "nodes": 50,
    "seed": 1,
    "sgdtype": "implicit",
    "data_type": "classification"
  },
  "results": {
    "train": {
      "average_loss": [
        0.6919161876042684,
        0.6912363370259603,
        0.6906221508979797,
        0.690036952495575,
        0.689453125,
        0.6888492306073507,
        0.6882064541180929,
        0.6875072717666626,
        0.6867338816324869,
        0.6858665943145752
      ],
      "average_accuracy": [
        60.648148148148145,
        50.46296296296296,
        44.907407407407405,
        44.907407407407405,
        44.907407407407405,
        44.907407407407405,
        44.907407407407405,
        44.907407407407405,
        44.907407407407405,
        44.907407407407405
      ]
    },
    "test": {
      "average_loss": [
        0.6912766695022583,
        0.6919630765914917,
        0.6924672722816467,
        0.6927987337112427,
        0.6929677128791809,
        0.69298255443573,
        0.6928499937057495,
        0.6925720572471619,
        0.6921481490135193,
        0.6915721297264099
      ],
      "average_accuracy": [
        66.66666666666667,
        53.7037037037037,
        44.44444444444444,
        42.592592592592595,
        42.592592592592595,
        42.592592592592595,
        42.592592592592595,
        42.592592592592595,
        42.592592592592595,
        42.592592592592595
      ]
    },
    "average_loss_intra_epoch": [
      0.6858665943145752
    ],
    "average_accuracy_intra_epoch": [
      44.907407407407405
    ],
    "runtime": 7.8578925132751465
  }
}