{
  "hyperparameters": {
    "architecture": "classification",
    "batch_size": 100,
    "clipping_threshold": 0.0,
    "dataset_name": "energy-y1_classification",
    "epochs": 10,
    "initialization_scale": "\\sqrt{\frac{6}{n+m}}",
    "inner_ISGD_iterations": 0,
    "intra_epoch": false,
    "lr": 0.01,
    "momentum": 0.0,
    "mu": 0.0,
    "nodes": 50,
    "seed": 1,
    "sgdtype": "implicit",
    "data_type": "classification"
  },
  "results": {
    "train": {
      "average_loss": [
        1.1485662800925118,
        1.1417714016778129,
        1.135293960571289,
        1.1291212694985526,
        1.1232410839625768,
        1.1176417555127824,
        1.11231187411717,
        1.1072402511324202,
        1.102416225842067,
        1.0978294781276159
      ],
      "average_accuracy": [
        34.69055374592834,
        34.69055374592834,
        34.69055374592834,
        34.69055374592834,
        34.69055374592834,
        34.69055374592834,
        34.69055374592834,
        34.69055374592834,
        34.69055374592834,
        34.69055374592834
      ]
    },
    "test": {
      "average_loss": [
        1.1266372799873352,
        1.1212946772575378,
        1.1162344813346863,
        1.1114449501037598,
        1.1069143414497375,
        1.1026316285133362,
        1.098586082458496,
        1.0947667956352234,
        1.0911639332771301,
        1.0877674221992493
      ],
      "average_accuracy": [
        37.66233766233766,
        37.66233766233766,
        37.66233766233766,
        37.66233766233766,
        37.66233766233766,
        37.66233766233766,
        37.66233766233766,
        37.66233766233766,
        37.66233766233766,
        37.66233766233766
      ]
    },
    "average_loss_intra_epoch": [
      1.0978294781276159
    ],
    "average_accuracy_intra_epoch": [
      34.69055374592834
    ],
    "runtime": 2.5903329849243164
  }
}