{
  "hyperparameters": {
    "architecture": "classification",
    "batch_size": 100,
    "clipping_threshold": 0.0,
    "dataset_name": "balloons_classification",
    "epochs": 10,
    "initialization_scale": "\\sqrt{\frac{6}{n+m}}",
    "inner_ISGD_iterations": 0,
    "intra_epoch": false,
    "lr": 0.5,
    "momentum": 0.0,
    "mu": 0.0,
    "nodes": 50,
    "seed": 1,
    "sgdtype": "explicit",
    "data_type": "classification"
  },
  "results": {
    "train": {
      "average_loss": [
        0.6870816349983215,
        0.6830668449401855,
        0.6811073422431946,
        0.6801481246948242,
        0.6796771883964539,
        0.6794450283050537,
        0.679330050945282,
        0.679272472858429,
        0.679243266582489,
        0.6792278289794922
      ],
      "average_accuracy": [
        58.333333333333336,
        58.333333333333336,
        58.333333333333336,
        58.333333333333336,
        58.333333333333336,
        58.333333333333336,
        58.333333333333336,
        58.333333333333336,
        58.333333333333336,
        58.333333333333336
      ]
    },
    "test": {
      "average_loss": [
        0.6942324638366699,
        0.6965301036834717,
        0.6989827752113342,
        0.7011112570762634,
        0.7028026580810547,
        0.7040855884552002,
        0.7050323486328125,
        0.7057190537452698,
        0.7062115669250488,
        0.7065620422363281
      ],
      "average_accuracy": [
        50.0,
        50.0,
        50.0,
        50.0,
        50.0,
        50.0,
        50.0,
        50.0,
        50.0,
        50.0
      ]
    },
    "average_loss_intra_epoch": [
      0.6792278289794922
    ],
    "average_accuracy_intra_epoch": [
      58.333333333333336
    ],
    "runtime": 2.9624850749969482
  }
}