{
  "hyperparameters": {
    "architecture": "classification",
    "batch_size": 100,
    "clipping_threshold": 0.0,
    "dataset_name": "breast-cancer-wisc-diag_classification",
    "epochs": 10,
    "initialization_scale": "\\sqrt{\frac{6}{n+m}}",
    "inner_ISGD_iterations": 0,
    "intra_epoch": false,
    "lr": 5.0,
    "momentum": 0.0,
    "mu": 0.0,
    "nodes": 50,
    "seed": 1,
    "sgdtype": "implicit",
    "data_type": "classification"
  },
  "results": {
    "train": {
      "average_loss": [
        8.74406566619873,
        38.68033218383789,
        8.398013806343078,
        1.6321376442909241,
        4.922120380401611,
        2.9048918043954473,
        1.444397521019313,
        0.5583182096481332,
        5.470547008514404,
        6.910772800445557
      ],
      "average_accuracy": [
        87.6923076923077,
        92.08791208791209,
        95.82417582417582,
        97.58241758241758,
        97.36263736263736,
        97.8021978021978,
        98.46153846153847,
        98.46153846153847,
        6.813186813186813,
        97.8021978021978
      ]
    },
    "test": {
      "average_loss": [
        12.18067216873169,
        46.775848388671875,
        12.473346471786499,
        2.885707378387451,
        4.903185963630676,
        1.9828721284866333,
        4.6168452501297,
        1.7520991563796997,
        5.478060007095337,
        27.77652072906494
      ],
      "average_accuracy": [
        83.33333333333333,
        89.47368421052632,
        94.73684210526316,
        95.6140350877193,
        96.49122807017544,
        97.36842105263158,
        96.49122807017544,
        96.49122807017544,
        9.649122807017545,
        96.49122807017544
      ]
    },
    "average_loss_intra_epoch": [
      6.910772800445557
    ],
    "average_accuracy_intra_epoch": [
      97.8021978021978
    ],
    "runtime": 6.230940818786621
  }
}