{
  "hyperparameters": {
    "architecture": "classification",
    "batch_size": 100,
    "clipping_threshold": 0.0,
    "dataset_name": "led-display_classification",
    "epochs": 10,
    "initialization_scale": "\\sqrt{\frac{6}{n+m}}",
    "inner_ISGD_iterations": 0,
    "intra_epoch": false,
    "lr": 10.0,
    "momentum": 0.0,
    "mu": 0.0,
    "nodes": 50,
    "seed": 1,
    "sgdtype": "implicit",
    "data_type": "classification"
  },
  "results": {
    "train": {
      "average_loss": [
        8.270589649677277,
        18.02770435810089,
        16.09839129447937,
        26.72292184829712,
        24.023183584213257,
        17.080824732780457,
        36.96234321594238,
        16.201117634773254,
        20.881051540374756,
        30.008800506591797
      ],
      "average_accuracy": [
        3.5,
        26.75,
        30.5,
        19.625,
        25.0,
        30.875,
        24.125,
        33.0,
        35.25,
        25.875
      ]
    },
    "test": {
      "average_loss": [
        7.902186870574951,
        18.11284065246582,
        13.1775803565979,
        28.50931167602539,
        24.695568084716797,
        19.67984962463379,
        31.329208374023438,
        16.95362377166748,
        20.509623527526855,
        28.091504096984863
      ],
      "average_accuracy": [
        3.0,
        25.5,
        39.5,
        17.5,
        26.5,
        25.5,
        25.5,
        28.0,
        36.5,
        28.5
      ]
    },
    "average_loss_intra_epoch": [
      30.008800506591797
    ],
    "average_accuracy_intra_epoch": [
      25.875
    ],
    "runtime": 12.213154077529907
  }
}