{
  "hyperparameters": {
    "architecture": "classification",
    "batch_size": 100,
    "clipping_threshold": 0.0,
    "dataset_name": "breast-cancer-wisc-diag_classification",
    "epochs": 10,
    "initialization_scale": "\\sqrt{\frac{6}{n+m}}",
    "inner_ISGD_iterations": 0,
    "intra_epoch": false,
    "lr": 3.0,
    "momentum": 0.0,
    "mu": 0.0,
    "nodes": 50,
    "seed": 1,
    "sgdtype": "implicit",
    "data_type": "classification"
  },
  "results": {
    "train": {
      "average_loss": [
        0.5780147433280944,
        4.803191661834717,
        17.911682891845704,
        1.5681179761886597,
        14.988123512268066,
        3.413155674934387,
        1.237553608417511,
        1.5017688512802123,
        9.838183116912841,
        6.142226982116699
      ],
      "average_accuracy": [
        62.637362637362635,
        81.31868131868131,
        91.86813186813187,
        92.08791208791209,
        92.96703296703296,
        96.48351648351648,
        67.03296703296704,
        96.04395604395604,
        96.48351648351648,
        97.36263736263736
      ]
    },
    "test": {
      "average_loss": [
        0.5488907396793365,
        4.833902716636658,
        19.535839080810547,
        1.7698697745800018,
        14.872704029083252,
        1.2033560276031494,
        1.3705459386110306,
        2.631304621696472,
        18.27748394012451,
        4.926424980163574
      ],
      "average_accuracy": [
        63.1578947368421,
        75.43859649122807,
        90.35087719298245,
        91.2280701754386,
        92.10526315789474,
        97.36842105263158,
        69.29824561403508,
        94.73684210526316,
        94.73684210526316,
        96.49122807017544
      ]
    },
    "average_loss_intra_epoch": [
      6.142226982116699
    ],
    "average_accuracy_intra_epoch": [
      97.36263736263736
    ],
    "runtime": 6.148776054382324
  }
}