{
  "hyperparameters": {
    "architecture": "classification",
    "batch_size": 100,
    "clipping_threshold": 0.0,
    "dataset_name": "molec-biol-promoter_classification",
    "epochs": 10,
    "initialization_scale": "\\sqrt{\frac{6}{n+m}}",
    "inner_ISGD_iterations": 0,
    "intra_epoch": false,
    "lr": 0.01,
    "momentum": 0.0,
    "mu": 0.0,
    "nodes": 50,
    "seed": 1,
    "sgdtype": "implicit",
    "data_type": "classification"
  },
  "results": {
    "train": {
      "average_loss": [
        0.6928167939186096,
        0.6923737525939941,
        0.6919339299201965,
        0.6914971470832825,
        0.691062867641449,
        0.6906318664550781,
        0.6902034282684326,
        0.6897774934768677,
        0.6893543004989624,
        0.6889333724975586
      ],
      "average_accuracy": [
        48.80952380952381,
        47.61904761904762,
        51.19047619047619,
        51.19047619047619,
        54.76190476190476,
        55.95238095238095,
        55.95238095238095,
        54.76190476190476,
        54.76190476190476,
        55.95238095238095
      ]
    },
    "test": {
      "average_loss": [
        0.6753726005554199,
        0.6755586862564087,
        0.6757427453994751,
        0.6759243607521057,
        0.6761035919189453,
        0.6762805581092834,
        0.6764550805091858,
        0.6766272783279419,
        0.6767971515655518,
        0.6769645810127258
      ],
      "average_accuracy": [
        72.72727272727273,
        68.18181818181819,
        68.18181818181819,
        68.18181818181819,
        68.18181818181819,
        63.63636363636363,
        63.63636363636363,
        63.63636363636363,
        63.63636363636363,
        63.63636363636363
      ]
    },
    "average_loss_intra_epoch": [
      0.6889333724975586
    ],
    "average_accuracy_intra_epoch": [
      55.95238095238095
    ],
    "runtime": 2.954436779022217
  }
}