{
  "hyperparameters": {
    "architecture": "classification",
    "batch_size": 100,
    "clipping_threshold": 0.0,
    "dataset_name": "congressional-voting_classification",
    "epochs": 10,
    "initialization_scale": "\\sqrt{\frac{6}{n+m}}",
    "inner_ISGD_iterations": 0,
    "intra_epoch": false,
    "lr": 10.0,
    "momentum": 0.0,
    "mu": 0.0,
    "nodes": 50,
    "seed": 1,
    "sgdtype": "explicit",
    "data_type": "classification"
  },
  "results": {
    "train": {
      "average_loss": [
        129.97077751159668,
        101.69417572021484,
        12.277437448501587,
        80.65894889831543,
        74.78732299804688,
        119.48630714416504,
        86.12338447570801,
        63.96590518951416,
        57.82326030731201,
        69.96793937683105
      ],
      "average_accuracy": [
        60.632183908045974,
        39.94252873563219,
        59.770114942528735,
        52.87356321839081,
        47.12643678160919,
        47.12643678160919,
        52.87356321839081,
        53.160919540229884,
        53.44827586206897,
        53.44827586206897
      ]
    },
    "test": {
      "average_loss": [
        117.57598876953125,
        109.33382415771484,
        10.970749855041504,
        73.98719024658203,
        76.83580017089844,
        119.39179992675781,
        86.19215393066406,
        63.19014358520508,
        54.70679473876953,
        63.321102142333984
      ],
      "average_accuracy": [
        64.36781609195403,
        35.632183908045974,
        64.36781609195403,
        56.32183908045977,
        45.97701149425287,
        45.97701149425287,
        54.02298850574713,
        54.02298850574713,
        52.87356321839081,
        52.87356321839081
      ]
    },
    "average_loss_intra_epoch": [
      69.96793937683105
    ],
    "average_accuracy_intra_epoch": [
      53.44827586206897
    ],
    "runtime": 3.827643632888794
  }
}