{
  "hyperparameters": {
    "architecture": "classification",
    "batch_size": 100,
    "clipping_threshold": 0.0,
    "dataset_name": "twonorm_classification",
    "epochs": 10,
    "initialization_scale": "\\sqrt{\frac{6}{n+m}}",
    "inner_ISGD_iterations": 0,
    "intra_epoch": false,
    "lr": 1.0,
    "momentum": 0.0,
    "mu": 0.0,
    "nodes": 50,
    "seed": 1,
    "sgdtype": "implicit",
    "data_type": "classification"
  },
  "results": {
    "train": {
      "average_loss": [
        0.0917276042047888,
        0.08041608881515762,
        0.07609844778974852,
        0.07378862121452888,
        0.07235180720066031,
        0.07134682359173894,
        0.07058153375983238,
        0.06996798403561115,
        0.06946152572054416,
        0.06903580928531786
      ],
      "average_accuracy": [
        96.57094594594595,
        96.99324324324324,
        97.16216216216216,
        97.29729729729729,
        97.3141891891892,
        97.38175675675676,
        97.36486486486487,
        97.36486486486487,
        97.39864864864865,
        97.41554054054055
      ]
    },
    "test": {
      "average_loss": [
        0.09104527458548546,
        0.07938463240861893,
        0.07527224458754063,
        0.07320164193709691,
        0.07193958746890226,
        0.07104230659703413,
        0.07033589395383993,
        0.06975098624825478,
        0.0692571323364973,
        0.0688376451532046
      ],
      "average_accuracy": [
        96.62162162162163,
        97.16216216216216,
        97.56756756756756,
        97.5,
        97.56756756756756,
        97.56756756756756,
        97.56756756756756,
        97.63513513513513,
        97.70270270270271,
        97.77027027027027
      ]
    },
    "average_loss_intra_epoch": [
      0.06903580928531786
    ],
    "average_accuracy_intra_epoch": [
      97.41554054054055
    ],
    "runtime": 181.0835416316986
  }
}