{
  "hyperparameters": {
    "architecture": "classification",
    "batch_size": 100,
    "clipping_threshold": 0.0,
    "dataset_name": "spect_classification",
    "epochs": 10,
    "initialization_scale": "\\sqrt{\frac{6}{n+m}}",
    "inner_ISGD_iterations": 0,
    "intra_epoch": false,
    "lr": 0.1,
    "momentum": 0.0,
    "mu": 0.0,
    "nodes": 50,
    "seed": 1,
    "sgdtype": "implicit",
    "data_type": "classification"
  },
  "results": {
    "train": {
      "average_loss": [
        0.6892085274060568,
        0.6842661499977112,
        0.6807470520337423,
        0.6781073609987894,
        0.6759912172953287,
        0.674160361289978,
        0.6724514166514078,
        0.6707457502683004,
        0.6689514319101969,
        0.6669902006785074
      ],
      "average_accuracy": [
        59.43396226415094,
        57.54716981132076,
        57.54716981132076,
        57.54716981132076,
        57.54716981132076,
        57.54716981132076,
        57.54716981132076,
        57.54716981132076,
        57.54716981132076,
        57.54716981132076
      ]
    },
    "test": {
      "average_loss": [
        0.6900641322135925,
        0.6826939582824707,
        0.6773058176040649,
        0.6732548475265503,
        0.6701064705848694,
        0.6675624251365662,
        0.665413498878479,
        0.6635082960128784,
        0.6617323160171509,
        0.6599944233894348
      ],
      "average_accuracy": [
        64.15094339622641,
        62.264150943396224,
        62.264150943396224,
        62.264150943396224,
        62.264150943396224,
        62.264150943396224,
        62.264150943396224,
        62.264150943396224,
        62.264150943396224,
        62.264150943396224
      ]
    },
    "average_loss_intra_epoch": [
      0.6669902006785074
    ],
    "average_accuracy_intra_epoch": [
      57.54716981132076
    ],
    "runtime": 10.178137302398682
  }
}