{
  "hyperparameters": {
    "architecture": "classification",
    "batch_size": 100,
    "clipping_threshold": 0.0,
    "dataset_name": "monks-2_classification",
    "epochs": 10,
    "initialization_scale": "\\sqrt{\frac{6}{n+m}}",
    "inner_ISGD_iterations": 0,
    "intra_epoch": false,
    "lr": 10.0,
    "momentum": 0.0,
    "mu": 0.0,
    "nodes": 50,
    "seed": 1,
    "sgdtype": "explicit",
    "data_type": "classification"
  },
  "results": {
    "train": {
      "average_loss": [
        2.637042236328125,
        51.290228271484374,
        12.153475189208985,
        17.14763813018799,
        27.629216766357423,
        10.349275016784668,
        14.307024192810058,
        11.845530891418457,
        34.68503265380859,
        7.9581221580505375
      ],
      "average_accuracy": [
        64.58333333333333,
        64.58333333333333,
        57.916666666666664,
        50.833333333333336,
        50.833333333333336,
        40.833333333333336,
        50.833333333333336,
        50.625,
        50.416666666666664,
        51.875
      ]
    },
    "test": {
      "average_loss": [
        1.6995118260383606,
        34.24220275878906,
        10.907544612884521,
        12.750779628753662,
        25.588095664978027,
        9.972290992736816,
        12.080867767333984,
        8.624215126037598,
        31.7650785446167,
        6.369879245758057
      ],
      "average_accuracy": [
        70.24793388429752,
        70.24793388429752,
        60.33057851239669,
        54.54545454545455,
        52.892561983471076,
        39.66942148760331,
        53.71900826446281,
        55.37190082644628,
        53.71900826446281,
        56.19834710743802
      ]
    },
    "average_loss_intra_epoch": [
      7.9581221580505375
    ],
    "average_accuracy_intra_epoch": [
      51.875
    ],
    "runtime": 1.1608140468597412
  }
}