{
  "hyperparameters": {
    "architecture": "classification",
    "batch_size": 100,
    "clipping_threshold": 0.0,
    "dataset_name": "pittsburg-bridges-TYPE_classification",
    "epochs": 10,
    "initialization_scale": "\\sqrt{\frac{6}{n+m}}",
    "inner_ISGD_iterations": 0,
    "intra_epoch": false,
    "lr": 0.001,
    "momentum": 0.0,
    "mu": 0.0,
    "nodes": 50,
    "seed": 1,
    "sgdtype": "implicit",
    "data_type": "classification"
  },
  "results": {
    "train": {
      "average_loss": [
        1.9997667074203491,
        1.9995211362838745,
        1.9992759227752686,
        1.9990299940109253,
        1.9987848997116089,
        1.9985389709472656,
        1.9982938766479492,
        1.9980489015579224,
        1.9978036880493164,
        1.99755859375
      ],
      "average_accuracy": [
        10.714285714285714,
        10.714285714285714,
        10.714285714285714,
        10.714285714285714,
        10.714285714285714,
        10.714285714285714,
        10.714285714285714,
        10.714285714285714,
        10.714285714285714,
        10.714285714285714
      ]
    },
    "test": {
      "average_loss": [
        1.9439135789871216,
        1.943711280822754,
        1.943508505821228,
        1.94330632686615,
        1.9431040287017822,
        1.9429019689559937,
        1.9426997900009155,
        1.9424982070922852,
        1.9422961473464966,
        1.9420945644378662
      ],
      "average_accuracy": [
        9.523809523809524,
        9.523809523809524,
        9.523809523809524,
        9.523809523809524,
        9.523809523809524,
        9.523809523809524,
        9.523809523809524,
        9.523809523809524,
        9.523809523809524,
        9.523809523809524
      ]
    },
    "average_loss_intra_epoch": [
      1.99755859375
    ],
    "average_accuracy_intra_epoch": [
      10.714285714285714
    ],
    "runtime": 4.0040693283081055
  }
}