{
  "hyperparameters": {
    "architecture": "classification",
    "batch_size": 100,
    "clipping_threshold": 0.0,
    "dataset_name": "yeast_classification",
    "epochs": 10,
    "initialization_scale": "\\sqrt{\frac{6}{n+m}}",
    "inner_ISGD_iterations": 0,
    "intra_epoch": false,
    "lr": 50.0,
    "momentum": 0.0,
    "mu": 0.0,
    "nodes": 50,
    "seed": 1,
    "sgdtype": "explicit",
    "data_type": "classification"
  },
  "results": {
    "train": {
      "average_loss": [
        153.35441780090332,
        120.43686930338542,
        157.39238993326822,
        203.8420066833496,
        70.44472408294678,
        133.29087257385254,
        87.98642985026042,
        110.75070571899414,
        101.4650510152181,
        139.51254272460938
      ],
      "average_accuracy": [
        27.37994945240101,
        35.46756529064869,
        32.518955349620896,
        34.6251053074979,
        32.60320134793597,
        34.45661331086773,
        27.127211457455772,
        34.28812131423757,
        18.618365627632688,
        22.493681550126368
      ]
    },
    "test": {
      "average_loss": [
        155.71182250976562,
        108.92505645751953,
        167.42730712890625,
        189.07976786295572,
        80.81006622314453,
        150.87522888183594,
        90.16292317708333,
        125.88130442301433,
        94.17671966552734,
        140.58958180745444
      ],
      "average_accuracy": [
        28.282828282828284,
        40.4040404040404,
        33.333333333333336,
        34.343434343434346,
        25.589225589225588,
        25.252525252525253,
        22.55892255892256,
        24.579124579124578,
        23.232323232323232,
        25.589225589225588
      ]
    },
    "average_loss_intra_epoch": [
      139.51254272460938
    ],
    "average_accuracy_intra_epoch": [
      22.493681550126368
    ],
    "runtime": 4.423983097076416
  }
}