{
  "hyperparameters": {
    "architecture": "classification",
    "batch_size": 100,
    "clipping_threshold": 0.0,
    "dataset_name": "primary-tumor_classification",
    "epochs": 10,
    "initialization_scale": "\\sqrt{\frac{6}{n+m}}",
    "inner_ISGD_iterations": 0,
    "intra_epoch": false,
    "lr": 50.0,
    "momentum": 0.0,
    "mu": 0.0,
    "nodes": 50,
    "seed": 1,
    "sgdtype": "explicit",
    "data_type": "classification"
  },
  "results": {
    "train": {
      "average_loss": [
        299.85231526692706,
        253.03809102376303,
        165.49431355794272,
        143.30850219726562,
        125.90550486246745,
        92.81719462076823,
        89.10646057128906,
        107.39398447672527,
        133.47450256347656,
        94.32372538248698
      ],
      "average_accuracy": [
        28.40909090909091,
        13.257575757575758,
        17.424242424242426,
        17.803030303030305,
        21.21212121212121,
        16.28787878787879,
        17.803030303030305,
        24.242424242424242,
        31.439393939393938,
        29.545454545454547
      ]
    },
    "test": {
      "average_loss": [
        389.8563232421875,
        283.5597839355469,
        164.4224853515625,
        167.88983154296875,
        114.80500793457031,
        109.4489974975586,
        103.90156555175781,
        139.0587921142578,
        162.402587890625,
        117.95785522460938
      ],
      "average_accuracy": [
        12.121212121212121,
        10.606060606060606,
        13.636363636363637,
        9.090909090909092,
        18.181818181818183,
        13.636363636363637,
        7.575757575757576,
        15.151515151515152,
        22.727272727272727,
        13.636363636363637
      ]
    },
    "average_loss_intra_epoch": [
      94.32372538248698
    ],
    "average_accuracy_intra_epoch": [
      29.545454545454547
    ],
    "runtime": 3.855691432952881
  }
}