{
  "hyperparameters": {
    "architecture": "classification",
    "batch_size": 100,
    "clipping_threshold": 0.0,
    "dataset_name": "steel-plates_classification",
    "epochs": 10,
    "initialization_scale": "\\sqrt{\frac{6}{n+m}}",
    "inner_ISGD_iterations": 0,
    "intra_epoch": false,
    "lr": 0.01,
    "momentum": 0.0,
    "mu": 0.0,
    "nodes": 50,
    "seed": 1,
    "sgdtype": "explicit",
    "data_type": "classification"
  },
  "results": {
    "train": {
      "average_loss": [
        1.9102098494768143,
        1.8943884298205376,
        1.879569724202156,
        1.8656652718782425,
        1.852596864104271,
        1.840294249355793,
        1.8286947160959244,
        1.8177400901913643,
        1.8073768615722656,
        1.7975548580288887
      ],
      "average_accuracy": [
        28.15721649484536,
        34.2139175257732,
        34.47164948453608,
        34.47164948453608,
        34.47164948453608,
        34.47164948453608,
        34.47164948453608,
        34.47164948453608,
        34.47164948453608,
        34.47164948453608
      ]
    },
    "test": {
      "average_loss": [
        1.909592479467392,
        1.8930520117282867,
        1.8775374591350555,
        1.862959861755371,
        1.8492390811443329,
        1.8363052606582642,
        1.824093371629715,
        1.8125458657741547,
        1.801608383655548,
        1.7912301421165466
      ],
      "average_accuracy": [
        30.848329048843187,
        34.70437017994858,
        35.47557840616967,
        35.47557840616967,
        35.47557840616967,
        35.47557840616967,
        35.47557840616967,
        35.47557840616967,
        35.47557840616967,
        35.47557840616967
      ]
    },
    "average_loss_intra_epoch": [
      1.7975548580288887
    ],
    "average_accuracy_intra_epoch": [
      34.47164948453608
    ],
    "runtime": 5.2564756870269775
  }
}