{
  "hyperparameters": {
    "architecture": "classification",
    "batch_size": 100,
    "clipping_threshold": 0.0,
    "dataset_name": "planning_classification",
    "epochs": 10,
    "initialization_scale": "\\sqrt{\frac{6}{n+m}}",
    "inner_ISGD_iterations": 0,
    "intra_epoch": false,
    "lr": 0.5,
    "momentum": 0.0,
    "mu": 0.0,
    "nodes": 50,
    "seed": 1,
    "sgdtype": "implicit",
    "data_type": "classification"
  },
  "results": {
    "train": {
      "average_loss": [
        0.5870735049247742,
        0.5810648202896118,
        0.5798042416572571,
        0.5795819163322449,
        0.5795646607875824,
        0.579570472240448,
        0.5795668363571167,
        0.579552948474884,
        0.5795327425003052,
        0.5795089900493622
      ],
      "average_accuracy": [
        71.72413793103448,
        71.72413793103448,
        71.72413793103448,
        71.72413793103448,
        71.72413793103448,
        71.72413793103448,
        71.72413793103448,
        71.72413793103448,
        71.72413793103448,
        71.72413793103448
      ]
    },
    "test": {
      "average_loss": [
        0.6096208691596985,
        0.6083536148071289,
        0.6094827651977539,
        0.6104958653450012,
        0.6111295819282532,
        0.6114862561225891,
        0.6116779446601868,
        0.6117782592773438,
        0.6118292808532715,
        0.6118544340133667
      ],
      "average_accuracy": [
        70.27027027027027,
        70.27027027027027,
        70.27027027027027,
        70.27027027027027,
        70.27027027027027,
        70.27027027027027,
        70.27027027027027,
        70.27027027027027,
        70.27027027027027,
        70.27027027027027
      ]
    },
    "average_loss_intra_epoch": [
      0.5795089900493622
    ],
    "average_accuracy_intra_epoch": [
      71.72413793103448
    ],
    "runtime": 5.91527533531189
  }
}