{
  "hyperparameters": {
    "architecture": "classification",
    "batch_size": 100,
    "clipping_threshold": 0.0,
    "dataset_name": "pittsburg-bridges-TYPE_classification",
    "epochs": 10,
    "initialization_scale": "\\sqrt{\frac{6}{n+m}}",
    "inner_ISGD_iterations": 0,
    "intra_epoch": false,
    "lr": 0.5,
    "momentum": 0.0,
    "mu": 0.0,
    "nodes": 50,
    "seed": 1,
    "sgdtype": "explicit",
    "data_type": "classification"
  },
  "results": {
    "train": {
      "average_loss": [
        1.8848081827163696,
        1.7956699132919312,
        1.7269883155822754,
        1.6761586666107178,
        1.6409772634506226,
        1.618468165397644,
        1.6050658226013184,
        1.5974453687667847,
        1.5931330919265747,
        1.5905861854553223
      ],
      "average_accuracy": [
        10.714285714285714,
        9.523809523809524,
        42.857142857142854,
        42.857142857142854,
        42.857142857142854,
        42.857142857142854,
        42.857142857142854,
        42.857142857142854,
        42.857142857142854,
        42.857142857142854
      ]
    },
    "test": {
      "average_loss": [
        1.850281834602356,
        1.7808854579925537,
        1.7308343648910522,
        1.6975202560424805,
        1.6784734725952148,
        1.6704248189926147,
        1.669650673866272,
        1.6728606224060059,
        1.6777632236480713,
        1.6830627918243408
      ],
      "average_accuracy": [
        9.523809523809524,
        9.523809523809524,
        38.095238095238095,
        38.095238095238095,
        38.095238095238095,
        38.095238095238095,
        38.095238095238095,
        38.095238095238095,
        38.095238095238095,
        38.095238095238095
      ]
    },
    "average_loss_intra_epoch": [
      1.5905861854553223
    ],
    "average_accuracy_intra_epoch": [
      42.857142857142854
    ],
    "runtime": 3.3098297119140625
  }
}