{
  "hyperparameters": {
    "architecture": "classification",
    "batch_size": 100,
    "clipping_threshold": 0.0,
    "dataset_name": "yeast_classification",
    "epochs": 10,
    "initialization_scale": "\\sqrt{\frac{6}{n+m}}",
    "inner_ISGD_iterations": 0,
    "intra_epoch": false,
    "lr": 0.1,
    "momentum": 0.0,
    "mu": 0.0,
    "nodes": 50,
    "seed": 1,
    "sgdtype": "explicit",
    "data_type": "classification"
  },
  "results": {
    "train": {
      "average_loss": [
        2.0674253900845847,
        1.910311092933019,
        1.8262771368026733,
        1.784518043200175,
        1.762450784444809,
        1.7493799527486165,
        1.74086860815684,
        1.7349333961804707,
        1.7305291692415874,
        1.7270121773084004
      ],
      "average_accuracy": [
        28.98062342038753,
        31.592249368155013,
        31.592249368155013,
        31.592249368155013,
        31.592249368155013,
        31.592249368155013,
        31.592249368155013,
        31.592249368155013,
        31.592249368155013,
        31.592249368155013
      ]
    },
    "test": {
      "average_loss": [
        2.0783427556355796,
        1.9305748144785564,
        1.85329008102417,
        1.8156631787618,
        1.7958766619364421,
        1.7840104897816975,
        1.7761250734329224,
        1.7705059051513672,
        1.7662452856699626,
        1.7627644936243694
      ],
      "average_accuracy": [
        28.956228956228955,
        29.62962962962963,
        29.62962962962963,
        29.62962962962963,
        29.62962962962963,
        29.62962962962963,
        29.62962962962963,
        29.62962962962963,
        29.62962962962963,
        29.62962962962963
      ]
    },
    "average_loss_intra_epoch": [
      1.7270121773084004
    ],
    "average_accuracy_intra_epoch": [
      31.592249368155013
    ],
    "runtime": 4.379981279373169
  }
}