{
  "hyperparameters": {
    "architecture": "classification",
    "batch_size": 100,
    "clipping_threshold": 0.0,
    "dataset_name": "dermatology_classification",
    "epochs": 10,
    "initialization_scale": "\\sqrt{\frac{6}{n+m}}",
    "inner_ISGD_iterations": 0,
    "intra_epoch": false,
    "lr": 5.0,
    "momentum": 0.0,
    "mu": 0.0,
    "nodes": 50,
    "seed": 1,
    "sgdtype": "explicit",
    "data_type": "classification"
  },
  "results": {
    "train": {
      "average_loss": [
        1.9774263699849446,
        58.17924118041992,
        14.352801640828451,
        7.595123291015625,
        18.80808734893799,
        10.691965738932291,
        0.992629865805308,
        0.9480109562476476,
        0.9955803553263346,
        1.4279257158438365
      ],
      "average_accuracy": [
        46.57534246575342,
        31.506849315068493,
        23.63013698630137,
        68.15068493150685,
        67.8082191780822,
        76.36986301369863,
        90.41095890410959,
        93.4931506849315,
        92.8082191780822,
        91.0958904109589
      ]
    },
    "test": {
      "average_loss": [
        1.8986700773239136,
        49.151123046875,
        13.896944999694824,
        6.230850696563721,
        18.050636291503906,
        7.901836395263672,
        1.0712286233901978,
        0.86838698387146,
        0.7431987524032593,
        0.7991933822631836
      ],
      "average_accuracy": [
        48.648648648648646,
        36.486486486486484,
        21.62162162162162,
        72.97297297297297,
        74.32432432432432,
        82.43243243243244,
        86.48648648648648,
        93.24324324324324,
        94.5945945945946,
        93.24324324324324
      ]
    },
    "average_loss_intra_epoch": [
      1.4279257158438365
    ],
    "average_accuracy_intra_epoch": [
      91.0958904109589
    ],
    "runtime": 4.110998153686523
  }
}