{
  "hyperparameters": {
    "architecture": "classification",
    "batch_size": 100,
    "clipping_threshold": 0.0,
    "dataset_name": "vertebral-column-2clases_classification",
    "epochs": 10,
    "initialization_scale": "\\sqrt{\frac{6}{n+m}}",
    "inner_ISGD_iterations": 0,
    "intra_epoch": false,
    "lr": 0.001,
    "momentum": 0.0,
    "mu": 0.0,
    "nodes": 50,
    "seed": 1,
    "sgdtype": "explicit",
    "data_type": "classification"
  },
  "results": {
    "train": {
      "average_loss": [
        0.6774219473203024,
        0.6771986484527588,
        0.6769764224688212,
        0.6767551104227701,
        0.6765349308649699,
        0.6763156453768412,
        0.6760973532994589,
        0.6758800943692526,
        0.6756636301676432,
        0.6754483183224996
      ],
      "average_accuracy": [
        67.74193548387096,
        67.74193548387096,
        67.74193548387096,
        67.74193548387096,
        67.74193548387096,
        67.74193548387096,
        67.74193548387096,
        67.74193548387096,
        67.74193548387096,
        67.74193548387096
      ]
    },
    "test": {
      "average_loss": [
        0.6776552796363831,
        0.6774343848228455,
        0.6772145628929138,
        0.6769958734512329,
        0.6767778992652893,
        0.6765609383583069,
        0.67634516954422,
        0.6761301755905151,
        0.6759162545204163,
        0.6757031679153442
      ],
      "average_accuracy": [
        67.74193548387096,
        67.74193548387096,
        67.74193548387096,
        67.74193548387096,
        67.74193548387096,
        67.74193548387096,
        67.74193548387096,
        67.74193548387096,
        67.74193548387096,
        67.74193548387096
      ]
    },
    "average_loss_intra_epoch": [
      0.6754483183224996
    ],
    "average_accuracy_intra_epoch": [
      67.74193548387096
    ],
    "runtime": 3.551938772201538
  }
}