{
  "hyperparameters": {
    "architecture": "classification",
    "batch_size": 100,
    "clipping_threshold": 0.0,
    "dataset_name": "lung-cancer_classification",
    "epochs": 10,
    "initialization_scale": "\\sqrt{\frac{6}{n+m}}",
    "inner_ISGD_iterations": 0,
    "intra_epoch": false,
    "lr": 30.0,
    "momentum": 0.0,
    "mu": 0.0,
    "nodes": 50,
    "seed": 1,
    "sgdtype": "implicit",
    "data_type": "classification"
  },
  "results": {
    "train": {
      "average_loss": [
        2.2301218509674072,
        29.432523727416992,
        309.1760559082031,
        288.0956115722656,
        962.5834350585938,
        263.5227966308594,
        728.3424072265625,
        540.4707641601562,
        405.0648498535156,
        543.0335083007812
      ],
      "average_accuracy": [
        40.0,
        64.0,
        16.0,
        24.0,
        44.0,
        44.0,
        36.0,
        36.0,
        36.0,
        36.0
      ]
    },
    "test": {
      "average_loss": [
        2.3124730587005615,
        32.47158432006836,
        287.43048095703125,
        332.65264892578125,
        612.5468139648438,
        445.56353759765625,
        899.853515625,
        508.6926574707031,
        635.2977294921875,
        422.55828857421875
      ],
      "average_accuracy": [
        42.857142857142854,
        57.142857142857146,
        28.571428571428573,
        14.285714285714286,
        57.142857142857146,
        42.857142857142854,
        28.571428571428573,
        42.857142857142854,
        42.857142857142854,
        42.857142857142854
      ]
    },
    "average_loss_intra_epoch": [
      543.0335083007812
    ],
    "average_accuracy_intra_epoch": [
      36.0
    ],
    "runtime": 5.073333978652954
  }
}