{
  "hyperparameters": {
    "architecture": "classification",
    "batch_size": 100,
    "clipping_threshold": 0.0,
    "dataset_name": "oocytes-trisopterus-nucleus-2f_classification",
    "epochs": 10,
    "initialization_scale": "\\sqrt{\frac{6}{n+m}}",
    "inner_ISGD_iterations": 0,
    "intra_epoch": false,
    "lr": 50.0,
    "momentum": 0.0,
    "mu": 0.0,
    "nodes": 50,
    "seed": 1,
    "sgdtype": "explicit",
    "data_type": "classification"
  },
  "results": {
    "train": {
      "average_loss": [
        1195.9705276489258,
        44.00754773616791,
        59.54190182685852,
        1112.519645690918,
        675.0837097167969,
        813.4243621826172,
        643.471019744873,
        422.579776763916,
        777.5011367797852,
        854.104377746582
      ],
      "average_accuracy": [
        43.62139917695473,
        55.1440329218107,
        56.37860082304527,
        56.65294924554184,
        56.65294924554184,
        48.28532235939643,
        43.34705075445816,
        43.34705075445816,
        43.34705075445816,
        43.34705075445816
      ]
    },
    "test": {
      "average_loss": [
        1184.1045532226562,
        45.18955039978027,
        66.1427993774414,
        1143.3665771484375,
        701.6089172363281,
        803.8525085449219,
        578.9884033203125,
        401.0782470703125,
        769.1553344726562,
        833.5024108886719
      ],
      "average_accuracy": [
        45.90163934426229,
        56.830601092896174,
        55.73770491803279,
        55.19125683060109,
        54.6448087431694,
        49.18032786885246,
        48.08743169398907,
        46.44808743169399,
        46.994535519125684,
        46.44808743169399
      ]
    },
    "average_loss_intra_epoch": [
      854.104377746582
    ],
    "average_accuracy_intra_epoch": [
      43.34705075445816
    ],
    "runtime": 4.102130174636841
  }
}