{
  "hyperparameters": {
    "architecture": "classification",
    "batch_size": 100,
    "clipping_threshold": 0.0,
    "dataset_name": "connect-4_classification",
    "epochs": 10,
    "initialization_scale": "\\sqrt{\frac{6}{n+m}}",
    "inner_ISGD_iterations": 0,
    "intra_epoch": false,
    "lr": 0.001,
    "momentum": 0.0,
    "mu": 0.0,
    "nodes": 50,
    "seed": 1,
    "sgdtype": "explicit",
    "data_type": "classification"
  },
  "results": {
    "train": {
      "average_loss": [
        0.5973205275544398,
        0.5758738924306774,
        0.5661117309453086,
        0.5615922239042694,
        0.5594474496440394,
        0.5583832395605591,
        0.5578119086580223,
        0.5574655932771961,
        0.5572217682483236,
        0.5570240852021907
      ],
      "average_accuracy": [
        75.36127301322972,
        75.36127301322972,
        75.36127301322972,
        75.36127301322972,
        75.36127301322972,
        75.36127301322972,
        75.36127301322972,
        75.36127301322972,
        75.36127301322972,
        75.36127301322972
      ]
    },
    "test": {
      "average_loss": [
        0.5961751760367084,
        0.5742548577049199,
        0.5641709268093109,
        0.5594334740410832,
        0.5571420085342491,
        0.5559799544074956,
        0.5553441488129252,
        0.5549561116187012,
        0.5546860793495879,
        0.554472732850734
      ],
      "average_accuracy": [
        75.43664890467733,
        75.43664890467733,
        75.43664890467733,
        75.43664890467733,
        75.43664890467733,
        75.43664890467733,
        75.43664890467733,
        75.43664890467733,
        75.43664890467733,
        75.43664890467733
      ]
    },
    "average_loss_intra_epoch": [
      0.5570240852021907
    ],
    "average_accuracy_intra_epoch": [
      75.36127301322972
    ],
    "runtime": 61.29921007156372
  }
}