{
  "hyperparameters": {
    "architecture": "classification",
    "batch_size": 100,
    "clipping_threshold": 0.0,
    "dataset_name": "pima_classification",
    "epochs": 10,
    "initialization_scale": "\\sqrt{\frac{6}{n+m}}",
    "inner_ISGD_iterations": 0,
    "intra_epoch": false,
    "lr": 0.5,
    "momentum": 0.0,
    "mu": 0.0,
    "nodes": 50,
    "seed": 1,
    "sgdtype": "implicit",
    "data_type": "classification"
  },
  "results": {
    "train": {
      "average_loss": [
        0.6578088658196586,
        0.6577316437448774,
        0.6575863701956612,
        0.6573749610355922,
        0.6570524147578648,
        0.6565231425421578,
        0.6555742962019784,
        0.6536600078855243,
        0.6491030710084098,
        0.6355870621544975
      ],
      "average_accuracy": [
        65.30944625407166,
        65.30944625407166,
        65.30944625407166,
        65.30944625407166,
        65.30944625407166,
        65.30944625407166,
        65.30944625407166,
        65.30944625407166,
        65.30944625407166,
        65.30944625407166
      ]
    },
    "test": {
      "average_loss": [
        0.6533800363540649,
        0.6532852351665497,
        0.6531035304069519,
        0.6528436243534088,
        0.6524533033370972,
        0.6518233716487885,
        0.6507101953029633,
        0.6484945714473724,
        0.6432927846908569,
        0.6280772984027863
      ],
      "average_accuracy": [
        64.28571428571429,
        64.28571428571429,
        64.28571428571429,
        64.28571428571429,
        64.28571428571429,
        64.28571428571429,
        64.28571428571429,
        64.28571428571429,
        64.28571428571429,
        64.28571428571429
      ]
    },
    "average_loss_intra_epoch": [
      0.6355870621544975
    ],
    "average_accuracy_intra_epoch": [
      65.30944625407166
    ],
    "runtime": 12.175760746002197
  }
}