{
  "hyperparameters": {
    "architecture": "classification",
    "batch_size": 100,
    "clipping_threshold": 0.0,
    "dataset_name": "thyroid_classification",
    "epochs": 10,
    "initialization_scale": "\\sqrt{\frac{6}{n+m}}",
    "inner_ISGD_iterations": 0,
    "intra_epoch": false,
    "lr": 3.0,
    "momentum": 0.0,
    "mu": 0.0,
    "nodes": 50,
    "seed": 1,
    "sgdtype": "implicit",
    "data_type": "classification"
  },
  "results": {
    "train": {
      "average_loss": [
        0.16216657047384772,
        0.14791520415195103,
        0.17522904007085438,
        0.15347677745438856,
        0.10104939354390934,
        0.09059494155748136,
        0.09338468194393248,
        0.10519923208731002,
        0.10064315301334036,
        0.0940243165361984
      ],
      "average_accuracy": [
        94.39236111111111,
        94.61805555555556,
        94.16666666666667,
        94.39236111111111,
        96.02430555555556,
        96.5625,
        96.66666666666667,
        96.44097222222223,
        96.26736111111111,
        97.10069444444444
      ]
    },
    "test": {
      "average_loss": [
        0.17238854095339776,
        0.15166053374608357,
        0.1849050705631574,
        0.16427343835433325,
        0.1087323360145092,
        0.10206988553206126,
        0.09890865174432596,
        0.12136686642964681,
        0.11998996660113334,
        0.10566787670056026
      ],
      "average_accuracy": [
        93.47222222222223,
        93.75,
        93.40277777777777,
        93.47222222222223,
        95.41666666666667,
        95.76388888888889,
        96.31944444444444,
        95.76388888888889,
        95.69444444444444,
        96.18055555555556
      ]
    },
    "average_loss_intra_epoch": [
      0.0940243165361984
    ],
    "average_accuracy_intra_epoch": [
      97.10069444444444
    ],
    "runtime": 173.11959099769592
  }
}