{
  "hyperparameters": {
    "architecture": "classification",
    "batch_size": 100,
    "clipping_threshold": 0.0,
    "dataset_name": "heart-va_classification",
    "epochs": 10,
    "initialization_scale": "\\sqrt{\frac{6}{n+m}}",
    "inner_ISGD_iterations": 0,
    "intra_epoch": false,
    "lr": 3.0,
    "momentum": 0.0,
    "mu": 0.0,
    "nodes": 50,
    "seed": 1,
    "sgdtype": "explicit",
    "data_type": "classification"
  },
  "results": {
    "train": {
      "average_loss": [
        1.6062335968017578,
        1.5237928628921509,
        1.5265540480613708,
        1.5180259346961975,
        1.5104417204856873,
        1.4877566695213318,
        1.4269710183143616,
        1.4031828045845032,
        1.4086923003196716,
        1.3852508664131165
      ],
      "average_accuracy": [
        25.625,
        25.625,
        25.625,
        25.625,
        25.625,
        25.625,
        36.875,
        37.5,
        31.875,
        39.375
      ]
    },
    "test": {
      "average_loss": [
        1.665797472000122,
        1.5802295207977295,
        1.6010215282440186,
        1.590137004852295,
        1.5886131525039673,
        1.5798819065093994,
        1.5854852199554443,
        1.5998172760009766,
        1.5427201986312866,
        1.5707390308380127
      ],
      "average_accuracy": [
        25.0,
        25.0,
        25.0,
        25.0,
        25.0,
        25.0,
        20.0,
        20.0,
        40.0,
        20.0
      ]
    },
    "average_loss_intra_epoch": [
      1.3852508664131165
    ],
    "average_accuracy_intra_epoch": [
      39.375
    ],
    "runtime": 3.8573405742645264
  }
}