{
  "hyperparameters": {
    "architecture": "music",
    "batch_size": 100,
    "clipping_threshold": 0.1,
    "dataset_name": "Piano-midi.de",
    "epochs": 5,
    "initialization_scale": "\\sqrt{\frac{6}{n+m}}",
    "inner_ISGD_iterations": 0,
    "intra_epoch": false,
    "lr": 200.0,
    "momentum": 0.0,
    "mu": 0.0,
    "nodes": 300,
    "seed": 2,
    "sgdtype": "implicit",
    "data_type": "sequential_many"
  },
  "results": {
    "train": {
      "average_loss": [
        0.0011600674247190532,
        0.001034990490374728,
        0.0009305337326863417,
        0.0008423975235635372,
        0.0007739094316480339
      ],
      "average_accuracy": [
        0,
        0,
        0,
        0,
        0
      ]
    },
    "test": {
      "average_loss": [
        0.0014131425283267162,
        0.0016583802481181919,
        0.0014864992263028398,
        0.0013684399251360445,
        0.0012627225965843535
      ],
      "average_accuracy": [
        0,
        0,
        0,
        0,
        0
      ]
    },
    "average_loss_intra_epoch": [
      0.0007739094316480339
    ],
    "average_accuracy_intra_epoch": [
      0
    ],
    "runtime": 2938.091991662979
  }
}