{
  "hyperparameters": {
    "architecture": "classification",
    "batch_size": 100,
    "clipping_threshold": 0.0,
    "dataset_name": "molec-biol-splice_classification",
    "epochs": 10,
    "initialization_scale": "\\sqrt{\frac{6}{n+m}}",
    "inner_ISGD_iterations": 0,
    "intra_epoch": false,
    "lr": 0.01,
    "momentum": 0.0,
    "mu": 0.0,
    "nodes": 50,
    "seed": 1,
    "sgdtype": "implicit",
    "data_type": "classification"
  },
  "results": {
    "train": {
      "average_loss": [
        1.051763612490434,
        1.040070199049436,
        1.0303693688832796,
        1.0220765677782206,
        1.014730767561839,
        1.0079605418902178,
        1.0014591033642108,
        0.9949645812694843,
        0.988244694012862,
        0.9810836429779346
      ],
      "average_accuracy": [
        52.07680250783699,
        52.03761755485893,
        52.03761755485893,
        52.03761755485893,
        52.03761755485893,
        52.03761755485893,
        52.03761755485893,
        52.03761755485893,
        52.03761755485893,
        52.03761755485893
      ]
    },
    "test": {
      "average_loss": [
        1.052071111542838,
        1.0407973527908325,
        1.0315119879586356,
        1.0236409136227198,
        1.0167318071637834,
        1.0104222978864397,
        1.0044147712843758,
        0.998457533972604,
        0.9923293420246669,
        0.9858275055885315
      ],
      "average_accuracy": [
        51.2539184952978,
        51.2539184952978,
        51.2539184952978,
        51.2539184952978,
        51.2539184952978,
        51.2539184952978,
        51.2539184952978,
        51.2539184952978,
        51.2539184952978,
        51.2539184952978
      ]
    },
    "average_loss_intra_epoch": [
      0.9810836429779346
    ],
    "average_accuracy_intra_epoch": [
      52.03761755485893
    ],
    "runtime": 212.16170954704285
  }
}