{
  "hyperparameters": {
    "architecture": "classification",
    "batch_size": 100,
    "clipping_threshold": 0.0,
    "dataset_name": "spect_classification",
    "epochs": 10,
    "initialization_scale": "\\sqrt{\frac{6}{n+m}}",
    "inner_ISGD_iterations": 0,
    "intra_epoch": false,
    "lr": 30.0,
    "momentum": 0.0,
    "mu": 0.0,
    "nodes": 50,
    "seed": 1,
    "sgdtype": "implicit",
    "data_type": "classification"
  },
  "results": {
    "train": {
      "average_loss": [
        131.50917053222656,
        294.11119079589844,
        349.7325744628906,
        546.8672892252604,
        151.60106913248697,
        375.06299845377606,
        182.00457763671875,
        75.5526835123698,
        106.58989969889323,
        21.859155019124348
      ],
      "average_accuracy": [
        58.0188679245283,
        66.98113207547169,
        67.9245283018868,
        65.56603773584905,
        58.0188679245283,
        32.54716981132076,
        29.245283018867923,
        66.50943396226415,
        63.679245283018865,
        66.50943396226415
      ]
    },
    "test": {
      "average_loss": [
        168.64646911621094,
        271.692626953125,
        346.6369323730469,
        489.77313232421875,
        175.08364868164062,
        332.7198486328125,
        156.64932250976562,
        63.883174896240234,
        99.31095123291016,
        19.64696502685547
      ],
      "average_accuracy": [
        43.39622641509434,
        66.0377358490566,
        60.37735849056604,
        66.0377358490566,
        47.16981132075472,
        41.509433962264154,
        37.735849056603776,
        67.9245283018868,
        64.15094339622641,
        67.9245283018868
      ]
    },
    "average_loss_intra_epoch": [
      21.859155019124348
    ],
    "average_accuracy_intra_epoch": [
      66.50943396226415
    ],
    "runtime": 10.229813575744629
  }
}