{
  "hyperparameters": {
    "architecture": "music",
    "batch_size": 100,
    "clipping_threshold": 0.0,
    "dataset_name": "JSB Chorales",
    "epochs": 5,
    "initialization_scale": "\\sqrt{\frac{6}{n+m}}",
    "inner_ISGD_iterations": 0,
    "intra_epoch": false,
    "lr": 1.0,
    "momentum": 0.0,
    "mu": 0.0,
    "nodes": 300,
    "seed": 1,
    "sgdtype": "implicit",
    "data_type": "sequential_many"
  },
  "results": {
    "train": {
      "average_loss": [
        0.0037868410185199052,
        0.003041818440590851,
        0.0027205383147857268,
        0.0025240927840599293,
        0.002385288693761152
      ],
      "average_accuracy": [
        0,
        0,
        0,
        0,
        0
      ]
    },
    "test": {
      "average_loss": [
        0.00371522630879341,
        0.0029688332828560044,
        0.002651712986453158,
        0.0024599526379886385,
        0.0023256071741910435
      ],
      "average_accuracy": [
        0,
        0,
        0,
        0,
        0
      ]
    },
    "average_loss_intra_epoch": [
      0.002385288693761152
    ],
    "average_accuracy_intra_epoch": [
      0
    ],
    "runtime": 538.1371564865112
  }
}