{
  "hyperparameters": {
    "architecture": "classification",
    "batch_size": 100,
    "clipping_threshold": 0.0,
    "dataset_name": "congressional-voting_classification",
    "epochs": 10,
    "initialization_scale": "\\sqrt{\frac{6}{n+m}}",
    "inner_ISGD_iterations": 0,
    "intra_epoch": false,
    "lr": 0.01,
    "momentum": 0.0,
    "mu": 0.0,
    "nodes": 50,
    "seed": 1,
    "sgdtype": "explicit",
    "data_type": "classification"
  },
  "results": {
    "train": {
      "average_loss": [
        0.7102636992931366,
        0.7080102413892746,
        0.7058806270360947,
        0.703869566321373,
        0.7019696980714798,
        0.7001749724149704,
        0.698480099439621,
        0.6968798190355301,
        0.695368155837059,
        0.6939407736063004
      ],
      "average_accuracy": [
        39.367816091954026,
        39.367816091954026,
        39.367816091954026,
        39.367816091954026,
        39.367816091954026,
        39.367816091954026,
        39.367816091954026,
        39.08045977011494,
        39.6551724137931,
        43.67816091954023
      ]
    },
    "test": {
      "average_loss": [
        0.7146553993225098,
        0.7118021845817566,
        0.7090893387794495,
        0.7065116167068481,
        0.7040603756904602,
        0.7017298936843872,
        0.6995140314102173,
        0.6974075436592102,
        0.6954037547111511,
        0.6934976577758789
      ],
      "average_accuracy": [
        35.632183908045974,
        35.632183908045974,
        35.632183908045974,
        35.632183908045974,
        35.632183908045974,
        35.632183908045974,
        35.632183908045974,
        35.632183908045974,
        36.7816091954023,
        42.52873563218391
      ]
    },
    "average_loss_intra_epoch": [
      0.6939407736063004
    ],
    "average_accuracy_intra_epoch": [
      43.67816091954023
    ],
    "runtime": 3.561927080154419
  }
}