{
  "hyperparameters": {
    "architecture": "classification",
    "batch_size": 100,
    "clipping_threshold": 0.0,
    "dataset_name": "molec-biol-splice_classification",
    "epochs": 10,
    "initialization_scale": "\\sqrt{\frac{6}{n+m}}",
    "inner_ISGD_iterations": 0,
    "intra_epoch": false,
    "lr": 0.001,
    "momentum": 0.0,
    "mu": 0.0,
    "nodes": 50,
    "seed": 1,
    "sgdtype": "explicit",
    "data_type": "classification"
  },
  "results": {
    "train": {
      "average_loss": [
        1.0646116137504578,
        1.0630554923644433,
        1.0615340287868793,
        1.0600464298174932,
        1.0585914850234985,
        1.057168268240415,
        1.0557757799441998,
        1.0544131719149077,
        1.0530794996481676,
        1.0517738599043627
      ],
      "average_accuracy": [
        51.293103448275865,
        51.489028213166144,
        51.64576802507837,
        51.841692789968654,
        51.959247648902824,
        51.92006269592476,
        51.99843260188088,
        52.03761755485893,
        52.03761755485893,
        52.03761755485893
      ]
    },
    "test": {
      "average_loss": [
        1.0645286355699812,
        1.0630168744495936,
        1.061539547783988,
        1.0600958381380354,
        1.0586844852992467,
        1.057304518563407,
        1.055955478123256,
        1.054635695048741,
        1.0533449479511805,
        1.052081857408796
      ],
      "average_accuracy": [
        50.470219435736674,
        51.09717868338558,
        51.09717868338558,
        51.09717868338558,
        51.09717868338558,
        51.09717868338558,
        51.2539184952978,
        51.2539184952978,
        51.2539184952978,
        51.2539184952978
      ]
    },
    "average_loss_intra_epoch": [
      1.0517738599043627
    ],
    "average_accuracy_intra_epoch": [
      52.03761755485893
    ],
    "runtime": 6.898885250091553
  }
}