{
  "hyperparameters": {
    "architecture": "music",
    "batch_size": 100,
    "clipping_threshold": 1.0,
    "dataset_name": "JSB Chorales",
    "epochs": 5,
    "initialization_scale": "\\sqrt{\frac{6}{n+m}}",
    "inner_ISGD_iterations": 0,
    "intra_epoch": false,
    "lr": 50.0,
    "momentum": 0.0,
    "mu": 0.0,
    "nodes": 300,
    "seed": 4,
    "sgdtype": "explicit",
    "data_type": "sequential_many"
  },
  "results": {
    "train": {
      "average_loss": [
        0.0017663283455571948,
        0.0013850490130762688,
        0.0011385085992006723,
        0.001038270263183317,
        0.0009455781312573977
      ],
      "average_accuracy": [
        0,
        0,
        0,
        0,
        0
      ]
    },
    "test": {
      "average_loss": [
        0.0017487288516184146,
        0.0014111972909100208,
        0.001167404084381732,
        0.001084925294264111,
        0.0010033349794571517
      ],
      "average_accuracy": [
        0,
        0,
        0,
        0,
        0
      ]
    },
    "average_loss_intra_epoch": [
      0.0009455781312573977
    ],
    "average_accuracy_intra_epoch": [
      0
    ],
    "runtime": 111.08501863479614
  }
}