{
  "hyperparameters": {
    "architecture": "classification",
    "batch_size": 100,
    "clipping_threshold": 0.0,
    "dataset_name": "heart-hungarian_classification",
    "epochs": 10,
    "initialization_scale": "\\sqrt{\frac{6}{n+m}}",
    "inner_ISGD_iterations": 0,
    "intra_epoch": false,
    "lr": 10.0,
    "momentum": 0.0,
    "mu": 0.0,
    "nodes": 50,
    "seed": 1,
    "sgdtype": "explicit",
    "data_type": "classification"
  },
  "results": {
    "train": {
      "average_loss": [
        11.595539093017578,
        14.251953125,
        16.49936294555664,
        40.22636795043945,
        38.932236989339195,
        39.91308339436849,
        39.40896224975586,
        39.57074228922526,
        39.998226165771484,
        39.18639628092448
      ],
      "average_accuracy": [
        64.25531914893617,
        16.170212765957448,
        16.595744680851062,
        83.40425531914893,
        16.595744680851062,
        83.40425531914893,
        16.595744680851062,
        83.40425531914893,
        16.595744680851062,
        83.40425531914893
      ]
    },
    "test": {
      "average_loss": [
        11.605040550231934,
        13.960105895996094,
        15.126534461975098,
        47.91056823730469,
        38.02039337158203,
        47.16712951660156,
        38.77430725097656,
        46.384361267089844,
        39.64128875732422,
        45.54483413696289
      ],
      "average_accuracy": [
        62.71186440677966,
        20.338983050847457,
        20.338983050847457,
        79.66101694915254,
        20.338983050847457,
        79.66101694915254,
        20.338983050847457,
        79.66101694915254,
        20.338983050847457,
        79.66101694915254
      ]
    },
    "average_loss_intra_epoch": [
      39.18639628092448
    ],
    "average_accuracy_intra_epoch": [
      83.40425531914893
    ],
    "runtime": 0.8038017749786377
  }
}