{
  "hyperparameters": {
    "architecture": "classification",
    "batch_size": 100,
    "clipping_threshold": 0.0,
    "dataset_name": "cardiotocography-3clases_classification",
    "epochs": 10,
    "initialization_scale": "\\sqrt{\frac{6}{n+m}}",
    "inner_ISGD_iterations": 0,
    "intra_epoch": false,
    "lr": 0.1,
    "momentum": 0.0,
    "mu": 0.0,
    "nodes": 50,
    "seed": 1,
    "sgdtype": "implicit",
    "data_type": "classification"
  },
  "results": {
    "train": {
      "average_loss": [
        0.7350446266286513,
        0.668147045023301,
        0.6477800993358388,
        0.6139104226056267,
        0.5363816233242259,
        0.4234701009357677,
        0.3650189813445596,
        0.33570347288075614,
        0.3149823923321331,
        0.2984243964447695
      ],
      "average_accuracy": [
        78.17647058823529,
        78.17647058823529,
        78.17647058823529,
        78.17647058823529,
        78.17647058823529,
        81.47058823529412,
        86.6470588235294,
        87.23529411764706,
        87.52941176470588,
        87.70588235294117
      ]
    },
    "test": {
      "average_loss": [
        0.7443389892578125,
        0.680431854724884,
        0.659218692779541,
        0.6221698641777038,
        0.5414137601852417,
        0.4283562660217285,
        0.36525397300720214,
        0.33538441061973573,
        0.3161342293024063,
        0.3013468384742737
      ],
      "average_accuracy": [
        76.52582159624413,
        76.52582159624413,
        76.52582159624413,
        76.52582159624413,
        76.52582159624413,
        80.28169014084507,
        85.91549295774648,
        86.3849765258216,
        86.3849765258216,
        86.3849765258216
      ]
    },
    "average_loss_intra_epoch": [
      0.2984243964447695
    ],
    "average_accuracy_intra_epoch": [
      87.70588235294117
    ],
    "runtime": 53.982892990112305
  }
}