{
  "hyperparameters": {
    "architecture": "classification",
    "batch_size": 100,
    "clipping_threshold": 0.0,
    "dataset_name": "oocytes-trisopterus-nucleus-2f_classification",
    "epochs": 10,
    "initialization_scale": "\\sqrt{\frac{6}{n+m}}",
    "inner_ISGD_iterations": 0,
    "intra_epoch": false,
    "lr": 5.0,
    "momentum": 0.0,
    "mu": 0.0,
    "nodes": 50,
    "seed": 1,
    "sgdtype": "explicit",
    "data_type": "classification"
  },
  "results": {
    "train": {
      "average_loss": [
        70.92280340194702,
        19.282942414283752,
        23.035078525543213,
        55.11505460739136,
        23.351088285446167,
        10.693616926670074,
        29.798643589019775,
        42.64223623275757,
        29.14291024208069,
        24.44247007369995
      ],
      "average_accuracy": [
        48.148148148148145,
        52.94924554183813,
        50.480109739369,
        47.325102880658434,
        55.281207133058984,
        57.8875171467764,
        51.57750342935528,
        56.104252400548695,
        55.96707818930041,
        53.63511659807956
      ]
    },
    "test": {
      "average_loss": [
        78.61421966552734,
        17.835018157958984,
        20.225132942199707,
        60.50141716003418,
        24.823729515075684,
        11.165022373199463,
        35.105573654174805,
        45.392642974853516,
        29.159613609313965,
        26.606654167175293
      ],
      "average_accuracy": [
        43.71584699453552,
        53.005464480874316,
        53.55191256830601,
        47.540983606557376,
        53.005464480874316,
        57.377049180327866,
        48.08743169398907,
        52.459016393442624,
        55.19125683060109,
        50.81967213114754
      ]
    },
    "average_loss_intra_epoch": [
      24.44247007369995
    ],
    "average_accuracy_intra_epoch": [
      53.63511659807956
    ],
    "runtime": 3.948415994644165
  }
}