{
  "hyperparameters": {
    "architecture": "classification",
    "batch_size": 100,
    "clipping_threshold": 0.0,
    "dataset_name": "heart-cleveland_classification",
    "epochs": 10,
    "initialization_scale": "\\sqrt{\frac{6}{n+m}}",
    "inner_ISGD_iterations": 0,
    "intra_epoch": false,
    "lr": 5.0,
    "momentum": 0.0,
    "mu": 0.0,
    "nodes": 50,
    "seed": 1,
    "sgdtype": "implicit",
    "data_type": "classification"
  },
  "results": {
    "train": {
      "average_loss": [
        4.748289426167806,
        23.237651189168293,
        7.648935476938884,
        19.827521642049152,
        14.276230176289877,
        27.388690948486328,
        15.730294863382975,
        7.274810155232747,
        8.825068950653076,
        11.999019622802734
      ],
      "average_accuracy": [
        53.71900826446281,
        20.66115702479339,
        50.82644628099174,
        51.65289256198347,
        47.52066115702479,
        55.37190082644628,
        58.67768595041322,
        60.743801652892564,
        58.67768595041322,
        29.75206611570248
      ]
    },
    "test": {
      "average_loss": [
        4.651132583618164,
        22.819055557250977,
        8.714486122131348,
        22.15052032470703,
        14.525463104248047,
        24.246315002441406,
        17.520965576171875,
        6.484579086303711,
        9.09050178527832,
        9.758532524108887
      ],
      "average_accuracy": [
        55.73770491803279,
        22.950819672131146,
        47.540983606557376,
        49.18032786885246,
        44.26229508196721,
        54.09836065573771,
        57.377049180327866,
        65.57377049180327,
        60.65573770491803,
        37.704918032786885
      ]
    },
    "average_loss_intra_epoch": [
      11.999019622802734
    ],
    "average_accuracy_intra_epoch": [
      29.75206611570248
    ],
    "runtime": 1.8049988746643066
  }
}