{
  "hyperparameters": {
    "architecture": "classification",
    "batch_size": 100,
    "clipping_threshold": 0.0,
    "dataset_name": "lung-cancer_classification",
    "epochs": 10,
    "initialization_scale": "\\sqrt{\frac{6}{n+m}}",
    "inner_ISGD_iterations": 0,
    "intra_epoch": false,
    "lr": 0.5,
    "momentum": 0.0,
    "mu": 0.0,
    "nodes": 50,
    "seed": 1,
    "sgdtype": "implicit",
    "data_type": "classification"
  },
  "results": {
    "train": {
      "average_loss": [
        1.0763294696807861,
        1.0432500839233398,
        1.0022547245025635,
        0.9417049288749695,
        0.8473827838897705,
        0.7148042917251587,
        0.5748525857925415,
        0.4588209390640259,
        0.3570956289768219,
        0.26817405223846436
      ],
      "average_accuracy": [
        56.0,
        76.0,
        84.0,
        80.0,
        84.0,
        88.0,
        88.0,
        96.0,
        100.0,
        100.0
      ]
    },
    "test": {
      "average_loss": [
        1.0821170806884766,
        1.0593440532684326,
        1.0315123796463013,
        0.9911823868751526,
        0.9309364557266235,
        0.8545174598693848,
        0.7927882075309753,
        0.7708746194839478,
        0.7854710817337036,
        0.8348752856254578
      ],
      "average_accuracy": [
        42.857142857142854,
        71.42857142857143,
        57.142857142857146,
        57.142857142857146,
        57.142857142857146,
        57.142857142857146,
        71.42857142857143,
        57.142857142857146,
        57.142857142857146,
        57.142857142857146
      ]
    },
    "average_loss_intra_epoch": [
      0.26817405223846436
    ],
    "average_accuracy_intra_epoch": [
      100.0
    ],
    "runtime": 4.847056865692139
  }
}