{
  "hyperparameters": {
    "architecture": "classification",
    "batch_size": 100,
    "clipping_threshold": 0.0,
    "dataset_name": "bank_classification",
    "epochs": 10,
    "initialization_scale": "\\sqrt{\frac{6}{n+m}}",
    "inner_ISGD_iterations": 0,
    "intra_epoch": false,
    "lr": 0.5,
    "momentum": 0.0,
    "mu": 0.0,
    "nodes": 50,
    "seed": 1,
    "sgdtype": "implicit",
    "data_type": "classification"
  },
  "results": {
    "train": {
      "average_loss": [
        0.3048021161072963,
        0.2907441604781795,
        0.283003871908059,
        0.27899792951506536,
        0.2766812685373667,
        0.27517394560414393,
        0.27409370968470703,
        0.27325760794652476,
        0.2725723305264035,
        0.2719879621589506
      ],
      "average_accuracy": [
        88.79977876106194,
        87.0575221238938,
        87.47234513274336,
        87.77654867256638,
        87.83185840707965,
        87.74889380530973,
        87.72123893805309,
        87.72123893805309,
        87.69358407079646,
        87.72123893805309
      ]
    },
    "test": {
      "average_loss": [
        0.3355597198009491,
        0.32138089537620546,
        0.31226608753204343,
        0.30768384635448454,
        0.3050911396741867,
        0.30347664654254913,
        0.3024048715829849,
        0.3016671597957611,
        0.3011589705944061,
        0.30082775056362154
      ],
      "average_accuracy": [
        87.18232044198895,
        86.07734806629834,
        86.51933701657458,
        86.51933701657458,
        86.62983425414365,
        86.51933701657458,
        86.40883977900552,
        86.51933701657458,
        86.40883977900552,
        86.40883977900552
      ]
    },
    "average_loss_intra_epoch": [
      0.2719879621589506
    ],
    "average_accuracy_intra_epoch": [
      87.72123893805309
    ],
    "runtime": 88.82246422767639
  }
}