{
  "hyperparameters": {
    "architecture": "classification",
    "batch_size": 100,
    "clipping_threshold": 0.0,
    "dataset_name": "oocytes-trisopterus-states-5b_classification",
    "epochs": 10,
    "initialization_scale": "\\sqrt{\frac{6}{n+m}}",
    "inner_ISGD_iterations": 0,
    "intra_epoch": false,
    "lr": 50.0,
    "momentum": 0.0,
    "mu": 0.0,
    "nodes": 50,
    "seed": 1,
    "sgdtype": "explicit",
    "data_type": "classification"
  },
  "results": {
    "train": {
      "average_loss": [
        1041.3237075805664,
        201.40212440490723,
        178.60175704956055,
        516.0718879699707,
        558.0582122802734,
        85.33876943588257,
        79.95254015922546,
        168.38578510284424,
        206.62724113464355,
        516.2020416259766
      ],
      "average_accuracy": [
        72.15363511659808,
        41.28943758573388,
        75.17146776406035,
        77.22908093278464,
        75.7201646090535,
        69.95884773662551,
        75.85733882030178,
        72.97668038408779,
        66.11796982167353,
        79.28669410150891
      ]
    },
    "test": {
      "average_loss": [
        1304.3856201171875,
        204.14183807373047,
        250.3009262084961,
        667.0901184082031,
        724.7382507324219,
        100.27615737915039,
        103.47314071655273,
        227.35657501220703,
        293.1639099121094,
        583.3055877685547
      ],
      "average_accuracy": [
        67.21311475409836,
        44.26229508196721,
        71.03825136612022,
        73.22404371584699,
        73.22404371584699,
        65.02732240437159,
        71.5846994535519,
        68.30601092896175,
        59.56284153005465,
        75.40983606557377
      ]
    },
    "average_loss_intra_epoch": [
      516.2020416259766
    ],
    "average_accuracy_intra_epoch": [
      79.28669410150891
    ],
    "runtime": 4.083451271057129
  }
}