{
  "hyperparameters": {
    "architecture": "classification",
    "batch_size": 100,
    "clipping_threshold": 0.0,
    "dataset_name": "congressional-voting_classification",
    "epochs": 10,
    "initialization_scale": "\\sqrt{\frac{6}{n+m}}",
    "inner_ISGD_iterations": 0,
    "intra_epoch": false,
    "lr": 10.0,
    "momentum": 0.0,
    "mu": 0.0,
    "nodes": 50,
    "seed": 1,
    "sgdtype": "implicit",
    "data_type": "classification"
  },
  "results": {
    "train": {
      "average_loss": [
        127.5882511138916,
        72.65844917297363,
        14.961259126663208,
        81.93814277648926,
        126.72598648071289,
        87.87518501281738,
        47.37137985229492,
        73.96544456481934,
        17.78227996826172,
        52.26754856109619
      ],
      "average_accuracy": [
        60.632183908045974,
        42.81609195402299,
        53.735632183908045,
        54.310344827586206,
        54.02298850574713,
        54.02298850574713,
        54.02298850574713,
        54.310344827586206,
        54.88505747126437,
        54.88505747126437
      ]
    },
    "test": {
      "average_loss": [
        115.59757995605469,
        80.31912994384766,
        12.60698127746582,
        78.30259704589844,
        121.3900375366211,
        84.22208404541016,
        44.6983642578125,
        67.29669952392578,
        13.695674896240234,
        44.075645446777344
      ],
      "average_accuracy": [
        64.36781609195403,
        36.7816091954023,
        55.172413793103445,
        55.172413793103445,
        55.172413793103445,
        55.172413793103445,
        55.172413793103445,
        55.172413793103445,
        55.172413793103445,
        55.172413793103445
      ]
    },
    "average_loss_intra_epoch": [
      52.26754856109619
    ],
    "average_accuracy_intra_epoch": [
      54.88505747126437
    ],
    "runtime": 11.400284767150879
  }
}