{
  "hyperparameters": {
    "architecture": "classification",
    "batch_size": 100,
    "clipping_threshold": 0.0,
    "dataset_name": "mushroom_classification",
    "epochs": 10,
    "initialization_scale": "\\sqrt{\frac{6}{n+m}}",
    "inner_ISGD_iterations": 0,
    "intra_epoch": false,
    "lr": 1.0,
    "momentum": 0.0,
    "mu": 0.0,
    "nodes": 50,
    "seed": 1,
    "sgdtype": "explicit",
    "data_type": "classification"
  },
  "results": {
    "train": {
      "average_loss": [
        0.10637990127389248,
        0.007514370191627397,
        0.006103083046260648,
        0.004785634412054116,
        0.0043199913800120926,
        0.002161239329367303,
        0.0003038363376757703,
        0.0020510026228014165,
        0.00034190145827149256,
        0.0001396349020629154
      ],
      "average_accuracy": [
        96.87644252961994,
        99.86151715648562,
        99.78458224342207,
        99.81535620864749,
        99.84613017387291,
        99.93845206954916,
        100.0,
        99.92306508693645,
        100.0,
        100.0
      ]
    },
    "test": {
      "average_loss": [
        0.09455826747066834,
        0.007601075915291029,
        0.006826148454017718,
        0.005564705512369983,
        0.004237290966557339,
        0.0006434216150356567,
        0.00026672715980299367,
        0.0014500992752693813,
        0.00025096932136768694,
        0.00012719067693551015
      ],
      "average_accuracy": [
        97.35384615384615,
        99.81538461538462,
        99.81538461538462,
        99.81538461538462,
        99.81538461538462,
        100.0,
        100.0,
        99.93846153846154,
        100.0,
        100.0
      ]
    },
    "average_loss_intra_epoch": [
      0.0001396349020629154
    ],
    "average_accuracy_intra_epoch": [
      100.0
    ],
    "runtime": 10.817669153213501
  }
}