{
  "hyperparameters": {
    "architecture": "classification",
    "batch_size": 100,
    "clipping_threshold": 0.0,
    "dataset_name": "musk-1_classification",
    "epochs": 10,
    "initialization_scale": "\\sqrt{\frac{6}{n+m}}",
    "inner_ISGD_iterations": 0,
    "intra_epoch": false,
    "lr": 5.0,
    "momentum": 0.0,
    "mu": 0.0,
    "nodes": 50,
    "seed": 1,
    "sgdtype": "explicit",
    "data_type": "classification"
  },
  "results": {
    "train": {
      "average_loss": [
        300.66209411621094,
        450.12005615234375,
        238.44860458374023,
        133.9144744873047,
        224.6934356689453,
        155.89548873901367,
        42.000431060791016,
        425.14649963378906,
        254.76840209960938,
        358.12300872802734
      ],
      "average_accuracy": [
        43.94736842105263,
        48.421052631578945,
        49.21052631578947,
        50.526315789473685,
        48.94736842105263,
        49.21052631578947,
        68.15789473684211,
        55.78947368421053,
        55.526315789473685,
        64.73684210526316
      ]
    },
    "test": {
      "average_loss": [
        316.1120910644531,
        441.1625061035156,
        238.2688751220703,
        141.54579162597656,
        253.974853515625,
        160.71066284179688,
        43.00401306152344,
        421.6109313964844,
        260.4779357910156,
        375.4385070800781
      ],
      "average_accuracy": [
        42.708333333333336,
        51.041666666666664,
        48.958333333333336,
        52.083333333333336,
        48.958333333333336,
        52.083333333333336,
        66.66666666666667,
        56.25,
        57.291666666666664,
        63.541666666666664
      ]
    },
    "average_loss_intra_epoch": [
      358.12300872802734
    ],
    "average_accuracy_intra_epoch": [
      64.73684210526316
    ],
    "runtime": 5.089281320571899
  }
}