{
  "hyperparameters": {
    "architecture": "classification",
    "batch_size": 100,
    "clipping_threshold": 0.0,
    "dataset_name": "musk-2_classification",
    "epochs": 10,
    "initialization_scale": "\\sqrt{\frac{6}{n+m}}",
    "inner_ISGD_iterations": 0,
    "intra_epoch": false,
    "lr": 0.5,
    "momentum": 0.0,
    "mu": 0.0,
    "nodes": 50,
    "seed": 1,
    "sgdtype": "explicit",
    "data_type": "classification"
  },
  "results": {
    "train": {
      "average_loss": [
        0.17946396500996822,
        0.13318115943726502,
        0.10912371019147477,
        0.08906745060153727,
        0.0750093205990094,
        0.06138412619255624,
        0.05389982616564013,
        0.04803819272596881,
        0.039441134051402225,
        0.02790633379921036
      ],
      "average_accuracy": [
        92.38347859037515,
        94.86547934823797,
        96.11595301250473,
        96.79802955665025,
        97.21485411140584,
        97.76430466085638,
        97.93482379689276,
        98.0295566502463,
        98.4653277756726,
        98.9010989010989
      ]
    },
    "test": {
      "average_loss": [
        0.1742608275796686,
        0.1405930912920407,
        0.1324845485921417,
        0.1263814148093973,
        0.11869480806802,
        0.10595869911568505,
        0.09979743723358427,
        0.09297205215053898,
        0.07809821569493838,
        0.062067671812006404
      ],
      "average_accuracy": [
        92.42424242424242,
        94.16666666666667,
        95.07575757575758,
        95.45454545454545,
        95.60606060606061,
        96.21212121212122,
        96.21212121212122,
        96.36363636363636,
        96.66666666666667,
        97.8030303030303
      ]
    },
    "average_loss_intra_epoch": [
      0.02790633379921036
    ],
    "average_accuracy_intra_epoch": [
      98.9010989010989
    ],
    "runtime": 15.369932174682617
  }
}