{
  "hyperparameters": {
    "architecture": "classification",
    "batch_size": 100,
    "clipping_threshold": 0.0,
    "dataset_name": "statlog-image_classification",
    "epochs": 10,
    "initialization_scale": "\\sqrt{\frac{6}{n+m}}",
    "inner_ISGD_iterations": 0,
    "intra_epoch": false,
    "lr": 3.0,
    "momentum": 0.0,
    "mu": 0.0,
    "nodes": 50,
    "seed": 1,
    "sgdtype": "implicit",
    "data_type": "classification"
  },
  "results": {
    "train": {
      "average_loss": [
        16.948769268236664,
        9.23869800567627,
        4.8643413593894556,
        5.133912061390124,
        5.693928317019814,
        6.7642255080373666,
        3.155596984060187,
        6.286166278939498,
        6.815827244206479,
        3.6085570360484875
      ],
      "average_accuracy": [
        9.036796536796537,
        53.40909090909091,
        50.48701298701299,
        65.53030303030303,
        65.63852813852814,
        54.004329004329,
        62.824675324675326,
        68.83116883116882,
        58.22510822510822,
        74.45887445887446
      ]
    },
    "test": {
      "average_loss": [
        17.339963340759276,
        10.016948127746582,
        4.7026139259338375,
        5.5318585395812985,
        6.051734924316406,
        5.4435731887817385,
        2.8943300247192383,
        5.288538455963135,
        6.325557994842529,
        3.377695655822754
      ],
      "average_accuracy": [
        8.441558441558442,
        50.64935064935065,
        54.76190476190476,
        64.71861471861472,
        64.93506493506493,
        61.25541125541125,
        64.71861471861472,
        72.94372294372295,
        64.71861471861472,
        76.19047619047619
      ]
    },
    "average_loss_intra_epoch": [
      3.6085570360484875
    ],
    "average_accuracy_intra_epoch": [
      74.45887445887446
    ],
    "runtime": 50.818212270736694
  }
}