{
  "hyperparameters": {
    "architecture": "classification",
    "batch_size": 100,
    "clipping_threshold": 0.0,
    "dataset_name": "zoo_classification",
    "epochs": 10,
    "initialization_scale": "\\sqrt{\frac{6}{n+m}}",
    "inner_ISGD_iterations": 0,
    "intra_epoch": false,
    "lr": 3.0,
    "momentum": 0.0,
    "mu": 0.0,
    "nodes": 50,
    "seed": 1,
    "sgdtype": "explicit",
    "data_type": "classification"
  },
  "results": {
    "train": {
      "average_loss": [
        1.7123429775238037,
        1.6401007175445557,
        1.3741017580032349,
        1.0698704719543457,
        1.8153318166732788,
        1.9958057403564453,
        3.8458409309387207,
        1.780221700668335,
        4.466069221496582,
        6.699976921081543
      ],
      "average_accuracy": [
        37.5,
        37.5,
        55.0,
        56.25,
        47.5,
        32.5,
        0.0,
        50.0,
        56.25,
        32.5
      ]
    },
    "test": {
      "average_loss": [
        1.537386178970337,
        1.4356615543365479,
        1.1325128078460693,
        0.704167366027832,
        1.451256513595581,
        2.246422290802002,
        3.661834716796875,
        1.5618788003921509,
        1.634581446647644,
        5.703357696533203
      ],
      "average_accuracy": [
        52.38095238095238,
        52.38095238095238,
        76.19047619047619,
        76.19047619047619,
        52.38095238095238,
        28.571428571428573,
        0.0,
        52.38095238095238,
        76.19047619047619,
        33.333333333333336
      ]
    },
    "average_loss_intra_epoch": [
      6.699976921081543
    ],
    "average_accuracy_intra_epoch": [
      32.5
    ],
    "runtime": 3.6460518836975098
  }
}