{
  "hyperparameters": {
    "architecture": "classification",
    "batch_size": 100,
    "clipping_threshold": 0.0,
    "dataset_name": "pendigits_classification",
    "epochs": 10,
    "initialization_scale": "\\sqrt{\frac{6}{n+m}}",
    "inner_ISGD_iterations": 0,
    "intra_epoch": false,
    "lr": 0.5,
    "momentum": 0.0,
    "mu": 0.0,
    "nodes": 50,
    "seed": 1,
    "sgdtype": "explicit",
    "data_type": "classification"
  },
  "results": {
    "train": {
      "average_loss": [
        0.9396307779984041,
        0.3887582251971418,
        0.2244811351834373,
        0.1436199233867228,
        0.10924773735248229,
        0.09540860551748086,
        0.07946247203190895,
        0.06509593466762453,
        0.05516353345857086,
        0.06502756438302723
      ],
      "average_accuracy": [
        69.35061981121346,
        89.15046059365405,
        93.3924712839759,
        95.91720686910043,
        96.82702149437053,
        97.20232002729443,
        97.79369953372,
        98.28272489480268,
        98.52155123393608,
        98.11213465256454
      ]
    },
    "test": {
      "average_loss": [
        0.9531484652649272,
        0.39218470589681104,
        0.23131858625195242,
        0.1463411623104052,
        0.11494540219957178,
        0.10531079379672353,
        0.08884452012452212,
        0.07399246088144454,
        0.06322162953967397,
        0.07037230301648378
      ],
      "average_accuracy": [
        68.8949522510232,
        89.26784902228286,
        93.08776716689404,
        96.13460663938153,
        96.63483401546158,
        96.68030923146885,
        97.49886311959982,
        98.0900409276944,
        98.63574351978171,
        97.99909049567985
      ]
    },
    "average_loss_intra_epoch": [
      0.06502756438302723
    ],
    "average_accuracy_intra_epoch": [
      98.11213465256454
    ],
    "runtime": 13.546680450439453
  }
}