{
  "hyperparameters": {
    "architecture": "classification",
    "batch_size": 100,
    "clipping_threshold": 0.0,
    "dataset_name": "heart-switzerland_classification",
    "epochs": 10,
    "initialization_scale": "\\sqrt{\frac{6}{n+m}}",
    "inner_ISGD_iterations": 0,
    "intra_epoch": false,
    "lr": 1.0,
    "momentum": 0.0,
    "mu": 0.0,
    "nodes": 50,
    "seed": 1,
    "sgdtype": "explicit",
    "data_type": "classification"
  },
  "results": {
    "train": {
      "average_loss": [
        1.5016206502914429,
        1.421993613243103,
        1.3801889419555664,
        1.359297513961792,
        1.3483778238296509,
        1.3420209884643555,
        1.338010311126709,
        1.335371732711792,
        1.3335834741592407,
        1.3323283195495605
      ],
      "average_accuracy": [
        39.795918367346935,
        41.83673469387755,
        41.83673469387755,
        41.83673469387755,
        41.83673469387755,
        41.83673469387755,
        41.83673469387755,
        41.83673469387755,
        41.83673469387755,
        41.83673469387755
      ]
    },
    "test": {
      "average_loss": [
        1.546310544013977,
        1.5201717615127563,
        1.5184763669967651,
        1.524607539176941,
        1.5301076173782349,
        1.533262014389038,
        1.5348893404006958,
        1.5358619689941406,
        1.5366301536560059,
        1.5373625755310059
      ],
      "average_accuracy": [
        24.0,
        28.0,
        28.0,
        28.0,
        28.0,
        28.0,
        28.0,
        28.0,
        28.0,
        28.0
      ]
    },
    "average_loss_intra_epoch": [
      1.3323283195495605
    ],
    "average_accuracy_intra_epoch": [
      41.83673469387755
    ],
    "runtime": 0.7087979316711426
  }
}