{
  "hyperparameters": {
    "architecture": "classification",
    "batch_size": 100,
    "clipping_threshold": 0.0,
    "dataset_name": "magic_classification",
    "epochs": 10,
    "initialization_scale": "\\sqrt{\frac{6}{n+m}}",
    "inner_ISGD_iterations": 0,
    "intra_epoch": false,
    "lr": 0.01,
    "momentum": 0.0,
    "mu": 0.0,
    "nodes": 50,
    "seed": 1,
    "sgdtype": "explicit",
    "data_type": "classification"
  },
  "results": {
    "train": {
      "average_loss": [
        0.6513450476858351,
        0.6477432102938883,
        0.646369632163079,
        0.644699769471985,
        0.6420859503590204,
        0.6376332870495864,
        0.6294296118948195,
        0.6132065314872592,
        0.5809863630463096,
        0.5303980620468364
      ],
      "average_accuracy": [
        64.62276550998949,
        64.62276550998949,
        64.62276550998949,
        64.62276550998949,
        64.62276550998949,
        64.62276550998949,
        64.62276550998949,
        64.72134595162986,
        68.83543638275499,
        75.55205047318611
      ]
    },
    "test": {
      "average_loss": [
        0.6487487661532867,
        0.6445114245781531,
        0.643012129343473,
        0.641418518164219,
        0.6390116321734893,
        0.6349313442523663,
        0.6274059430146829,
        0.6125145447559845,
        0.5830145952029105,
        0.537125554604408
      ],
      "average_accuracy": [
        65.69400630914826,
        65.69400630914826,
        65.69400630914826,
        65.69400630914826,
        65.69400630914826,
        65.69400630914826,
        65.69400630914826,
        65.8254468980021,
        69.58464773922188,
        75.57833859095689
      ]
    },
    "average_loss_intra_epoch": [
      0.5303980620468364
    ],
    "average_accuracy_intra_epoch": [
      75.55205047318611
    ],
    "runtime": 19.434340238571167
  }
}