{
  "hyperparameters": {
    "architecture": "classification",
    "batch_size": 100,
    "clipping_threshold": 0.0,
    "dataset_name": "blood_classification",
    "epochs": 10,
    "initialization_scale": "\\sqrt{\frac{6}{n+m}}",
    "inner_ISGD_iterations": 0,
    "intra_epoch": false,
    "lr": 0.1,
    "momentum": 0.0,
    "mu": 0.0,
    "nodes": 50,
    "seed": 1,
    "sgdtype": "explicit",
    "data_type": "classification"
  },
  "results": {
    "train": {
      "average_loss": [
        0.6189910968144735,
        0.5795944730440775,
        0.5598408182462057,
        0.5497119327386221,
        0.5444254875183105,
        0.5416261653105418,
        0.54012497762839,
        0.5393104702234268,
        0.5388632118701935,
        0.5386142482360204
      ],
      "average_accuracy": [
        77.09030100334448,
        77.09030100334448,
        77.09030100334448,
        77.09030100334448,
        77.09030100334448,
        77.09030100334448,
        77.09030100334448,
        77.09030100334448,
        77.09030100334448,
        77.09030100334448
      ]
    },
    "test": {
      "average_loss": [
        0.6336756646633148,
        0.6054103970527649,
        0.5936169624328613,
        0.5892352163791656,
        0.588122546672821,
        0.5883658528327942,
        0.5890886187553406,
        0.5899025201797485,
        0.590648889541626,
        0.5912757217884064
      ],
      "average_accuracy": [
        72.66666666666667,
        72.66666666666667,
        72.66666666666667,
        72.66666666666667,
        72.66666666666667,
        72.66666666666667,
        72.66666666666667,
        72.66666666666667,
        72.66666666666667,
        72.66666666666667
      ]
    },
    "average_loss_intra_epoch": [
      0.5386142482360204
    ],
    "average_accuracy_intra_epoch": [
      77.09030100334448
    ],
    "runtime": 3.6965932846069336
  }
}