{
  "hyperparameters": {
    "architecture": "classification",
    "batch_size": 100,
    "clipping_threshold": 0.0,
    "dataset_name": "vertebral-column-2clases_classification",
    "epochs": 10,
    "initialization_scale": "\\sqrt{\frac{6}{n+m}}",
    "inner_ISGD_iterations": 0,
    "intra_epoch": false,
    "lr": 5.0,
    "momentum": 0.0,
    "mu": 0.0,
    "nodes": 50,
    "seed": 1,
    "sgdtype": "implicit",
    "data_type": "classification"
  },
  "results": {
    "train": {
      "average_loss": [
        1.6005611419677734,
        5.293108145395915,
        21.989777247111004,
        22.846689224243164,
        30.428808848063152,
        10.539111455281576,
        12.237303415934244,
        15.251299222310385,
        7.359762350718181,
        3.750207503636678
      ],
      "average_accuracy": [
        67.74193548387096,
        32.25806451612903,
        67.74193548387096,
        67.74193548387096,
        36.29032258064516,
        65.3225806451613,
        67.33870967741936,
        31.048387096774192,
        66.53225806451613,
        74.19354838709677
      ]
    },
    "test": {
      "average_loss": [
        1.6092207431793213,
        5.280482769012451,
        22.112163543701172,
        22.9737606048584,
        31.037166595458984,
        10.649641036987305,
        11.95063591003418,
        15.822115898132324,
        6.724222660064697,
        4.969704627990723
      ],
      "average_accuracy": [
        67.74193548387096,
        32.25806451612903,
        67.74193548387096,
        67.74193548387096,
        33.87096774193548,
        59.67741935483871,
        66.12903225806451,
        27.419354838709676,
        66.12903225806451,
        70.96774193548387
      ]
    },
    "average_loss_intra_epoch": [
      3.750207503636678
    ],
    "average_accuracy_intra_epoch": [
      74.19354838709677
    ],
    "runtime": 6.192631006240845
  }
}