{
  "hyperparameters": {
    "architecture": "classification",
    "batch_size": 100,
    "clipping_threshold": 0.0,
    "dataset_name": "page-blocks_classification",
    "epochs": 10,
    "initialization_scale": "\\sqrt{\frac{6}{n+m}}",
    "inner_ISGD_iterations": 0,
    "intra_epoch": false,
    "lr": 0.001,
    "momentum": 0.0,
    "mu": 0.0,
    "nodes": 50,
    "seed": 1,
    "sgdtype": "explicit",
    "data_type": "classification"
  },
  "results": {
    "train": {
      "average_loss": [
        1.591680496931076,
        1.5567269785837694,
        1.522570463744077,
        1.4891796979037197,
        1.4565273333679547,
        1.4245886504650116,
        1.393342305313457,
        1.362769690426913,
        1.3328544849699193,
        1.3035830394788221
      ],
      "average_accuracy": [
        0.47967108268615805,
        0.47967108268615805,
        0.47967108268615805,
        0.47967108268615805,
        41.41160347190498,
        89.94974874371859,
        89.94974874371859,
        89.94974874371859,
        89.94974874371859,
        89.94974874371859
      ]
    },
    "test": {
      "average_loss": [
        1.5931823795492,
        1.5586892366409302,
        1.5249873182990334,
        1.4920461177825928,
        1.4598383036526767,
        1.428339730609547,
        1.3975292660973289,
        1.3673886169086804,
        1.337901928208091,
        1.3090553933923894
      ],
      "average_accuracy": [
        0.639269406392694,
        0.639269406392694,
        0.639269406392694,
        0.639269406392694,
        41.917808219178085,
        89.04109589041096,
        89.04109589041096,
        89.04109589041096,
        89.04109589041096,
        89.04109589041096
      ]
    },
    "average_loss_intra_epoch": [
      1.3035830394788221
    ],
    "average_accuracy_intra_epoch": [
      89.94974874371859
    ],
    "runtime": 8.838049173355103
  }
}