{
  "hyperparameters": {
    "architecture": "classification",
    "batch_size": 100,
    "clipping_threshold": 0.0,
    "dataset_name": "seeds_classification",
    "epochs": 10,
    "initialization_scale": "\\sqrt{\frac{6}{n+m}}",
    "inner_ISGD_iterations": 0,
    "intra_epoch": false,
    "lr": 50.0,
    "momentum": 0.0,
    "mu": 0.0,
    "nodes": 50,
    "seed": 1,
    "sgdtype": "explicit",
    "data_type": "classification"
  },
  "results": {
    "train": {
      "average_loss": [
        140.5762176513672,
        147.31504821777344,
        162.05841064453125,
        64.31497573852539,
        212.4690933227539,
        46.50427055358887,
        282.0746612548828,
        47.85855674743652,
        67.5967903137207,
        32.20952224731445
      ],
      "average_accuracy": [
        26.785714285714285,
        13.69047619047619,
        70.23809523809524,
        70.23809523809524,
        47.61904761904762,
        70.23809523809524,
        25.595238095238095,
        70.23809523809524,
        29.761904761904763,
        52.976190476190474
      ]
    },
    "test": {
      "average_loss": [
        116.27957916259766,
        137.32891845703125,
        250.03463745117188,
        98.54132843017578,
        216.8983154296875,
        71.65962982177734,
        186.42124938964844,
        68.01385498046875,
        40.39039611816406,
        30.30022621154785
      ],
      "average_accuracy": [
        47.61904761904762,
        21.428571428571427,
        52.38095238095238,
        52.38095238095238,
        52.38095238095238,
        52.38095238095238,
        45.23809523809524,
        52.38095238095238,
        47.61904761904762,
        66.66666666666667
      ]
    },
    "average_loss_intra_epoch": [
      32.20952224731445
    ],
    "average_accuracy_intra_epoch": [
      52.976190476190474
    ],
    "runtime": 3.7853574752807617
  }
}