{
  "hyperparameters": {
    "architecture": "music",
    "batch_size": 100,
    "clipping_threshold": 8.0,
    "dataset_name": "Nottingham",
    "epochs": 5,
    "initialization_scale": "\\sqrt{\frac{6}{n+m}}",
    "inner_ISGD_iterations": 0,
    "intra_epoch": false,
    "lr": 200.0,
    "momentum": 0.0,
    "mu": 0.0,
    "nodes": 300,
    "seed": 5,
    "sgdtype": "explicit",
    "data_type": "sequential_many"
  },
  "results": {
    "train": {
      "average_loss": [
        0.00038316242694957063,
        0.0003076024055944773,
        0.0003633077548373868,
        0.00023530902491213727,
        0.00023160739675910186
      ],
      "average_accuracy": [
        0,
        0,
        0,
        0,
        0
      ]
    },
    "test": {
      "average_loss": [
        0.00039901172270166333,
        0.0003358903367745156,
        0.00039220770163143133,
        0.00027006360395556413,
        0.00027119253708780675
      ],
      "average_accuracy": [
        0,
        0,
        0,
        0,
        0
      ]
    },
    "average_loss_intra_epoch": [
      0.00023160739675910186
    ],
    "average_accuracy_intra_epoch": [
      0
    ],
    "runtime": 1371.5818755626678
  }
}