{
  "hyperparameters": {
    "architecture": "classification",
    "batch_size": 100,
    "clipping_threshold": 0.0,
    "dataset_name": "monks-3_classification",
    "epochs": 10,
    "initialization_scale": "\\sqrt{\frac{6}{n+m}}",
    "inner_ISGD_iterations": 0,
    "intra_epoch": false,
    "lr": 1.0,
    "momentum": 0.0,
    "mu": 0.0,
    "nodes": 50,
    "seed": 1,
    "sgdtype": "implicit",
    "data_type": "classification"
  },
  "results": {
    "train": {
      "average_loss": [
        0.6998173475265503,
        0.6989189028739929,
        0.6978258848190307,
        0.6957661986351014,
        0.6894651889801026,
        0.6572723269462586,
        0.5552663326263427,
        0.5199910879135132,
        0.5132330775260925,
        0.5108240246772766
      ],
      "average_accuracy": [
        47.40406320541761,
        47.40406320541761,
        47.40406320541761,
        47.40406320541761,
        47.40406320541761,
        59.36794582392776,
        72.686230248307,
        74.94356659142213,
        74.71783295711062,
        74.49209932279909
      ]
    },
    "test": {
      "average_loss": [
        0.707769900560379,
        0.7064517736434937,
        0.7048888802528381,
        0.7020667493343353,
        0.6936157047748566,
        0.6503193974494934,
        0.5392016917467117,
        0.5415392369031906,
        0.535576343536377,
        0.5315974950790405
      ],
      "average_accuracy": [
        50.450450450450454,
        50.450450450450454,
        50.450450450450454,
        50.450450450450454,
        50.450450450450454,
        68.46846846846847,
        77.47747747747748,
        79.27927927927928,
        79.27927927927928,
        80.18018018018019
      ]
    },
    "average_loss_intra_epoch": [
      0.5108240246772766
    ],
    "average_accuracy_intra_epoch": [
      74.49209932279909
    ],
    "runtime": 8.103124380111694
  }
}