{
  "hyperparameters": {
    "architecture": "classification",
    "batch_size": 100,
    "clipping_threshold": 0.0,
    "dataset_name": "ilpd-indian-liver_classification",
    "epochs": 10,
    "initialization_scale": "\\sqrt{\frac{6}{n+m}}",
    "inner_ISGD_iterations": 0,
    "intra_epoch": false,
    "lr": 0.1,
    "momentum": 0.0,
    "mu": 0.0,
    "nodes": 50,
    "seed": 1,
    "sgdtype": "explicit",
    "data_type": "classification"
  },
  "results": {
    "train": {
      "average_loss": [
        0.6594960451126098,
        0.6318990230560303,
        0.6170785188674927,
        0.6091067790985107,
        0.6048058271408081,
        0.6024741291999817,
        0.6012003302574158,
        0.6004958510398865,
        0.6000978112220764,
        0.5998648643493653
      ],
      "average_accuracy": [
        71.45922746781116,
        71.45922746781116,
        71.45922746781116,
        71.45922746781116,
        71.45922746781116,
        71.45922746781116,
        71.45922746781116,
        71.45922746781116,
        71.45922746781116,
        71.45922746781116
      ]
    },
    "test": {
      "average_loss": [
        0.6732379496097565,
        0.6603817045688629,
        0.656491219997406,
        0.6566122472286224,
        0.6582934260368347,
        0.6603773534297943,
        0.6623589396476746,
        0.6640518009662628,
        0.6654176712036133,
        0.6664812564849854
      ],
      "average_accuracy": [
        70.94017094017094,
        70.94017094017094,
        70.94017094017094,
        70.94017094017094,
        70.94017094017094,
        70.94017094017094,
        70.94017094017094,
        70.94017094017094,
        70.94017094017094,
        70.94017094017094
      ]
    },
    "average_loss_intra_epoch": [
      0.5998648643493653
    ],
    "average_accuracy_intra_epoch": [
      71.45922746781116
    ],
    "runtime": 3.5267364978790283
  }
}