{
  "hyperparameters": {
    "architecture": "classification",
    "batch_size": 100,
    "clipping_threshold": 0.0,
    "dataset_name": "ringnorm_classification",
    "epochs": 10,
    "initialization_scale": "\\sqrt{\frac{6}{n+m}}",
    "inner_ISGD_iterations": 0,
    "intra_epoch": false,
    "lr": 3.0,
    "momentum": 0.0,
    "mu": 0.0,
    "nodes": 50,
    "seed": 1,
    "sgdtype": "explicit",
    "data_type": "classification"
  },
  "results": {
    "train": {
      "average_loss": [
        14.308251937230429,
        5.555967954794566,
        5.977707858880361,
        2.0301428556442263,
        8.042110371589661,
        4.423656578858694,
        5.146147187550863,
        2.1870704770088194,
        2.5438300629456836,
        3.5102718591690065
      ],
      "average_accuracy": [
        60.54054054054054,
        66.19932432432432,
        67.77027027027027,
        73.24324324324324,
        69.47635135135135,
        76.18243243243244,
        50.99662162162162,
        79.42567567567568,
        73.10810810810811,
        63.20945945945946
      ]
    },
    "test": {
      "average_loss": [
        14.287524795532226,
        5.39055225054423,
        6.143796888987223,
        2.0562557935714723,
        7.72617753346761,
        4.316063149770101,
        5.432810751597087,
        2.076942785580953,
        2.57815154393514,
        3.845422633488973
      ],
      "average_accuracy": [
        60.472972972972975,
        67.16216216216216,
        67.9054054054054,
        73.51351351351352,
        69.79729729729729,
        77.97297297297297,
        49.5945945945946,
        79.45945945945945,
        73.3108108108108,
        62.63513513513514
      ]
    },
    "average_loss_intra_epoch": [
      3.5102718591690065
    ],
    "average_accuracy_intra_epoch": [
      63.20945945945946
    ],
    "runtime": 9.524693965911865
  }
}