{
  "hyperparameters": {
    "architecture": "classification",
    "batch_size": 100,
    "clipping_threshold": 0.0,
    "dataset_name": "pima_classification",
    "epochs": 10,
    "initialization_scale": "\\sqrt{\frac{6}{n+m}}",
    "inner_ISGD_iterations": 0,
    "intra_epoch": false,
    "lr": 50.0,
    "momentum": 0.0,
    "mu": 0.0,
    "nodes": 50,
    "seed": 1,
    "sgdtype": "implicit",
    "data_type": "classification"
  },
  "results": {
    "train": {
      "average_loss": [
        73.9295676095145,
        29.896202087402344,
        245.1416015625,
        425.3161185128348,
        157.02193995884485,
        536.9742518833706,
        32.862548828125,
        318.2572326660156,
        233.39661734444755,
        249.05238124302454
      ],
      "average_accuracy": [
        64.49511400651465,
        35.01628664495114,
        63.192182410423456,
        34.527687296416936,
        65.47231270358306,
        34.527687296416936,
        34.69055374592834,
        65.47231270358306,
        34.85342019543974,
        65.96091205211727
      ]
    },
    "test": {
      "average_loss": [
        77.36394500732422,
        30.018352508544922,
        239.156494140625,
        431.1890411376953,
        153.41875457763672,
        544.1514282226562,
        33.36903190612793,
        310.9530029296875,
        228.08184051513672,
        256.6541061401367
      ],
      "average_accuracy": [
        64.28571428571429,
        36.36363636363637,
        61.688311688311686,
        35.714285714285715,
        64.28571428571429,
        35.714285714285715,
        35.714285714285715,
        64.28571428571429,
        39.61038961038961,
        62.98701298701299
      ]
    },
    "average_loss_intra_epoch": [
      249.05238124302454
    ],
    "average_accuracy_intra_epoch": [
      65.96091205211727
    ],
    "runtime": 11.45976185798645
  }
}