{
  "hyperparameters": {
    "architecture": "music",
    "batch_size": 100,
    "clipping_threshold": 0.0,
    "dataset_name": "MuseData",
    "epochs": 5,
    "initialization_scale": "\\sqrt{\frac{6}{n+m}}",
    "inner_ISGD_iterations": 0,
    "intra_epoch": false,
    "lr": 50.0,
    "momentum": 0.0,
    "mu": 0.0,
    "nodes": 300,
    "seed": 5,
    "sgdtype": "implicit",
    "data_type": "sequential_many"
  },
  "results": {
    "train": {
      "average_loss": [
        0.0025945916806713355,
        0.002036411494005206,
        0.0016555530894371633,
        0.0013625873013295457,
        0.0010440876160668657
      ],
      "average_accuracy": [
        0,
        0,
        0,
        0,
        0
      ]
    },
    "test": {
      "average_loss": [
        0.00250820544208123,
        0.0018199446527550236,
        0.0014550765769942495,
        0.0011920550083349582,
        0.0008959095951673414
      ],
      "average_accuracy": [
        0,
        0,
        0,
        0,
        0
      ]
    },
    "average_loss_intra_epoch": [
      0.0010440876160668657
    ],
    "average_accuracy_intra_epoch": [
      0
    ],
    "runtime": 9369.86687207222
  }
}