{
  "hyperparameters": {
    "architecture": "classification",
    "batch_size": 100,
    "clipping_threshold": 0.0,
    "dataset_name": "steel-plates_classification",
    "epochs": 10,
    "initialization_scale": "\\sqrt{\frac{6}{n+m}}",
    "inner_ISGD_iterations": 0,
    "intra_epoch": false,
    "lr": 5.0,
    "momentum": 0.0,
    "mu": 0.0,
    "nodes": 50,
    "seed": 1,
    "sgdtype": "explicit",
    "data_type": "classification"
  },
  "results": {
    "train": {
      "average_loss": [
        19.014276564121246,
        19.893487453460693,
        9.513141512870789,
        8.431105256080627,
        12.324476301670074,
        14.44673466682434,
        14.809755980968475,
        11.256823599338531,
        12.552680850028992,
        14.41903430223465
      ],
      "average_accuracy": [
        28.54381443298969,
        47.55154639175258,
        41.365979381443296,
        42.074742268041234,
        45.618556701030926,
        41.75257731958763,
        41.365979381443296,
        45.29639175257732,
        41.23711340206186,
        49.03350515463917
      ]
    },
    "test": {
      "average_loss": [
        19.946691513061523,
        20.710060596466064,
        9.88916015625,
        8.299512386322021,
        12.397877931594849,
        15.97817873954773,
        15.257399559020996,
        11.322364807128906,
        12.036155223846436,
        14.052712202072144
      ],
      "average_accuracy": [
        28.79177377892031,
        49.3573264781491,
        41.38817480719794,
        42.673521850899746,
        44.473007712082264,
        38.56041131105398,
        41.90231362467866,
        44.987146529562985,
        41.645244215938305,
        52.69922879177378
      ]
    },
    "average_loss_intra_epoch": [
      14.41903430223465
    ],
    "average_accuracy_intra_epoch": [
      49.03350515463917
    ],
    "runtime": 5.063446760177612
  }
}