{
  "hyperparameters": {
    "architecture": "classification",
    "batch_size": 100,
    "clipping_threshold": 0.0,
    "dataset_name": "teaching_classification",
    "epochs": 10,
    "initialization_scale": "\\sqrt{\frac{6}{n+m}}",
    "inner_ISGD_iterations": 0,
    "intra_epoch": false,
    "lr": 5.0,
    "momentum": 0.0,
    "mu": 0.0,
    "nodes": 50,
    "seed": 1,
    "sgdtype": "implicit",
    "data_type": "classification"
  },
  "results": {
    "train": {
      "average_loss": [
        1.2666478753089905,
        1.8011491894721985,
        13.364810466766357,
        19.17520046234131,
        13.303773403167725,
        21.41737461090088,
        15.032809257507324,
        18.663647651672363,
        9.16188669204712,
        12.487046718597412
      ],
      "average_accuracy": [
        34.166666666666664,
        33.333333333333336,
        32.5,
        33.333333333333336,
        31.666666666666668,
        33.333333333333336,
        34.166666666666664,
        38.333333333333336,
        32.5,
        42.5
      ]
    },
    "test": {
      "average_loss": [
        1.4639897346496582,
        1.5675114393234253,
        10.909055709838867,
        16.66305160522461,
        12.995100021362305,
        18.139009475708008,
        18.39008140563965,
        22.994386672973633,
        8.788113594055176,
        18.257312774658203
      ],
      "average_accuracy": [
        29.032258064516128,
        38.70967741935484,
        32.25806451612903,
        38.70967741935484,
        32.25806451612903,
        38.70967741935484,
        29.032258064516128,
        35.483870967741936,
        29.032258064516128,
        29.032258064516128
      ]
    },
    "average_loss_intra_epoch": [
      12.487046718597412
    ],
    "average_accuracy_intra_epoch": [
      42.5
    ],
    "runtime": 4.922583103179932
  }
}