{
  "hyperparameters": {
    "architecture": "classification",
    "batch_size": 100,
    "clipping_threshold": 0.0,
    "dataset_name": "acute-nephritis_classification",
    "epochs": 10,
    "initialization_scale": "\\sqrt{\frac{6}{n+m}}",
    "inner_ISGD_iterations": 0,
    "intra_epoch": false,
    "lr": 50.0,
    "momentum": 0.0,
    "mu": 0.0,
    "nodes": 50,
    "seed": 1,
    "sgdtype": "explicit",
    "data_type": "classification"
  },
  "results": {
    "train": {
      "average_loss": [
        5.243809223175049,
        126.29012298583984,
        255.39923095703125,
        57.24349594116211,
        46.074337005615234,
        35.17299270629883,
        24.269424438476562,
        13.363566398620605,
        2.5308892726898193,
        28.322999954223633
      ],
      "average_accuracy": [
        64.58333333333333,
        35.416666666666664,
        8.333333333333334,
        91.66666666666667,
        91.66666666666667,
        91.66666666666667,
        91.66666666666667,
        91.66666666666667,
        91.66666666666667,
        91.66666666666667
      ]
    },
    "test": {
      "average_loss": [
        9.870105743408203,
        65.5084457397461,
        273.80657958984375,
        85.86431884765625,
        69.1114730834961,
        52.759464263916016,
        36.40412521362305,
        20.045352935791016,
        3.835613250732422,
        42.484493255615234
      ],
      "average_accuracy": [
        33.333333333333336,
        66.66666666666667,
        12.5,
        87.5,
        87.5,
        87.5,
        87.5,
        87.5,
        87.5,
        87.5
      ]
    },
    "average_loss_intra_epoch": [
      28.322999954223633
    ],
    "average_accuracy_intra_epoch": [
      91.66666666666667
    ],
    "runtime": 3.3676257133483887
  }
}