{
  "hyperparameters": {
    "architecture": "classification",
    "batch_size": 100,
    "clipping_threshold": 0.0,
    "dataset_name": "image-segmentation_classification",
    "epochs": 10,
    "initialization_scale": "\\sqrt{\frac{6}{n+m}}",
    "inner_ISGD_iterations": 0,
    "intra_epoch": false,
    "lr": 50.0,
    "momentum": 0.0,
    "mu": 0.0,
    "nodes": 50,
    "seed": 1,
    "sgdtype": "implicit",
    "data_type": "classification"
  },
  "results": {
    "train": {
      "average_loss": [
        222.51604742752878,
        132.984823528089,
        132.39975015740646,
        179.0119464271947,
        181.21699644389906,
        48.56922049271433,
        102.07454801860608,
        57.82138041446083,
        94.14686564395302,
        131.40645117508737
      ],
      "average_accuracy": [
        42.04545454545455,
        31.16883116883117,
        40.8008658008658,
        47.67316017316017,
        34.63203463203463,
        62.608225108225106,
        49.78354978354978,
        46.48268398268398,
        57.900432900432904,
        63.52813852813853
      ]
    },
    "test": {
      "average_loss": [
        254.05093688964843,
        142.79553833007813,
        148.45438232421876,
        191.64714660644532,
        176.6652801513672,
        57.82058258056641,
        108.6665542602539,
        57.33621520996094,
        106.72105712890625,
        144.68055267333983
      ],
      "average_accuracy": [
        38.311688311688314,
        28.571428571428573,
        34.41558441558441,
        46.32034632034632,
        35.714285714285715,
        57.79220779220779,
        49.35064935064935,
        46.103896103896105,
        53.246753246753244,
        61.03896103896104
      ]
    },
    "average_loss_intra_epoch": [
      131.40645117508737
    ],
    "average_accuracy_intra_epoch": [
      63.52813852813853
    ],
    "runtime": 50.71850848197937
  }
}