{
  "hyperparameters": {
    "architecture": "classification",
    "batch_size": 100,
    "clipping_threshold": 0.0,
    "dataset_name": "echocardiogram_classification",
    "epochs": 10,
    "initialization_scale": "\\sqrt{\frac{6}{n+m}}",
    "inner_ISGD_iterations": 0,
    "intra_epoch": false,
    "lr": 0.1,
    "momentum": 0.0,
    "mu": 0.0,
    "nodes": 50,
    "seed": 1,
    "sgdtype": "implicit",
    "data_type": "classification"
  },
  "results": {
    "train": {
      "average_loss": [
        0.652099072933197,
        0.635970413684845,
        0.6241003572940826,
        0.6152752637863159,
        0.608642578125,
        0.6035953462123871,
        0.5996960997581482,
        0.5966257452964783,
        0.5941495299339294,
        0.5920918881893158
      ],
      "average_accuracy": [
        69.23076923076923,
        69.23076923076923,
        69.23076923076923,
        69.23076923076923,
        69.23076923076923,
        69.23076923076923,
        69.23076923076923,
        69.23076923076923,
        69.23076923076923,
        69.23076923076923
      ]
    },
    "test": {
      "average_loss": [
        0.6795304417610168,
        0.6764407157897949,
        0.6757687330245972,
        0.6766114234924316,
        0.6783638000488281,
        0.6806190609931946,
        0.6831061244010925,
        0.6856448650360107,
        0.6881186962127686,
        0.6904541254043579
      ],
      "average_accuracy": [
        59.25925925925926,
        59.25925925925926,
        59.25925925925926,
        59.25925925925926,
        59.25925925925926,
        59.25925925925926,
        59.25925925925926,
        59.25925925925926,
        59.25925925925926,
        59.25925925925926
      ]
    },
    "average_loss_intra_epoch": [
      0.5920918881893158
    ],
    "average_accuracy_intra_epoch": [
      69.23076923076923
    ],
    "runtime": 4.968409538269043
  }
}