{
  "hyperparameters": {
    "architecture": "classification",
    "batch_size": 100,
    "clipping_threshold": 0.0,
    "dataset_name": "acute-inflammation_classification",
    "epochs": 10,
    "initialization_scale": "\\sqrt{\frac{6}{n+m}}",
    "inner_ISGD_iterations": 0,
    "intra_epoch": false,
    "lr": 3.0,
    "momentum": 0.0,
    "mu": 0.0,
    "nodes": 50,
    "seed": 1,
    "sgdtype": "explicit",
    "data_type": "classification"
  },
  "results": {
    "train": {
      "average_loss": [
        0.6921384334564209,
        0.6904699802398682,
        0.6862620711326599,
        0.6719138026237488,
        0.6047906279563904,
        0.2967101037502289,
        0.05884258821606636,
        0.06181987747550011,
        1.1092705726623535,
        0.44714534282684326
      ],
      "average_accuracy": [
        48.958333333333336,
        51.041666666666664,
        48.958333333333336,
        51.041666666666664,
        79.16666666666667,
        91.66666666666667,
        100.0,
        96.875,
        72.91666666666667,
        87.5
      ]
    },
    "test": {
      "average_loss": [
        0.6923439502716064,
        0.6926419734954834,
        0.6880890727043152,
        0.6804783344268799,
        0.6315183043479919,
        0.3534846305847168,
        0.10406675189733505,
        0.06356775760650635,
        2.477034330368042,
        0.6032189726829529
      ],
      "average_accuracy": [
        50.0,
        50.0,
        50.0,
        50.0,
        54.166666666666664,
        91.66666666666667,
        100.0,
        100.0,
        50.0,
        66.66666666666667
      ]
    },
    "average_loss_intra_epoch": [
      0.44714534282684326
    ],
    "average_accuracy_intra_epoch": [
      87.5
    ],
    "runtime": 0.8295319080352783
  }
}