{
  "hyperparameters": {
    "architecture": "classification",
    "batch_size": 100,
    "clipping_threshold": 0.0,
    "dataset_name": "fertility_classification",
    "epochs": 10,
    "initialization_scale": "\\sqrt{\frac{6}{n+m}}",
    "inner_ISGD_iterations": 0,
    "intra_epoch": false,
    "lr": 0.001,
    "momentum": 0.0,
    "mu": 0.0,
    "nodes": 50,
    "seed": 1,
    "sgdtype": "implicit",
    "data_type": "classification"
  },
  "results": {
    "train": {
      "average_loss": [
        0.7245073914527893,
        0.724096417427063,
        0.7236858606338501,
        0.723275899887085,
        0.7228662371635437,
        0.7224572896957397,
        0.7220486402511597,
        0.721640408039093,
        0.7212328910827637,
        0.7208257913589478
      ],
      "average_accuracy": [
        11.25,
        11.25,
        11.25,
        11.25,
        11.25,
        11.25,
        11.25,
        11.25,
        11.25,
        11.25
      ]
    },
    "test": {
      "average_loss": [
        0.7220965027809143,
        0.7217233777046204,
        0.7213508486747742,
        0.7209787368774414,
        0.7206071615219116,
        0.7202358841896057,
        0.7198652029037476,
        0.7194949388504028,
        0.7191250920295715,
        0.7187557816505432
      ],
      "average_accuracy": [
        15.0,
        15.0,
        15.0,
        15.0,
        15.0,
        15.0,
        15.0,
        15.0,
        15.0,
        15.0
      ]
    },
    "average_loss_intra_epoch": [
      0.7208257913589478
    ],
    "average_accuracy_intra_epoch": [
      11.25
    ],
    "runtime": 3.959503412246704
  }
}