{
  "hyperparameters": {
    "architecture": "classification",
    "batch_size": 100,
    "clipping_threshold": 0.0,
    "dataset_name": "hayes-roth_classification",
    "epochs": 10,
    "initialization_scale": "\\sqrt{\frac{6}{n+m}}",
    "inner_ISGD_iterations": 0,
    "intra_epoch": false,
    "lr": 5.0,
    "momentum": 0.0,
    "mu": 0.0,
    "nodes": 50,
    "seed": 1,
    "sgdtype": "implicit",
    "data_type": "classification"
  },
  "results": {
    "train": {
      "average_loss": [
        1.2744340300559998,
        1.5779457688331604,
        4.798908472061157,
        6.440478801727295,
        3.9186418056488037,
        11.459935188293457,
        16.11842393875122,
        10.10227918624878,
        16.824225425720215,
        8.155892610549927
      ],
      "average_accuracy": [
        42.96875,
        42.96875,
        42.96875,
        42.96875,
        42.96875,
        20.3125,
        36.71875,
        36.71875,
        20.3125,
        42.96875
      ]
    },
    "test": {
      "average_loss": [
        1.5175189971923828,
        1.8924689292907715,
        6.152109622955322,
        8.594999313354492,
        4.906754493713379,
        13.120387077331543,
        12.912596702575684,
        7.706363201141357,
        16.413122177124023,
        9.601374626159668
      ],
      "average_accuracy": [
        31.25,
        31.25,
        31.25,
        31.25,
        31.25,
        15.625,
        53.125,
        53.125,
        15.625,
        31.25
      ]
    },
    "average_loss_intra_epoch": [
      8.155892610549927
    ],
    "average_accuracy_intra_epoch": [
      42.96875
    ],
    "runtime": 4.320153474807739
  }
}