{
  "hyperparameters": {
    "architecture": "music",
    "batch_size": 100,
    "clipping_threshold": 8.0,
    "dataset_name": "MuseData",
    "epochs": 5,
    "initialization_scale": "\\sqrt{\frac{6}{n+m}}",
    "inner_ISGD_iterations": 0,
    "intra_epoch": false,
    "lr": 50.0,
    "momentum": 0.0,
    "mu": 0.0,
    "nodes": 300,
    "seed": 1,
    "sgdtype": "explicit",
    "data_type": "sequential_many"
  },
  "results": {
    "train": {
      "average_loss": [
        0.0006878817447551499,
        0.0006220277289838067,
        0.000602363970183641,
        0.0005593167271670345,
        0.0005358870945576395
      ],
      "average_accuracy": [
        0,
        0,
        0,
        0,
        0
      ]
    },
    "test": {
      "average_loss": [
        0.0006429980364608186,
        0.0005748148011896833,
        0.0005600430588474997,
        0.0005081001562493545,
        0.0004822607189717312
      ],
      "average_accuracy": [
        0,
        0,
        0,
        0,
        0
      ]
    },
    "average_loss_intra_epoch": [
      0.0005358870945576395
    ],
    "average_accuracy_intra_epoch": [
      0
    ],
    "runtime": 1844.7146482467651
  }
}