{
  "hyperparameters": {
    "architecture": "music",
    "batch_size": 100,
    "clipping_threshold": 8.0,
    "dataset_name": "Nottingham",
    "epochs": 5,
    "initialization_scale": "\\sqrt{\frac{6}{n+m}}",
    "inner_ISGD_iterations": 0,
    "intra_epoch": false,
    "lr": 20.0,
    "momentum": 0.0,
    "mu": 0.0,
    "nodes": 300,
    "seed": 4,
    "sgdtype": "explicit",
    "data_type": "sequential_many"
  },
  "results": {
    "train": {
      "average_loss": [
        0.000509632263468563,
        0.0003930105351687272,
        0.0003459690035345477,
        0.00031567006972339106,
        0.00029570289551221225
      ],
      "average_accuracy": [
        0,
        0,
        0,
        0,
        0
      ]
    },
    "test": {
      "average_loss": [
        0.0005220485825274783,
        0.0004170863173331942,
        0.0003757875497018069,
        0.0003497147694682045,
        0.00033310588868891287
      ],
      "average_accuracy": [
        0,
        0,
        0,
        0,
        0
      ]
    },
    "average_loss_intra_epoch": [
      0.00029570289551221225
    ],
    "average_accuracy_intra_epoch": [
      0
    ],
    "runtime": 1411.4939992427826
  }
}