{
  "hyperparameters": {
    "architecture": "music",
    "batch_size": 100,
    "clipping_threshold": 1.0,
    "dataset_name": "JSB Chorales",
    "epochs": 10,
    "initialization_scale": "\\sqrt{\frac{6}{n+m}}",
    "inner_ISGD_iterations": 0,
    "intra_epoch": false,
    "lr": 10.0,
    "momentum": 0.0,
    "mu": 0.0,
    "nodes": 50,
    "seed": 1,
    "sgdtype": "implicit",
    "data_type": "sequential_many"
  },
  "results": {
    "train": {
      "average_loss": [
        11.414019143216995,
        11.002053934413793,
        9.58429885431148,
        9.783704135095189,
        9.414980058586753,
        9.189251234437702,
        9.018912631871919,
        9.29787885049545,
        9.469387419879697,
        8.938338066292642
      ],
      "average_accuracy": [
        0,
        0,
        0,
        0,
        0,
        0,
        0,
        0,
        0,
        0
      ]
    },
    "test": {
      "average_loss": [
        11.660479910961993,
        11.285506372327928,
        9.815937042236328,
        10.113513958918585,
        9.76023361899636,
        9.456447917145567,
        9.320056785236705,
        9.601630743447837,
        9.805983134678431,
        9.248421842401678
      ],
      "average_accuracy": [
        0,
        0,
        0,
        0,
        0,
        0,
        0,
        0,
        0,
        0
      ]
    },
    "average_loss_intra_epoch": [
      8.938338066292642
    ],
    "average_accuracy_intra_epoch": [
      0
    ],
    "runtime": 724.701494216919
  }
}