{
  "hyperparameters": {
    "architecture": "classification",
    "batch_size": 100,
    "clipping_threshold": 0.0,
    "dataset_name": "fertility_classification",
    "epochs": 10,
    "initialization_scale": "\\sqrt{\frac{6}{n+m}}",
    "inner_ISGD_iterations": 0,
    "intra_epoch": false,
    "lr": 30.0,
    "momentum": 0.0,
    "mu": 0.0,
    "nodes": 50,
    "seed": 1,
    "sgdtype": "explicit",
    "data_type": "classification"
  },
  "results": {
    "train": {
      "average_loss": [
        3.5525689125061035,
        11.649653434753418,
        40.95159149169922,
        3.159181594848633,
        260.834716796875,
        104.29023742675781,
        86.8379135131836,
        69.3890151977539,
        51.94336700439453,
        34.5008659362793
      ],
      "average_accuracy": [
        88.75,
        11.25,
        88.75,
        88.75,
        11.25,
        88.75,
        88.75,
        88.75,
        88.75,
        88.75
      ]
    },
    "test": {
      "average_loss": [
        4.735072612762451,
        11.339245796203613,
        54.602073669433594,
        4.212244987487793,
        249.81344604492188,
        139.05364990234375,
        115.7839126586914,
        92.51871490478516,
        69.25785064697266,
        46.00117874145508
      ],
      "average_accuracy": [
        85.0,
        15.0,
        85.0,
        85.0,
        15.0,
        85.0,
        85.0,
        85.0,
        85.0,
        85.0
      ]
    },
    "average_loss_intra_epoch": [
      34.5008659362793
    ],
    "average_accuracy_intra_epoch": [
      88.75
    ],
    "runtime": 3.574037551879883
  }
}