{
  "hyperparameters": {
    "architecture": "classification",
    "batch_size": 100,
    "clipping_threshold": 0.0,
    "dataset_name": "monks-1_classification",
    "epochs": 10,
    "initialization_scale": "\\sqrt{\frac{6}{n+m}}",
    "inner_ISGD_iterations": 0,
    "intra_epoch": false,
    "lr": 3.0,
    "momentum": 0.0,
    "mu": 0.0,
    "nodes": 50,
    "seed": 1,
    "sgdtype": "explicit",
    "data_type": "classification"
  },
  "results": {
    "train": {
      "average_loss": [
        0.7051970481872558,
        0.713396954536438,
        0.7133145570755005,
        0.7133251786231994,
        0.7133251190185547,
        0.7133235812187195,
        0.7133213639259338,
        0.713318657875061,
        0.7133154511451721,
        0.7133116364479065
      ],
      "average_accuracy": [
        50.9009009009009,
        50.9009009009009,
        50.9009009009009,
        50.9009009009009,
        50.9009009009009,
        50.9009009009009,
        50.9009009009009,
        50.9009009009009,
        50.9009009009009,
        50.9009009009009
      ]
    },
    "test": {
      "average_loss": [
        0.705885499715805,
        0.7141830623149872,
        0.7140799760818481,
        0.7140870988368988,
        0.7140873372554779,
        0.7140873968601227,
        0.7140875160694122,
        0.7140873074531555,
        0.7140870094299316,
        0.7140865623950958
      ],
      "average_accuracy": [
        46.42857142857143,
        46.42857142857143,
        46.42857142857143,
        46.42857142857143,
        46.42857142857143,
        46.42857142857143,
        46.42857142857143,
        46.42857142857143,
        46.42857142857143,
        46.42857142857143
      ]
    },
    "average_loss_intra_epoch": [
      0.7133116364479065
    ],
    "average_accuracy_intra_epoch": [
      50.9009009009009
    ],
    "runtime": 0.8248229026794434
  }
}