{
  "hyperparameters": {
    "architecture": "classification",
    "batch_size": 100,
    "clipping_threshold": 0.0,
    "dataset_name": "mushroom_classification",
    "epochs": 10,
    "initialization_scale": "\\sqrt{\frac{6}{n+m}}",
    "inner_ISGD_iterations": 0,
    "intra_epoch": false,
    "lr": 30.0,
    "momentum": 0.0,
    "mu": 0.0,
    "nodes": 50,
    "seed": 1,
    "sgdtype": "implicit",
    "data_type": "classification"
  },
  "results": {
    "train": {
      "average_loss": [
        80.97658949631911,
        52.53340922135573,
        40.146287452257596,
        186.68680666410006,
        34.63332931811993,
        23.467349140460673,
        35.282796698350175,
        31.57305799630972,
        22.779625173715445,
        11.916125906430757
      ],
      "average_accuracy": [
        86.52100323126635,
        88.64440683182028,
        86.50561624865364,
        82.36651792583474,
        89.73688259732266,
        92.12186490229266,
        91.93722111094014,
        92.75273118941375,
        92.84505308509002,
        89.01369441452532
      ]
    },
    "test": {
      "average_loss": [
        65.98571799783146,
        42.26757891037885,
        30.12016419803395,
        158.3896322811351,
        25.7130864648258,
        17.30562386793249,
        34.70477160285501,
        21.24795436859131,
        16.544599673327276,
        8.286272946526022
      ],
      "average_accuracy": [
        88.8,
        90.03076923076924,
        88.92307692307692,
        83.38461538461539,
        91.32307692307693,
        93.84615384615384,
        92.67692307692307,
        94.4,
        94.4,
        90.4
      ]
    },
    "average_loss_intra_epoch": [
      11.916125906430757
    ],
    "average_accuracy_intra_epoch": [
      89.01369441452532
    ],
    "runtime": 193.94295144081116
  }
}