{
  "hyperparameters": {
    "architecture": "classification",
    "batch_size": 100,
    "clipping_threshold": 0.0,
    "dataset_name": "twonorm_classification",
    "epochs": 10,
    "initialization_scale": "\\sqrt{\frac{6}{n+m}}",
    "inner_ISGD_iterations": 0,
    "intra_epoch": false,
    "lr": 10.0,
    "momentum": 0.0,
    "mu": 0.0,
    "nodes": 50,
    "seed": 1,
    "sgdtype": "explicit",
    "data_type": "classification"
  },
  "results": {
    "train": {
      "average_loss": [
        7.591982009013494,
        4.937400974829997,
        20.217667134602866,
        5.054020148764054,
        7.817769539356232,
        19.404822381337485,
        7.052702818314234,
        10.970033764839172,
        5.861942595243454,
        5.485124609867731
      ],
      "average_accuracy": [
        94.05405405405405,
        90.28716216216216,
        89.34121621621621,
        89.1891891891892,
        91.23310810810811,
        58.733108108108105,
        89.8141891891892,
        83.27702702702703,
        89.39189189189189,
        91.13175675675676
      ]
    },
    "test": {
      "average_loss": [
        7.412637599309286,
        5.000297753016154,
        18.88989086151123,
        4.498860756556193,
        8.483535130818685,
        17.519505055745444,
        6.694576263427734,
        9.647362772623698,
        5.204211298624674,
        4.235102256139119
      ],
      "average_accuracy": [
        94.12162162162163,
        90.8108108108108,
        90.20270270270271,
        89.39189189189189,
        91.48648648648648,
        61.013513513513516,
        90.4054054054054,
        86.08108108108108,
        90.27027027027027,
        92.29729729729729
      ]
    },
    "average_loss_intra_epoch": [
      5.485124609867731
    ],
    "average_accuracy_intra_epoch": [
      91.13175675675676
    ],
    "runtime": 10.41381025314331
  }
}