{
  "hyperparameters": {
    "architecture": "music",
    "batch_size": 100,
    "clipping_threshold": 1.0,
    "dataset_name": "JSB Chorales",
    "epochs": 10,
    "initialization_scale": "\\sqrt{\frac{6}{n+m}}",
    "inner_ISGD_iterations": 0,
    "intra_epoch": false,
    "lr": 0.15,
    "momentum": 0.0,
    "mu": 0.0,
    "nodes": 50,
    "seed": 1,
    "sgdtype": "implicit",
    "data_type": "sequential_many"
  },
  "results": {
    "train": {
      "average_loss": [
        9.08266479375581,
        8.621091682317475,
        8.358082939964195,
        8.188379063876956,
        8.065234821436187,
        7.967348269500066,
        7.885760658172541,
        7.816098954479767,
        7.755337041538355,
        7.701568043388133
      ],
      "average_accuracy": [
        0,
        0,
        0,
        0,
        0,
        0,
        0,
        0,
        0,
        0
      ]
    },
    "test": {
      "average_loss": [
        9.215375553477894,
        8.755103581911557,
        8.49404611215963,
        8.32599656612842,
        8.204126995879335,
        8.107219129413753,
        8.026507043219231,
        7.9577365726619576,
        7.897981652965793,
        7.845315759832209
      ],
      "average_accuracy": [
        0,
        0,
        0,
        0,
        0,
        0,
        0,
        0,
        0,
        0
      ]
    },
    "average_loss_intra_epoch": [
      7.701568043388133
    ],
    "average_accuracy_intra_epoch": [
      0
    ],
    "runtime": 724.0622816085815
  }
}