{
  "hyperparameters": {
    "architecture": "classification",
    "batch_size": 100,
    "clipping_threshold": 0.0,
    "dataset_name": "heart-cleveland_classification",
    "epochs": 10,
    "initialization_scale": "\\sqrt{\frac{6}{n+m}}",
    "inner_ISGD_iterations": 0,
    "intra_epoch": false,
    "lr": 10.0,
    "momentum": 0.0,
    "mu": 0.0,
    "nodes": 50,
    "seed": 1,
    "sgdtype": "explicit",
    "data_type": "classification"
  },
  "results": {
    "train": {
      "average_loss": [
        26.221913019816082,
        72.00481669108073,
        39.01977666219076,
        29.558151245117188,
        19.212613741556805,
        21.091674486796062,
        22.3265864054362,
        23.32948176066081,
        28.206349690755207,
        16.4478816986084
      ],
      "average_accuracy": [
        53.71900826446281,
        31.40495867768595,
        50.0,
        15.289256198347108,
        52.06611570247934,
        52.06611570247934,
        36.77685950413223,
        43.388429752066116,
        51.239669421487605,
        25.619834710743802
      ]
    },
    "test": {
      "average_loss": [
        25.664833068847656,
        72.23804473876953,
        42.008296966552734,
        32.418556213378906,
        23.536039352416992,
        25.099853515625,
        16.984403610229492,
        16.9840087890625,
        25.912864685058594,
        15.62983512878418
      ],
      "average_accuracy": [
        55.73770491803279,
        27.868852459016395,
        49.18032786885246,
        14.754098360655737,
        54.09836065573771,
        45.90163934426229,
        45.90163934426229,
        45.90163934426229,
        54.09836065573771,
        24.59016393442623
      ]
    },
    "average_loss_intra_epoch": [
      16.4478816986084
    ],
    "average_accuracy_intra_epoch": [
      25.619834710743802
    ],
    "runtime": 0.665175199508667
  }
}