{
  "hyperparameters": {
    "architecture": "classification",
    "batch_size": 100,
    "clipping_threshold": 0.0,
    "dataset_name": "acute-nephritis_classification",
    "epochs": 10,
    "initialization_scale": "\\sqrt{\frac{6}{n+m}}",
    "inner_ISGD_iterations": 0,
    "intra_epoch": false,
    "lr": 3.0,
    "momentum": 0.0,
    "mu": 0.0,
    "nodes": 50,
    "seed": 1,
    "sgdtype": "implicit",
    "data_type": "classification"
  },
  "results": {
    "train": {
      "average_loss": [
        0.6886589527130127,
        0.6807586550712585,
        0.6689741015434265,
        0.6567899584770203,
        0.6484569311141968,
        0.6376081109046936,
        0.6079707741737366,
        0.46983543038368225,
        0.07592491060495377,
        0.01662946306169033
      ],
      "average_accuracy": [
        64.58333333333333,
        64.58333333333333,
        64.58333333333333,
        64.58333333333333,
        64.58333333333333,
        64.58333333333333,
        64.58333333333333,
        87.5,
        100.0,
        100.0
      ]
    },
    "test": {
      "average_loss": [
        1.0641731023788452,
        0.7055779099464417,
        0.9921579360961914,
        0.7502194046974182,
        0.8996114134788513,
        0.772075891494751,
        0.8135740756988525,
        0.5494950413703918,
        0.09382607787847519,
        0.017259182408452034
      ],
      "average_accuracy": [
        33.333333333333336,
        33.333333333333336,
        33.333333333333336,
        33.333333333333336,
        33.333333333333336,
        33.333333333333336,
        33.333333333333336,
        83.33333333333333,
        100.0,
        100.0
      ]
    },
    "average_loss_intra_epoch": [
      0.01662946306169033
    ],
    "average_accuracy_intra_epoch": [
      100.0
    ],
    "runtime": 3.9309918880462646
  }
}