{
  "hyperparameters": {
    "architecture": "classification",
    "batch_size": 100,
    "clipping_threshold": 0.0,
    "dataset_name": "pittsburg-bridges-SPAN_classification",
    "epochs": 10,
    "initialization_scale": "\\sqrt{\frac{6}{n+m}}",
    "inner_ISGD_iterations": 0,
    "intra_epoch": false,
    "lr": 5.0,
    "momentum": 0.0,
    "mu": 0.0,
    "nodes": 50,
    "seed": 1,
    "sgdtype": "implicit",
    "data_type": "classification"
  },
  "results": {
    "train": {
      "average_loss": [
        1.1064627170562744,
        1.2544159889221191,
        1.1532682180404663,
        1.2464569807052612,
        1.2452360391616821,
        1.7673674821853638,
        1.131981611251831,
        4.466864585876465,
        8.628714561462402,
        2.398965358734131
      ],
      "average_accuracy": [
        50.68493150684932,
        26.027397260273972,
        50.68493150684932,
        26.027397260273972,
        50.68493150684932,
        26.027397260273972,
        50.68493150684932,
        26.027397260273972,
        26.027397260273972,
        26.027397260273972
      ]
    },
    "test": {
      "average_loss": [
        1.0191975831985474,
        1.3036227226257324,
        1.0357600450515747,
        1.307794213294983,
        1.0870671272277832,
        1.9376983642578125,
        0.9858260750770569,
        5.078797817230225,
        9.83637809753418,
        2.406189441680908
      ],
      "average_accuracy": [
        57.89473684210526,
        15.789473684210526,
        57.89473684210526,
        15.789473684210526,
        57.89473684210526,
        15.789473684210526,
        57.89473684210526,
        15.789473684210526,
        15.789473684210526,
        31.57894736842105
      ]
    },
    "average_loss_intra_epoch": [
      2.398965358734131
    ],
    "average_accuracy_intra_epoch": [
      26.027397260273972
    ],
    "runtime": 4.223811626434326
  }
}