{
  "hyperparameters": {
    "architecture": "classification",
    "batch_size": 100,
    "clipping_threshold": 0.0,
    "dataset_name": "pendigits_classification",
    "epochs": 10,
    "initialization_scale": "\\sqrt{\frac{6}{n+m}}",
    "inner_ISGD_iterations": 0,
    "intra_epoch": false,
    "lr": 3.0,
    "momentum": 0.0,
    "mu": 0.0,
    "nodes": 50,
    "seed": 1,
    "sgdtype": "implicit",
    "data_type": "classification"
  },
  "results": {
    "train": {
      "average_loss": [
        3.4307512126185675,
        1.6361567892811515,
        0.47324042073027656,
        0.39876785840500484,
        0.34586027958853677,
        0.25660198486664076,
        0.17846939026970754,
        0.1766610328446735,
        0.1914872758683156,
        0.18267538068308073
      ],
      "average_accuracy": [
        42.76128738769476,
        75.00284317070397,
        88.27476401683157,
        89.46889571249858,
        91.7093142272262,
        93.85875127942681,
        95.405436142386,
        95.70112589559878,
        95.0642556579097,
        95.82622540657341
      ]
    },
    "test": {
      "average_loss": [
        3.3960993723435835,
        1.678543502634222,
        0.5057501779361204,
        0.41988235034725885,
        0.36232344806194305,
        0.256295618685809,
        0.21740047430450266,
        0.19826405224474994,
        0.23323850401423193,
        0.19242159294133837
      ],
      "average_accuracy": [
        42.11005002273761,
        75.35243292405639,
        87.6762164620282,
        89.31332423829014,
        91.54160982264666,
        93.67894497498862,
        94.63392451114143,
        95.13415188722146,
        94.4974988631196,
        95.31605275125057
      ]
    },
    "average_loss_intra_epoch": [
      0.18267538068308073
    ],
    "average_accuracy_intra_epoch": [
      95.82622540657341
    ],
    "runtime": 207.432555437088
  }
}