{
  "hyperparameters": {
    "architecture": "classification",
    "batch_size": 100,
    "clipping_threshold": 0.0,
    "dataset_name": "haberman-survival_classification",
    "epochs": 10,
    "initialization_scale": "\\sqrt{\frac{6}{n+m}}",
    "inner_ISGD_iterations": 0,
    "intra_epoch": false,
    "lr": 10.0,
    "momentum": 0.0,
    "mu": 0.0,
    "nodes": 50,
    "seed": 1,
    "sgdtype": "explicit",
    "data_type": "classification"
  },
  "results": {
    "train": {
      "average_loss": [
        6.53517468770345,
        21.60990842183431,
        7.731837749481201,
        20.75659688313802,
        20.86032549540202,
        7.567354043324788,
        7.166450500488281,
        5.844265302022298,
        7.550010681152344,
        9.429771582285563
      ],
      "average_accuracy": [
        72.54098360655738,
        27.459016393442624,
        74.59016393442623,
        72.54098360655738,
        34.42622950819672,
        72.54098360655738,
        72.54098360655738,
        72.54098360655738,
        72.54098360655738,
        72.54098360655738
      ]
    },
    "test": {
      "average_loss": [
        5.642969131469727,
        22.69123649597168,
        7.4004225730896,
        17.923622131347656,
        17.94844627380371,
        8.52113151550293,
        5.05109977722168,
        7.033614158630371,
        6.503235340118408,
        6.879659652709961
      ],
      "average_accuracy": [
        77.41935483870968,
        22.580645161290324,
        74.19354838709677,
        77.41935483870968,
        33.87096774193548,
        77.41935483870968,
        77.41935483870968,
        77.41935483870968,
        77.41935483870968,
        77.41935483870968
      ]
    },
    "average_loss_intra_epoch": [
      9.429771582285563
    ],
    "average_accuracy_intra_epoch": [
      72.54098360655738
    ],
    "runtime": 3.700989007949829
  }
}