{
  "hyperparameters": {
    "architecture": "classification",
    "batch_size": 100,
    "clipping_threshold": 0.0,
    "dataset_name": "breast-cancer-wisc_classification",
    "epochs": 10,
    "initialization_scale": "\\sqrt{\frac{6}{n+m}}",
    "inner_ISGD_iterations": 0,
    "intra_epoch": false,
    "lr": 0.001,
    "momentum": 0.0,
    "mu": 0.0,
    "nodes": 50,
    "seed": 1,
    "sgdtype": "explicit",
    "data_type": "classification"
  },
  "results": {
    "train": {
      "average_loss": [
        0.7064562241236368,
        0.7059904237588247,
        0.7055280009905497,
        0.7050689359505972,
        0.7046132683753967,
        0.7041607399781545,
        0.7037115097045898,
        0.7032655775547028,
        0.7028227945168813,
        0.7023833195368449
      ],
      "average_accuracy": [
        34.52593917710197,
        34.52593917710197,
        34.52593917710197,
        34.52593917710197,
        34.52593917710197,
        34.52593917710197,
        34.52593917710197,
        34.52593917710197,
        34.52593917710197,
        34.52593917710197
      ]
    },
    "test": {
      "average_loss": [
        0.7057157754898071,
        0.7052760124206543,
        0.7048397064208984,
        0.704406350851059,
        0.7039765417575836,
        0.7035496830940247,
        0.703125923871994,
        0.7027056813240051,
        0.7022882699966431,
        0.7018739879131317
      ],
      "average_accuracy": [
        34.285714285714285,
        34.285714285714285,
        34.285714285714285,
        34.285714285714285,
        34.285714285714285,
        34.285714285714285,
        34.285714285714285,
        34.285714285714285,
        34.285714285714285,
        34.285714285714285
      ]
    },
    "average_loss_intra_epoch": [
      0.7023833195368449
    ],
    "average_accuracy_intra_epoch": [
      34.52593917710197
    ],
    "runtime": 0.9247088432312012
  }
}