{
  "hyperparameters": {
    "architecture": "classification",
    "batch_size": 100,
    "clipping_threshold": 0.0,
    "dataset_name": "hayes-roth_classification",
    "epochs": 10,
    "initialization_scale": "\\sqrt{\frac{6}{n+m}}",
    "inner_ISGD_iterations": 0,
    "intra_epoch": false,
    "lr": 50.0,
    "momentum": 0.0,
    "mu": 0.0,
    "nodes": 50,
    "seed": 1,
    "sgdtype": "implicit",
    "data_type": "classification"
  },
  "results": {
    "train": {
      "average_loss": [
        66.29032516479492,
        67.72066688537598,
        111.93997955322266,
        141.86726760864258,
        82.27963638305664,
        85.50542831420898,
        238.97474670410156,
        223.25618743896484,
        163.67315673828125,
        127.38118743896484
      ],
      "average_accuracy": [
        42.96875,
        42.96875,
        20.3125,
        36.71875,
        36.71875,
        20.3125,
        42.96875,
        36.71875,
        36.71875,
        42.96875
      ]
    },
    "test": {
      "average_loss": [
        86.81140899658203,
        85.74703216552734,
        137.6627197265625,
        116.26687622070312,
        64.37733459472656,
        75.30032348632812,
        296.1500244140625,
        169.45538330078125,
        117.57032775878906,
        148.65377807617188
      ],
      "average_accuracy": [
        31.25,
        31.25,
        15.625,
        53.125,
        53.125,
        15.625,
        31.25,
        53.125,
        53.125,
        31.25
      ]
    },
    "average_loss_intra_epoch": [
      127.38118743896484
    ],
    "average_accuracy_intra_epoch": [
      42.96875
    ],
    "runtime": 4.432767868041992
  }
}