{
  "hyperparameters": {
    "architecture": "classification",
    "batch_size": 100,
    "clipping_threshold": 0.0,
    "dataset_name": "haberman-survival_classification",
    "epochs": 10,
    "initialization_scale": "\\sqrt{\frac{6}{n+m}}",
    "inner_ISGD_iterations": 0,
    "intra_epoch": false,
    "lr": 5.0,
    "momentum": 0.0,
    "mu": 0.0,
    "nodes": 50,
    "seed": 1,
    "sgdtype": "explicit",
    "data_type": "classification"
  },
  "results": {
    "train": {
      "average_loss": [
        1.045023540655772,
        0.7022925416628519,
        1.1596152981122334,
        0.6721081137657166,
        1.1425173083941143,
        10.381613413492838,
        8.002727826436361,
        10.621805508931478,
        10.653327624003092,
        2.2245853741963706
      ],
      "average_accuracy": [
        72.54098360655738,
        27.459016393442624,
        72.54098360655738,
        72.54098360655738,
        72.54098360655738,
        27.459016393442624,
        72.54098360655738,
        72.54098360655738,
        72.54098360655738,
        27.459016393442624
      ]
    },
    "test": {
      "average_loss": [
        0.9049698114395142,
        0.7036163210868835,
        1.0030114650726318,
        0.6690704226493835,
        0.988304615020752,
        10.876358985900879,
        6.909363746643066,
        9.17201042175293,
        9.203204154968262,
        2.329150915145874
      ],
      "average_accuracy": [
        77.41935483870968,
        22.580645161290324,
        77.41935483870968,
        77.41935483870968,
        77.41935483870968,
        22.580645161290324,
        77.41935483870968,
        77.41935483870968,
        77.41935483870968,
        22.580645161290324
      ]
    },
    "average_loss_intra_epoch": [
      2.2245853741963706
    ],
    "average_accuracy_intra_epoch": [
      27.459016393442624
    ],
    "runtime": 3.8452188968658447
  }
}