{
  "hyperparameters": {
    "architecture": "classification",
    "batch_size": 100,
    "clipping_threshold": 0.0,
    "dataset_name": "yeast_classification",
    "epochs": 10,
    "initialization_scale": "\\sqrt{\frac{6}{n+m}}",
    "inner_ISGD_iterations": 0,
    "intra_epoch": false,
    "lr": 0.001,
    "momentum": 0.0,
    "mu": 0.0,
    "nodes": 50,
    "seed": 1,
    "sgdtype": "explicit",
    "data_type": "classification"
  },
  "results": {
    "train": {
      "average_loss": [
        2.323428730169932,
        2.3201991518338523,
        2.316986362139384,
        2.3137900034586587,
        2.310609837373098,
        2.3074459632237754,
        2.3042980829874673,
        2.301166276137034,
        2.2980501453081765,
        2.2949495712916055
      ],
      "average_accuracy": [
        2.1903959561920807,
        2.1903959561920807,
        2.1903959561920807,
        2.1903959561920807,
        2.1903959561920807,
        2.1903959561920807,
        2.1903959561920807,
        2.274641954507161,
        4.380791912384161,
        26.62173546756529
      ]
    },
    "test": {
      "average_loss": [
        2.3230512142181396,
        2.319946845372518,
        2.316858450571696,
        2.3137866655985513,
        2.310730536778768,
        2.3076909383138022,
        2.3046669165293374,
        2.3016583919525146,
        2.2986648877461753,
        2.2956870396931968
      ],
      "average_accuracy": [
        3.0303030303030303,
        3.0303030303030303,
        3.0303030303030303,
        3.0303030303030303,
        3.0303030303030303,
        3.0303030303030303,
        3.0303030303030303,
        3.0303030303030303,
        4.377104377104377,
        25.589225589225588
      ]
    },
    "average_loss_intra_epoch": [
      2.2949495712916055
    ],
    "average_accuracy_intra_epoch": [
      26.62173546756529
    ],
    "runtime": 4.174126148223877
  }
}