{
  "hyperparameters": {
    "architecture": "music",
    "batch_size": 100,
    "clipping_threshold": 8.0,
    "dataset_name": "Nottingham",
    "epochs": 5,
    "initialization_scale": "\\sqrt{\frac{6}{n+m}}",
    "inner_ISGD_iterations": 0,
    "intra_epoch": false,
    "lr": 50.0,
    "momentum": 0.0,
    "mu": 0.0,
    "nodes": 300,
    "seed": 3,
    "sgdtype": "explicit",
    "data_type": "sequential_many"
  },
  "results": {
    "train": {
      "average_loss": [
        0.0004292976690042108,
        0.0003644105418795258,
        0.0003715302930657617,
        0.00031067341382320706,
        0.0002931440801229962
      ],
      "average_accuracy": [
        0,
        0,
        0,
        0,
        0
      ]
    },
    "test": {
      "average_loss": [
        0.0004474726772220011,
        0.00039693223173825946,
        0.0004096570761569584,
        0.00034892322174153595,
        0.0003330691619981628
      ],
      "average_accuracy": [
        0,
        0,
        0,
        0,
        0
      ]
    },
    "average_loss_intra_epoch": [
      0.0002931440801229962
    ],
    "average_accuracy_intra_epoch": [
      0
    ],
    "runtime": 1313.1971266269684
  }
}