{
  "hyperparameters": {
    "architecture": "classification",
    "batch_size": 100,
    "clipping_threshold": 0.0,
    "dataset_name": "cardiotocography-10clases_classification",
    "epochs": 10,
    "initialization_scale": "\\sqrt{\frac{6}{n+m}}",
    "inner_ISGD_iterations": 0,
    "intra_epoch": false,
    "lr": 0.01,
    "momentum": 0.0,
    "mu": 0.0,
    "nodes": 50,
    "seed": 1,
    "sgdtype": "implicit",
    "data_type": "classification"
  },
  "results": {
    "train": {
      "average_loss": [
        2.2953034849727856,
        2.279479377409991,
        2.2644432993496166,
        2.2501354077283073,
        2.236506237703211,
        2.223513869678273,
        2.2111224426942715,
        2.199301242828369,
        2.1880238757413975,
        2.1772670605603386
      ],
      "average_accuracy": [
        17.705882352941178,
        18.294117647058822,
        19.0,
        35.529411764705884,
        26.88235294117647,
        26.88235294117647,
        26.88235294117647,
        26.88235294117647,
        26.88235294117647,
        26.88235294117647
      ]
    },
    "test": {
      "average_loss": [
        2.2887622356414794,
        2.2725882530212402,
        2.2572117328643797,
        2.2425724506378173,
        2.2286205291748047,
        2.215314197540283,
        2.2026169300079346,
        2.1904987335205077,
        2.1789337635040282,
        2.167897891998291
      ],
      "average_accuracy": [
        16.901408450704224,
        17.6056338028169,
        18.544600938967136,
        34.74178403755869,
        28.63849765258216,
        28.63849765258216,
        28.63849765258216,
        28.63849765258216,
        28.63849765258216,
        28.63849765258216
      ]
    },
    "average_loss_intra_epoch": [
      2.1772670605603386
    ],
    "average_accuracy_intra_epoch": [
      26.88235294117647
    ],
    "runtime": 14.011336088180542
  }
}