{
  "hyperparameters": {
    "architecture": "classification",
    "batch_size": 100,
    "clipping_threshold": 0.0,
    "dataset_name": "energy-y2_classification",
    "epochs": 10,
    "initialization_scale": "\\sqrt{\frac{6}{n+m}}",
    "inner_ISGD_iterations": 0,
    "intra_epoch": false,
    "lr": 50.0,
    "momentum": 0.0,
    "mu": 0.0,
    "nodes": 50,
    "seed": 1,
    "sgdtype": "implicit",
    "data_type": "classification"
  },
  "results": {
    "train": {
      "average_loss": [
        204.263911655971,
        49.21011298043387,
        13.136013848440987,
        51.037793840680806,
        34.56209509713309,
        28.54484694344657,
        51.72391564505441,
        45.866427830287385,
        53.05442810058594,
        48.54905264718192
      ],
      "average_accuracy": [
        74.1042345276873,
        74.1042345276873,
        73.9413680781759,
        74.1042345276873,
        73.9413680781759,
        73.9413680781759,
        73.9413680781759,
        73.9413680781759,
        73.9413680781759,
        74.1042345276873
      ]
    },
    "test": {
      "average_loss": [
        246.47940063476562,
        56.964019775390625,
        14.610900402069092,
        51.75921058654785,
        33.48226547241211,
        30.791431427001953,
        50.270708084106445,
        47.76536750793457,
        62.29427528381348,
        52.39688491821289
      ],
      "average_accuracy": [
        71.42857142857143,
        71.42857142857143,
        71.42857142857143,
        71.42857142857143,
        71.42857142857143,
        71.42857142857143,
        71.42857142857143,
        71.42857142857143,
        71.42857142857143,
        71.42857142857143
      ]
    },
    "average_loss_intra_epoch": [
      48.54905264718192
    ],
    "average_accuracy_intra_epoch": [
      74.1042345276873
    ],
    "runtime": 11.186048984527588
  }
}