{
  "hyperparameters": {
    "architecture": "classification",
    "batch_size": 100,
    "clipping_threshold": 0.0,
    "dataset_name": "statlog-landsat_classification",
    "epochs": 10,
    "initialization_scale": "\\sqrt{\frac{6}{n+m}}",
    "inner_ISGD_iterations": 0,
    "intra_epoch": false,
    "lr": 0.1,
    "momentum": 0.0,
    "mu": 0.0,
    "nodes": 50,
    "seed": 1,
    "sgdtype": "implicit",
    "data_type": "classification"
  },
  "results": {
    "train": {
      "average_loss": [
        0.9032950229369677,
        0.5979954709227269,
        0.4907465187402872,
        0.44843312754080844,
        0.425026968981211,
        0.4082675805458656,
        0.395200237345237,
        0.3845692411638223,
        0.375667020965081,
        0.36810847285848397
      ],
      "average_accuracy": [
        71.01787101787102,
        79.93395493395494,
        83.11965811965813,
        83.93550893550893,
        84.47940947940948,
        84.82905982905983,
        85.25641025641026,
        85.47008547008546,
        85.68376068376068,
        85.994560994561
      ]
    },
    "test": {
      "average_loss": [
        0.9080963088915899,
        0.6118762080486004,
        0.5188885170679826,
        0.48417382744642407,
        0.463909965295058,
        0.4480307423151456,
        0.43464019206854015,
        0.423218507033128,
        0.413542247735537,
        0.40544450283050537
      ],
      "average_accuracy": [
        71.95027195027195,
        78.86557886557887,
        81.8958818958819,
        82.90598290598291,
        83.37218337218337,
        83.6052836052836,
        83.76068376068376,
        84.22688422688422,
        84.22688422688422,
        84.38228438228438
      ]
    },
    "average_loss_intra_epoch": [
      0.36810847285848397
    ],
    "average_accuracy_intra_epoch": [
      85.994560994561
    ],
    "runtime": 269.45686864852905
  }
}