{
  "hyperparameters": {
    "architecture": "classification",
    "batch_size": 100,
    "clipping_threshold": 0.0,
    "dataset_name": "pima_classification",
    "epochs": 10,
    "initialization_scale": "\\sqrt{\frac{6}{n+m}}",
    "inner_ISGD_iterations": 0,
    "intra_epoch": false,
    "lr": 0.001,
    "momentum": 0.0,
    "mu": 0.0,
    "nodes": 50,
    "seed": 1,
    "sgdtype": "implicit",
    "data_type": "classification"
  },
  "results": {
    "train": {
      "average_loss": [
        0.6575576322419303,
        0.6575491258076259,
        0.6575406960078648,
        0.65753230878285,
        0.6575240577970233,
        0.6575157301766532,
        0.6575075558253697,
        0.6574994155338832,
        0.6574913348470416,
        0.6574833648545402
      ],
      "average_accuracy": [
        65.30944625407166,
        65.30944625407166,
        65.30944625407166,
        65.30944625407166,
        65.30944625407166,
        65.30944625407166,
        65.30944625407166,
        65.30944625407166,
        65.30944625407166,
        65.30944625407166
      ]
    },
    "test": {
      "average_loss": [
        0.653015524148941,
        0.6530033051967621,
        0.6529911756515503,
        0.6529790759086609,
        0.6529670357704163,
        0.6529551446437836,
        0.6529432833194733,
        0.6529315114021301,
        0.6529198586940765,
        0.652908205986023
      ],
      "average_accuracy": [
        64.28571428571429,
        64.28571428571429,
        64.28571428571429,
        64.28571428571429,
        64.28571428571429,
        64.28571428571429,
        64.28571428571429,
        64.28571428571429,
        64.28571428571429,
        64.28571428571429
      ]
    },
    "average_loss_intra_epoch": [
      0.6574833648545402
    ],
    "average_accuracy_intra_epoch": [
      65.30944625407166
    ],
    "runtime": 11.740806102752686
  }
}