{
  "hyperparameters": {
    "architecture": "classification",
    "batch_size": 100,
    "clipping_threshold": 0.0,
    "dataset_name": "mammographic_classification",
    "epochs": 10,
    "initialization_scale": "\\sqrt{\frac{6}{n+m}}",
    "inner_ISGD_iterations": 0,
    "intra_epoch": false,
    "lr": 5.0,
    "momentum": 0.0,
    "mu": 0.0,
    "nodes": 50,
    "seed": 1,
    "sgdtype": "explicit",
    "data_type": "classification"
  },
  "results": {
    "train": {
      "average_loss": [
        9.242594242095947,
        13.030997514724731,
        0.7492832690477371,
        28.096043348312378,
        2.943659156560898,
        1.361058458685875,
        1.9566906243562698,
        1.7025178670883179,
        4.643178075551987,
        12.335395574569702
      ],
      "average_accuracy": [
        47.135416666666664,
        47.135416666666664,
        52.864583333333336,
        53.255208333333336,
        78.25520833333333,
        78.515625,
        78.90625,
        74.47916666666667,
        80.078125,
        79.6875
      ]
    },
    "test": {
      "average_loss": [
        9.912132740020752,
        13.97551965713501,
        0.7186067700386047,
        25.607176780700684,
        3.4833602905273438,
        1.4776728749275208,
        2.0532994270324707,
        1.7056570649147034,
        4.951006650924683,
        15.17345905303955
      ],
      "average_accuracy": [
        43.005181347150256,
        43.005181347150256,
        56.994818652849744,
        58.031088082901555,
        74.61139896373057,
        75.64766839378238,
        77.72020725388602,
        73.05699481865285,
        78.75647668393782,
        75.12953367875647
      ]
    },
    "average_loss_intra_epoch": [
      12.335395574569702
    ],
    "average_accuracy_intra_epoch": [
      79.6875
    ],
    "runtime": 4.242342472076416
  }
}