{
  "hyperparameters": {
    "architecture": "classification",
    "batch_size": 100,
    "clipping_threshold": 0.0,
    "dataset_name": "magic_classification",
    "epochs": 10,
    "initialization_scale": "\\sqrt{\frac{6}{n+m}}",
    "inner_ISGD_iterations": 0,
    "intra_epoch": false,
    "lr": 0.001,
    "momentum": 0.0,
    "mu": 0.0,
    "nodes": 50,
    "seed": 1,
    "sgdtype": "explicit",
    "data_type": "classification"
  },
  "results": {
    "train": {
      "average_loss": [
        0.6746152378375234,
        0.6692505237323786,
        0.6650005559516109,
        0.6616242979866227,
        0.6589346995540694,
        0.6567858554958518,
        0.6550636914820452,
        0.6536787000356936,
        0.6525604810590059,
        0.651653488866644
      ],
      "average_accuracy": [
        64.62276550998949,
        64.62276550998949,
        64.62276550998949,
        64.62276550998949,
        64.62276550998949,
        64.62276550998949,
        64.62276550998949,
        64.62276550998949,
        64.62276550998949,
        64.62276550998949
      ]
    },
    "test": {
      "average_loss": [
        0.6738597643681061,
        0.6681876335388575,
        0.6636655345941201,
        0.6600481439859439,
        0.6571448124372042,
        0.6548064106549972,
        0.6529161548003172,
        0.6513821085294088,
        0.6501318002358462,
        0.6491078107784956
      ],
      "average_accuracy": [
        65.69400630914826,
        65.69400630914826,
        65.69400630914826,
        65.69400630914826,
        65.69400630914826,
        65.69400630914826,
        65.69400630914826,
        65.69400630914826,
        65.69400630914826,
        65.69400630914826
      ]
    },
    "average_loss_intra_epoch": [
      0.651653488866644
    ],
    "average_accuracy_intra_epoch": [
      64.62276550998949
    ],
    "runtime": 20.494263887405396
  }
}