{
  "hyperparameters": {
    "architecture": "classification",
    "batch_size": 100,
    "clipping_threshold": 0.0,
    "dataset_name": "annealing_classification",
    "epochs": 10,
    "initialization_scale": "\\sqrt{\frac{6}{n+m}}",
    "inner_ISGD_iterations": 0,
    "intra_epoch": false,
    "lr": 0.001,
    "momentum": 0.0,
    "mu": 0.0,
    "nodes": 50,
    "seed": 1,
    "sgdtype": "implicit",
    "data_type": "classification"
  },
  "results": {
    "train": {
      "average_loss": [
        1.5610670447349548,
        1.5562506318092346,
        1.5513392686843872,
        1.5464302748441696,
        1.5416948795318604,
        1.5369510501623154,
        1.532246172428131,
        1.527625933289528,
        1.523044392466545,
        1.518490955233574
      ],
      "average_accuracy": [
        9.470752089136491,
        11.28133704735376,
        11.838440111420613,
        13.927576601671309,
        17.54874651810585,
        20.473537604456826,
        22.56267409470752,
        24.094707520891365,
        25.069637883008358,
        30.64066852367688
      ]
    },
    "test": {
      "average_loss": [
        1.555859625339508,
        1.5508107542991638,
        1.545591115951538,
        1.540346384048462,
        1.535384476184845,
        1.5304753184318542,
        1.525616466999054,
        1.5208025574684143,
        1.5160207152366638,
        1.511268973350525
      ],
      "average_accuracy": [
        9.444444444444445,
        8.88888888888889,
        9.444444444444445,
        12.222222222222221,
        15.0,
        19.444444444444443,
        20.555555555555557,
        20.555555555555557,
        23.333333333333332,
        27.77777777777778
      ]
    },
    "average_loss_intra_epoch": [
      1.518490955233574
    ],
    "average_accuracy_intra_epoch": [
      30.64066852367688
    ],
    "runtime": 11.248467922210693
  }
}