{
  "hyperparameters": {
    "architecture": "classification",
    "batch_size": 100,
    "clipping_threshold": 0.0,
    "dataset_name": "lung-cancer_classification",
    "epochs": 10,
    "initialization_scale": "\\sqrt{\frac{6}{n+m}}",
    "inner_ISGD_iterations": 0,
    "intra_epoch": false,
    "lr": 3.0,
    "momentum": 0.0,
    "mu": 0.0,
    "nodes": 50,
    "seed": 1,
    "sgdtype": "explicit",
    "data_type": "classification"
  },
  "results": {
    "train": {
      "average_loss": [
        0.9593814611434937,
        0.5235016345977783,
        0.5419959425926208,
        1.7914127111434937,
        6.404199600219727,
        22.877092361450195,
        63.94039535522461,
        40.98674774169922,
        75.04904174804688,
        28.793535232543945
      ],
      "average_accuracy": [
        40.0,
        68.0,
        68.0,
        64.0,
        16.0,
        28.0,
        32.0,
        48.0,
        44.0,
        40.0
      ]
    },
    "test": {
      "average_loss": [
        1.005459189414978,
        0.8472622632980347,
        1.1595302820205688,
        4.693182468414307,
        4.539801120758057,
        40.2122802734375,
        42.80461883544922,
        34.672664642333984,
        97.381591796875,
        8.706442832946777
      ],
      "average_accuracy": [
        42.857142857142854,
        57.142857142857146,
        57.142857142857146,
        42.857142857142854,
        28.571428571428573,
        14.285714285714286,
        42.857142857142854,
        85.71428571428571,
        28.571428571428573,
        57.142857142857146
      ]
    },
    "average_loss_intra_epoch": [
      28.793535232543945
    ],
    "average_accuracy_intra_epoch": [
      40.0
    ],
    "runtime": 3.6303017139434814
  }
}