{
  "hyperparameters": {
    "architecture": "music",
    "batch_size": 100,
    "clipping_threshold": 8.0,
    "dataset_name": "Piano-midi.de",
    "epochs": 5,
    "initialization_scale": "\\sqrt{\frac{6}{n+m}}",
    "inner_ISGD_iterations": 0,
    "intra_epoch": false,
    "lr": 20.0,
    "momentum": 0.0,
    "mu": 0.0,
    "nodes": 300,
    "seed": 1,
    "sgdtype": "implicit",
    "data_type": "sequential_many"
  },
  "results": {
    "train": {
      "average_loss": [
        0.0005140458674811699,
        0.0004295223338101942,
        0.0003973856774823146,
        0.00037902772868849636,
        0.00036666734347651155
      ],
      "average_accuracy": [
        0,
        0,
        0,
        0,
        0
      ]
    },
    "test": {
      "average_loss": [
        0.000618891264020931,
        0.0005272348472499289,
        0.0004928205921896733,
        0.0004733953774848487,
        0.0004604895155353006
      ],
      "average_accuracy": [
        0,
        0,
        0,
        0,
        0
      ]
    },
    "average_loss_intra_epoch": [
      0.00036666734347651155
    ],
    "average_accuracy_intra_epoch": [
      0
    ],
    "runtime": 2976.4358565807343
  }
}