{
  "hyperparameters": {
    "architecture": "classification",
    "batch_size": 100,
    "clipping_threshold": 0.0,
    "dataset_name": "blood_classification",
    "epochs": 10,
    "initialization_scale": "\\sqrt{\frac{6}{n+m}}",
    "inner_ISGD_iterations": 0,
    "intra_epoch": false,
    "lr": 5.0,
    "momentum": 0.0,
    "mu": 0.0,
    "nodes": 50,
    "seed": 1,
    "sgdtype": "implicit",
    "data_type": "classification"
  },
  "results": {
    "train": {
      "average_loss": [
        0.6154925425847372,
        0.5439857443173727,
        0.5444088031848272,
        0.5443945378065109,
        0.5443951785564423,
        0.5443951785564423,
        0.5443951686223348,
        0.544395183523496,
        0.5443951487541199,
        0.5443951537211736
      ],
      "average_accuracy": [
        77.09030100334448,
        77.09030100334448,
        77.09030100334448,
        77.09030100334448,
        77.09030100334448,
        77.09030100334448,
        77.09030100334448,
        77.09030100334448,
        77.09030100334448,
        77.09030100334448
      ]
    },
    "test": {
      "average_loss": [
        0.7183474600315094,
        0.6113750040531158,
        0.6122444570064545,
        0.6122153401374817,
        0.6122166812419891,
        0.6122166514396667,
        0.6122166812419891,
        0.6122166812419891,
        0.6122166216373444,
        0.6122166216373444
      ],
      "average_accuracy": [
        72.66666666666667,
        72.66666666666667,
        72.66666666666667,
        72.66666666666667,
        72.66666666666667,
        72.66666666666667,
        72.66666666666667,
        72.66666666666667,
        72.66666666666667,
        72.66666666666667
      ]
    },
    "average_loss_intra_epoch": [
      0.5443951537211736
    ],
    "average_accuracy_intra_epoch": [
      77.09030100334448
    ],
    "runtime": 7.486192941665649
  }
}