{
  "hyperparameters": {
    "architecture": "classification",
    "batch_size": 100,
    "clipping_threshold": 0.0,
    "dataset_name": "haberman-survival_classification",
    "epochs": 10,
    "initialization_scale": "\\sqrt{\frac{6}{n+m}}",
    "inner_ISGD_iterations": 0,
    "intra_epoch": false,
    "lr": 0.1,
    "momentum": 0.0,
    "mu": 0.0,
    "nodes": 50,
    "seed": 1,
    "sgdtype": "explicit",
    "data_type": "classification"
  },
  "results": {
    "train": {
      "average_loss": [
        0.6018926103909811,
        0.591758926709493,
        0.5854715506235758,
        0.5815272728602091,
        0.5790327191352844,
        0.5774462620417277,
        0.5764335791269938,
        0.5757860541343689,
        0.5753721396128336,
        0.5751078128814697
      ],
      "average_accuracy": [
        72.54098360655738,
        72.54098360655738,
        72.54098360655738,
        72.54098360655738,
        72.54098360655738,
        72.54098360655738,
        72.54098360655738,
        72.54098360655738,
        72.54098360655738,
        72.54098360655738
      ]
    },
    "test": {
      "average_loss": [
        0.5831149816513062,
        0.5692811012268066,
        0.560068666934967,
        0.5537963509559631,
        0.5494400858879089,
        0.546359121799469,
        0.5441433191299438,
        0.5425252318382263,
        0.5413265824317932,
        0.5404274463653564
      ],
      "average_accuracy": [
        77.41935483870968,
        77.41935483870968,
        77.41935483870968,
        77.41935483870968,
        77.41935483870968,
        77.41935483870968,
        77.41935483870968,
        77.41935483870968,
        77.41935483870968,
        77.41935483870968
      ]
    },
    "average_loss_intra_epoch": [
      0.5751078128814697
    ],
    "average_accuracy_intra_epoch": [
      72.54098360655738
    ],
    "runtime": 3.2732577323913574
  }
}