{
  "hyperparameters": {
    "architecture": "classification",
    "batch_size": 100,
    "clipping_threshold": 0.0,
    "dataset_name": "hepatitis_classification",
    "epochs": 10,
    "initialization_scale": "\\sqrt{\frac{6}{n+m}}",
    "inner_ISGD_iterations": 0,
    "intra_epoch": false,
    "lr": 0.5,
    "momentum": 0.0,
    "mu": 0.0,
    "nodes": 50,
    "seed": 1,
    "sgdtype": "implicit",
    "data_type": "classification"
  },
  "results": {
    "train": {
      "average_loss": [
        0.5565105974674225,
        0.5237797796726227,
        0.5152883231639862,
        0.5109035670757294,
        0.5059801936149597,
        0.498484268784523,
        0.48606888949871063,
        0.4650815576314926,
        0.43155166506767273,
        0.3883659839630127
      ],
      "average_accuracy": [
        78.2258064516129,
        78.2258064516129,
        78.2258064516129,
        78.2258064516129,
        78.2258064516129,
        78.2258064516129,
        78.2258064516129,
        78.2258064516129,
        78.2258064516129,
        79.83870967741936
      ]
    },
    "test": {
      "average_loss": [
        0.5232450366020203,
        0.4726853668689728,
        0.45639029145240784,
        0.4491637051105499,
        0.44423550367355347,
        0.4389832317829132,
        0.43155229091644287,
        0.4198595881462097,
        0.40223026275634766,
        0.38175445795059204
      ],
      "average_accuracy": [
        83.87096774193549,
        83.87096774193549,
        83.87096774193549,
        83.87096774193549,
        83.87096774193549,
        83.87096774193549,
        83.87096774193549,
        83.87096774193549,
        83.87096774193549,
        80.64516129032258
      ]
    },
    "average_loss_intra_epoch": [
      0.3883659839630127
    ],
    "average_accuracy_intra_epoch": [
      79.83870967741936
    ],
    "runtime": 6.653490781784058
  }
}