{
  "hyperparameters": {
    "architecture": "classification",
    "batch_size": 100,
    "clipping_threshold": 0.0,
    "dataset_name": "semeion_classification",
    "epochs": 10,
    "initialization_scale": "\\sqrt{\frac{6}{n+m}}",
    "inner_ISGD_iterations": 0,
    "intra_epoch": false,
    "lr": 1.0,
    "momentum": 0.0,
    "mu": 0.0,
    "nodes": 50,
    "seed": 1,
    "sgdtype": "implicit",
    "data_type": "classification"
  },
  "results": {
    "train": {
      "average_loss": [
        0.6843465704184312,
        5.169392805833083,
        18.520520723783054,
        8.504067934476412,
        1.307115178841811,
        0.3185127962094087,
        0.15554196219174907,
        0.015374288218691409,
        0.0016400298430268706,
        0.0005712413551289221
      ],
      "average_accuracy": [
        78.2574568288854,
        34.45839874411303,
        32.33908948194662,
        63.81475667189953,
        85.63579277864991,
        93.95604395604396,
        97.09576138147567,
        99.60753532182103,
        99.9215070643642,
        100.0
      ]
    },
    "test": {
      "average_loss": [
        1.1429335474967957,
        5.809800744056702,
        20.00545597076416,
        10.53735864162445,
        2.2876067459583282,
        1.6744939684867859,
        1.7960622608661652,
        1.3493049293756485,
        1.2951533943414688,
        1.287000596523285
      ],
      "average_accuracy": [
        70.21943573667711,
        32.9153605015674,
        32.60188087774295,
        57.68025078369906,
        76.8025078369906,
        84.63949843260188,
        87.14733542319749,
        87.7742946708464,
        88.4012539184953,
        88.08777429467085
      ]
    },
    "average_loss_intra_epoch": [
      0.0005712413551289221
    ],
    "average_accuracy_intra_epoch": [
      100.0
    ],
    "runtime": 409.5977210998535
  }
}