{
  "hyperparameters": {
    "architecture": "classification",
    "batch_size": 100,
    "clipping_threshold": 0.0,
    "dataset_name": "ecoli_classification",
    "epochs": 10,
    "initialization_scale": "\\sqrt{\frac{6}{n+m}}",
    "inner_ISGD_iterations": 0,
    "intra_epoch": false,
    "lr": 3.0,
    "momentum": 0.0,
    "mu": 0.0,
    "nodes": 50,
    "seed": 1,
    "sgdtype": "explicit",
    "data_type": "classification"
  },
  "results": {
    "train": {
      "average_loss": [
        1.613403042157491,
        1.3682167530059814,
        1.1384793122609456,
        1.3739230235417683,
        1.293187181154887,
        1.1039444208145142,
        1.1020074685414631,
        1.0939686298370361,
        0.9929127097129822,
        0.9668411612510681
      ],
      "average_accuracy": [
        41.417910447761194,
        58.582089552238806,
        48.88059701492537,
        50.74626865671642,
        61.940298507462686,
        50.37313432835821,
        60.82089552238806,
        50.74626865671642,
        62.6865671641791,
        62.6865671641791
      ]
    },
    "test": {
      "average_loss": [
        1.5327154397964478,
        1.2434886693954468,
        1.0499235391616821,
        1.207431674003601,
        1.343298316001892,
        1.0682841539382935,
        1.007678508758545,
        1.0097661018371582,
        0.894327700138092,
        0.8653440475463867
      ],
      "average_accuracy": [
        47.05882352941177,
        66.17647058823529,
        50.0,
        54.411764705882355,
        66.17647058823529,
        54.411764705882355,
        63.23529411764706,
        54.411764705882355,
        66.17647058823529,
        66.17647058823529
      ]
    },
    "average_loss_intra_epoch": [
      0.9668411612510681
    ],
    "average_accuracy_intra_epoch": [
      62.6865671641791
    ],
    "runtime": 3.9409217834472656
  }
}