{
  "hyperparameters": {
    "architecture": "classification",
    "batch_size": 100,
    "clipping_threshold": 0.0,
    "dataset_name": "pittsburg-bridges-MATERIAL_classification",
    "epochs": 10,
    "initialization_scale": "\\sqrt{\frac{6}{n+m}}",
    "inner_ISGD_iterations": 0,
    "intra_epoch": false,
    "lr": 5.0,
    "momentum": 0.0,
    "mu": 0.0,
    "nodes": 50,
    "seed": 1,
    "sgdtype": "implicit",
    "data_type": "classification"
  },
  "results": {
    "train": {
      "average_loss": [
        1.126291275024414,
        2.758425235748291,
        9.099923133850098,
        4.280895233154297,
        27.638450622558594,
        16.781787872314453,
        4.69080114364624,
        12.97760009765625,
        8.626359939575195,
        15.24689769744873
      ],
      "average_accuracy": [
        72.61904761904762,
        16.666666666666668,
        16.666666666666668,
        72.61904761904762,
        11.904761904761905,
        72.61904761904762,
        72.61904761904762,
        36.904761904761905,
        72.61904761904762,
        60.714285714285715
      ]
    },
    "test": {
      "average_loss": [
        0.7973966598510742,
        3.0220906734466553,
        9.992205619812012,
        2.3372137546539307,
        30.265363693237305,
        10.571969032287598,
        2.9111168384552,
        10.146526336669922,
        6.903038024902344,
        11.939391136169434
      ],
      "average_accuracy": [
        81.81818181818181,
        9.090909090909092,
        9.090909090909092,
        81.81818181818181,
        4.545454545454546,
        81.81818181818181,
        81.81818181818181,
        54.54545454545455,
        81.81818181818181,
        68.18181818181819
      ]
    },
    "average_loss_intra_epoch": [
      15.24689769744873
    ],
    "average_accuracy_intra_epoch": [
      60.714285714285715
    ],
    "runtime": 4.117938280105591
  }
}