{
  "hyperparameters": {
    "architecture": "classification",
    "batch_size": 100,
    "clipping_threshold": 0.0,
    "dataset_name": "mushroom_classification",
    "epochs": 10,
    "initialization_scale": "\\sqrt{\frac{6}{n+m}}",
    "inner_ISGD_iterations": 0,
    "intra_epoch": false,
    "lr": 10.0,
    "momentum": 0.0,
    "mu": 0.0,
    "nodes": 50,
    "seed": 1,
    "sgdtype": "implicit",
    "data_type": "classification"
  },
  "results": {
    "train": {
      "average_loss": [
        10.175238594642053,
        8.210202638919537,
        4.334214912011073,
        6.308715237103976,
        3.6297865542081684,
        2.227959631039546,
        8.204585033325,
        3.971178931456346,
        11.874831867218017,
        4.863490735567533
      ],
      "average_accuracy": [
        90.58316664102169,
        92.62963532851208,
        73.41129404523772,
        90.7678104323742,
        96.04554546853362,
        77.62732728112017,
        96.44560701646407,
        71.84182181874135,
        66.348669026004,
        69.28758270503154
      ]
    },
    "test": {
      "average_loss": [
        8.70250665440279,
        6.919204810086419,
        4.278217967818765,
        6.725393716026755,
        4.5857252338353325,
        2.411069729748894,
        9.754519835991019,
        4.001885820837582,
        12.28600154203527,
        4.497543517281027
      ],
      "average_accuracy": [
        91.56923076923077,
        93.29230769230769,
        74.03076923076924,
        90.46153846153847,
        95.13846153846154,
        77.47692307692307,
        95.50769230769231,
        71.81538461538462,
        66.21538461538462,
        69.04615384615384
      ]
    },
    "average_loss_intra_epoch": [
      4.863490735567533
    ],
    "average_accuracy_intra_epoch": [
      69.28758270503154
    ],
    "runtime": 193.3721513748169
  }
}