{
  "hyperparameters": {
    "architecture": "classification",
    "batch_size": 100,
    "clipping_threshold": 0.0,
    "dataset_name": "ecoli_classification",
    "epochs": 10,
    "initialization_scale": "\\sqrt{\frac{6}{n+m}}",
    "inner_ISGD_iterations": 0,
    "intra_epoch": false,
    "lr": 1.0,
    "momentum": 0.0,
    "mu": 0.0,
    "nodes": 50,
    "seed": 1,
    "sgdtype": "implicit",
    "data_type": "classification"
  },
  "results": {
    "train": {
      "average_loss": [
        1.7817977666854858,
        1.6659363905588787,
        1.6088143587112427,
        1.545634388923645,
        1.295326550801595,
        1.078017274538676,
        1.0218987067540486,
        0.994672973950704,
        0.9749540090560913,
        0.9578066468238831
      ],
      "average_accuracy": [
        41.417910447761194,
        41.417910447761194,
        41.417910447761194,
        41.417910447761194,
        60.44776119402985,
        61.940298507462686,
        63.43283582089552,
        63.059701492537314,
        63.80597014925373,
        64.92537313432835
      ]
    },
    "test": {
      "average_loss": [
        1.7314022779464722,
        1.5851832628250122,
        1.5113965272903442,
        1.4318857192993164,
        1.1474835872650146,
        0.9183885455131531,
        0.8722198605537415,
        0.842244565486908,
        0.8128501772880554,
        0.7939263582229614
      ],
      "average_accuracy": [
        47.05882352941177,
        47.05882352941177,
        47.05882352941177,
        47.05882352941177,
        67.6470588235294,
        67.6470588235294,
        67.6470588235294,
        67.6470588235294,
        69.11764705882354,
        70.58823529411765
      ]
    },
    "average_loss_intra_epoch": [
      0.9578066468238831
    ],
    "average_accuracy_intra_epoch": [
      64.92537313432835
    ],
    "runtime": 6.220821857452393
  }
}