{
  "hyperparameters": {
    "architecture": "classification",
    "batch_size": 100,
    "clipping_threshold": 0.0,
    "dataset_name": "hill-valley_classification",
    "epochs": 10,
    "initialization_scale": "\\sqrt{\frac{6}{n+m}}",
    "inner_ISGD_iterations": 0,
    "intra_epoch": false,
    "lr": 30.0,
    "momentum": 0.0,
    "mu": 0.0,
    "nodes": 50,
    "seed": 1,
    "sgdtype": "explicit",
    "data_type": "classification"
  },
  "results": {
    "train": {
      "average_loss": [
        3080.5811767578125,
        1039.611505126953,
        3111.011572265625,
        2165.4146118164062,
        1213.5936279296875,
        213.06758575439454,
        657.5177856445313,
        1528.5093017578124,
        2387.53935546875,
        3267.161767578125
      ],
      "average_accuracy": [
        49.32920536635707,
        49.74200206398349,
        48.916408668730654,
        48.916408668730654,
        48.916408668730654,
        48.916408668730654,
        51.083591331269346,
        51.083591331269346,
        51.083591331269346,
        51.083591331269346
      ]
    },
    "test": {
      "average_loss": [
        2972.0952962239585,
        1045.4413248697917,
        2989.6265462239585,
        2080.3531087239585,
        1164.7445678710938,
        202.16715494791666,
        685.0320027669271,
        1591.3018391927083,
        2485.48583984375,
        3400.7945149739585
      ],
      "average_accuracy": [
        48.559670781893004,
        51.02880658436214,
        48.97119341563786,
        48.97119341563786,
        48.97119341563786,
        48.97119341563786,
        51.02880658436214,
        51.02880658436214,
        51.02880658436214,
        51.02880658436214
      ]
    },
    "average_loss_intra_epoch": [
      3267.161767578125
    ],
    "average_accuracy_intra_epoch": [
      51.083591331269346
    ],
    "runtime": 5.471076726913452
  }
}