{
  "hyperparameters": {
    "architecture": "classification",
    "batch_size": 100,
    "clipping_threshold": 0.0,
    "dataset_name": "semeion_classification",
    "epochs": 10,
    "initialization_scale": "\\sqrt{\frac{6}{n+m}}",
    "inner_ISGD_iterations": 0,
    "intra_epoch": false,
    "lr": 0.1,
    "momentum": 0.0,
    "mu": 0.0,
    "nodes": 50,
    "seed": 1,
    "sgdtype": "implicit",
    "data_type": "classification"
  },
  "results": {
    "train": {
      "average_loss": [
        1.042243554041936,
        0.5544472932815552,
        0.3682719377370981,
        0.2703724125256905,
        0.20919068730794466,
        0.167277529835701,
        0.13685090094804764,
        0.11388284884966336,
        0.09605881829674427,
        0.08194233563083869
      ],
      "average_accuracy": [
        82.65306122448979,
        88.54003139717426,
        92.07221350078493,
        94.50549450549451,
        96.15384615384616,
        97.48822605965464,
        98.27315541601256,
        98.74411302982732,
        99.13657770800629,
        99.21507064364208
      ]
    },
    "test": {
      "average_loss": [
        1.1628998517990112,
        0.6967194527387619,
        0.5189029276371002,
        0.4254174157977104,
        0.36868105083703995,
        0.3314412236213684,
        0.3056517727673054,
        0.28720081970095634,
        0.27376876398921013,
        0.2638974189758301
      ],
      "average_accuracy": [
        75.86206896551724,
        84.01253918495298,
        86.52037617554859,
        88.4012539184953,
        90.28213166144201,
        91.22257053291536,
        91.84952978056427,
        91.84952978056427,
        92.16300940438872,
        92.47648902821317
      ]
    },
    "average_loss_intra_epoch": [
      0.08194233563083869
    ],
    "average_accuracy_intra_epoch": [
      99.21507064364208
    ],
    "runtime": 407.80016469955444
  }
}