{
  "hyperparameters": {
    "architecture": "classification",
    "batch_size": 100,
    "clipping_threshold": 0.0,
    "dataset_name": "plant-margin_classification",
    "epochs": 10,
    "initialization_scale": "\\sqrt{\frac{6}{n+m}}",
    "inner_ISGD_iterations": 0,
    "intra_epoch": false,
    "lr": 1.0,
    "momentum": 0.0,
    "mu": 0.0,
    "nodes": 50,
    "seed": 1,
    "sgdtype": "explicit",
    "data_type": "classification"
  },
  "results": {
    "train": {
      "average_loss": [
        3.998327401968149,
        2.9100237626295824,
        2.3351638867304874,
        2.0086116515673123,
        1.6409051693402803,
        1.4793028739782481,
        1.2713110859577472,
        1.2590119747015147,
        0.9523127996004545,
        0.8167683619719285
      ],
      "average_accuracy": [
        8.671875,
        24.0625,
        34.0625,
        40.46875,
        49.921875,
        55.078125,
        59.609375,
        58.28125,
        67.34375,
        72.1875
      ]
    },
    "test": {
      "average_loss": [
        4.03537654876709,
        3.0606399178504944,
        2.512652575969696,
        2.1605048775672913,
        1.7931983470916748,
        1.6589706540107727,
        1.5150871872901917,
        1.55979984998703,
        1.1670781970024109,
        1.074868083000183
      ],
      "average_accuracy": [
        5.0,
        16.25,
        28.4375,
        33.75,
        42.1875,
        44.6875,
        48.75,
        49.6875,
        57.8125,
        61.25
      ]
    },
    "average_loss_intra_epoch": [
      0.8167683619719285
    ],
    "average_accuracy_intra_epoch": [
      72.1875
    ],
    "runtime": 5.4143335819244385
  }
}