{
  "hyperparameters": {
    "architecture": "classification",
    "batch_size": 100,
    "clipping_threshold": 0.0,
    "dataset_name": "balloons_classification",
    "epochs": 10,
    "initialization_scale": "\\sqrt{\frac{6}{n+m}}",
    "inner_ISGD_iterations": 0,
    "intra_epoch": false,
    "lr": 5.0,
    "momentum": 0.0,
    "mu": 0.0,
    "nodes": 50,
    "seed": 1,
    "sgdtype": "explicit",
    "data_type": "classification"
  },
  "results": {
    "train": {
      "average_loss": [
        0.7390897274017334,
        0.8275557160377502,
        0.9356967806816101,
        0.9685823917388916,
        1.0720610618591309,
        2.3437440395355225,
        4.365971088409424,
        6.999343395233154,
        10.130722999572754,
        6.963962554931641
      ],
      "average_accuracy": [
        58.333333333333336,
        41.666666666666664,
        58.333333333333336,
        41.666666666666664,
        58.333333333333336,
        41.666666666666664,
        58.333333333333336,
        41.666666666666664,
        58.333333333333336,
        41.666666666666664
      ]
    },
    "test": {
      "average_loss": [
        0.8274834156036377,
        0.7641014456748962,
        1.095259428024292,
        0.8673266768455505,
        1.2687524557113647,
        2.0118467807769775,
        5.243758201599121,
        5.998855113983154,
        12.186635971069336,
        5.968562602996826
      ],
      "average_accuracy": [
        50.0,
        50.0,
        50.0,
        50.0,
        50.0,
        50.0,
        50.0,
        50.0,
        50.0,
        50.0
      ]
    },
    "average_loss_intra_epoch": [
      6.963962554931641
    ],
    "average_accuracy_intra_epoch": [
      41.666666666666664
    ],
    "runtime": 3.4066286087036133
  }
}