{
  "hyperparameters": {
    "architecture": "classification",
    "batch_size": 100,
    "clipping_threshold": 0.0,
    "dataset_name": "oocytes-merluccius-nucleus-4d_classification",
    "epochs": 10,
    "initialization_scale": "\\sqrt{\frac{6}{n+m}}",
    "inner_ISGD_iterations": 0,
    "intra_epoch": false,
    "lr": 0.001,
    "momentum": 0.0,
    "mu": 0.0,
    "nodes": 50,
    "seed": 1,
    "sgdtype": "explicit",
    "data_type": "classification"
  },
  "results": {
    "train": {
      "average_loss": [
        0.6543536716037326,
        0.6539149615499709,
        0.653482609324985,
        0.6530565751923455,
        0.6526366207334731,
        0.6522226929664612,
        0.6518146528138055,
        0.6514125201437209,
        0.6510160565376282,
        0.6506252884864807
      ],
      "average_accuracy": [
        67.93145654834761,
        67.93145654834761,
        67.93145654834761,
        67.93145654834761,
        67.93145654834761,
        67.93145654834761,
        67.93145654834761,
        67.93145654834761,
        67.93145654834761,
        67.93145654834761
      ]
    },
    "test": {
      "average_loss": [
        0.673364539941152,
        0.6730227867762247,
        0.6726861198743185,
        0.6723544398943583,
        0.6720276673634847,
        0.6717055837313334,
        0.6713882684707642,
        0.6710756619771322,
        0.6707675258318583,
        0.6704639395078024
      ],
      "average_accuracy": [
        63.41463414634146,
        63.41463414634146,
        63.41463414634146,
        63.41463414634146,
        63.41463414634146,
        63.41463414634146,
        63.41463414634146,
        63.41463414634146,
        63.41463414634146,
        63.41463414634146
      ]
    },
    "average_loss_intra_epoch": [
      0.6506252884864807
    ],
    "average_accuracy_intra_epoch": [
      67.93145654834761
    ],
    "runtime": 4.073791980743408
  }
}