{
  "hyperparameters": {
    "architecture": "classification",
    "batch_size": 100,
    "clipping_threshold": 0.0,
    "dataset_name": "parkinsons_classification",
    "epochs": 10,
    "initialization_scale": "\\sqrt{\frac{6}{n+m}}",
    "inner_ISGD_iterations": 0,
    "intra_epoch": false,
    "lr": 3.0,
    "momentum": 0.0,
    "mu": 0.0,
    "nodes": 50,
    "seed": 1,
    "sgdtype": "implicit",
    "data_type": "classification"
  },
  "results": {
    "train": {
      "average_loss": [
        0.5590591132640839,
        0.41683346033096313,
        0.3158499598503113,
        0.7961114048957825,
        2.042179226875305,
        1.1848751902580261,
        3.5584434270858765,
        2.9045692682266235,
        7.522423505783081,
        20.58293628692627
      ],
      "average_accuracy": [
        75.64102564102564,
        81.41025641025641,
        80.76923076923077,
        64.74358974358974,
        71.7948717948718,
        75.64102564102564,
        63.46153846153846,
        75.0,
        32.05128205128205,
        68.58974358974359
      ]
    },
    "test": {
      "average_loss": [
        0.5672314763069153,
        0.43347176909446716,
        0.3321565091609955,
        0.9286214113235474,
        2.497391700744629,
        1.2056337594985962,
        4.422061920166016,
        3.027848482131958,
        7.093907356262207,
        26.597675323486328
      ],
      "average_accuracy": [
        74.35897435897436,
        84.61538461538461,
        79.48717948717949,
        58.97435897435897,
        64.1025641025641,
        74.35897435897436,
        64.1025641025641,
        74.35897435897436,
        38.46153846153846,
        61.53846153846154
      ]
    },
    "average_loss_intra_epoch": [
      20.58293628692627
    ],
    "average_accuracy_intra_epoch": [
      68.58974358974359
    ],
    "runtime": 7.704722166061401
  }
}