{
  "hyperparameters": {
    "architecture": "classification",
    "batch_size": 100,
    "clipping_threshold": 0.0,
    "dataset_name": "spect_classification",
    "epochs": 10,
    "initialization_scale": "\\sqrt{\frac{6}{n+m}}",
    "inner_ISGD_iterations": 0,
    "intra_epoch": false,
    "lr": 30.0,
    "momentum": 0.0,
    "mu": 0.0,
    "nodes": 50,
    "seed": 1,
    "sgdtype": "explicit",
    "data_type": "classification"
  },
  "results": {
    "train": {
      "average_loss": [
        143.61719258626303,
        630.4530232747396,
        108.87058766682942,
        747.9877522786459,
        367.75799560546875,
        191.3285878499349,
        766.1716715494791,
        483.1646219889323,
        381.6534423828125,
        263.15879821777344
      ],
      "average_accuracy": [
        51.41509433962264,
        48.58490566037736,
        52.83018867924528,
        47.16981132075472,
        52.83018867924528,
        46.698113207547166,
        52.83018867924528,
        47.64150943396226,
        52.35849056603774,
        48.58490566037736
      ]
    },
    "test": {
      "average_loss": [
        151.58103942871094,
        606.4801635742188,
        109.01481628417969,
        759.3909912109375,
        386.41180419921875,
        171.05528259277344,
        827.6416015625,
        465.91644287109375,
        391.1838073730469,
        251.8505096435547
      ],
      "average_accuracy": [
        49.056603773584904,
        50.943396226415096,
        50.943396226415096,
        47.16981132075472,
        50.943396226415096,
        50.943396226415096,
        49.056603773584904,
        47.16981132075472,
        49.056603773584904,
        49.056603773584904
      ]
    },
    "average_loss_intra_epoch": [
      263.15879821777344
    ],
    "average_accuracy_intra_epoch": [
      48.58490566037736
    ],
    "runtime": 3.8003950119018555
  }
}