{
  "hyperparameters": {
    "architecture": "convffnn",
    "batch_size": 100,
    "clipping_threshold": 0.0,
    "dataset_name": "mnist",
    "epochs": 10,
    "initialization_scale": "\\sqrt{\frac{6}{n+m}}",
    "lr": 0.1,
    "momentum": 0.0,
    "mu": 0.0,
    "seed": 1,
    "sgdtype": "implicit",
    "data_type": "classification"
  },
  "results": {
    "train": {
      "average_loss": [
        0.11792755295522511,
        0.08857978975555549,
        0.06529168309799085,
        0.057690275071266416,
        0.05092605704364057,
        0.05036922734987456,
        0.04660353445195748,
        0.0408059871000781,
        0.038163380333959745,
        0.036266060209212206
      ],
      "average_accuracy": [
        96.51833333333333,
        97.25,
        98.045,
        98.26166666666667,
        98.49333333333334,
        98.52,
        98.56333333333333,
        98.71666666666667,
        98.855,
        98.92166666666667
      ]
    },
    "test": {
      "average_loss": [
        0.11244585949927569,
        0.08289159312844277,
        0.06278704631142318,
        0.055970801836811,
        0.04615796422818676,
        0.04827113328967243,
        0.04222899221582338,
        0.037943559738341716,
        0.03625883321743459,
        0.03379499509232119
      ],
      "average_accuracy": [
        96.61,
        97.24,
        98.1,
        98.32,
        98.61,
        98.39,
        98.76,
        98.78,
        98.95,
        99.05
      ]
    },
    "runtime": 566.9658329486847
  }
}