{
  "hyperparameters": {
    "architecture": "classification",
    "batch_size": 100,
    "clipping_threshold": 0.0,
    "dataset_name": "statlog-vehicle_classification",
    "epochs": 10,
    "initialization_scale": "\\sqrt{\frac{6}{n+m}}",
    "inner_ISGD_iterations": 0,
    "intra_epoch": false,
    "lr": 0.01,
    "momentum": 0.0,
    "mu": 0.0,
    "nodes": 50,
    "seed": 1,
    "sgdtype": "implicit",
    "data_type": "classification"
  },
  "results": {
    "train": {
      "average_loss": [
        1.390736699104309,
        1.3900905336652483,
        1.3894726378577096,
        1.3888806445258004,
        1.3883128677095686,
        1.38776775768825,
        1.3872431516647339,
        1.3867380789348058,
        1.386250615119934,
        1.3857796703066145
      ],
      "average_accuracy": [
        23.076923076923077,
        23.076923076923077,
        23.076923076923077,
        23.076923076923077,
        23.076923076923077,
        23.076923076923077,
        23.076923076923077,
        23.076923076923077,
        23.076923076923077,
        23.668639053254438
      ]
    },
    "test": {
      "average_loss": [
        1.3864251971244812,
        1.3862759470939636,
        1.386139154434204,
        1.3860148787498474,
        1.3859004378318787,
        1.3857951760292053,
        1.385698139667511,
        1.3856077194213867,
        1.3855226635932922,
        1.3854430317878723
      ],
      "average_accuracy": [
        25.294117647058822,
        25.294117647058822,
        25.294117647058822,
        25.294117647058822,
        25.294117647058822,
        25.294117647058822,
        25.294117647058822,
        25.294117647058822,
        25.294117647058822,
        25.294117647058822
      ]
    },
    "average_loss_intra_epoch": [
      1.3857796703066145
    ],
    "average_accuracy_intra_epoch": [
      23.668639053254438
    ],
    "runtime": 20.579069137573242
  }
}