{
  "hyperparameters": {
    "architecture": "classification",
    "batch_size": 100,
    "clipping_threshold": 0.0,
    "dataset_name": "thyroid_classification",
    "epochs": 10,
    "initialization_scale": "\\sqrt{\frac{6}{n+m}}",
    "inner_ISGD_iterations": 0,
    "intra_epoch": false,
    "lr": 10.0,
    "momentum": 0.0,
    "mu": 0.0,
    "nodes": 50,
    "seed": 1,
    "sgdtype": "explicit",
    "data_type": "classification"
  },
  "results": {
    "train": {
      "average_loss": [
        5.375470586891832,
        4.554390477723088,
        5.2708641311218,
        8.357443461130405,
        6.1989673581616636,
        3.9646821165906974,
        2.623985933846441,
        3.5604665721284934,
        2.958811794375551,
        3.016685664653778
      ],
      "average_accuracy": [
        88.47222222222223,
        89.02777777777777,
        90.43402777777777,
        82.43055555555556,
        86.57986111111111,
        88.15972222222223,
        85.46875,
        92.77777777777777,
        91.5625,
        88.50694444444444
      ]
    },
    "test": {
      "average_loss": [
        5.905709807078043,
        5.1621901512146,
        6.081123495101929,
        9.583982022603353,
        6.937527974446614,
        4.77064962387085,
        2.996478867530823,
        4.4757578611373905,
        3.767006262143453,
        3.8380372206370037
      ],
      "average_accuracy": [
        87.70833333333333,
        87.84722222222223,
        88.61111111111111,
        81.31944444444444,
        85.625,
        87.43055555555556,
        83.61111111111111,
        91.80555555555556,
        90.55555555555556,
        86.31944444444444
      ]
    },
    "average_loss_intra_epoch": [
      3.016685664653778
    ],
    "average_accuracy_intra_epoch": [
      88.50694444444444
    ],
    "runtime": 10.512564420700073
  }
}