{
  "hyperparameters": {
    "architecture": "classification",
    "batch_size": 100,
    "clipping_threshold": 0.0,
    "dataset_name": "horse-colic_classification",
    "epochs": 10,
    "initialization_scale": "\\sqrt{\frac{6}{n+m}}",
    "inner_ISGD_iterations": 0,
    "intra_epoch": false,
    "lr": 0.5,
    "momentum": 0.0,
    "mu": 0.0,
    "nodes": 50,
    "seed": 1,
    "sgdtype": "implicit",
    "data_type": "classification"
  },
  "results": {
    "train": {
      "average_loss": [
        0.6596412460009257,
        0.6486051877339681,
        0.6302169760068258,
        0.5865197777748108,
        0.5011553863684336,
        0.41007064779599506,
        0.36281389991442364,
        0.3504246970017751,
        0.34425704677899677,
        0.3404305577278137
      ],
      "average_accuracy": [
        62.585034013605444,
        62.585034013605444,
        62.585034013605444,
        67.68707482993197,
        80.27210884353741,
        83.6734693877551,
        86.73469387755102,
        87.41496598639456,
        87.75510204081633,
        88.43537414965986
      ]
    },
    "test": {
      "average_loss": [
        0.651680588722229,
        0.6400598883628845,
        0.6238821148872375,
        0.5865530371665955,
        0.5184838771820068,
        0.46904894709587097,
        0.46111416816711426,
        0.4661480784416199,
        0.46838998794555664,
        0.4700222909450531
      ],
      "average_accuracy": [
        64.86486486486487,
        64.86486486486487,
        64.86486486486487,
        68.91891891891892,
        82.43243243243244,
        81.08108108108108,
        83.78378378378379,
        82.43243243243244,
        82.43243243243244,
        81.08108108108108
      ]
    },
    "average_loss_intra_epoch": [
      0.3404305577278137
    ],
    "average_accuracy_intra_epoch": [
      88.43537414965986
    ],
    "runtime": 13.308034181594849
  }
}