{
  "hyperparameters": {
    "architecture": "classification",
    "batch_size": 100,
    "clipping_threshold": 0.0,
    "dataset_name": "blood_classification",
    "epochs": 10,
    "initialization_scale": "\\sqrt{\frac{6}{n+m}}",
    "inner_ISGD_iterations": 0,
    "intra_epoch": false,
    "lr": 50.0,
    "momentum": 0.0,
    "mu": 0.0,
    "nodes": 50,
    "seed": 1,
    "sgdtype": "explicit",
    "data_type": "classification"
  },
  "results": {
    "train": {
      "average_loss": [
        41.67586008707682,
        142.09540430704752,
        49.311988830566406,
        145.86051432291666,
        110.87338002522786,
        18.798030535380047,
        115.2278429667155,
        22.856929779052734,
        177.32064819335938,
        85.14834467569987
      ],
      "average_accuracy": [
        22.909698996655518,
        77.09030100334448,
        77.09030100334448,
        22.909698996655518,
        77.09030100334448,
        77.09030100334448,
        77.09030100334448,
        77.09030100334448,
        77.09030100334448,
        77.09030100334448
      ]
    },
    "test": {
      "average_loss": [
        39.200429916381836,
        170.47650146484375,
        59.16120529174805,
        137.19678497314453,
        133.01841735839844,
        22.5526704788208,
        138.24271392822266,
        27.422280311584473,
        212.73739624023438,
        102.15526962280273
      ],
      "average_accuracy": [
        27.333333333333332,
        72.66666666666667,
        72.66666666666667,
        27.333333333333332,
        72.66666666666667,
        72.66666666666667,
        72.66666666666667,
        72.66666666666667,
        72.66666666666667,
        72.66666666666667
      ]
    },
    "average_loss_intra_epoch": [
      85.14834467569987
    ],
    "average_accuracy_intra_epoch": [
      77.09030100334448
    ],
    "runtime": 4.025481939315796
  }
}