{
  "hyperparameters": {
    "architecture": "classification",
    "batch_size": 100,
    "clipping_threshold": 0.0,
    "dataset_name": "soybean_classification",
    "epochs": 10,
    "initialization_scale": "\\sqrt{\frac{6}{n+m}}",
    "inner_ISGD_iterations": 0,
    "intra_epoch": false,
    "lr": 0.001,
    "momentum": 0.0,
    "mu": 0.0,
    "nodes": 50,
    "seed": 1,
    "sgdtype": "implicit",
    "data_type": "classification"
  },
  "results": {
    "train": {
      "average_loss": [
        2.9021501938501992,
        2.9017449617385864,
        2.9013405243555703,
        2.9009360869725547,
        2.9005319674809775,
        2.9001282850901284,
        2.899725357691447,
        2.8993224700291953,
        2.8989200989405313,
        2.898517886797587
      ],
      "average_accuracy": [
        10.43956043956044,
        10.622710622710622,
        10.989010989010989,
        10.989010989010989,
        10.989010989010989,
        10.989010989010989,
        10.989010989010989,
        11.172161172161172,
        11.355311355311356,
        11.355311355311356
      ]
    },
    "test": {
      "average_loss": [
        2.898806929588318,
        2.8984163999557495,
        2.8980259895324707,
        2.8976354598999023,
        2.8972452878952026,
        2.8968558311462402,
        2.8964672088623047,
        2.896078109741211,
        2.8956897258758545,
        2.8953012228012085
      ],
      "average_accuracy": [
        8.02919708029197,
        8.02919708029197,
        8.02919708029197,
        8.02919708029197,
        8.02919708029197,
        8.02919708029197,
        8.02919708029197,
        8.02919708029197,
        8.02919708029197,
        8.02919708029197
      ]
    },
    "average_loss_intra_epoch": [
      2.898517886797587
    ],
    "average_accuracy_intra_epoch": [
      11.355311355311356
    ],
    "runtime": 29.36154317855835
  }
}