{
  "hyperparameters": {
    "architecture": "music",
    "batch_size": 100,
    "clipping_threshold": 8.0,
    "dataset_name": "Nottingham",
    "epochs": 5,
    "initialization_scale": "\\sqrt{\frac{6}{n+m}}",
    "inner_ISGD_iterations": 0,
    "intra_epoch": false,
    "lr": 200.0,
    "momentum": 0.0,
    "mu": 0.0,
    "nodes": 300,
    "seed": 4,
    "sgdtype": "implicit",
    "data_type": "sequential_many"
  },
  "results": {
    "train": {
      "average_loss": [
        0.0003982334759350402,
        0.0003253751954469969,
        0.00030146714536689884,
        0.0002969614638105623,
        0.00022389314006599704
      ],
      "average_accuracy": [
        0,
        0,
        0,
        0,
        0
      ]
    },
    "test": {
      "average_loss": [
        0.0004033960326898309,
        0.0003430226343077854,
        0.00032132008228098345,
        0.0003192680850000162,
        0.0002449449572368929
      ],
      "average_accuracy": [
        0,
        0,
        0,
        0,
        0
      ]
    },
    "average_loss_intra_epoch": [
      0.00022389314006599704
    ],
    "average_accuracy_intra_epoch": [
      0
    ],
    "runtime": 6737.975942134857
  }
}