{
  "hyperparameters": {
    "architecture": "classification",
    "batch_size": 100,
    "clipping_threshold": 0.0,
    "dataset_name": "statlog-shuttle_classification",
    "epochs": 10,
    "initialization_scale": "\\sqrt{\frac{6}{n+m}}",
    "inner_ISGD_iterations": 0,
    "intra_epoch": false,
    "lr": 3.0,
    "momentum": 0.0,
    "mu": 0.0,
    "nodes": 50,
    "seed": 1,
    "sgdtype": "implicit",
    "data_type": "classification"
  },
  "results": {
    "train": {
      "average_loss": [
        0.20403650586075825,
        0.030638744980337675,
        0.02458807049321155,
        0.022507784903703802,
        0.02193611981206702,
        0.025019281933682264,
        0.0187996391634505,
        0.016635902985430658,
        0.015407010723093067,
        0.017871996844844723
      ],
      "average_accuracy": [
        91.26077586206897,
        99.54741379310344,
        99.56681034482759,
        99.6271551724138,
        99.63146551724138,
        99.5603448275862,
        99.62068965517241,
        99.64870689655173,
        99.65301724137932,
        99.63146551724138
      ]
    },
    "test": {
      "average_loss": [
        0.19508192238622699,
        0.028574014427782648,
        0.02449455471701342,
        0.02113703647447782,
        0.019706818886334077,
        0.02326583345360444,
        0.01651665864709026,
        0.014954367227017366,
        0.015156173515575135,
        0.01583028125229436
      ],
      "average_accuracy": [
        91.37931034482759,
        99.56896551724138,
        99.57758620689656,
        99.64655172413794,
        99.64655172413794,
        99.57758620689656,
        99.66379310344827,
        99.67241379310344,
        99.64655172413794,
        99.63793103448276
      ]
    },
    "average_loss_intra_epoch": [
      0.017871996844844723
    ],
    "average_accuracy_intra_epoch": [
      99.63146551724138
    ],
    "runtime": 659.6079788208008
  }
}