{
  "hyperparameters": {
    "architecture": "convffnn",
    "batch_size": 100,
    "clipping_threshold": 0.0,
    "dataset_name": "mnist",
    "epochs": 10,
    "initialization_scale": "\\sqrt{\frac{6}{n+m}}",
    "lr": 0.1,
    "momentum": 0.0,
    "mu": 0.0,
    "seed": 1,
    "sgdtype": "implicit",
    "data_type": "classification"
  },
  "results": {
    "train": {
      "average_loss": [
        0.1182431661353136,
        0.0864611888754492,
        0.06659238985584427,
        0.05829292472762366,
        0.05108899455323505,
        0.04979971405953014,
        0.049517220661509785,
        0.0388515272414467,
        0.03712699525116477,
        0.0378077074495377
      ],
      "average_accuracy": [
        96.455,
        97.25833333333334,
        98.03833333333333,
        98.225,
        98.44333333333333,
        98.49166666666666,
        98.47,
        98.825,
        98.87333333333333,
        98.89166666666667
      ]
    },
    "test": {
      "average_loss": [
        0.11235200528055429,
        0.0810088515188545,
        0.06114125863648951,
        0.05415176827693358,
        0.04616707801353186,
        0.04813927875133231,
        0.04664440676104278,
        0.03816520319785923,
        0.03723120612557977,
        0.03699752875196282
      ],
      "average_accuracy": [
        96.74,
        97.32,
        98.07,
        98.36,
        98.57,
        98.53,
        98.5,
        98.81,
        98.85,
        98.95
      ]
    },
    "runtime": 528.9280343055725
  }
}