{
  "hyperparameters": {
    "architecture": "classification",
    "batch_size": 100,
    "clipping_threshold": 0.0,
    "dataset_name": "optical_classification",
    "epochs": 10,
    "initialization_scale": "\\sqrt{\frac{6}{n+m}}",
    "inner_ISGD_iterations": 0,
    "intra_epoch": false,
    "lr": 0.1,
    "momentum": 0.0,
    "mu": 0.0,
    "nodes": 50,
    "seed": 1,
    "sgdtype": "implicit",
    "data_type": "classification"
  },
  "results": {
    "train": {
      "average_loss": [
        1.5713385078642104,
        0.6702394432491726,
        0.356652080350452,
        0.23720592856407166,
        0.18467180497116512,
        0.15501423163546457,
        0.13503251688347923,
        0.12011141462458505,
        0.1082857984635565,
        0.09859287349714173
      ],
      "average_accuracy": [
        63.812277580071175,
        85.07562277580071,
        92.61565836298932,
        94.70640569395017,
        95.55160142348754,
        96.24110320284697,
        96.61921708185054,
        96.88612099644128,
        97.17526690391459,
        97.41992882562278
      ]
    },
    "test": {
      "average_loss": [
        1.5646367470423381,
        0.6582095225652059,
        0.359088151405255,
        0.24864434078335762,
        0.2029914471010367,
        0.1781234759837389,
        0.16136002354323864,
        0.1488225677361091,
        0.1389710291599234,
        0.13107184786349535
      ],
      "average_accuracy": [
        63.345195729537366,
        84.60854092526691,
        93.14946619217082,
        94.48398576512456,
        95.37366548042705,
        95.8185053380783,
        96.08540925266904,
        96.44128113879003,
        96.70818505338079,
        96.88612099644128
      ]
    },
    "average_loss_intra_epoch": [
      0.09859287349714173
    ],
    "average_accuracy_intra_epoch": [
      97.41992882562278
    ],
    "runtime": 378.6472177505493
  }
}