{
  "hyperparameters": {
    "architecture": "classification",
    "batch_size": 100,
    "clipping_threshold": 0.0,
    "dataset_name": "balloons_classification",
    "epochs": 10,
    "initialization_scale": "\\sqrt{\frac{6}{n+m}}",
    "inner_ISGD_iterations": 0,
    "intra_epoch": false,
    "lr": 10.0,
    "momentum": 0.0,
    "mu": 0.0,
    "nodes": 50,
    "seed": 1,
    "sgdtype": "explicit",
    "data_type": "classification"
  },
  "results": {
    "train": {
      "average_loss": [
        1.0007127523422241,
        1.0540357828140259,
        12.555109977722168,
        11.964909553527832,
        3.1928741931915283,
        22.30290412902832,
        19.385696411132812,
        36.804935455322266,
        1.3279531002044678,
        43.68142318725586
      ],
      "average_accuracy": [
        58.333333333333336,
        41.666666666666664,
        58.333333333333336,
        41.666666666666664,
        41.666666666666664,
        58.333333333333336,
        41.666666666666664,
        58.333333333333336,
        58.333333333333336,
        41.666666666666664
      ]
    },
    "test": {
      "average_loss": [
        1.1784265041351318,
        0.9329177737236023,
        15.065584182739258,
        10.246315002441406,
        2.7417728900909424,
        26.76136016845703,
        16.616214752197266,
        44.166439056396484,
        1.5844202041625977,
        37.441123962402344
      ],
      "average_accuracy": [
        50.0,
        50.0,
        50.0,
        50.0,
        50.0,
        50.0,
        50.0,
        50.0,
        50.0,
        50.0
      ]
    },
    "average_loss_intra_epoch": [
      43.68142318725586
    ],
    "average_accuracy_intra_epoch": [
      41.666666666666664
    ],
    "runtime": 3.478853225708008
  }
}