{
  "hyperparameters": {
    "architecture": "classification",
    "batch_size": 100,
    "clipping_threshold": 0.0,
    "dataset_name": "fertility_classification",
    "epochs": 10,
    "initialization_scale": "\\sqrt{\frac{6}{n+m}}",
    "inner_ISGD_iterations": 0,
    "intra_epoch": false,
    "lr": 3.0,
    "momentum": 0.0,
    "mu": 0.0,
    "nodes": 50,
    "seed": 1,
    "sgdtype": "explicit",
    "data_type": "classification"
  },
  "results": {
    "train": {
      "average_loss": [
        0.3898070454597473,
        0.3541041612625122,
        0.35185375809669495,
        0.3518044352531433,
        0.35178259015083313,
        0.3517625629901886,
        0.3517436683177948,
        0.35172566771507263,
        0.35170823335647583,
        0.35169100761413574
      ],
      "average_accuracy": [
        88.75,
        88.75,
        88.75,
        88.75,
        88.75,
        88.75,
        88.75,
        88.75,
        88.75,
        88.75
      ]
    },
    "test": {
      "average_loss": [
        0.5044095516204834,
        0.43989768624305725,
        0.43031877279281616,
        0.42945951223373413,
        0.42938023805618286,
        0.42935070395469666,
        0.42932528257369995,
        0.4293009638786316,
        0.42927736043930054,
        0.42925435304641724
      ],
      "average_accuracy": [
        85.0,
        85.0,
        85.0,
        85.0,
        85.0,
        85.0,
        85.0,
        85.0,
        85.0,
        85.0
      ]
    },
    "average_loss_intra_epoch": [
      0.35169100761413574
    ],
    "average_accuracy_intra_epoch": [
      88.75
    ],
    "runtime": 3.609893798828125
  }
}