{
  "hyperparameters": {
    "architecture": "classification",
    "batch_size": 100,
    "clipping_threshold": 0.0,
    "dataset_name": "wine_classification",
    "epochs": 10,
    "initialization_scale": "\\sqrt{\frac{6}{n+m}}",
    "inner_ISGD_iterations": 0,
    "intra_epoch": false,
    "lr": 1.0,
    "momentum": 0.0,
    "mu": 0.0,
    "nodes": 50,
    "seed": 1,
    "sgdtype": "explicit",
    "data_type": "classification"
  },
  "results": {
    "train": {
      "average_loss": [
        1.090063214302063,
        1.0632632970809937,
        0.9620807766914368,
        0.6598372161388397,
        0.5650008320808411,
        0.5062531232833862,
        0.47151291370391846,
        0.4864047169685364,
        0.5309033691883087,
        0.4628535956144333
      ],
      "average_accuracy": [
        27.464788732394368,
        40.84507042253521,
        86.61971830985915,
        63.38028169014085,
        66.19718309859155,
        73.94366197183099,
        73.94366197183099,
        73.2394366197183,
        73.94366197183099,
        80.98591549295774
      ]
    },
    "test": {
      "average_loss": [
        1.1007447242736816,
        1.0704147815704346,
        0.9617624282836914,
        0.6451584696769714,
        0.5552842617034912,
        0.5025744438171387,
        0.4700024425983429,
        0.4757329523563385,
        0.49795907735824585,
        0.4311925172805786
      ],
      "average_accuracy": [
        25.0,
        36.111111111111114,
        83.33333333333333,
        69.44444444444444,
        69.44444444444444,
        75.0,
        77.77777777777777,
        77.77777777777777,
        75.0,
        80.55555555555556
      ]
    },
    "average_loss_intra_epoch": [
      0.4628535956144333
    ],
    "average_accuracy_intra_epoch": [
      80.98591549295774
    ],
    "runtime": 3.396043539047241
  }
}