{
  "hyperparameters": {
    "architecture": "classification",
    "batch_size": 100,
    "clipping_threshold": 0.0,
    "dataset_name": "energy-y2_classification",
    "epochs": 10,
    "initialization_scale": "\\sqrt{\frac{6}{n+m}}",
    "inner_ISGD_iterations": 0,
    "intra_epoch": false,
    "lr": 0.1,
    "momentum": 0.0,
    "mu": 0.0,
    "nodes": 50,
    "seed": 1,
    "sgdtype": "implicit",
    "data_type": "classification"
  },
  "results": {
    "train": {
      "average_loss": [
        1.1119213615145003,
        1.0685203075408936,
        1.0445300681250436,
        1.0317309754235404,
        1.0250631485666548,
        1.0215960996491569,
        1.019721439906529,
        1.0185878021376473,
        1.0177496586527144,
        1.0169626474380493
      ],
      "average_accuracy": [
        23.941368078175895,
        50.9771986970684,
        50.9771986970684,
        50.9771986970684,
        50.9771986970684,
        50.9771986970684,
        50.9771986970684,
        50.9771986970684,
        50.9771986970684,
        50.9771986970684
      ]
    },
    "test": {
      "average_loss": [
        1.1067498922348022,
        1.0811598896980286,
        1.0706223249435425,
        1.067799985408783,
        1.0684054493904114,
        1.0701681971549988,
        1.072016954421997,
        1.0735192894935608,
        1.074543535709381,
        1.0750762224197388
      ],
      "average_accuracy": [
        27.272727272727273,
        45.45454545454545,
        45.45454545454545,
        45.45454545454545,
        45.45454545454545,
        45.45454545454545,
        45.45454545454545,
        45.45454545454545,
        45.45454545454545,
        45.45454545454545
      ]
    },
    "average_loss_intra_epoch": [
      1.0169626474380493
    ],
    "average_accuracy_intra_epoch": [
      50.9771986970684
    ],
    "runtime": 12.387303352355957
  }
}