{
  "hyperparameters": {
    "architecture": "classification",
    "batch_size": 100,
    "clipping_threshold": 0.0,
    "dataset_name": "echocardiogram_classification",
    "epochs": 10,
    "initialization_scale": "\\sqrt{\frac{6}{n+m}}",
    "inner_ISGD_iterations": 0,
    "intra_epoch": false,
    "lr": 50.0,
    "momentum": 0.0,
    "mu": 0.0,
    "nodes": 50,
    "seed": 1,
    "sgdtype": "explicit",
    "data_type": "classification"
  },
  "results": {
    "train": {
      "average_loss": [
        170.5636749267578,
        16.20337677001953,
        156.56707763671875,
        111.43345642089844,
        91.27517700195312,
        62.890541076660156,
        34.51167678833008,
        6.137876513200485,
        164.5464630126953,
        136.15512084960938
      ],
      "average_accuracy": [
        30.76923076923077,
        85.57692307692308,
        85.57692307692308,
        85.57692307692308,
        85.57692307692308,
        85.57692307692308,
        85.57692307692308,
        85.57692307692308,
        85.57692307692308,
        85.57692307692308
      ]
    },
    "test": {
      "average_loss": [
        136.67288208007812,
        59.50663375854492,
        470.08746337890625,
        351.2088317871094,
        272.608642578125,
        188.12432861328125,
        103.65753173828125,
        19.20616340637207,
        489.634765625,
        405.1290588378906
      ],
      "average_accuracy": [
        40.74074074074074,
        74.07407407407408,
        77.77777777777777,
        77.77777777777777,
        77.77777777777777,
        77.77777777777777,
        77.77777777777777,
        77.77777777777777,
        77.77777777777777,
        77.77777777777777
      ]
    },
    "average_loss_intra_epoch": [
      136.15512084960938
    ],
    "average_accuracy_intra_epoch": [
      85.57692307692308
    ],
    "runtime": 3.5554144382476807
  }
}