{
  "hyperparameters": {
    "architecture": "classification",
    "batch_size": 100,
    "clipping_threshold": 0.0,
    "dataset_name": "acute-nephritis_classification",
    "epochs": 10,
    "initialization_scale": "\\sqrt{\frac{6}{n+m}}",
    "inner_ISGD_iterations": 0,
    "intra_epoch": false,
    "lr": 3.0,
    "momentum": 0.0,
    "mu": 0.0,
    "nodes": 50,
    "seed": 1,
    "sgdtype": "explicit",
    "data_type": "classification"
  },
  "results": {
    "train": {
      "average_loss": [
        0.6887933611869812,
        0.6802425980567932,
        0.668782651424408,
        0.6567350029945374,
        0.6484414339065552,
        0.6373069286346436,
        0.6065593957901001,
        0.461920827627182,
        0.06816752254962921,
        0.01647702045738697
      ],
      "average_accuracy": [
        64.58333333333333,
        64.58333333333333,
        64.58333333333333,
        64.58333333333333,
        64.58333333333333,
        64.58333333333333,
        64.58333333333333,
        89.58333333333333,
        100.0,
        100.0
      ]
    },
    "test": {
      "average_loss": [
        1.064644694328308,
        0.7063317894935608,
        0.9913807511329651,
        0.75016850233078,
        0.9003213047981262,
        0.7709453701972961,
        0.8128693699836731,
        0.5374087691307068,
        0.08415771275758743,
        0.01743192784488201
      ],
      "average_accuracy": [
        33.333333333333336,
        33.333333333333336,
        33.333333333333336,
        33.333333333333336,
        33.333333333333336,
        33.333333333333336,
        33.333333333333336,
        87.5,
        100.0,
        100.0
      ]
    },
    "average_loss_intra_epoch": [
      0.01647702045738697
    ],
    "average_accuracy_intra_epoch": [
      100.0
    ],
    "runtime": 3.441375255584717
  }
}