{
  "hyperparameters": {
    "architecture": "classification",
    "batch_size": 100,
    "clipping_threshold": 0.0,
    "dataset_name": "lymphography_classification",
    "epochs": 10,
    "initialization_scale": "\\sqrt{\frac{6}{n+m}}",
    "inner_ISGD_iterations": 0,
    "intra_epoch": false,
    "lr": 1.0,
    "momentum": 0.0,
    "mu": 0.0,
    "nodes": 50,
    "seed": 1,
    "sgdtype": "explicit",
    "data_type": "classification"
  },
  "results": {
    "train": {
      "average_loss": [
        0.9811301529407501,
        0.8594891428947449,
        0.802173912525177,
        0.7459058463573456,
        0.5992410182952881,
        0.3611650988459587,
        0.4614815339446068,
        0.36030032485723495,
        0.4025522470474243,
        0.33376799151301384
      ],
      "average_accuracy": [
        53.389830508474574,
        53.389830508474574,
        53.389830508474574,
        53.389830508474574,
        75.42372881355932,
        83.89830508474576,
        77.11864406779661,
        83.89830508474576,
        78.8135593220339,
        83.05084745762711
      ]
    },
    "test": {
      "average_loss": [
        1.0108702182769775,
        0.917800784111023,
        0.8870648145675659,
        0.8568231463432312,
        0.7752202153205872,
        0.850662887096405,
        1.0764347314834595,
        0.9559091329574585,
        1.1258825063705444,
        1.052444577217102
      ],
      "average_accuracy": [
        60.0,
        60.0,
        60.0,
        60.0,
        73.33333333333333,
        70.0,
        73.33333333333333,
        73.33333333333333,
        73.33333333333333,
        73.33333333333333
      ]
    },
    "average_loss_intra_epoch": [
      0.33376799151301384
    ],
    "average_accuracy_intra_epoch": [
      83.05084745762711
    ],
    "runtime": 3.366244316101074
  }
}