{
  "hyperparameters": {
    "architecture": "classification",
    "batch_size": 100,
    "clipping_threshold": 0.0,
    "dataset_name": "breast-cancer-wisc-prog_classification",
    "epochs": 10,
    "initialization_scale": "\\sqrt{\frac{6}{n+m}}",
    "inner_ISGD_iterations": 0,
    "intra_epoch": false,
    "lr": 0.001,
    "momentum": 0.0,
    "mu": 0.0,
    "nodes": 50,
    "seed": 1,
    "sgdtype": "explicit",
    "data_type": "classification"
  },
  "results": {
    "train": {
      "average_loss": [
        0.6945181488990784,
        0.6940310597419739,
        0.6935454607009888,
        0.693061351776123,
        0.6925786137580872,
        0.6920974850654602,
        0.6916176080703735,
        0.6911393702030182,
        0.6906624734401703,
        0.6901870965957642
      ],
      "average_accuracy": [
        43.037974683544306,
        45.56962025316456,
        48.734177215189874,
        50.63291139240506,
        52.53164556962025,
        53.164556962025316,
        56.32911392405063,
        57.59493670886076,
        59.49367088607595,
        58.860759493670884
      ]
    },
    "test": {
      "average_loss": [
        0.6955529451370239,
        0.6951577067375183,
        0.6947634220123291,
        0.6943706274032593,
        0.6939793825149536,
        0.6935892701148987,
        0.6932005882263184,
        0.692812979221344,
        0.6924268007278442,
        0.6920419335365295
      ],
      "average_accuracy": [
        35.0,
        37.5,
        37.5,
        45.0,
        45.0,
        45.0,
        47.5,
        47.5,
        50.0,
        50.0
      ]
    },
    "average_loss_intra_epoch": [
      0.6901870965957642
    ],
    "average_accuracy_intra_epoch": [
      58.860759493670884
    ],
    "runtime": 0.9901330471038818
  }
}