{
  "hyperparameters": {
    "architecture": "classification",
    "batch_size": 100,
    "clipping_threshold": 0.0,
    "dataset_name": "cylinder-bands_classification",
    "epochs": 10,
    "initialization_scale": "\\sqrt{\frac{6}{n+m}}",
    "inner_ISGD_iterations": 0,
    "intra_epoch": false,
    "lr": 10.0,
    "momentum": 0.0,
    "mu": 0.0,
    "nodes": 50,
    "seed": 1,
    "sgdtype": "implicit",
    "data_type": "classification"
  },
  "results": {
    "train": {
      "average_loss": [
        16.60829677581787,
        338.7220031738281,
        39.58139991760254,
        171.8182159423828,
        179.3755310058594,
        145.56408462524413,
        98.52903900146484,
        73.26174087524414,
        115.30699310302734,
        57.62509613037109
      ],
      "average_accuracy": [
        43.520782396088016,
        49.1442542787286,
        58.43520782396088,
        64.30317848410758,
        56.479217603911984,
        62.59168704156479,
        60.14669926650367,
        63.080684596577015,
        35.94132029339853,
        57.946210268948654
      ]
    },
    "test": {
      "average_loss": [
        11.380106031894684,
        244.9419822692871,
        21.560884475708008,
        153.67473602294922,
        78.64360046386719,
        79.37828826904297,
        72.5071792602539,
        74.78274536132812,
        115.57152557373047,
        44.37234306335449
      ],
      "average_accuracy": [
        52.42718446601942,
        45.63106796116505,
        60.19417475728155,
        59.22330097087379,
        61.16504854368932,
        66.01941747572816,
        66.99029126213593,
        67.96116504854369,
        33.00970873786408,
        57.28155339805825
      ]
    },
    "average_loss_intra_epoch": [
      57.62509613037109
    ],
    "average_accuracy_intra_epoch": [
      57.946210268948654
    ],
    "runtime": 22.75238299369812
  }
}