{
  "hyperparameters": {
    "architecture": "classification",
    "batch_size": 100,
    "clipping_threshold": 0.0,
    "dataset_name": "breast-cancer-wisc-prog_classification",
    "epochs": 10,
    "initialization_scale": "\\sqrt{\frac{6}{n+m}}",
    "inner_ISGD_iterations": 0,
    "intra_epoch": false,
    "lr": 30.0,
    "momentum": 0.0,
    "mu": 0.0,
    "nodes": 50,
    "seed": 1,
    "sgdtype": "explicit",
    "data_type": "classification"
  },
  "results": {
    "train": {
      "average_loss": [
        84.0873794555664,
        785.9842529296875,
        727.7723693847656,
        48.620845794677734,
        267.782470703125,
        660.8507080078125,
        46.09784507751465,
        906.0541687011719,
        456.3653106689453,
        97.61638641357422
      ],
      "average_accuracy": [
        22.78481012658228,
        62.0253164556962,
        39.24050632911393,
        39.24050632911393,
        63.29113924050633,
        63.29113924050633,
        73.41772151898734,
        63.29113924050633,
        36.075949367088604,
        63.29113924050633
      ]
    },
    "test": {
      "average_loss": [
        82.76228332519531,
        575.8321533203125,
        838.3253784179688,
        76.22425079345703,
        198.8011016845703,
        535.9270629882812,
        35.0518913269043,
        746.9487915039062,
        562.2989501953125,
        64.05699920654297
      ],
      "average_accuracy": [
        27.5,
        72.5,
        30.0,
        35.0,
        72.5,
        70.0,
        72.5,
        70.0,
        30.0,
        70.0
      ]
    },
    "average_loss_intra_epoch": [
      97.61638641357422
    ],
    "average_accuracy_intra_epoch": [
      63.29113924050633
    ],
    "runtime": 0.7794499397277832
  }
}