{
  "hyperparameters": {
    "architecture": "classification",
    "batch_size": 1,
    "clipping_threshold": 0.0,
    "dataset_name": "classification_annealing",
    "epochs": 10,
    "initialization_scale": "\\sqrt{\frac{6}{n+m}}",
    "inner_ISGD_iterations": 0,
    "intra_epoch": false,
    "lr": 0.002,
    "momentum": 0.0,
    "mu": 0.0,
    "nodes": 50,
    "seed": 1,
    "sgdtype": "explicit",
    "data_type": "classification"
  },
  "results": {
    "train": {
      "average_loss": [
        1.0167012881269695,
        0.8708845061512046,
        0.8300456962545603,
        0.7957094079272661,
        0.751288386772602,
        0.7012514593209397,
        0.6555149393327389,
        0.6271901469376758,
        0.5976350862003634,
        0.5922874477912456
      ],
      "average_accuracy": [
        75.6267409470752,
        75.6267409470752,
        75.6267409470752,
        75.6267409470752,
        75.6267409470752,
        78.6908077994429,
        81.75487465181058,
        81.75487465181058,
        81.75487465181058,
        81.75487465181058
      ]
    },
    "test": {
      "average_loss": [
        0.9813151690695021,
        0.8170627699957953,
        0.7754191809230381,
        0.7450642300976648,
        0.7086002210776011,
        0.6608215815491146,
        0.6216941061947081,
        0.6086196912659539,
        0.5885810083813138,
        0.5636542366610633
      ],
      "average_accuracy": [
        78.33333333333333,
        78.33333333333333,
        78.33333333333333,
        78.33333333333333,
        78.33333333333333,
        81.66666666666667,
        85.0,
        85.0,
        85.0,
        85.0
      ]
    },
    "average_loss_intra_epoch": [
      0.5922874477912456
    ],
    "average_accuracy_intra_epoch": [
      81.75487465181058
    ],
    "runtime": 35.36282181739807
  }
}