{
  "hyperparameters": {
    "architecture": "classification",
    "batch_size": 100,
    "clipping_threshold": 0.0,
    "dataset_name": "nursery_classification",
    "epochs": 10,
    "initialization_scale": "\\sqrt{\frac{6}{n+m}}",
    "inner_ISGD_iterations": 0,
    "intra_epoch": false,
    "lr": 10.0,
    "momentum": 0.0,
    "mu": 0.0,
    "nodes": 50,
    "seed": 1,
    "sgdtype": "implicit",
    "data_type": "classification"
  },
  "results": {
    "train": {
      "average_loss": [
        40.4246924840487,
        22.198192614775436,
        23.975221468852116,
        22.609450340270996,
        26.295775431853073,
        30.859965544480545,
        6.408044317593942,
        33.079332223305336,
        34.68454775443444,
        33.213982563752396
      ],
      "average_accuracy": [
        65.98186728395062,
        64.49652777777777,
        32.986111111111114,
        64.49652777777777,
        65.98186728395062,
        65.98186728395062,
        64.49652777777777,
        64.49652777777777,
        65.98186728395062,
        65.98186728395062
      ]
    },
    "test": {
      "average_loss": [
        39.17913612952599,
        21.914868868314304,
        23.485003838172325,
        22.33154850739699,
        25.31060138115516,
        29.88586455125075,
        6.609074757649348,
        32.90690363370455,
        33.660717744093674,
        32.299008442805366
      ],
      "average_accuracy": [
        67.32253086419753,
        64.69907407407408,
        34.72222222222222,
        64.69907407407408,
        67.32253086419753,
        67.32253086419753,
        64.69907407407408,
        64.69907407407408,
        67.32253086419753,
        67.32253086419753
      ]
    },
    "average_loss_intra_epoch": [
      33.213982563752396
    ],
    "average_accuracy_intra_epoch": [
      65.98186728395062
    ],
    "runtime": 134.6534264087677
  }
}