{
  "hyperparameters": {
    "architecture": "music",
    "batch_size": 100,
    "clipping_threshold": 0.0,
    "dataset_name": "Nottingham",
    "epochs": 5,
    "initialization_scale": "\\sqrt{\frac{6}{n+m}}",
    "inner_ISGD_iterations": 0,
    "intra_epoch": false,
    "lr": 500.0,
    "momentum": 0.0,
    "mu": 0.0,
    "nodes": 300,
    "seed": 5,
    "sgdtype": "explicit",
    "data_type": "sequential_many"
  },
  "results": {
    "train": {
      "average_loss": [
        0.003995693967651149,
        0.002482646425732382,
        0.0037024477159155545,
        0.0014325712517759212,
        0.0026447030233732734
      ],
      "average_accuracy": [
        0,
        0,
        0,
        0,
        0
      ]
    },
    "test": {
      "average_loss": [
        0.0035343773740083525,
        0.0025007967614596163,
        0.0034362839197616697,
        0.0013696619617643163,
        0.0026228739785865937
      ],
      "average_accuracy": [
        0,
        0,
        0,
        0,
        0
      ]
    },
    "average_loss_intra_epoch": [
      0.0026447030233732734
    ],
    "average_accuracy_intra_epoch": [
      0
    ],
    "runtime": 1328.0752701759338
  }
}