{
  "hyperparameters": {
    "architecture": "classification",
    "batch_size": 100,
    "clipping_threshold": 0.0,
    "dataset_name": "musk-1_classification",
    "epochs": 10,
    "initialization_scale": "\\sqrt{\frac{6}{n+m}}",
    "inner_ISGD_iterations": 0,
    "intra_epoch": false,
    "lr": 0.5,
    "momentum": 0.0,
    "mu": 0.0,
    "nodes": 50,
    "seed": 1,
    "sgdtype": "implicit",
    "data_type": "classification"
  },
  "results": {
    "train": {
      "average_loss": [
        0.501280389726162,
        0.7810328602790833,
        0.4299524798989296,
        0.4387618601322174,
        0.36665933579206467,
        0.3185715228319168,
        0.44767003506422043,
        0.31013039126992226,
        0.6190075129270554,
        0.2731109894812107
      ],
      "average_accuracy": [
        75.78947368421052,
        66.3157894736842,
        80.78947368421052,
        77.10526315789474,
        83.94736842105263,
        86.3157894736842,
        82.10526315789474,
        87.10526315789474,
        75.52631578947368,
        90.0
      ]
    },
    "test": {
      "average_loss": [
        0.5102269649505615,
        0.8068015575408936,
        0.42189279198646545,
        0.42660030722618103,
        0.3946058750152588,
        0.3469349443912506,
        0.451608270406723,
        0.3731907904148102,
        0.6446638107299805,
        0.32667824625968933
      ],
      "average_accuracy": [
        70.83333333333333,
        67.70833333333333,
        79.16666666666667,
        76.04166666666667,
        82.29166666666667,
        81.25,
        77.08333333333333,
        83.33333333333333,
        73.95833333333333,
        85.41666666666667
      ]
    },
    "average_loss_intra_epoch": [
      0.2731109894812107
    ],
    "average_accuracy_intra_epoch": [
      90.0
    ],
    "runtime": 84.9676866531372
  }
}