{
  "hyperparameters": {
    "architecture": "classification",
    "batch_size": 100,
    "clipping_threshold": 0.0,
    "dataset_name": "annealing_classification",
    "epochs": 10,
    "initialization_scale": "\\sqrt{\frac{6}{n+m}}",
    "inner_ISGD_iterations": 0,
    "intra_epoch": false,
    "lr": 0.003,
    "momentum": 0.0,
    "mu": 0.0,
    "nodes": 50,
    "seed": 1,
    "sgdtype": "implicit",
    "data_type": "classification"
  },
  "results": {
    "train": {
      "average_loss": [
        1.5513822734355927,
        1.5369951874017715,
        1.5230181962251663,
        1.5094377249479294,
        1.4961121082305908,
        1.483032926917076,
        1.4701951295137405,
        1.4575809836387634,
        1.4451693445444107,
        1.4329551458358765
      ],
      "average_accuracy": [
        11.838440111420613,
        20.473537604456826,
        25.069637883008358,
        53.48189415041783,
        71.72701949860725,
        75.06963788300835,
        75.06963788300835,
        75.34818941504179,
        75.4874651810585,
        75.4874651810585
      ]
    },
    "test": {
      "average_loss": [
        1.5456608533859253,
        1.5304809212684631,
        1.5159934759140015,
        1.5018274784088135,
        1.487923502922058,
        1.47426176071167,
        1.4608282446861267,
        1.4476157426834106,
        1.4346162676811218,
        1.4218260645866394
      ],
      "average_accuracy": [
        9.444444444444445,
        19.444444444444443,
        23.333333333333332,
        50.55555555555556,
        71.66666666666667,
        76.66666666666667,
        76.66666666666667,
        78.33333333333333,
        78.33333333333333,
        78.33333333333333
      ]
    },
    "average_loss_intra_epoch": [
      1.4329551458358765
    ],
    "average_accuracy_intra_epoch": [
      75.4874651810585
    ],
    "runtime": 12.045415163040161
  }
}