{
  "hyperparameters": {
    "architecture": "classification",
    "batch_size": 100,
    "clipping_threshold": 0.0,
    "dataset_name": "flags_classification",
    "epochs": 10,
    "initialization_scale": "\\sqrt{\frac{6}{n+m}}",
    "inner_ISGD_iterations": 0,
    "intra_epoch": false,
    "lr": 0.1,
    "momentum": 0.0,
    "mu": 0.0,
    "nodes": 50,
    "seed": 1,
    "sgdtype": "explicit",
    "data_type": "classification"
  },
  "results": {
    "train": {
      "average_loss": [
        2.0730010271072388,
        2.0511107444763184,
        2.030884623527527,
        2.012123703956604,
        1.9946699738502502,
        1.9783942699432373,
        1.9631906747817993,
        1.9489725232124329,
        1.9356658458709717,
        1.9232064485549927
      ],
      "average_accuracy": [
        20.64516129032258,
        21.29032258064516,
        24.516129032258064,
        23.225806451612904,
        29.032258064516128,
        30.322580645161292,
        30.322580645161292,
        30.322580645161292,
        30.322580645161292,
        30.322580645161292
      ]
    },
    "test": {
      "average_loss": [
        2.0738883018493652,
        2.048447847366333,
        2.024855613708496,
        2.0028960704803467,
        1.982393503189087,
        1.9632086753845215,
        1.9452266693115234,
        1.9283545017242432,
        1.912512183189392,
        1.8976342678070068
      ],
      "average_accuracy": [
        20.512820512820515,
        20.512820512820515,
        20.512820512820515,
        33.333333333333336,
        33.333333333333336,
        33.333333333333336,
        33.333333333333336,
        33.333333333333336,
        33.333333333333336,
        33.333333333333336
      ]
    },
    "average_loss_intra_epoch": [
      1.9232064485549927
    ],
    "average_accuracy_intra_epoch": [
      30.322580645161292
    ],
    "runtime": 3.3445723056793213
  }
}