{
  "hyperparameters": {
    "architecture": "classification",
    "batch_size": 100,
    "clipping_threshold": 0.0,
    "dataset_name": "spambase_classification",
    "epochs": 10,
    "initialization_scale": "\\sqrt{\frac{6}{n+m}}",
    "inner_ISGD_iterations": 0,
    "intra_epoch": false,
    "lr": 0.01,
    "momentum": 0.0,
    "mu": 0.0,
    "nodes": 50,
    "seed": 1,
    "sgdtype": "explicit",
    "data_type": "classification"
  },
  "results": {
    "train": {
      "average_loss": [
        0.6717320132899929,
        0.6550799060512233,
        0.6387570758123655,
        0.6194784045219421,
        0.5939939231485933,
        0.5589973411044559,
        0.5126031580809001,
        0.4577797723783029,
        0.40367375596149546,
        0.3592753950003031
      ],
      "average_accuracy": [
        66.25,
        63.55978260869565,
        63.55978260869565,
        64.70108695652173,
        68.5054347826087,
        76.3586956521739,
        81.19565217391305,
        84.83695652173913,
        86.92934782608695,
        88.07065217391305
      ]
    },
    "test": {
      "average_loss": [
        0.6699644744396209,
        0.652502977848053,
        0.6357535064220429,
        0.616377454996109,
        0.5910852909088135,
        0.5564788460731507,
        0.5103967010974884,
        0.4552567034959793,
        0.39972626566886904,
        0.3530532240867615
      ],
      "average_accuracy": [
        68.62106406080348,
        64.82084690553746,
        64.06080347448426,
        65.68946796959827,
        68.72964169381108,
        76.0043431053203,
        81.43322475570032,
        85.66775244299674,
        87.62214983713355,
        89.03365906623236
      ]
    },
    "average_loss_intra_epoch": [
      0.3592753950003031
    ],
    "average_accuracy_intra_epoch": [
      88.07065217391305
    ],
    "runtime": 7.811857223510742
  }
}