{
  "hyperparameters": {
    "architecture": "classification",
    "batch_size": 100,
    "clipping_threshold": 0.0,
    "dataset_name": "pittsburg-bridges-SPAN_classification",
    "epochs": 10,
    "initialization_scale": "\\sqrt{\frac{6}{n+m}}",
    "inner_ISGD_iterations": 0,
    "intra_epoch": false,
    "lr": 1.0,
    "momentum": 0.0,
    "mu": 0.0,
    "nodes": 50,
    "seed": 1,
    "sgdtype": "explicit",
    "data_type": "classification"
  },
  "results": {
    "train": {
      "average_loss": [
        1.035671353340149,
        1.0340681076049805,
        1.0336673259735107,
        1.033413290977478,
        1.0331777334213257,
        1.032932162284851,
        1.03266179561615,
        1.0323530435562134,
        1.0319920778274536,
        1.031562089920044
      ],
      "average_accuracy": [
        50.68493150684932,
        50.68493150684932,
        50.68493150684932,
        50.68493150684932,
        50.68493150684932,
        50.68493150684932,
        50.68493150684932,
        50.68493150684932,
        50.68493150684932,
        50.68493150684932
      ]
    },
    "test": {
      "average_loss": [
        0.992152750492096,
        0.987949550151825,
        0.9875030517578125,
        0.9877865314483643,
        0.9881189465522766,
        0.9883548617362976,
        0.9884800314903259,
        0.9885077476501465,
        0.9884498715400696,
        0.9883121848106384
      ],
      "average_accuracy": [
        57.89473684210526,
        57.89473684210526,
        57.89473684210526,
        57.89473684210526,
        57.89473684210526,
        57.89473684210526,
        57.89473684210526,
        57.89473684210526,
        57.89473684210526,
        57.89473684210526
      ]
    },
    "average_loss_intra_epoch": [
      1.031562089920044
    ],
    "average_accuracy_intra_epoch": [
      50.68493150684932
    ],
    "runtime": 3.258776903152466
  }
}