{
  "hyperparameters": {
    "architecture": "classification",
    "batch_size": 100,
    "clipping_threshold": 0.0,
    "dataset_name": "pittsburg-bridges-T-OR-D_classification",
    "epochs": 10,
    "initialization_scale": "\\sqrt{\frac{6}{n+m}}",
    "inner_ISGD_iterations": 0,
    "intra_epoch": false,
    "lr": 3.0,
    "momentum": 0.0,
    "mu": 0.0,
    "nodes": 50,
    "seed": 1,
    "sgdtype": "implicit",
    "data_type": "classification"
  },
  "results": {
    "train": {
      "average_loss": [
        0.42632538080215454,
        0.3502703905105591,
        0.3490337133407593,
        0.34890422224998474,
        0.34887248277664185,
        0.3488609492778778,
        0.34885266423225403,
        0.34884533286094666,
        0.3488380014896393,
        0.3488309383392334
      ],
      "average_accuracy": [
        88.88888888888889,
        88.88888888888889,
        88.88888888888889,
        88.88888888888889,
        88.88888888888889,
        88.88888888888889,
        88.88888888888889,
        88.88888888888889,
        88.88888888888889,
        88.88888888888889
      ]
    },
    "test": {
      "average_loss": [
        0.882578432559967,
        0.6362413167953491,
        0.6064085364341736,
        0.6162207722663879,
        0.6119719743728638,
        0.613636314868927,
        0.612939178943634,
        0.6132073402404785,
        0.6130856871604919,
        0.6131229400634766
      ],
      "average_accuracy": [
        76.19047619047619,
        76.19047619047619,
        76.19047619047619,
        76.19047619047619,
        76.19047619047619,
        76.19047619047619,
        76.19047619047619,
        76.19047619047619,
        76.19047619047619,
        76.19047619047619
      ]
    },
    "average_loss_intra_epoch": [
      0.3488309383392334
    ],
    "average_accuracy_intra_epoch": [
      88.88888888888889
    ],
    "runtime": 4.093097448348999
  }
}