{
  "hyperparameters": {
    "architecture": "classification",
    "batch_size": 100,
    "clipping_threshold": 0.0,
    "dataset_name": "conn-bench-sonar-mines-rocks_classification",
    "epochs": 10,
    "initialization_scale": "\\sqrt{\frac{6}{n+m}}",
    "inner_ISGD_iterations": 0,
    "intra_epoch": false,
    "lr": 3.0,
    "momentum": 0.0,
    "mu": 0.0,
    "nodes": 50,
    "seed": 1,
    "sgdtype": "explicit",
    "data_type": "classification"
  },
  "results": {
    "train": {
      "average_loss": [
        0.6480023115873337,
        0.7922185659408569,
        8.688448667526245,
        101.14219284057617,
        22.26060199737549,
        66.60019874572754,
        7.624106168746948,
        39.82023811340332,
        83.46450805664062,
        75.13831329345703
      ],
      "average_accuracy": [
        66.86746987951807,
        45.18072289156626,
        28.313253012048193,
        36.74698795180723,
        62.65060240963855,
        59.036144578313255,
        47.59036144578313,
        69.27710843373494,
        44.57831325301205,
        37.34939759036145
      ]
    },
    "test": {
      "average_loss": [
        0.6997759342193604,
        0.7438479661941528,
        8.175182342529297,
        113.39878845214844,
        16.568275451660156,
        35.91535186767578,
        8.385056495666504,
        42.02341842651367,
        99.09663391113281,
        77.63693237304688
      ],
      "average_accuracy": [
        61.904761904761905,
        52.38095238095238,
        23.80952380952381,
        33.333333333333336,
        73.80952380952381,
        71.42857142857143,
        50.0,
        71.42857142857143,
        50.0,
        33.333333333333336
      ]
    },
    "average_loss_intra_epoch": [
      75.13831329345703
    ],
    "average_accuracy_intra_epoch": [
      37.34939759036145
    ],
    "runtime": 0.8255548477172852
  }
}