{
  "hyperparameters": {
    "architecture": "classification",
    "batch_size": 100,
    "clipping_threshold": 0.0,
    "dataset_name": "adult_classification",
    "epochs": 10,
    "initialization_scale": "\\sqrt{\frac{6}{n+m}}",
    "inner_ISGD_iterations": 0,
    "intra_epoch": false,
    "lr": 0.003,
    "momentum": 0.0,
    "mu": 0.0,
    "nodes": 50,
    "seed": 1,
    "sgdtype": "implicit",
    "data_type": "classification"
  },
  "results": {
    "train": {
      "average_loss": [
        0.592393283953752,
        0.5610784189323025,
        0.5528191679426472,
        0.5502573421696568,
        0.5491103478862197,
        0.5482578683082405,
        0.5473615022571495,
        0.5462624342240336,
        0.5448111500733953,
        0.5427935647842524
      ],
      "average_accuracy": [
        76.07555089192026,
        76.07555089192026,
        76.07555089192026,
        76.07555089192026,
        76.07555089192026,
        76.07555089192026,
        76.07555089192026,
        76.07555089192026,
        76.07555089192026,
        76.07555089192026
      ]
    },
    "test": {
      "average_loss": [
        0.5924430611182232,
        0.5611922056699286,
        0.5529672339254496,
        0.550424510423018,
        0.5492887180678698,
        0.5484432787919531,
        0.5475515668489495,
        0.546455729980858,
        0.5450066556127704,
        0.5429904172006919
      ],
      "average_accuracy": [
        76.05691473026921,
        76.05691473026921,
        76.05691473026921,
        76.05691473026921,
        76.05691473026921,
        76.05691473026921,
        76.05691473026921,
        76.05691473026921,
        76.05691473026921,
        76.05691473026921
      ]
    },
    "average_loss_intra_epoch": [
      0.5427935647842524
    ],
    "average_accuracy_intra_epoch": [
      76.07555089192026
    ],
    "runtime": 831.1622958183289
  }
}