{
  "hyperparameters": {
    "architecture": "classification",
    "batch_size": 100,
    "clipping_threshold": 0.0,
    "dataset_name": "haberman-survival_classification",
    "epochs": 10,
    "initialization_scale": "\\sqrt{\frac{6}{n+m}}",
    "inner_ISGD_iterations": 0,
    "intra_epoch": false,
    "lr": 3.0,
    "momentum": 0.0,
    "mu": 0.0,
    "nodes": 50,
    "seed": 1,
    "sgdtype": "explicit",
    "data_type": "classification"
  },
  "results": {
    "train": {
      "average_loss": [
        0.6488693753878275,
        0.5882231593132019,
        0.5894407431284586,
        0.5887991388638815,
        0.5883206526438395,
        0.5879495541254679,
        0.587668756643931,
        0.5874592264493307,
        0.5873040954271952,
        0.5871900121370951
      ],
      "average_accuracy": [
        72.54098360655738,
        72.54098360655738,
        72.54098360655738,
        72.54098360655738,
        72.54098360655738,
        72.54098360655738,
        72.54098360655738,
        72.54098360655738,
        72.54098360655738,
        72.54098360655738
      ]
    },
    "test": {
      "average_loss": [
        0.5777204632759094,
        0.5373153686523438,
        0.5379029512405396,
        0.5375895500183105,
        0.5373605489730835,
        0.5371857285499573,
        0.537055253982544,
        0.5369588732719421,
        0.5368879437446594,
        0.5368363261222839
      ],
      "average_accuracy": [
        77.41935483870968,
        77.41935483870968,
        77.41935483870968,
        77.41935483870968,
        77.41935483870968,
        77.41935483870968,
        77.41935483870968,
        77.41935483870968,
        77.41935483870968,
        77.41935483870968
      ]
    },
    "average_loss_intra_epoch": [
      0.5871900121370951
    ],
    "average_accuracy_intra_epoch": [
      72.54098360655738
    ],
    "runtime": 3.929056406021118
  }
}