{
  "hyperparameters": {
    "architecture": "classification",
    "batch_size": 100,
    "clipping_threshold": 0.0,
    "dataset_name": "lenses_classification",
    "epochs": 10,
    "initialization_scale": "\\sqrt{\frac{6}{n+m}}",
    "inner_ISGD_iterations": 0,
    "intra_epoch": false,
    "lr": 50.0,
    "momentum": 0.0,
    "mu": 0.0,
    "nodes": 50,
    "seed": 1,
    "sgdtype": "implicit",
    "data_type": "classification"
  },
  "results": {
    "train": {
      "average_loss": [
        9.004796028137207,
        71.32196044921875,
        18.411643981933594,
        39.13820266723633,
        344.0335998535156,
        60.591392517089844,
        224.3203582763672,
        123.2974624633789,
        128.97836303710938,
        214.3115692138672
      ],
      "average_accuracy": [
        63.1578947368421,
        21.05263157894737,
        63.1578947368421,
        63.1578947368421,
        21.05263157894737,
        63.1578947368421,
        15.789473684210526,
        63.1578947368421,
        21.05263157894737,
        63.1578947368421
      ]
    },
    "test": {
      "average_loss": [
        9.986124992370605,
        68.68893432617188,
        23.154163360595703,
        40.05229187011719,
        338.7846984863281,
        58.0284309387207,
        213.105224609375,
        143.12435913085938,
        140.15029907226562,
        228.1677703857422
      ],
      "average_accuracy": [
        60.0,
        20.0,
        60.0,
        60.0,
        20.0,
        60.0,
        20.0,
        60.0,
        20.0,
        60.0
      ]
    },
    "average_loss_intra_epoch": [
      214.3115692138672
    ],
    "average_accuracy_intra_epoch": [
      63.1578947368421
    ],
    "runtime": 3.5923988819122314
  }
}