{
  "hyperparameters": {
    "architecture": "classification",
    "batch_size": 100,
    "clipping_threshold": 0.0,
    "dataset_name": "miniboone_classification",
    "epochs": 10,
    "initialization_scale": "\\sqrt{\frac{6}{n+m}}",
    "inner_ISGD_iterations": 0,
    "intra_epoch": false,
    "lr": 1.0,
    "momentum": 0.0,
    "mu": 0.0,
    "nodes": 50,
    "seed": 1,
    "sgdtype": "explicit",
    "data_type": "classification"
  },
  "results": {
    "train": {
      "average_loss": [
        0.26619013524851354,
        0.25547186182194553,
        0.2477985122075571,
        0.2383613828193901,
        0.23043438618310247,
        0.22537420816741002,
        0.2221136989750104,
        0.21976294609701028,
        0.21768579893279374,
        0.21551777560203036
      ],
      "average_accuracy": [
        88.86315364580831,
        89.3946237902567,
        89.79538879972321,
        90.13656764471268,
        90.41143285504224,
        90.64593324427445,
        90.81700320035367,
        90.98038461908102,
        91.10916761972494,
        91.23314528452393
      ]
    },
    "test": {
      "average_loss": [
        0.2666342797407245,
        0.2565210922639032,
        0.2491969982611722,
        0.24021001237219777,
        0.23295828760012813,
        0.22853113385452622,
        0.22554310134315855,
        0.22339635841919545,
        0.2214147695750569,
        0.21924031234678182
      ],
      "average_accuracy": [
        88.9401453119594,
        89.40145311959405,
        89.69361473109599,
        90.01653019644024,
        90.32791296659363,
        90.52781301656864,
        90.7430899934648,
        90.91223618959751,
        91.07369392226964,
        91.16595548379657
      ]
    },
    "average_loss_intra_epoch": [
      0.21551777560203036
    ],
    "average_accuracy_intra_epoch": [
      91.23314528452393
    ],
    "runtime": 125.4088625907898
  }
}