{
  "hyperparameters": {
    "architecture": "classification",
    "batch_size": 100,
    "clipping_threshold": 0.0,
    "dataset_name": "energy-y2_classification",
    "epochs": 10,
    "initialization_scale": "\\sqrt{\frac{6}{n+m}}",
    "inner_ISGD_iterations": 0,
    "intra_epoch": false,
    "lr": 3.0,
    "momentum": 0.0,
    "mu": 0.0,
    "nodes": 50,
    "seed": 1,
    "sgdtype": "explicit",
    "data_type": "classification"
  },
  "results": {
    "train": {
      "average_loss": [
        1.0455475790160043,
        0.5464819243976048,
        0.6867501778262002,
        0.49564971242632183,
        0.4491449381623949,
        0.46161759325436186,
        0.4512579483645303,
        0.5366225625787463,
        0.43879767400877817,
        0.43997747131756376
      ],
      "average_accuracy": [
        50.9771986970684,
        73.9413680781759,
        73.61563517915309,
        73.9413680781759,
        78.0130293159609,
        73.9413680781759,
        74.1042345276873,
        73.9413680781759,
        77.36156351791531,
        78.50162866449512
      ]
    },
    "test": {
      "average_loss": [
        1.1623119115829468,
        0.5993935763835907,
        0.7904857695102692,
        0.5470013320446014,
        0.5021195411682129,
        0.518259271979332,
        0.47357818484306335,
        0.5877529680728912,
        0.49326081573963165,
        0.5169754475355148
      ],
      "average_accuracy": [
        45.45454545454545,
        71.42857142857143,
        62.98701298701299,
        71.42857142857143,
        76.62337662337663,
        71.42857142857143,
        71.42857142857143,
        71.42857142857143,
        74.02597402597402,
        76.62337662337663
      ]
    },
    "average_loss_intra_epoch": [
      0.43997747131756376
    ],
    "average_accuracy_intra_epoch": [
      78.50162866449512
    ],
    "runtime": 4.092355728149414
  }
}