{
  "hyperparameters": {
    "architecture": "classification",
    "batch_size": 100,
    "clipping_threshold": 0.0,
    "dataset_name": "wine-quality-white_classification",
    "epochs": 10,
    "initialization_scale": "\\sqrt{\frac{6}{n+m}}",
    "inner_ISGD_iterations": 0,
    "intra_epoch": false,
    "lr": 1.0,
    "momentum": 0.0,
    "mu": 0.0,
    "nodes": 50,
    "seed": 1,
    "sgdtype": "explicit",
    "data_type": "classification"
  },
  "results": {
    "train": {
      "average_loss": [
        1.2494505122303963,
        1.2034035086631776,
        1.1951403066515922,
        1.1883800968527793,
        1.1839356541633606,
        1.1780600473284721,
        1.1714772328734397,
        1.1650595143437386,
        1.1539594814181329,
        1.1401004657149314
      ],
      "average_accuracy": [
        47.90709545686575,
        52.50127616130679,
        52.27156712608474,
        52.22052067381317,
        52.348136804492086,
        52.22052067381317,
        52.65441551812149,
        52.50127616130679,
        52.85860132720776,
        53.471158754466565
      ]
    },
    "test": {
      "average_loss": [
        1.2490195512771607,
        1.2113383650779723,
        1.1988914132118225,
        1.1906266808509827,
        1.1866979718208313,
        1.1825712680816651,
        1.1794670462608337,
        1.1789510369300842,
        1.175354254245758,
        1.1686000287532807
      ],
      "average_accuracy": [
        45.51020408163265,
        51.02040816326531,
        49.69387755102041,
        50.0,
        50.40816326530612,
        50.61224489795919,
        50.816326530612244,
        49.89795918367347,
        49.59183673469388,
        49.59183673469388
      ]
    },
    "average_loss_intra_epoch": [
      1.1401004657149314
    ],
    "average_accuracy_intra_epoch": [
      53.471158754466565
    ],
    "runtime": 7.416084289550781
  }
}