{
  "hyperparameters": {
    "architecture": "music",
    "batch_size": 100,
    "clipping_threshold": 8.0,
    "dataset_name": "Nottingham",
    "epochs": 5,
    "initialization_scale": "\\sqrt{\frac{6}{n+m}}",
    "inner_ISGD_iterations": 0,
    "intra_epoch": false,
    "lr": 5.0,
    "momentum": 0.0,
    "mu": 0.0,
    "nodes": 300,
    "seed": 1,
    "sgdtype": "explicit",
    "data_type": "sequential_many"
  },
  "results": {
    "train": {
      "average_loss": [
        0.0006752965013225333,
        0.0005717500637176209,
        0.0005105976416660279,
        0.00046183075581798707,
        0.0004269690198428098
      ],
      "average_accuracy": [
        0,
        0,
        0,
        0,
        0
      ]
    },
    "test": {
      "average_loss": [
        0.0006746681952362826,
        0.0005775593027304722,
        0.0005212998416562401,
        0.000476968722518102,
        0.0004462549552793943
      ],
      "average_accuracy": [
        0,
        0,
        0,
        0,
        0
      ]
    },
    "average_loss_intra_epoch": [
      0.0004269690198428098
    ],
    "average_accuracy_intra_epoch": [
      0
    ],
    "runtime": 1316.2035896778107
  }
}