{
  "hyperparameters": {
    "architecture": "music",
    "batch_size": 100,
    "clipping_threshold": 0.01,
    "dataset_name": "Piano-midi.de",
    "epochs": 5,
    "initialization_scale": "\\sqrt{\frac{6}{n+m}}",
    "inner_ISGD_iterations": 0,
    "intra_epoch": false,
    "lr": 200.0,
    "momentum": 0.0,
    "mu": 0.0,
    "nodes": 300,
    "seed": 5,
    "sgdtype": "implicit",
    "data_type": "sequential_many"
  },
  "results": {
    "train": {
      "average_loss": [
        0.001649514953645974,
        0.0009100834840551372,
        0.0008536517070124632,
        0.000711783289711323,
        0.0004134069489339907
      ],
      "average_accuracy": [
        0,
        0,
        0,
        0,
        0
      ]
    },
    "test": {
      "average_loss": [
        0.0014403758454136551,
        0.001739822887466289,
        0.0014819009666098282,
        0.0011938165704486893,
        0.0005869412928586826
      ],
      "average_accuracy": [
        0,
        0,
        0,
        0,
        0
      ]
    },
    "average_loss_intra_epoch": [
      0.0004134069489339907
    ],
    "average_accuracy_intra_epoch": [
      0
    ],
    "runtime": 2937.4725041389465
  }
}