{
  "hyperparameters": {
    "architecture": "classification",
    "batch_size": 1,
    "clipping_threshold": 0.0,
    "dataset_name": "classification_abalone",
    "epochs": 10,
    "initialization_scale": "\\sqrt{\frac{6}{n+m}}",
    "inner_ISGD_iterations": 0,
    "intra_epoch": false,
    "lr": 0.30000000000000004,
    "momentum": 0.0,
    "mu": 0.0,
    "nodes": 50,
    "seed": 1,
    "sgdtype": "explicit",
    "data_type": "classification"
  },
  "results": {
    "train": {
      "average_loss": [
        0.9753183914458313,
        1.0821910795070782,
        1.672496742079694,
        2.0524382991763654,
        1.4587063470203625,
        2.391334333754485,
        3.0632788662388095,
        2.8826094708625374,
        2.6094796109684784,
        3.3138647005787085
      ],
      "average_accuracy": [
        39.83837174498653,
        45.70487877880874,
        34.39090092786591,
        38.10236456150853,
        40.496857228374736,
        31.816821310984736,
        38.55133193654594,
        38.34181382819515,
        31.1284046692607,
        32.175995211014666
      ]
    },
    "test": {
      "average_loss": [
        0.9704412753074363,
        1.0566527132640045,
        1.6703184776400264,
        2.1105028207650025,
        1.5105987041119182,
        2.472647628715734,
        3.1144581741550894,
        3.0180100273857846,
        2.535186397900992,
        3.221926417183933
      ],
      "average_accuracy": [
        40.19138755980861,
        47.48803827751196,
        33.73205741626794,
        36.72248803827751,
        38.038277511961724,
        30.980861244019138,
        37.20095693779904,
        36.8421052631579,
        32.89473684210526,
        34.21052631578947
      ]
    },
    "average_loss_intra_epoch": [
      3.3138647005787085
    ],
    "average_accuracy_intra_epoch": [
      32.175995211014666
    ],
    "runtime": 149.18921279907227
  }
}