{
  "hyperparameters": {
    "architecture": "classification",
    "batch_size": 100,
    "clipping_threshold": 0.0,
    "dataset_name": "blood_classification",
    "epochs": 10,
    "initialization_scale": "\\sqrt{\frac{6}{n+m}}",
    "inner_ISGD_iterations": 0,
    "intra_epoch": false,
    "lr": 0.1,
    "momentum": 0.0,
    "mu": 0.0,
    "nodes": 50,
    "seed": 1,
    "sgdtype": "implicit",
    "data_type": "classification"
  },
  "results": {
    "train": {
      "average_loss": [
        0.6189911862214407,
        0.5795949300130209,
        0.5598414242267609,
        0.5497126380602518,
        0.5444261332352957,
        0.5416266818841299,
        0.5401255190372467,
        0.539311021566391,
        0.5388635645310084,
        0.5386145760615667
      ],
      "average_accuracy": [
        77.09030100334448,
        77.09030100334448,
        77.09030100334448,
        77.09030100334448,
        77.09030100334448,
        77.09030100334448,
        77.09030100334448,
        77.09030100334448,
        77.09030100334448,
        77.09030100334448
      ]
    },
    "test": {
      "average_loss": [
        0.633675754070282,
        0.6054107546806335,
        0.5936172306537628,
        0.5892354249954224,
        0.588122546672821,
        0.5883656442165375,
        0.5890881717205048,
        0.5899018943309784,
        0.5906480848789215,
        0.59127476811409
      ],
      "average_accuracy": [
        72.66666666666667,
        72.66666666666667,
        72.66666666666667,
        72.66666666666667,
        72.66666666666667,
        72.66666666666667,
        72.66666666666667,
        72.66666666666667,
        72.66666666666667,
        72.66666666666667
      ]
    },
    "average_loss_intra_epoch": [
      0.5386145760615667
    ],
    "average_accuracy_intra_epoch": [
      77.09030100334448
    ],
    "runtime": 7.659914255142212
  }
}