{
  "hyperparameters": {
    "architecture": "classification",
    "batch_size": 100,
    "clipping_threshold": 0.0,
    "dataset_name": "glass_classification",
    "epochs": 10,
    "initialization_scale": "\\sqrt{\frac{6}{n+m}}",
    "inner_ISGD_iterations": 0,
    "intra_epoch": false,
    "lr": 5.0,
    "momentum": 0.0,
    "mu": 0.0,
    "nodes": 50,
    "seed": 1,
    "sgdtype": "explicit",
    "data_type": "classification"
  },
  "results": {
    "train": {
      "average_loss": [
        1.5975052118301392,
        1.5562670230865479,
        1.5337156057357788,
        1.482473611831665,
        1.2911134958267212,
        2.0160067081451416,
        4.271653890609741,
        25.788818359375,
        29.31092929840088,
        39.15065002441406
      ],
      "average_accuracy": [
        29.82456140350877,
        29.82456140350877,
        29.82456140350877,
        34.50292397660819,
        43.27485380116959,
        40.35087719298246,
        38.01169590643275,
        37.42690058479532,
        22.22222222222222,
        20.46783625730994
      ]
    },
    "test": {
      "average_loss": [
        1.4808697700500488,
        1.4421790838241577,
        1.4513874053955078,
        1.4430168867111206,
        1.2255691289901733,
        1.9124813079833984,
        3.0563600063323975,
        33.16777420043945,
        35.80170440673828,
        39.30970764160156
      ],
      "average_accuracy": [
        44.18604651162791,
        44.18604651162791,
        44.18604651162791,
        16.27906976744186,
        55.81395348837209,
        51.16279069767442,
        55.81395348837209,
        18.6046511627907,
        16.27906976744186,
        23.25581395348837
      ]
    },
    "average_loss_intra_epoch": [
      39.15065002441406
    ],
    "average_accuracy_intra_epoch": [
      20.46783625730994
    ],
    "runtime": 3.8447437286376953
  }
}