{
  "hyperparameters": {
    "architecture": "classification",
    "batch_size": 100,
    "clipping_threshold": 0.0,
    "dataset_name": "chess-krvkp_classification",
    "epochs": 10,
    "initialization_scale": "\\sqrt{\frac{6}{n+m}}",
    "inner_ISGD_iterations": 0,
    "intra_epoch": false,
    "lr": 1.0,
    "momentum": 0.0,
    "mu": 0.0,
    "nodes": 50,
    "seed": 1,
    "sgdtype": "implicit",
    "data_type": "classification"
  },
  "results": {
    "train": {
      "average_loss": [
        0.17209210547690207,
        0.10992716439068317,
        0.1049263092617576,
        0.09959693697209542,
        0.09516567629403792,
        0.0895451412607844,
        0.08880025234359962,
        0.08267224794970109,
        0.07765792571724607,
        0.07246503681660844
      ],
      "average_accuracy": [
        93.38810641627543,
        96.04851330203442,
        96.43974960876369,
        96.75273865414711,
        96.90923317683881,
        97.0266040688576,
        97.10485133020345,
        97.30046948356808,
        97.30046948356808,
        97.30046948356808
      ]
    },
    "test": {
      "average_loss": [
        0.15742347602333343,
        0.11855489388108253,
        0.1126084713531392,
        0.10626341442444495,
        0.10228657815605402,
        0.09847039090735572,
        0.09546031590018954,
        0.09149865952453443,
        0.08653018330889088,
        0.08083923773041793
      ],
      "average_accuracy": [
        93.90625,
        96.40625,
        96.71875,
        96.71875,
        96.5625,
        96.5625,
        96.875,
        96.875,
        97.03125,
        97.34375
      ]
    },
    "average_loss_intra_epoch": [
      0.07246503681660844
    ],
    "average_accuracy_intra_epoch": [
      97.30046948356808
    ],
    "runtime": 135.75412368774414
  }
}