{
  "hyperparameters": {
    "architecture": "classification",
    "batch_size": 100,
    "clipping_threshold": 0.0,
    "dataset_name": "adult_classification",
    "epochs": 10,
    "initialization_scale": "\\sqrt{\frac{6}{n+m}}",
    "inner_ISGD_iterations": 0,
    "intra_epoch": false,
    "lr": 0.5,
    "momentum": 0.0,
    "mu": 0.0,
    "nodes": 50,
    "seed": 1,
    "sgdtype": "implicit",
    "data_type": "classification"
  },
  "results": {
    "train": {
      "average_loss": [
        0.3389664539290816,
        0.33251102482114,
        0.3277546326675074,
        0.32562664135947555,
        0.3242095554118876,
        0.32309601023374007,
        0.32218576178831215,
        0.3214430050624301,
        0.3208485627951829,
        0.320369339698111
      ],
      "average_accuracy": [
        84.3753998925089,
        84.66972077905459,
        84.82839812658358,
        84.85655055920968,
        84.89494024006348,
        84.89238092800655,
        84.91029611240499,
        84.92821129680343,
        84.93332992091726,
        84.94356716914493
      ]
    },
    "test": {
      "average_loss": [
        0.3432791260432224,
        0.3376775256225041,
        0.3334420525601932,
        0.3313924755368914,
        0.3298798469560487,
        0.32865630485573594,
        0.3276800352091692,
        0.3269271537357447,
        0.32636233905748446,
        0.32593396442885303
      ],
      "average_accuracy": [
        84.46105026102978,
        84.57365134609479,
        84.70672535571707,
        84.68625243115979,
        84.7476712048316,
        84.75790766711025,
        84.70672535571707,
        84.75790766711025,
        84.77838059166751,
        84.73743474255298
      ]
    },
    "average_loss_intra_epoch": [
      0.320369339698111
    ],
    "average_accuracy_intra_epoch": [
      84.94356716914493
    ],
    "runtime": 824.3929319381714
  }
}