{
  "hyperparameters": {
    "architecture": "classification",
    "batch_size": 100,
    "clipping_threshold": 0.0,
    "dataset_name": "wall-following_classification",
    "epochs": 10,
    "initialization_scale": "\\sqrt{\frac{6}{n+m}}",
    "inner_ISGD_iterations": 0,
    "intra_epoch": false,
    "lr": 0.01,
    "momentum": 0.0,
    "mu": 0.0,
    "nodes": 50,
    "seed": 1,
    "sgdtype": "explicit",
    "data_type": "classification"
  },
  "results": {
    "train": {
      "average_loss": [
        1.3794671838933772,
        1.3283267265016383,
        1.2900689759037711,
        1.2612638798626987,
        1.2394216602498835,
        1.222658715464852,
        1.2095262164419347,
        1.198902666568756,
        1.189914427020333,
        1.1818705986846576
      ],
      "average_accuracy": [
        40.78826764436297,
        41.15490375802017,
        41.15490375802017,
        41.15490375802017,
        41.17781851512374,
        41.429880843263064,
        42.50687442713107,
        44.06507791017415,
        48.281393217231894,
        51.397800183318054
      ]
    },
    "test": {
      "average_loss": [
        1.3819059241901746,
        1.3327824094078757,
        1.2962570515545933,
        1.2689496170390735,
        1.2484085343100808,
        1.2327822663567283,
        1.2206500118429011,
        1.2109145684675737,
        1.2027231671593406,
        1.1954026005484841
      ],
      "average_accuracy": [
        36.904761904761905,
        37.45421245421245,
        37.45421245421245,
        37.45421245421245,
        37.45421245421245,
        37.82051282051282,
        38.91941391941392,
        41.02564102564103,
        44.505494505494504,
        47.985347985347985
      ]
    },
    "average_loss_intra_epoch": [
      1.1818705986846576
    ],
    "average_accuracy_intra_epoch": [
      51.397800183318054
    ],
    "runtime": 8.649110317230225
  }
}