{
  "hyperparameters": {
    "architecture": "classification",
    "batch_size": 100,
    "clipping_threshold": 0.0,
    "dataset_name": "monks-3_classification",
    "epochs": 10,
    "initialization_scale": "\\sqrt{\frac{6}{n+m}}",
    "inner_ISGD_iterations": 0,
    "intra_epoch": false,
    "lr": 0.01,
    "momentum": 0.0,
    "mu": 0.0,
    "nodes": 50,
    "seed": 1,
    "sgdtype": "explicit",
    "data_type": "classification"
  },
  "results": {
    "train": {
      "average_loss": [
        0.6955902576446533,
        0.6954094886779785,
        0.6952414035797119,
        0.6950852394104003,
        0.6949401140213013,
        0.6948050260543823,
        0.6946794390678406,
        0.6945626854896545,
        0.6944539070129394,
        0.6943528056144714
      ],
      "average_accuracy": [
        47.40406320541761,
        47.40406320541761,
        47.40406320541761,
        47.40406320541761,
        47.40406320541761,
        47.40406320541761,
        47.40406320541761,
        47.40406320541761,
        47.40406320541761,
        47.40406320541761
      ]
    },
    "test": {
      "average_loss": [
        0.6991220712661743,
        0.6987111270427704,
        0.6983216404914856,
        0.6979521811008453,
        0.6976017951965332,
        0.6972692310810089,
        0.6969535052776337,
        0.6966535449028015,
        0.696368545293808,
        0.6960978507995605
      ],
      "average_accuracy": [
        50.450450450450454,
        50.450450450450454,
        50.450450450450454,
        50.450450450450454,
        50.450450450450454,
        50.450450450450454,
        50.450450450450454,
        50.450450450450454,
        50.450450450450454,
        50.450450450450454
      ]
    },
    "average_loss_intra_epoch": [
      0.6943528056144714
    ],
    "average_accuracy_intra_epoch": [
      47.40406320541761
    ],
    "runtime": 3.579559087753296
  }
}