{
  "hyperparameters": {
    "architecture": "classification",
    "batch_size": 100,
    "clipping_threshold": 0.0,
    "dataset_name": "monks-3_classification",
    "epochs": 10,
    "initialization_scale": "\\sqrt{\frac{6}{n+m}}",
    "inner_ISGD_iterations": 0,
    "intra_epoch": false,
    "lr": 0.01,
    "momentum": 0.0,
    "mu": 0.0,
    "nodes": 50,
    "seed": 1,
    "sgdtype": "implicit",
    "data_type": "classification"
  },
  "results": {
    "train": {
      "average_loss": [
        0.6955902695655822,
        0.6954094886779785,
        0.6952414035797119,
        0.6950851917266846,
        0.6949401021003723,
        0.6948050260543823,
        0.6946795105934143,
        0.6945626854896545,
        0.6944539070129394,
        0.6943527340888977
      ],
      "average_accuracy": [
        47.40406320541761,
        47.40406320541761,
        47.40406320541761,
        47.40406320541761,
        47.40406320541761,
        47.40406320541761,
        47.40406320541761,
        47.40406320541761,
        47.40406320541761,
        47.40406320541761
      ]
    },
    "test": {
      "average_loss": [
        0.6991220712661743,
        0.6987111568450928,
        0.6983215808868408,
        0.6979521214962006,
        0.6976017653942108,
        0.6972691714763641,
        0.6969534456729889,
        0.6966535151004791,
        0.6963684856891632,
        0.6960977017879486
      ],
      "average_accuracy": [
        50.450450450450454,
        50.450450450450454,
        50.450450450450454,
        50.450450450450454,
        50.450450450450454,
        50.450450450450454,
        50.450450450450454,
        50.450450450450454,
        50.450450450450454,
        50.450450450450454
      ]
    },
    "average_loss_intra_epoch": [
      0.6943527340888977
    ],
    "average_accuracy_intra_epoch": [
      47.40406320541761
    ],
    "runtime": 8.300271987915039
  }
}