{
  "hyperparameters": {
    "architecture": "classification",
    "batch_size": 100,
    "clipping_threshold": 0.0,
    "dataset_name": "oocytes-merluccius-states-2f_classification",
    "epochs": 10,
    "initialization_scale": "\\sqrt{\frac{6}{n+m}}",
    "inner_ISGD_iterations": 0,
    "intra_epoch": false,
    "lr": 5.0,
    "momentum": 0.0,
    "mu": 0.0,
    "nodes": 50,
    "seed": 1,
    "sgdtype": "implicit",
    "data_type": "classification"
  },
  "results": {
    "train": {
      "average_loss": [
        38.1254153781467,
        6.416415214538574,
        15.415374967787,
        20.359278466966416,
        10.861076301998562,
        26.46050453186035,
        7.8016103108723955,
        2.7778895563549466,
        12.827211221059164,
        7.488985591464573
      ],
      "average_accuracy": [
        62.4235006119951,
        70.86903304773561,
        81.3953488372093,
        82.61933904528763,
        87.51529987760098,
        81.7625458996328,
        48.34761321909425,
        84.33292533659731,
        60.83231334149327,
        84.33292533659731
      ]
    },
    "test": {
      "average_loss": [
        41.514503479003906,
        6.133484840393066,
        15.689710934956869,
        25.552600224812824,
        13.936086018880209,
        35.199636459350586,
        10.36094363530477,
        2.141101542239388,
        13.857782681783041,
        4.296825077966787
      ],
      "average_accuracy": [
        59.51219512195122,
        67.3170731707317,
        80.97560975609755,
        80.48780487804878,
        85.36585365853658,
        80.97560975609755,
        47.31707317073171,
        86.34146341463415,
        64.39024390243902,
        86.82926829268293
      ]
    },
    "average_loss_intra_epoch": [
      7.488985591464573
    ],
    "average_accuracy_intra_epoch": [
      84.33292533659731
    ],
    "runtime": 31.39163851737976
  }
}