{
  "hyperparameters": {
    "architecture": "music",
    "batch_size": 100,
    "clipping_threshold": 8.0,
    "dataset_name": "Piano-midi.de",
    "epochs": 5,
    "initialization_scale": "\\sqrt{\frac{6}{n+m}}",
    "inner_ISGD_iterations": 0,
    "intra_epoch": false,
    "lr": 200.0,
    "momentum": 0.0,
    "mu": 0.0,
    "nodes": 300,
    "seed": 3,
    "sgdtype": "explicit",
    "data_type": "sequential_many"
  },
  "results": {
    "train": {
      "average_loss": [
        0.00034906381698346687,
        0.00032904678915530956,
        0.0003187707978673413,
        0.00031072449932796826,
        0.00030403074209783067
      ],
      "average_accuracy": [
        0,
        0,
        0,
        0,
        0
      ]
    },
    "test": {
      "average_loss": [
        0.0004443549287680071,
        0.0004267450874613132,
        0.00041845763378660193,
        0.00041180390835506844,
        0.0004064027460117359
      ],
      "average_accuracy": [
        0,
        0,
        0,
        0,
        0
      ]
    },
    "average_loss_intra_epoch": [
      0.00030403074209783067
    ],
    "average_accuracy_intra_epoch": [
      0
    ],
    "runtime": 565.3628022670746
  }
}