{
  "hyperparameters": {
    "architecture": "classification",
    "batch_size": 100,
    "clipping_threshold": 0.0,
    "dataset_name": "breast-cancer-wisc_classification",
    "epochs": 10,
    "initialization_scale": "\\sqrt{\frac{6}{n+m}}",
    "inner_ISGD_iterations": 0,
    "intra_epoch": false,
    "lr": 30.0,
    "momentum": 0.0,
    "mu": 0.0,
    "nodes": 50,
    "seed": 1,
    "sgdtype": "implicit",
    "data_type": "classification"
  },
  "results": {
    "train": {
      "average_loss": [
        35.87798500061035,
        26.983620007832844,
        18.864121278127033,
        10.472603797912598,
        2.5478016138076782,
        10.371435403823853,
        2.253974497318268,
        10.890734434127808,
        2.773549437522888,
        36.45728429158529
      ],
      "average_accuracy": [
        96.77996422182468,
        96.95885509838998,
        96.95885509838998,
        96.95885509838998,
        96.77996422182468,
        96.95885509838998,
        96.95885509838998,
        96.95885509838998,
        96.95885509838998,
        96.95885509838998
      ]
    },
    "test": {
      "average_loss": [
        34.675472259521484,
        27.2504825592041,
        20.30488681793213,
        12.544415473937988,
        5.96334445476532,
        12.769243717193604,
        5.84633469581604,
        12.928459644317627,
        6.002260804176331,
        36.06445026397705
      ],
      "average_accuracy": [
        96.42857142857143,
        96.42857142857143,
        96.42857142857143,
        96.42857142857143,
        97.14285714285714,
        96.42857142857143,
        96.42857142857143,
        96.42857142857143,
        96.42857142857143,
        96.42857142857143
      ]
    },
    "average_loss_intra_epoch": [
      36.45728429158529
    ],
    "average_accuracy_intra_epoch": [
      96.95885509838998
    ],
    "runtime": 3.138654947280884
  }
}