{
  "hyperparameters": {
    "architecture": "classification",
    "batch_size": 100,
    "clipping_threshold": 0.0,
    "dataset_name": "monks-1_classification",
    "epochs": 10,
    "initialization_scale": "\\sqrt{\frac{6}{n+m}}",
    "inner_ISGD_iterations": 0,
    "intra_epoch": false,
    "lr": 1.0,
    "momentum": 0.0,
    "mu": 0.0,
    "nodes": 50,
    "seed": 1,
    "sgdtype": "explicit",
    "data_type": "classification"
  },
  "results": {
    "train": {
      "average_loss": [
        0.6978329300880433,
        0.6972609519958496,
        0.6966108918190003,
        0.6956996083259582,
        0.6940957307815552,
        0.6905492186546326,
        0.6808018565177918,
        0.6552230238914489,
        0.6337154030799865,
        0.6244558930397034
      ],
      "average_accuracy": [
        50.9009009009009,
        50.9009009009009,
        50.9009009009009,
        50.9009009009009,
        50.9009009009009,
        50.9009009009009,
        50.9009009009009,
        65.990990990991,
        66.89189189189189,
        67.56756756756756
      ]
    },
    "test": {
      "average_loss": [
        0.6992729306221008,
        0.6987626850605011,
        0.6982892751693726,
        0.6977320313453674,
        0.6968178451061249,
        0.6947145462036133,
        0.6883364021778107,
        0.6696832776069641,
        0.6518263518810272,
        0.6399779617786407
      ],
      "average_accuracy": [
        46.42857142857143,
        46.42857142857143,
        46.42857142857143,
        46.42857142857143,
        46.42857142857143,
        46.42857142857143,
        46.42857142857143,
        59.82142857142857,
        69.64285714285714,
        68.75
      ]
    },
    "average_loss_intra_epoch": [
      0.6244558930397034
    ],
    "average_accuracy_intra_epoch": [
      67.56756756756756
    ],
    "runtime": 0.8370540142059326
  }
}