{
  "hyperparameters": {
    "architecture": "convffnn",
    "batch_size": 100,
    "clipping_threshold": 0.0,
    "dataset_name": "mnist",
    "epochs": 1,
    "initialization_scale": "\\sqrt{\frac{6}{n+m}}",
    "inner_ISGD_iterations": 10,
    "intra_epoch": true,
    "lr": 1.6,
    "momentum": 0.0,
    "mu": 0.0,
    "nodes": 50,
    "seed": 1,
    "sgdtype": "explicit",
    "data_type": "classification"
  },
  "results": {
    "train": {
      "average_loss": [
        0.08889409602813733
      ],
      "average_accuracy": [
        97.395
      ]
    },
    "test": {
      "average_loss": [
        0.08700107145356015
      ],
      "average_accuracy": [
        97.53
      ]
    },
    "average_loss_intra_epoch": [
      0.1768614008463919,
      0.12684880952506017,
      0.11920673569198698,
      0.10367229911576335,
      0.10591310702419529,
      0.08889409602813733
    ],
    "average_accuracy_intra_epoch": [
      94.67,
      96.20666666666666,
      96.565,
      97.08333333333333,
      96.995,
      97.395
    ],
    "runtime": 461.23448729515076
  }
}