{
  "hyperparameters": {
    "architecture": "classification",
    "batch_size": 100,
    "clipping_threshold": 0.0,
    "dataset_name": "ozone_classification",
    "epochs": 10,
    "initialization_scale": "\\sqrt{\frac{6}{n+m}}",
    "inner_ISGD_iterations": 0,
    "intra_epoch": false,
    "lr": 50.0,
    "momentum": 0.0,
    "mu": 0.0,
    "nodes": 50,
    "seed": 1,
    "sgdtype": "implicit",
    "data_type": "classification"
  },
  "results": {
    "train": {
      "average_loss": [
        508.25931367420014,
        57.96277418590727,
        203.3850838797433,
        18.83491697765532,
        23.937232517060778,
        79.10487656366257,
        321.6916809082031,
        32.52909991854713,
        19.591037080401467,
        79.67788169497535
      ],
      "average_accuracy": [
        76.92307692307692,
        74.95069033530572,
        82.24852071005917,
        97.33727810650888,
        97.18934911242603,
        83.97435897435898,
        78.25443786982248,
        97.33727810650888,
        97.33727810650888,
        83.03747534516765
      ]
    },
    "test": {
      "average_loss": [
        557.6427561442057,
        66.1943925221761,
        240.7936986287435,
        19.118603547414143,
        21.636334737141926,
        87.62272453308105,
        345.03165435791016,
        27.573486328125,
        18.096219221750896,
        87.56660906473796
      ],
      "average_accuracy": [
        78.54330708661418,
        74.80314960629921,
        82.48031496062993,
        96.25984251968504,
        96.25984251968504,
        84.05511811023622,
        78.74015748031496,
        96.25984251968504,
        96.25984251968504,
        82.08661417322834
      ]
    },
    "average_loss_intra_epoch": [
      79.67788169497535
    ],
    "average_accuracy_intra_epoch": [
      83.03747534516765
    ],
    "runtime": 191.92794609069824
  }
}