{
  "hyperparameters": {
    "architecture": "classification",
    "batch_size": 100,
    "clipping_threshold": 0.0,
    "dataset_name": "post-operative_classification",
    "epochs": 10,
    "initialization_scale": "\\sqrt{\frac{6}{n+m}}",
    "inner_ISGD_iterations": 0,
    "intra_epoch": false,
    "lr": 5.0,
    "momentum": 0.0,
    "mu": 0.0,
    "nodes": 50,
    "seed": 1,
    "sgdtype": "implicit",
    "data_type": "classification"
  },
  "results": {
    "train": {
      "average_loss": [
        0.9564717411994934,
        1.2697635889053345,
        1.0168548822402954,
        6.748793601989746,
        1.5293670892715454,
        6.496484279632568,
        23.30858612060547,
        23.493343353271484,
        6.990620136260986,
        25.0308780670166
      ],
      "average_accuracy": [
        69.44444444444444,
        29.166666666666668,
        69.44444444444444,
        29.166666666666668,
        29.166666666666668,
        69.44444444444444,
        29.166666666666668,
        69.44444444444444,
        69.44444444444444,
        29.166666666666668
      ]
    },
    "test": {
      "average_loss": [
        0.777686357498169,
        1.5287095308303833,
        0.7702907919883728,
        7.851663589477539,
        1.8396646976470947,
        4.299135208129883,
        26.909042358398438,
        15.56517219543457,
        4.672311305999756,
        28.767805099487305
      ],
      "average_accuracy": [
        77.77777777777777,
        16.666666666666668,
        77.77777777777777,
        16.666666666666668,
        16.666666666666668,
        77.77777777777777,
        16.666666666666668,
        77.77777777777777,
        77.77777777777777,
        16.666666666666668
      ]
    },
    "average_loss_intra_epoch": [
      25.0308780670166
    ],
    "average_accuracy_intra_epoch": [
      29.166666666666668
    ],
    "runtime": 4.149776458740234
  }
}