{
  "hyperparameters": {
    "architecture": "classification",
    "batch_size": 100,
    "clipping_threshold": 0.0,
    "dataset_name": "heart-hungarian_classification",
    "epochs": 10,
    "initialization_scale": "\\sqrt{\frac{6}{n+m}}",
    "inner_ISGD_iterations": 0,
    "intra_epoch": false,
    "lr": 30.0,
    "momentum": 0.0,
    "mu": 0.0,
    "nodes": 50,
    "seed": 1,
    "sgdtype": "explicit",
    "data_type": "classification"
  },
  "results": {
    "train": {
      "average_loss": [
        41.96098200480143,
        152.6380869547526,
        68.81095886230469,
        322.47336832682294,
        175.76333618164062,
        20.879733403523762,
        54.26579920450846,
        21.694090525309246,
        59.15932846069336,
        49.91403388977051
      ],
      "average_accuracy": [
        78.29787234042553,
        61.702127659574465,
        50.638297872340424,
        51.91489361702128,
        53.191489361702125,
        68.93617021276596,
        70.63829787234043,
        74.04255319148936,
        72.34042553191489,
        72.34042553191489
      ]
    },
    "test": {
      "average_loss": [
        44.26800537109375,
        164.7626953125,
        50.592926025390625,
        402.0692138671875,
        175.39508056640625,
        20.256248474121094,
        54.335453033447266,
        22.92039680480957,
        58.141422271728516,
        49.49115753173828
      ],
      "average_accuracy": [
        76.27118644067797,
        55.932203389830505,
        62.71186440677966,
        38.983050847457626,
        47.45762711864407,
        74.57627118644068,
        71.1864406779661,
        71.1864406779661,
        72.88135593220339,
        72.88135593220339
      ]
    },
    "average_loss_intra_epoch": [
      49.91403388977051
    ],
    "average_accuracy_intra_epoch": [
      72.34042553191489
    ],
    "runtime": 0.7682080268859863
  }
}