{
  "hyperparameters": {
    "architecture": "classification",
    "batch_size": 100,
    "clipping_threshold": 0.0,
    "dataset_name": "parkinsons_classification",
    "epochs": 10,
    "initialization_scale": "\\sqrt{\frac{6}{n+m}}",
    "inner_ISGD_iterations": 0,
    "intra_epoch": false,
    "lr": 0.5,
    "momentum": 0.0,
    "mu": 0.0,
    "nodes": 50,
    "seed": 1,
    "sgdtype": "implicit",
    "data_type": "classification"
  },
  "results": {
    "train": {
      "average_loss": [
        0.57797572016716,
        0.5527463555335999,
        0.5388515889644623,
        0.5208120048046112,
        0.48933209478855133,
        0.4391223043203354,
        0.38795575499534607,
        0.35779203474521637,
        0.33967696130275726,
        0.32637886703014374
      ],
      "average_accuracy": [
        75.64102564102564,
        75.64102564102564,
        75.64102564102564,
        75.64102564102564,
        75.64102564102564,
        75.64102564102564,
        83.33333333333333,
        82.05128205128206,
        82.05128205128206,
        82.6923076923077
      ]
    },
    "test": {
      "average_loss": [
        0.5853613615036011,
        0.5625787973403931,
        0.5494690537452698,
        0.5312909483909607,
        0.49907663464546204,
        0.4484494924545288,
        0.39941975474357605,
        0.3710988461971283,
        0.3525157868862152,
        0.3395765423774719
      ],
      "average_accuracy": [
        74.35897435897436,
        74.35897435897436,
        74.35897435897436,
        74.35897435897436,
        74.35897435897436,
        74.35897435897436,
        82.05128205128206,
        84.61538461538461,
        82.05128205128206,
        79.48717948717949
      ]
    },
    "average_loss_intra_epoch": [
      0.32637886703014374
    ],
    "average_accuracy_intra_epoch": [
      82.6923076923077
    ],
    "runtime": 7.604994058609009
  }
}