{
  "hyperparameters": {
    "architecture": "classification",
    "batch_size": 100,
    "clipping_threshold": 0.0,
    "dataset_name": "libras_classification",
    "epochs": 10,
    "initialization_scale": "\\sqrt{\frac{6}{n+m}}",
    "inner_ISGD_iterations": 0,
    "intra_epoch": false,
    "lr": 0.001,
    "momentum": 0.0,
    "mu": 0.0,
    "nodes": 50,
    "seed": 1,
    "sgdtype": "explicit",
    "data_type": "classification"
  },
  "results": {
    "train": {
      "average_loss": [
        2.7198068300882974,
        2.7193500995635986,
        2.7188940048217773,
        2.718437671661377,
        2.717982212702433,
        2.717526117960612,
        2.7170711358388266,
        2.7166154384613037,
        2.7161603768666587,
        2.715705712636312
      ],
      "average_accuracy": [
        6.597222222222222,
        6.597222222222222,
        6.597222222222222,
        6.597222222222222,
        6.597222222222222,
        6.597222222222222,
        6.597222222222222,
        6.597222222222222,
        6.597222222222222,
        6.597222222222222
      ]
    },
    "test": {
      "average_loss": [
        2.705902576446533,
        2.705484628677368,
        2.7050669193267822,
        2.7046499252319336,
        2.7042317390441895,
        2.7038161754608154,
        2.7033987045288086,
        2.702982187271118,
        2.702565908432007,
        2.7021493911743164
      ],
      "average_accuracy": [
        12.5,
        12.5,
        13.88888888888889,
        13.88888888888889,
        13.88888888888889,
        13.88888888888889,
        13.88888888888889,
        13.88888888888889,
        13.88888888888889,
        13.88888888888889
      ]
    },
    "average_loss_intra_epoch": [
      2.715705712636312
    ],
    "average_accuracy_intra_epoch": [
      6.597222222222222
    ],
    "runtime": 3.9410781860351562
  }
}