{
  "hyperparameters": {
    "architecture": "classification",
    "batch_size": 100,
    "clipping_threshold": 0.0,
    "dataset_name": "conn-bench-vowel-deterding_classification",
    "epochs": 10,
    "initialization_scale": "\\sqrt{\frac{6}{n+m}}",
    "inner_ISGD_iterations": 0,
    "intra_epoch": false,
    "lr": 5.0,
    "momentum": 0.0,
    "mu": 0.0,
    "nodes": 50,
    "seed": 1,
    "sgdtype": "explicit",
    "data_type": "classification"
  },
  "results": {
    "train": {
      "average_loss": [
        1.968628630042076,
        12.316728711128235,
        10.443188190460205,
        8.212743103504181,
        11.79243516921997,
        5.577210247516632,
        4.650334924459457,
        4.1927250027656555,
        3.4573915004730225,
        4.544765412807465
      ],
      "average_accuracy": [
        30.681818181818183,
        13.005050505050505,
        20.2020202020202,
        25.0,
        23.61111111111111,
        33.45959595959596,
        32.07070707070707,
        33.58585858585859,
        35.73232323232323,
        41.54040404040404
      ]
    },
    "test": {
      "average_loss": [
        1.9752275347709656,
        12.228179931640625,
        10.257096767425537,
        8.102742910385132,
        12.890896797180176,
        6.552831649780273,
        5.2420618534088135,
        4.444302797317505,
        3.5029296875,
        5.1960413455963135
      ],
      "average_accuracy": [
        32.82828282828283,
        12.626262626262626,
        20.707070707070706,
        24.242424242424242,
        17.171717171717173,
        27.77777777777778,
        30.303030303030305,
        35.85858585858586,
        38.38383838383838,
        35.35353535353536
      ]
    },
    "average_loss_intra_epoch": [
      4.544765412807465
    ],
    "average_accuracy_intra_epoch": [
      41.54040404040404
    ],
    "runtime": 4.237616062164307
  }
}