{
  "hyperparameters": {
    "architecture": "classification",
    "batch_size": 100,
    "clipping_threshold": 0.0,
    "dataset_name": "chess-krvkp_classification",
    "epochs": 10,
    "initialization_scale": "\\sqrt{\frac{6}{n+m}}",
    "inner_ISGD_iterations": 0,
    "intra_epoch": false,
    "lr": 3.0,
    "momentum": 0.0,
    "mu": 0.0,
    "nodes": 50,
    "seed": 1,
    "sgdtype": "implicit",
    "data_type": "classification"
  },
  "results": {
    "train": {
      "average_loss": [
        20.762205343980057,
        5.453697955212385,
        4.777286341557136,
        1.616446808553659,
        1.540166658277695,
        1.1427100839620707,
        3.1648513546500068,
        1.8950571682877266,
        1.1902741996141581,
        0.3274299562192307
      ],
      "average_accuracy": [
        60.328638497652584,
        92.17527386541471,
        93.1924882629108,
        94.36619718309859,
        94.71830985915493,
        96.1658841940532,
        95.34428794992175,
        91.70579029733959,
        94.9530516431925,
        96.24413145539906
      ]
    },
    "test": {
      "average_loss": [
        21.365122386387416,
        6.818954944610596,
        5.026712451662336,
        1.2146801011902946,
        2.0436887570789883,
        1.4508090907973903,
        2.7700770582471574,
        1.9316857286861964,
        1.4298218318394251,
        0.31038522790186107
      ],
      "average_accuracy": [
        58.90625,
        90.15625,
        92.65625,
        93.28125,
        92.8125,
        95.46875,
        95.625,
        90.78125,
        93.59375,
        95.9375
      ]
    },
    "average_loss_intra_epoch": [
      0.3274299562192307
    ],
    "average_accuracy_intra_epoch": [
      96.24413145539906
    ],
    "runtime": 127.32511949539185
  }
}