{
  "hyperparameters": {
    "architecture": "classification",
    "batch_size": 100,
    "clipping_threshold": 0.0,
    "dataset_name": "cardiotocography-3clases_classification",
    "epochs": 10,
    "initialization_scale": "\\sqrt{\frac{6}{n+m}}",
    "inner_ISGD_iterations": 0,
    "intra_epoch": false,
    "lr": 50.0,
    "momentum": 0.0,
    "mu": 0.0,
    "nodes": 50,
    "seed": 1,
    "sgdtype": "implicit",
    "data_type": "classification"
  },
  "results": {
    "train": {
      "average_loss": [
        337.4955228917739,
        60.46800276812385,
        53.64475328782026,
        374.3821590647978,
        88.10838519825654,
        106.67413689108456,
        149.2252695420209,
        147.80934098187615,
        43.57992104923024,
        156.46726002412683
      ],
      "average_accuracy": [
        61.88235294117647,
        78.29411764705883,
        76.05882352941177,
        69.58823529411765,
        78.23529411764706,
        78.23529411764706,
        79.6470588235294,
        77.52941176470588,
        80.11764705882354,
        73.82352941176471
      ]
    },
    "test": {
      "average_loss": [
        352.3003814697266,
        69.01254425048828,
        54.16334686279297,
        401.9944274902344,
        92.17443389892578,
        116.24181671142578,
        162.53791198730468,
        137.5881546020508,
        44.056592559814455,
        168.2912628173828
      ],
      "average_accuracy": [
        60.563380281690144,
        76.05633802816901,
        72.53521126760563,
        68.77934272300469,
        76.29107981220658,
        76.7605633802817,
        78.63849765258216,
        76.05633802816901,
        81.22065727699531,
        71.36150234741784
      ]
    },
    "average_loss_intra_epoch": [
      156.46726002412683
    ],
    "average_accuracy_intra_epoch": [
      73.82352941176471
    ],
    "runtime": 53.07785439491272
  }
}