{
  "hyperparameters": {
    "architecture": "classification",
    "batch_size": 100,
    "clipping_threshold": 0.0,
    "dataset_name": "synthetic-control_classification",
    "epochs": 10,
    "initialization_scale": "\\sqrt{\frac{6}{n+m}}",
    "inner_ISGD_iterations": 0,
    "intra_epoch": false,
    "lr": 0.5,
    "momentum": 0.0,
    "mu": 0.0,
    "nodes": 50,
    "seed": 1,
    "sgdtype": "explicit",
    "data_type": "classification"
  },
  "results": {
    "train": {
      "average_loss": [
        1.1418372631072997,
        0.7424381017684937,
        0.6435645937919616,
        0.7047865986824036,
        0.2658185809850693,
        0.3974787712097168,
        0.270234552025795,
        0.10499723404645919,
        0.07541112378239631,
        0.05844905748963356
      ],
      "average_accuracy": [
        50.625,
        71.04166666666667,
        68.125,
        64.375,
        95.41666666666667,
        86.25,
        92.08333333333333,
        98.125,
        98.95833333333333,
        99.375
      ]
    },
    "test": {
      "average_loss": [
        1.215263307094574,
        0.7584338188171387,
        0.6597145795822144,
        0.6483124792575836,
        0.28640835732221603,
        0.3974323719739914,
        0.2798764854669571,
        0.11785745620727539,
        0.08743777871131897,
        0.07087049819529057
      ],
      "average_accuracy": [
        40.833333333333336,
        67.5,
        60.833333333333336,
        72.5,
        92.5,
        85.83333333333333,
        91.66666666666667,
        98.33333333333333,
        98.33333333333333,
        99.16666666666667
      ]
    },
    "average_loss_intra_epoch": [
      0.05844905748963356
    ],
    "average_accuracy_intra_epoch": [
      99.375
    ],
    "runtime": 4.1286797523498535
  }
}