{
  "hyperparameters": {
    "architecture": "music",
    "batch_size": 100,
    "clipping_threshold": 8.0,
    "dataset_name": "Piano-midi.de",
    "epochs": 5,
    "initialization_scale": "\\sqrt{\frac{6}{n+m}}",
    "inner_ISGD_iterations": 0,
    "intra_epoch": false,
    "lr": 2.0,
    "momentum": 0.0,
    "mu": 0.0,
    "nodes": 300,
    "seed": 1,
    "sgdtype": "implicit",
    "data_type": "sequential_many"
  },
  "results": {
    "train": {
      "average_loss": [
        0.0013067142662576176,
        0.001071085625672017,
        0.0008864453556343924,
        0.0007596314545512071,
        0.000676790809064124
      ],
      "average_accuracy": [
        0,
        0,
        0,
        0,
        0
      ]
    },
    "test": {
      "average_loss": [
        0.0015095859940629452,
        0.0012395046395249664,
        0.0010322103765793144,
        0.0008909332979237661,
        0.0007995053433114663
      ],
      "average_accuracy": [
        0,
        0,
        0,
        0,
        0
      ]
    },
    "average_loss_intra_epoch": [
      0.000676790809064124
    ],
    "average_accuracy_intra_epoch": [
      0
    ],
    "runtime": 2813.86767411232
  }
}