{
  "hyperparameters": {
    "architecture": "classification",
    "batch_size": 100,
    "clipping_threshold": 0.0,
    "dataset_name": "plant-shape_classification",
    "epochs": 10,
    "initialization_scale": "\\sqrt{\frac{6}{n+m}}",
    "inner_ISGD_iterations": 0,
    "intra_epoch": false,
    "lr": 50.0,
    "momentum": 0.0,
    "mu": 0.0,
    "nodes": 50,
    "seed": 1,
    "sgdtype": "explicit",
    "data_type": "classification"
  },
  "results": {
    "train": {
      "average_loss": [
        926.6278029221755,
        490.3782137357272,
        447.29612614558295,
        483.7202594463642,
        493.8904583270733,
        434.9153325007512,
        481.24668766902045,
        451.0248366135817,
        373.96047738882214,
        496.6283851036659
      ],
      "average_accuracy": [
        1.015625,
        3.4375,
        4.296875,
        3.4375,
        6.328125,
        6.71875,
        4.765625,
        4.21875,
        6.171875,
        6.09375
      ]
    },
    "test": {
      "average_loss": [
        906.7593078613281,
        471.0891647338867,
        448.5300598144531,
        456.0413589477539,
        454.20880126953125,
        437.0185775756836,
        489.8609619140625,
        386.0360870361328,
        366.92215728759766,
        466.3993835449219
      ],
      "average_accuracy": [
        0.3125,
        3.75,
        2.1875,
        5.0,
        5.625,
        7.1875,
        4.6875,
        7.8125,
        4.6875,
        5.9375
      ]
    },
    "average_loss_intra_epoch": [
      496.6283851036659
    ],
    "average_accuracy_intra_epoch": [
      6.09375
    ],
    "runtime": 5.606752157211304
  }
}