{
  "hyperparameters": {
    "architecture": "classification",
    "batch_size": 100,
    "clipping_threshold": 0.0,
    "dataset_name": "twonorm_classification",
    "epochs": 10,
    "initialization_scale": "\\sqrt{\frac{6}{n+m}}",
    "inner_ISGD_iterations": 0,
    "intra_epoch": false,
    "lr": 3.0,
    "momentum": 0.0,
    "mu": 0.0,
    "nodes": 50,
    "seed": 1,
    "sgdtype": "implicit",
    "data_type": "classification"
  },
  "results": {
    "train": {
      "average_loss": [
        0.12484935596585274,
        0.09628127499793966,
        0.08540818459975223,
        0.08120741210877895,
        0.07930426083815595,
        0.07853643666797629,
        0.07834976396989077,
        0.07820062811175982,
        0.07786131827160717,
        0.07747496413843086
      ],
      "average_accuracy": [
        95.97972972972973,
        96.97635135135135,
        97.17905405405405,
        97.21283783783784,
        97.26351351351352,
        97.36486486486487,
        97.38175675675676,
        97.36486486486487,
        97.34797297297297,
        97.38175675675676
      ]
    },
    "test": {
      "average_loss": [
        0.12709444314241408,
        0.097340781117479,
        0.08560531636079152,
        0.08117192884286245,
        0.07922826508680979,
        0.07852573084334533,
        0.07849958514173826,
        0.0785080668826898,
        0.07821442186832428,
        0.07778277459243933
      ],
      "average_accuracy": [
        95.67567567567568,
        96.75675675675676,
        97.16216216216216,
        97.43243243243244,
        97.56756756756756,
        97.56756756756756,
        97.43243243243244,
        97.43243243243244,
        97.5,
        97.5
      ]
    },
    "average_loss_intra_epoch": [
      0.07747496413843086
    ],
    "average_accuracy_intra_epoch": [
      97.38175675675676
    ],
    "runtime": 169.4866714477539
  }
}