{
  "hyperparameters": {
    "architecture": "music",
    "batch_size": 100,
    "clipping_threshold": 0.0,
    "dataset_name": "Nottingham",
    "epochs": 5,
    "initialization_scale": "\\sqrt{\frac{6}{n+m}}",
    "inner_ISGD_iterations": 0,
    "intra_epoch": false,
    "lr": 5.0,
    "momentum": 0.0,
    "mu": 0.0,
    "nodes": 300,
    "seed": 2,
    "sgdtype": "implicit",
    "data_type": "sequential_many"
  },
  "results": {
    "train": {
      "average_loss": [
        0.0006748014382679339,
        0.0005757795689540804,
        0.0005149998297758523,
        0.00046208843330123667,
        0.00042403323766622783
      ],
      "average_accuracy": [
        0,
        0,
        0,
        0,
        0
      ]
    },
    "test": {
      "average_loss": [
        0.0006763406344843508,
        0.0005830295256814946,
        0.0005269752826707725,
        0.0004788907367850805,
        0.00044526378431542337
      ],
      "average_accuracy": [
        0,
        0,
        0,
        0,
        0
      ]
    },
    "average_loss_intra_epoch": [
      0.00042403323766622783
    ],
    "average_accuracy_intra_epoch": [
      0
    ],
    "runtime": 6798.027503728867
  }
}