{
  "hyperparameters": {
    "architecture": "classification",
    "batch_size": 100,
    "clipping_threshold": 0.0,
    "dataset_name": "musk-1_classification",
    "epochs": 10,
    "initialization_scale": "\\sqrt{\frac{6}{n+m}}",
    "inner_ISGD_iterations": 0,
    "intra_epoch": false,
    "lr": 3.0,
    "momentum": 0.0,
    "mu": 0.0,
    "nodes": 50,
    "seed": 1,
    "sgdtype": "implicit",
    "data_type": "classification"
  },
  "results": {
    "train": {
      "average_loss": [
        185.7770652770996,
        266.4062805175781,
        192.6613006591797,
        172.3452491760254,
        135.61891746520996,
        80.49651527404785,
        79.03633880615234,
        270.4222831726074,
        274.6322555541992,
        83.8316593170166
      ],
      "average_accuracy": [
        50.26315789473684,
        46.31578947368421,
        48.94736842105263,
        47.89473684210526,
        48.1578947368421,
        50.26315789473684,
        58.94736842105263,
        48.94736842105263,
        62.10526315789474,
        52.36842105263158
      ]
    },
    "test": {
      "average_loss": [
        186.71595764160156,
        270.94549560546875,
        186.2662353515625,
        184.71466064453125,
        143.8253631591797,
        76.6565933227539,
        80.90020751953125,
        275.5853576660156,
        309.7071533203125,
        78.96869659423828
      ],
      "average_accuracy": [
        50.0,
        45.833333333333336,
        47.916666666666664,
        43.75,
        47.916666666666664,
        51.041666666666664,
        58.333333333333336,
        47.916666666666664,
        59.375,
        55.208333333333336
      ]
    },
    "average_loss_intra_epoch": [
      83.8316593170166
    ],
    "average_accuracy_intra_epoch": [
      52.36842105263158
    ],
    "runtime": 80.98911356925964
  }
}