{
  "hyperparameters": {
    "architecture": "classification",
    "batch_size": 100,
    "clipping_threshold": 0.0,
    "dataset_name": "energy-y1_classification",
    "epochs": 10,
    "initialization_scale": "\\sqrt{\frac{6}{n+m}}",
    "inner_ISGD_iterations": 0,
    "intra_epoch": false,
    "lr": 5.0,
    "momentum": 0.0,
    "mu": 0.0,
    "nodes": 50,
    "seed": 1,
    "sgdtype": "explicit",
    "data_type": "classification"
  },
  "results": {
    "train": {
      "average_loss": [
        0.6545113154820034,
        89.47351510184151,
        5.937499761581421,
        10.111588954925537,
        8.196125098637172,
        6.39826774597168,
        1.8918430294309343,
        3.2788774456296648,
        5.698892320905413,
        9.660224710191999
      ],
      "average_accuracy": [
        80.45602605863192,
        0.8143322475570033,
        81.43322475570032,
        59.77198697068404,
        81.43322475570032,
        81.43322475570032,
        81.43322475570032,
        59.77198697068404,
        81.43322475570032,
        81.43322475570032
      ]
    },
    "test": {
      "average_loss": [
        0.534156322479248,
        89.60978698730469,
        5.440001964569092,
        6.772988557815552,
        10.108793258666992,
        5.7044148445129395,
        1.7639533877372742,
        2.1245004534721375,
        5.712876796722412,
        12.169740676879883
      ],
      "average_accuracy": [
        79.87012987012987,
        1.2987012987012987,
        80.51948051948052,
        59.74025974025974,
        80.51948051948052,
        80.51948051948052,
        80.51948051948052,
        59.74025974025974,
        80.51948051948052,
        80.51948051948052
      ]
    },
    "average_loss_intra_epoch": [
      9.660224710191999
    ],
    "average_accuracy_intra_epoch": [
      81.43322475570032
    ],
    "runtime": 0.7563521862030029
  }
}