{
  "hyperparameters": {
    "architecture": "classification",
    "batch_size": 100,
    "clipping_threshold": 0.0,
    "dataset_name": "vertebral-column-3clases_classification",
    "epochs": 10,
    "initialization_scale": "\\sqrt{\frac{6}{n+m}}",
    "inner_ISGD_iterations": 0,
    "intra_epoch": false,
    "lr": 50.0,
    "momentum": 0.0,
    "mu": 0.0,
    "nodes": 50,
    "seed": 1,
    "sgdtype": "explicit",
    "data_type": "classification"
  },
  "results": {
    "train": {
      "average_loss": [
        76.1801528930664,
        238.16682942708334,
        175.3898137410482,
        71.5212008158366,
        56.11432647705078,
        67.3233133951823,
        77.55868784586589,
        94.7980728149414,
        20.720816294352215,
        81.03546778361003
      ],
      "average_accuracy": [
        47.983870967741936,
        60.88709677419355,
        63.70967741935484,
        61.29032258064516,
        63.70967741935484,
        60.88709677419355,
        29.838709677419356,
        29.838709677419356,
        32.66129032258065,
        31.85483870967742
      ]
    },
    "test": {
      "average_loss": [
        89.54998016357422,
        279.070068359375,
        187.74705505371094,
        98.33080291748047,
        56.464359283447266,
        73.48355102539062,
        119.46672058105469,
        132.43106079101562,
        30.389484405517578,
        95.24495697021484
      ],
      "average_accuracy": [
        50.0,
        51.61290322580645,
        59.67741935483871,
        53.225806451612904,
        59.67741935483871,
        51.61290322580645,
        25.806451612903224,
        25.806451612903224,
        33.87096774193548,
        27.419354838709676
      ]
    },
    "average_loss_intra_epoch": [
      81.03546778361003
    ],
    "average_accuracy_intra_epoch": [
      31.85483870967742
    ],
    "runtime": 4.006694316864014
  }
}