{
  "hyperparameters": {
    "architecture": "classification",
    "batch_size": 100,
    "clipping_threshold": 0.0,
    "dataset_name": "annealing_classification",
    "epochs": 10,
    "initialization_scale": "\\sqrt{\frac{6}{n+m}}",
    "inner_ISGD_iterations": 0,
    "intra_epoch": false,
    "lr": 30.0,
    "momentum": 0.0,
    "mu": 0.0,
    "nodes": 50,
    "seed": 1,
    "sgdtype": "explicit",
    "data_type": "classification"
  },
  "results": {
    "train": {
      "average_loss": [
        460.28509521484375,
        134.83748531341553,
        210.30577278137207,
        219.42174339294434,
        143.03111171722412,
        380.8072738647461,
        209.90748596191406,
        433.3057060241699,
        429.1305961608887,
        183.51552867889404
      ],
      "average_accuracy": [
        39.27576601671309,
        31.197771587743734,
        32.590529247910865,
        27.715877437325904,
        52.50696378830084,
        47.49303621169916,
        58.63509749303621,
        51.25348189415042,
        51.81058495821727,
        58.35654596100279
      ]
    },
    "test": {
      "average_loss": [
        401.71250915527344,
        119.59826278686523,
        188.49191284179688,
        201.7477264404297,
        167.17105865478516,
        444.6463928222656,
        258.81482696533203,
        521.7413177490234,
        494.4783020019531,
        218.0303497314453
      ],
      "average_accuracy": [
        41.666666666666664,
        34.44444444444444,
        28.88888888888889,
        26.11111111111111,
        47.22222222222222,
        45.0,
        53.888888888888886,
        47.22222222222222,
        47.77777777777778,
        53.333333333333336
      ]
    },
    "average_loss_intra_epoch": [
      183.51552867889404
    ],
    "average_accuracy_intra_epoch": [
      58.35654596100279
    ],
    "runtime": 1.0378780364990234
  }
}