{
  "hyperparameters": {
    "architecture": "classification",
    "batch_size": 100,
    "clipping_threshold": 0.0,
    "dataset_name": "oocytes-trisopterus-nucleus-2f_classification",
    "epochs": 10,
    "initialization_scale": "\\sqrt{\frac{6}{n+m}}",
    "inner_ISGD_iterations": 0,
    "intra_epoch": false,
    "lr": 0.5,
    "momentum": 0.0,
    "mu": 0.0,
    "nodes": 50,
    "seed": 1,
    "sgdtype": "implicit",
    "data_type": "classification"
  },
  "results": {
    "train": {
      "average_loss": [
        0.6712396591901779,
        0.6583872064948082,
        0.6397566944360733,
        0.6103479340672493,
        0.6028035469353199,
        0.6144266910851002,
        0.5801945999264717,
        0.5544774271547794,
        0.5389626733958721,
        0.5258389674127102
      ],
      "average_accuracy": [
        57.8875171467764,
        57.8875171467764,
        58.71056241426612,
        62.55144032921811,
        64.06035665294925,
        65.4320987654321,
        66.2551440329218,
        67.90123456790124,
        69.54732510288066,
        72.15363511659808
      ]
    },
    "test": {
      "average_loss": [
        0.6786063611507416,
        0.6668581962585449,
        0.6539742350578308,
        0.6485103964805603,
        0.68825963139534,
        0.7048361301422119,
        0.6784902811050415,
        0.6577174663543701,
        0.644789308309555,
        0.633920431137085
      ],
      "average_accuracy": [
        57.377049180327866,
        57.377049180327866,
        57.923497267759565,
        60.65573770491803,
        62.295081967213115,
        62.295081967213115,
        62.84153005464481,
        63.387978142076506,
        63.9344262295082,
        65.57377049180327
      ]
    },
    "average_loss_intra_epoch": [
      0.5258389674127102
    ],
    "average_accuracy_intra_epoch": [
      72.15363511659808
    ],
    "runtime": 31.611957788467407
  }
}