{
  "hyperparameters": {
    "architecture": "classification",
    "batch_size": 100,
    "clipping_threshold": 0.0,
    "dataset_name": "wine-quality-white_classification",
    "epochs": 10,
    "initialization_scale": "\\sqrt{\frac{6}{n+m}}",
    "inner_ISGD_iterations": 0,
    "intra_epoch": false,
    "lr": 50.0,
    "momentum": 0.0,
    "mu": 0.0,
    "nodes": 50,
    "seed": 1,
    "sgdtype": "explicit",
    "data_type": "classification"
  },
  "results": {
    "train": {
      "average_loss": [
        301.7736297607422,
        163.63454570770264,
        240.2395050048828,
        106.14148035049439,
        246.33451194763182,
        109.05729675292969,
        246.24678421020508,
        98.19748191833496,
        192.9645383834839,
        209.29114265441893
      ],
      "average_accuracy": [
        38.99948953547728,
        38.055130168453296,
        39.48443083205717,
        29.326186830015313,
        39.356814701378255,
        31.980602348136806,
        38.94844308320572,
        36.11536498213374,
        36.62582950484941,
        38.41245533435426
      ]
    },
    "test": {
      "average_loss": [
        303.0375152587891,
        170.9871047973633,
        245.31356048583984,
        113.31111221313476,
        244.11316528320313,
        110.67996673583984,
        246.75964813232423,
        97.92259521484375,
        195.97488555908203,
        204.19745941162108
      ],
      "average_accuracy": [
        38.87755102040816,
        37.95918367346939,
        38.57142857142857,
        28.26530612244898,
        39.183673469387756,
        29.897959183673468,
        39.08163265306123,
        36.12244897959184,
        37.244897959183675,
        38.57142857142857
      ]
    },
    "average_loss_intra_epoch": [
      209.29114265441893
    ],
    "average_accuracy_intra_epoch": [
      38.41245533435426
    ],
    "runtime": 7.37945818901062
  }
}