{
  "hyperparameters": {
    "architecture": "classification",
    "batch_size": 100,
    "clipping_threshold": 0.0,
    "dataset_name": "musk-2_classification",
    "epochs": 10,
    "initialization_scale": "\\sqrt{\frac{6}{n+m}}",
    "inner_ISGD_iterations": 0,
    "intra_epoch": false,
    "lr": 5.0,
    "momentum": 0.0,
    "mu": 0.0,
    "nodes": 50,
    "seed": 1,
    "sgdtype": "implicit",
    "data_type": "classification"
  },
  "results": {
    "train": {
      "average_loss": [
        46.94347539937721,
        34.98791280782448,
        54.12757553244537,
        119.36047464046838,
        62.232501767716315,
        61.4747736948841,
        75.51341096410212,
        80.42193128477852,
        53.112219900455116,
        109.07565365197523
      ],
      "average_accuracy": [
        47.12012125805229,
        84.1227737779462,
        84.1227737779462,
        54.20613868889731,
        84.1227737779462,
        84.1227737779462,
        56.02500947328534,
        84.1227737779462,
        83.95225464190982,
        84.1227737779462
      ]
    },
    "test": {
      "average_loss": [
        43.551885332380024,
        27.691632338932582,
        43.893600327628,
        105.63675962175641,
        47.493658678872244,
        47.411744117736816,
        67.26837716783795,
        61.38954775674002,
        37.24189805345876,
        92.50612013680595
      ],
      "average_accuracy": [
        47.65151515151515,
        86.43939393939394,
        86.43939393939394,
        53.25757575757576,
        86.43939393939394,
        86.43939393939394,
        56.36363636363637,
        86.43939393939394,
        86.21212121212122,
        86.43939393939394
      ]
    },
    "average_loss_intra_epoch": [
      109.07565365197523
    ],
    "average_accuracy_intra_epoch": [
      84.1227737779462
    ],
    "runtime": 1076.5665333271027
  }
}