{
  "hyperparameters": {
    "architecture": "classification",
    "batch_size": 100,
    "clipping_threshold": 0.0,
    "dataset_name": "credit-approval_classification",
    "epochs": 10,
    "initialization_scale": "\\sqrt{\frac{6}{n+m}}",
    "inner_ISGD_iterations": 0,
    "intra_epoch": false,
    "lr": 0.1,
    "momentum": 0.0,
    "mu": 0.0,
    "nodes": 50,
    "seed": 1,
    "sgdtype": "explicit",
    "data_type": "classification"
  },
  "results": {
    "train": {
      "average_loss": [
        0.6883584856987,
        0.6868932545185089,
        0.6857696870962778,
        0.684729665517807,
        0.6836276650428772,
        0.6823539535204569,
        0.6807935337225596,
        0.6787980397542318,
        0.6761520504951477,
        0.672522783279419
      ],
      "average_accuracy": [
        55.79710144927536,
        55.79710144927536,
        55.79710144927536,
        55.79710144927536,
        55.79710144927536,
        55.79710144927536,
        55.79710144927536,
        55.79710144927536,
        55.79710144927536,
        55.79710144927536
      ]
    },
    "test": {
      "average_loss": [
        0.6900433897972107,
        0.6890965700149536,
        0.6882644891738892,
        0.6873600482940674,
        0.6862792074680328,
        0.684932142496109,
        0.6832081079483032,
        0.6809481978416443,
        0.6779094934463501,
        0.6737080216407776
      ],
      "average_accuracy": [
        54.34782608695652,
        54.34782608695652,
        54.34782608695652,
        54.34782608695652,
        54.34782608695652,
        54.34782608695652,
        54.34782608695652,
        54.34782608695652,
        54.34782608695652,
        54.34782608695652
      ]
    },
    "average_loss_intra_epoch": [
      0.672522783279419
    ],
    "average_accuracy_intra_epoch": [
      55.79710144927536
    ],
    "runtime": 3.536578416824341
  }
}