{
  "hyperparameters": {
    "architecture": "classification",
    "batch_size": 100,
    "clipping_threshold": 0.0,
    "dataset_name": "teaching_classification",
    "epochs": 10,
    "initialization_scale": "\\sqrt{\frac{6}{n+m}}",
    "inner_ISGD_iterations": 0,
    "intra_epoch": false,
    "lr": 10.0,
    "momentum": 0.0,
    "mu": 0.0,
    "nodes": 50,
    "seed": 1,
    "sgdtype": "explicit",
    "data_type": "classification"
  },
  "results": {
    "train": {
      "average_loss": [
        1.359272062778473,
        27.982487678527832,
        28.44051170349121,
        11.888458251953125,
        59.064048767089844,
        38.13948726654053,
        58.001773834228516,
        32.31164360046387,
        27.942872047424316,
        47.19222450256348
      ],
      "average_accuracy": [
        32.5,
        32.5,
        34.166666666666664,
        33.333333333333336,
        32.5,
        33.333333333333336,
        34.166666666666664,
        34.166666666666664,
        33.333333333333336,
        34.166666666666664
      ]
    },
    "test": {
      "average_loss": [
        1.2199875116348267,
        22.403404235839844,
        38.46678924560547,
        11.784757614135742,
        60.41838073730469,
        29.485013961791992,
        70.09974670410156,
        44.41897964477539,
        26.611068725585938,
        51.8807487487793
      ],
      "average_accuracy": [
        32.25806451612903,
        32.25806451612903,
        29.032258064516128,
        38.70967741935484,
        32.25806451612903,
        38.70967741935484,
        29.032258064516128,
        29.032258064516128,
        35.483870967741936,
        29.032258064516128
      ]
    },
    "average_loss_intra_epoch": [
      47.19222450256348
    ],
    "average_accuracy_intra_epoch": [
      34.166666666666664
    ],
    "runtime": 3.695882558822632
  }
}