{
  "hyperparameters": {
    "architecture": "classification",
    "batch_size": 100,
    "clipping_threshold": 0.0,
    "dataset_name": "flags_classification",
    "epochs": 10,
    "initialization_scale": "\\sqrt{\frac{6}{n+m}}",
    "inner_ISGD_iterations": 0,
    "intra_epoch": false,
    "lr": 30.0,
    "momentum": 0.0,
    "mu": 0.0,
    "nodes": 50,
    "seed": 1,
    "sgdtype": "explicit",
    "data_type": "classification"
  },
  "results": {
    "train": {
      "average_loss": [
        92.49888610839844,
        290.1454772949219,
        237.60697174072266,
        148.21611785888672,
        149.32999420166016,
        173.04428100585938,
        140.48184204101562,
        108.48429870605469,
        79.48426818847656,
        70.6093578338623
      ],
      "average_accuracy": [
        20.64516129032258,
        29.032258064516128,
        23.225806451612904,
        29.677419354838708,
        29.677419354838708,
        34.193548387096776,
        21.93548387096774,
        21.29032258064516,
        21.93548387096774,
        26.451612903225808
      ]
    },
    "test": {
      "average_loss": [
        102.16673278808594,
        296.4270935058594,
        225.72889709472656,
        184.78419494628906,
        174.67214965820312,
        194.3878936767578,
        108.25054168701172,
        136.59986877441406,
        91.59963989257812,
        70.43700408935547
      ],
      "average_accuracy": [
        20.512820512820515,
        35.8974358974359,
        20.512820512820515,
        25.641025641025642,
        38.46153846153846,
        28.205128205128204,
        33.333333333333336,
        12.820512820512821,
        23.076923076923077,
        23.076923076923077
      ]
    },
    "average_loss_intra_epoch": [
      70.6093578338623
    ],
    "average_accuracy_intra_epoch": [
      26.451612903225808
    ],
    "runtime": 3.8519721031188965
  }
}