{
  "hyperparameters": {
    "architecture": "classification",
    "batch_size": 100,
    "clipping_threshold": 0.0,
    "dataset_name": "soybean_classification",
    "epochs": 10,
    "initialization_scale": "\\sqrt{\frac{6}{n+m}}",
    "inner_ISGD_iterations": 0,
    "intra_epoch": false,
    "lr": 0.5,
    "momentum": 0.0,
    "mu": 0.0,
    "nodes": 50,
    "seed": 1,
    "sgdtype": "explicit",
    "data_type": "classification"
  },
  "results": {
    "train": {
      "average_loss": [
        2.7231653928756714,
        2.481659253438314,
        2.001805861790975,
        1.6711250742276509,
        1.4737934867540996,
        1.3266408443450928,
        1.1542071302731831,
        0.9602299332618713,
        0.7902383009592692,
        0.6548451433579127
      ],
      "average_accuracy": [
        13.736263736263735,
        20.512820512820515,
        35.714285714285715,
        43.772893772893774,
        48.16849816849817,
        56.41025641025641,
        61.904761904761905,
        69.59706959706959,
        74.72527472527473,
        81.86813186813187
      ]
    },
    "test": {
      "average_loss": [
        2.728602170944214,
        2.5056792497634888,
        2.0140411853790283,
        1.6119729280471802,
        1.3698012828826904,
        1.1953714489936829,
        1.0235626995563507,
        0.8411461412906647,
        0.6843096911907196,
        0.5643757879734039
      ],
      "average_accuracy": [
        11.678832116788321,
        18.248175182481752,
        39.416058394160586,
        49.63503649635037,
        56.2043795620438,
        61.31386861313869,
        64.23357664233576,
        71.53284671532846,
        78.83211678832117,
        83.94160583941606
      ]
    },
    "average_loss_intra_epoch": [
      0.6548451433579127
    ],
    "average_accuracy_intra_epoch": [
      81.86813186813187
    ],
    "runtime": 4.039418458938599
  }
}