{
  "hyperparameters": {
    "architecture": "classification",
    "batch_size": 100,
    "clipping_threshold": 0.0,
    "dataset_name": "adult_classification",
    "epochs": 10,
    "initialization_scale": "\\sqrt{\frac{6}{n+m}}",
    "inner_ISGD_iterations": 0,
    "intra_epoch": false,
    "lr": 10.0,
    "momentum": 0.0,
    "mu": 0.0,
    "nodes": 50,
    "seed": 1,
    "sgdtype": "implicit",
    "data_type": "classification"
  },
  "results": {
    "train": {
      "average_loss": [
        2.583199508964558,
        6.388928690834728,
        2.204604078894076,
        6.054298544783727,
        2.7464027538933715,
        2.2208464110598847,
        3.166972979712669,
        2.9241151873717834,
        1.4322822091676999,
        4.314031819248443
      ],
      "average_accuracy": [
        78.99316663680803,
        78.79609960842525,
        82.01571417602948,
        72.60512374273796,
        78.87031965807591,
        81.4808179561334,
        78.75003199140072,
        71.9141094873698,
        79.62531671486704,
        78.81145548076677
      ]
    },
    "test": {
      "average_loss": [
        2.526550678574309,
        6.6941363057311705,
        2.202623493817388,
        6.310894610930462,
        2.7573008512964052,
        2.275475405916876,
        3.241376379314734,
        3.019070860074491,
        1.3830583880142289,
        4.269357948887105
      ],
      "average_accuracy": [
        79.24045449892517,
        77.67427577029379,
        81.9121711536493,
        71.66547241273416,
        78.77981369638653,
        81.33892926604565,
        78.25775412017607,
        71.01033882690142,
        80.14126317944519,
        78.66721261132153
      ]
    },
    "average_loss_intra_epoch": [
      4.314031819248443
    ],
    "average_accuracy_intra_epoch": [
      78.81145548076677
    ],
    "runtime": 843.3348121643066
  }
}