{
  "hyperparameters": {
    "architecture": "classification",
    "batch_size": 100,
    "clipping_threshold": 0.0,
    "dataset_name": "molec-biol-promoter_classification",
    "epochs": 10,
    "initialization_scale": "\\sqrt{\frac{6}{n+m}}",
    "inner_ISGD_iterations": 0,
    "intra_epoch": false,
    "lr": 0.5,
    "momentum": 0.0,
    "mu": 0.0,
    "nodes": 50,
    "seed": 1,
    "sgdtype": "explicit",
    "data_type": "classification"
  },
  "results": {
    "train": {
      "average_loss": [
        0.6729375720024109,
        0.6553387641906738,
        0.633141279220581,
        0.6001197099685669,
        0.548363983631134,
        0.46971583366394043,
        0.3655533492565155,
        0.25779470801353455,
        0.17189939320087433,
        0.11337126046419144
      ],
      "average_accuracy": [
        64.28571428571429,
        63.095238095238095,
        67.85714285714286,
        76.19047619047619,
        83.33333333333333,
        90.47619047619048,
        91.66666666666667,
        94.04761904761905,
        95.23809523809524,
        100.0
      ]
    },
    "test": {
      "average_loss": [
        0.6861865520477295,
        0.6880633234977722,
        0.6810117363929749,
        0.6635703444480896,
        0.6323454976081848,
        0.5843321084976196,
        0.5254212021827698,
        0.47695299983024597,
        0.45739954710006714,
        0.4651843309402466
      ],
      "average_accuracy": [
        50.0,
        45.45454545454545,
        54.54545454545455,
        63.63636363636363,
        63.63636363636363,
        77.27272727272727,
        72.72727272727273,
        72.72727272727273,
        72.72727272727273,
        72.72727272727273
      ]
    },
    "average_loss_intra_epoch": [
      0.11337126046419144
    ],
    "average_accuracy_intra_epoch": [
      100.0
    ],
    "runtime": 0.7627661228179932
  }
}