{
  "hyperparameters": {
    "architecture": "classification",
    "batch_size": 100,
    "clipping_threshold": 0.0,
    "dataset_name": "planning_classification",
    "epochs": 10,
    "initialization_scale": "\\sqrt{\frac{6}{n+m}}",
    "inner_ISGD_iterations": 0,
    "intra_epoch": false,
    "lr": 10.0,
    "momentum": 0.0,
    "mu": 0.0,
    "nodes": 50,
    "seed": 1,
    "sgdtype": "explicit",
    "data_type": "classification"
  },
  "results": {
    "train": {
      "average_loss": [
        0.8193957805633545,
        4.674606561660767,
        48.613956451416016,
        11.075205326080322,
        4.885814070701599,
        71.2701187133789,
        8.815580368041992,
        43.03874206542969,
        6.358525037765503,
        19.230202674865723
      ],
      "average_accuracy": [
        28.275862068965516,
        28.275862068965516,
        28.275862068965516,
        71.03448275862068,
        71.72413793103448,
        46.89655172413793,
        71.03448275862068,
        64.13793103448276,
        70.34482758620689,
        51.03448275862069
      ]
    },
    "test": {
      "average_loss": [
        0.8055795431137085,
        4.441859245300293,
        46.77463912963867,
        10.73105239868164,
        6.59425163269043,
        73.37844848632812,
        11.31640625,
        49.334564208984375,
        6.158562183380127,
        24.733577728271484
      ],
      "average_accuracy": [
        29.72972972972973,
        29.72972972972973,
        29.72972972972973,
        59.45945945945946,
        67.56756756756756,
        48.648648648648646,
        70.27027027027027,
        59.45945945945946,
        62.16216216216216,
        51.351351351351354
      ]
    },
    "average_loss_intra_epoch": [
      19.230202674865723
    ],
    "average_accuracy_intra_epoch": [
      51.03448275862069
    ],
    "runtime": 3.6261727809906006
  }
}