{
  "hyperparameters": {
    "architecture": "classification",
    "batch_size": 100,
    "clipping_threshold": 0.0,
    "dataset_name": "libras_classification",
    "epochs": 10,
    "initialization_scale": "\\sqrt{\frac{6}{n+m}}",
    "inner_ISGD_iterations": 0,
    "intra_epoch": false,
    "lr": 10.0,
    "momentum": 0.0,
    "mu": 0.0,
    "nodes": 50,
    "seed": 1,
    "sgdtype": "explicit",
    "data_type": "classification"
  },
  "results": {
    "train": {
      "average_loss": [
        106.06736501057942,
        248.4827117919922,
        172.81375630696616,
        125.5628890991211,
        138.16513315836588,
        122.02465565999348,
        155.9574991861979,
        146.52105204264322,
        99.7079849243164,
        79.45886993408203
      ],
      "average_accuracy": [
        15.277777777777779,
        2.7777777777777777,
        10.416666666666666,
        10.069444444444445,
        13.541666666666666,
        18.40277777777778,
        14.930555555555555,
        14.583333333333334,
        17.36111111111111,
        23.26388888888889
      ]
    },
    "test": {
      "average_loss": [
        99.09671783447266,
        260.70751953125,
        155.3279266357422,
        126.38639068603516,
        141.6352996826172,
        112.36341857910156,
        153.12522888183594,
        155.2636260986328,
        107.32118225097656,
        81.85169982910156
      ],
      "average_accuracy": [
        9.722222222222221,
        1.3888888888888888,
        12.5,
        12.5,
        13.88888888888889,
        25.0,
        18.055555555555557,
        15.277777777777779,
        15.277777777777779,
        19.444444444444443
      ]
    },
    "average_loss_intra_epoch": [
      79.45886993408203
    ],
    "average_accuracy_intra_epoch": [
      23.26388888888889
    ],
    "runtime": 4.260988473892212
  }
}