{
  "hyperparameters": {
    "architecture": "classification",
    "batch_size": 100,
    "clipping_threshold": 0.0,
    "dataset_name": "musk-2_classification",
    "epochs": 10,
    "initialization_scale": "\\sqrt{\frac{6}{n+m}}",
    "inner_ISGD_iterations": 0,
    "intra_epoch": false,
    "lr": 0.1,
    "momentum": 0.0,
    "mu": 0.0,
    "nodes": 50,
    "seed": 1,
    "sgdtype": "implicit",
    "data_type": "classification"
  },
  "results": {
    "train": {
      "average_loss": [
        0.19669199355368344,
        0.16231580640909807,
        0.14147609191120797,
        0.12577989458475472,
        0.11375397612463753,
        0.10455297200747256,
        0.09732198082613495,
        0.09129840993093995,
        0.08592177941551749,
        0.08082230930339615
      ],
      "average_accuracy": [
        92.25085259568019,
        93.46343311860554,
        94.44865479348238,
        95.30125047366427,
        95.94543387646836,
        96.34331186055324,
        96.684350132626,
        96.76013641530884,
        96.87381583933308,
        96.83592269799166
      ]
    },
    "test": {
      "average_loss": [
        0.1863308171076434,
        0.1608413995376655,
        0.1471340603062085,
        0.13796564590718066,
        0.1321280337870121,
        0.12863794740821635,
        0.12643515983862536,
        0.12469236872025899,
        0.12290366951908384,
        0.1207803197737251
      ],
      "average_accuracy": [
        92.72727272727273,
        94.0909090909091,
        94.24242424242425,
        94.92424242424242,
        95.15151515151516,
        95.45454545454545,
        95.83333333333333,
        95.98484848484848,
        95.98484848484848,
        96.21212121212122
      ]
    },
    "average_loss_intra_epoch": [
      0.08082230930339615
    ],
    "average_accuracy_intra_epoch": [
      96.83592269799166
    ],
    "runtime": 1130.3133590221405
  }
}