{
  "hyperparameters": {
    "architecture": "classification",
    "batch_size": 100,
    "clipping_threshold": 0.0,
    "dataset_name": "spambase_classification",
    "epochs": 10,
    "initialization_scale": "\\sqrt{\frac{6}{n+m}}",
    "inner_ISGD_iterations": 0,
    "intra_epoch": false,
    "lr": 30.0,
    "momentum": 0.0,
    "mu": 0.0,
    "nodes": 50,
    "seed": 1,
    "sgdtype": "implicit",
    "data_type": "classification"
  },
  "results": {
    "train": {
      "average_loss": [
        222.15108015730576,
        15.751831911705636,
        67.79826922030063,
        613.4480021708721,
        169.32278648582664,
        218.07228232718802,
        47.68129085850071,
        187.25630992167706,
        153.11441009109086,
        80.3714556307406
      ],
      "average_accuracy": [
        82.55434782608695,
        86.52173913043478,
        86.68478260869566,
        84.42934782608695,
        88.53260869565217,
        88.83152173913044,
        58.75,
        88.09782608695652,
        90.21739130434783,
        90.97826086956522
      ]
    },
    "test": {
      "average_loss": [
        206.03105545043945,
        17.571397876739503,
        97.11297416687012,
        481.4458374023437,
        141.48930740356445,
        173.18896808624268,
        54.50078926086426,
        158.1347713470459,
        133.38963165283204,
        95.60223045349122
      ],
      "average_accuracy": [
        83.27904451682953,
        86.64495114006515,
        84.79913137893594,
        86.31921824104235,
        89.79370249728557,
        89.14223669923996,
        58.19761129207383,
        88.38219326818675,
        91.53094462540717,
        92.18241042345277
      ]
    },
    "average_loss_intra_epoch": [
      80.3714556307406
    ],
    "average_accuracy_intra_epoch": [
      90.97826086956522
    ],
    "runtime": 269.7112092971802
  }
}