{
  "hyperparameters": {
    "architecture": "classification",
    "batch_size": 100,
    "clipping_threshold": 0.0,
    "dataset_name": "monks-1_classification",
    "epochs": 10,
    "initialization_scale": "\\sqrt{\frac{6}{n+m}}",
    "inner_ISGD_iterations": 0,
    "intra_epoch": false,
    "lr": 50.0,
    "momentum": 0.0,
    "mu": 0.0,
    "nodes": 50,
    "seed": 1,
    "sgdtype": "explicit",
    "data_type": "classification"
  },
  "results": {
    "train": {
      "average_loss": [
        268.03696899414064,
        214.3327178955078,
        350.4331787109375,
        288.0315002441406,
        250.01824645996095,
        162.2781005859375,
        74.36613082885742,
        42.29733581542969,
        37.66861801147461,
        138.7787612915039
      ],
      "average_accuracy": [
        59.009009009009006,
        55.85585585585586,
        59.68468468468468,
        58.333333333333336,
        59.234234234234236,
        59.45945945945946,
        56.98198198198198,
        52.927927927927925,
        43.91891891891892,
        43.468468468468465
      ]
    },
    "test": {
      "average_loss": [
        241.06938934326172,
        204.3037109375,
        310.7118682861328,
        277.3798522949219,
        247.1091766357422,
        162.12498474121094,
        100.99424362182617,
        33.78659439086914,
        21.900309562683105,
        105.25586700439453
      ],
      "average_accuracy": [
        59.82142857142857,
        53.57142857142857,
        58.035714285714285,
        57.142857142857146,
        58.035714285714285,
        58.035714285714285,
        50.892857142857146,
        50.892857142857146,
        53.57142857142857,
        44.642857142857146
      ]
    },
    "average_loss_intra_epoch": [
      138.7787612915039
    ],
    "average_accuracy_intra_epoch": [
      43.468468468468465
    ],
    "runtime": 1.1448209285736084
  }
}