{
  "hyperparameters": {
    "architecture": "classification",
    "batch_size": 100,
    "clipping_threshold": 0.0,
    "dataset_name": "statlog-shuttle_classification",
    "epochs": 10,
    "initialization_scale": "\\sqrt{\frac{6}{n+m}}",
    "inner_ISGD_iterations": 0,
    "intra_epoch": false,
    "lr": 0.1,
    "momentum": 0.0,
    "mu": 0.0,
    "nodes": 50,
    "seed": 1,
    "sgdtype": "implicit",
    "data_type": "classification"
  },
  "results": {
    "train": {
      "average_loss": [
        0.1878147141622572,
        0.08172060328070074,
        0.05253390400421581,
        0.04476788202912852,
        0.040457736043929896,
        0.03725866303158972,
        0.03543195314002866,
        0.03367277346742099,
        0.03269479562054742,
        0.03417183965663345
      ],
      "average_accuracy": [
        96.21767241379311,
        97.95474137931035,
        99.03017241379311,
        99.39224137931035,
        99.53663793103448,
        99.54094827586206,
        99.54310344827586,
        99.56681034482759,
        99.54310344827586,
        99.51939655172414
      ]
    },
    "test": {
      "average_loss": [
        0.1840692806732038,
        0.07633261297476189,
        0.04789275575252571,
        0.04116761767112746,
        0.035789410999157174,
        0.03362157322056913,
        0.03186309287436949,
        0.030089406780336565,
        0.029496929965560036,
        0.029797614873226345
      ],
      "average_accuracy": [
        96.29310344827586,
        98.07758620689656,
        99.08620689655173,
        99.43103448275862,
        99.56896551724138,
        99.57758620689656,
        99.57758620689656,
        99.57758620689656,
        99.57758620689656,
        99.5603448275862
      ]
    },
    "average_loss_intra_epoch": [
      0.03417183965663345
    ],
    "average_accuracy_intra_epoch": [
      99.51939655172414
    ],
    "runtime": 663.5138881206512
  }
}