{
  "hyperparameters": {
    "architecture": "classification",
    "batch_size": 100,
    "clipping_threshold": 0.0,
    "dataset_name": "plant-shape_classification",
    "epochs": 10,
    "initialization_scale": "\\sqrt{\frac{6}{n+m}}",
    "inner_ISGD_iterations": 0,
    "intra_epoch": false,
    "lr": 30.0,
    "momentum": 0.0,
    "mu": 0.0,
    "nodes": 50,
    "seed": 1,
    "sgdtype": "explicit",
    "data_type": "classification"
  },
  "results": {
    "train": {
      "average_loss": [
        277.38390291654144,
        235.62377225435696,
        324.45342782827527,
        366.2070758526142,
        354.8386441744291,
        296.60418935922473,
        304.1251162015475,
        307.0170687161959,
        300.9314856896034,
        293.8553701547476
      ],
      "average_accuracy": [
        3.828125,
        5.0,
        3.828125,
        2.96875,
        2.5,
        6.09375,
        3.90625,
        7.265625,
        7.1875,
        4.53125
      ]
    },
    "test": {
      "average_loss": [
        261.67227935791016,
        240.1024055480957,
        312.28649139404297,
        341.6714630126953,
        365.36961364746094,
        322.2555465698242,
        287.5306396484375,
        343.17871856689453,
        307.13453674316406,
        315.5792541503906
      ],
      "average_accuracy": [
        2.8125,
        3.125,
        4.6875,
        2.1875,
        3.125,
        4.375,
        1.5625,
        3.75,
        5.625,
        4.375
      ]
    },
    "average_loss_intra_epoch": [
      293.8553701547476
    ],
    "average_accuracy_intra_epoch": [
      4.53125
    ],
    "runtime": 5.531042814254761
  }
}