{
  "hyperparameters": {
    "architecture": "classification",
    "batch_size": 100,
    "clipping_threshold": 0.0,
    "dataset_name": "statlog-landsat_classification",
    "epochs": 10,
    "initialization_scale": "\\sqrt{\frac{6}{n+m}}",
    "inner_ISGD_iterations": 0,
    "intra_epoch": false,
    "lr": 30.0,
    "momentum": 0.0,
    "mu": 0.0,
    "nodes": 50,
    "seed": 1,
    "sgdtype": "implicit",
    "data_type": "classification"
  },
  "results": {
    "train": {
      "average_loss": [
        73.1237205358652,
        141.0371596996601,
        82.30538984445425,
        33.564125574552094,
        32.71517119040856,
        48.55627375382643,
        69.06959533691406,
        28.107344535680916,
        45.625536331763634,
        34.73132478273832
      ],
      "average_accuracy": [
        66.76379176379176,
        53.127428127428125,
        58.29448329448329,
        71.17327117327117,
        79.66200466200466,
        80.98290598290598,
        64.49106449106449,
        75.03885003885004,
        60.60606060606061,
        80.47785547785548
      ]
    },
    "test": {
      "average_loss": [
        83.86080580491286,
        137.82437251164362,
        87.2026138305664,
        35.58508388812725,
        34.962645017183746,
        51.06537892268254,
        72.38117335392879,
        30.67395356985239,
        45.12814815227802,
        37.92254066467285
      ],
      "average_accuracy": [
        64.56876456876456,
        52.136752136752136,
        57.10955710955711,
        70.86247086247086,
        80.34188034188034,
        80.41958041958041,
        63.86946386946387,
        76.22377622377623,
        62.31546231546231,
        79.4094794094794
      ]
    },
    "average_loss_intra_epoch": [
      34.73132478273832
    ],
    "average_accuracy_intra_epoch": [
      80.47785547785548
    ],
    "runtime": 257.05561661720276
  }
}