{
  "hyperparameters": {
    "architecture": "classification",
    "batch_size": 100,
    "clipping_threshold": 0.0,
    "dataset_name": "connect-4_classification",
    "epochs": 10,
    "initialization_scale": "\\sqrt{\frac{6}{n+m}}",
    "inner_ISGD_iterations": 0,
    "intra_epoch": false,
    "lr": 50.0,
    "momentum": 0.0,
    "mu": 0.0,
    "nodes": 50,
    "seed": 1,
    "sgdtype": "explicit",
    "data_type": "classification"
  },
  "results": {
    "train": {
      "average_loss": [
        120.72759470349098,
        97.94284339665045,
        214.1214520353927,
        85.39880043213117,
        143.50766573639763,
        131.5537892621899,
        88.14093315843733,
        72.69395053320584,
        104.39846558491536,
        59.425259990304326
      ],
      "average_accuracy": [
        57.84068831529281,
        64.9884355629568,
        54.10861319270978,
        57.54278841705986,
        59.85382551577389,
        54.15117032102877,
        58.475344620223886,
        53.792210195207694,
        61.03802386899806,
        63.04931075955223
      ]
    },
    "test": {
      "average_loss": [
        120.99404859542847,
        97.5110609110664,
        212.68672887016746,
        84.12547756643856,
        140.52694937762092,
        131.36714688469382,
        87.16722679138184,
        71.62049736696132,
        105.09294793185066,
        59.68713224635405
      ],
      "average_accuracy": [
        57.92628774422735,
        64.89786856127887,
        54.71432800473653,
        58.11130846654825,
        60.19094138543517,
        53.804026050917706,
        58.259325044404974,
        54.151865008880996,
        61.0198342214328,
        63.15127294256957
      ]
    },
    "average_loss_intra_epoch": [
      59.425259990304326
    ],
    "average_accuracy_intra_epoch": [
      63.04931075955223
    ],
    "runtime": 65.81731581687927
  }
}