{
  "hyperparameters": {
    "architecture": "classification",
    "batch_size": 100,
    "clipping_threshold": 0.0,
    "dataset_name": "credit-approval_classification",
    "epochs": 10,
    "initialization_scale": "\\sqrt{\frac{6}{n+m}}",
    "inner_ISGD_iterations": 0,
    "intra_epoch": false,
    "lr": 10.0,
    "momentum": 0.0,
    "mu": 0.0,
    "nodes": 50,
    "seed": 1,
    "sgdtype": "implicit",
    "data_type": "classification"
  },
  "results": {
    "train": {
      "average_loss": [
        31.423672993977863,
        69.44284566243489,
        4.950269897778829,
        30.01592191060384,
        16.06573184331258,
        16.665069580078125,
        21.352418740590412,
        70.89053090413411,
        31.792656898498535,
        42.96025562286377
      ],
      "average_accuracy": [
        34.42028985507246,
        45.471014492753625,
        53.6231884057971,
        79.71014492753623,
        19.384057971014492,
        55.2536231884058,
        84.05797101449275,
        83.51449275362319,
        84.42028985507247,
        82.6086956521739
      ]
    },
    "test": {
      "average_loss": [
        36.927093505859375,
        84.30110931396484,
        5.446754693984985,
        27.277103424072266,
        19.118764877319336,
        16.92522430419922,
        20.240478515625,
        71.1128978729248,
        29.88828468322754,
        39.50298500061035
      ],
      "average_accuracy": [
        22.463768115942027,
        32.608695652173914,
        48.55072463768116,
        83.33333333333333,
        15.942028985507246,
        50.72463768115942,
        86.95652173913044,
        81.8840579710145,
        81.8840579710145,
        81.8840579710145
      ]
    },
    "average_loss_intra_epoch": [
      42.96025562286377
    ],
    "average_accuracy_intra_epoch": [
      82.6086956521739
    ],
    "runtime": 15.708384990692139
  }
}