{
  "hyperparameters": {
    "architecture": "classification",
    "batch_size": 100,
    "clipping_threshold": 0.0,
    "dataset_name": "magic_classification",
    "epochs": 10,
    "initialization_scale": "\\sqrt{\frac{6}{n+m}}",
    "inner_ISGD_iterations": 0,
    "intra_epoch": false,
    "lr": 0.01,
    "momentum": 0.0,
    "mu": 0.0,
    "nodes": 50,
    "seed": 1,
    "sgdtype": "implicit",
    "data_type": "classification"
  },
  "results": {
    "train": {
      "average_loss": [
        0.6513450998885959,
        0.6477432367848415,
        0.6463696508625754,
        0.6446998021961038,
        0.6420860010034898,
        0.6376334541763355,
        0.62943003146477,
        0.613207639042848,
        0.580989181605819,
        0.5304030392294615
      ],
      "average_accuracy": [
        64.62276550998949,
        64.62276550998949,
        64.62276550998949,
        64.62276550998949,
        64.62276550998949,
        64.62276550998949,
        64.62276550998949,
        64.72134595162986,
        68.83543638275499,
        75.55205047318611
      ]
    },
    "test": {
      "average_loss": [
        0.6487488150596619,
        0.6445114291631259,
        0.6430121339284457,
        0.6414185579006488,
        0.6390116749665676,
        0.634931526122949,
        0.6274063541338994,
        0.6125155702615396,
        0.5830172101656595,
        0.5371300616325476
      ],
      "average_accuracy": [
        65.69400630914826,
        65.69400630914826,
        65.69400630914826,
        65.69400630914826,
        65.69400630914826,
        65.69400630914826,
        65.69400630914826,
        65.8254468980021,
        69.58464773922188,
        75.57833859095689
      ]
    },
    "average_loss_intra_epoch": [
      0.5304030392294615
    ],
    "average_accuracy_intra_epoch": [
      75.55205047318611
    ],
    "runtime": 241.93281173706055
  }
}