{
  "hyperparameters": {
    "architecture": "classification",
    "batch_size": 100,
    "clipping_threshold": 0.0,
    "dataset_name": "annealing_classification",
    "epochs": 10,
    "initialization_scale": "\\sqrt{\frac{6}{n+m}}",
    "inner_ISGD_iterations": 0,
    "intra_epoch": false,
    "lr": 0.03,
    "momentum": 0.0,
    "mu": 0.0,
    "nodes": 50,
    "seed": 1,
    "sgdtype": "implicit",
    "data_type": "classification"
  },
  "results": {
    "train": {
      "average_loss": [
        1.432382807135582,
        1.3201668709516525,
        1.2253426909446716,
        1.145495817065239,
        1.0793447494506836,
        1.0257232338190079,
        0.9832228347659111,
        0.950197622179985,
        0.9248427525162697,
        0.9054267629981041
      ],
      "average_accuracy": [
        75.4874651810585,
        75.6267409470752,
        75.6267409470752,
        75.6267409470752,
        75.6267409470752,
        75.6267409470752,
        75.6267409470752,
        75.6267409470752,
        75.6267409470752,
        75.6267409470752
      ]
    },
    "test": {
      "average_loss": [
        1.4211816787719727,
        1.3036701679229736,
        1.203475534915924,
        1.1184712648391724,
        1.047524869441986,
        0.9895046353340149,
        0.9430577754974365,
        0.9065999388694763,
        0.8784178197383881,
        0.8568000495433807
      ],
      "average_accuracy": [
        78.33333333333333,
        78.33333333333333,
        78.33333333333333,
        78.33333333333333,
        78.33333333333333,
        78.33333333333333,
        78.33333333333333,
        78.33333333333333,
        78.33333333333333,
        78.33333333333333
      ]
    },
    "average_loss_intra_epoch": [
      0.9054267629981041
    ],
    "average_accuracy_intra_epoch": [
      75.6267409470752
    ],
    "runtime": 12.27422308921814
  }
}