{
  "hyperparameters": {
    "architecture": "classification",
    "batch_size": 100,
    "clipping_threshold": 0.0,
    "dataset_name": "zoo_classification",
    "epochs": 10,
    "initialization_scale": "\\sqrt{\frac{6}{n+m}}",
    "inner_ISGD_iterations": 0,
    "intra_epoch": false,
    "lr": 0.01,
    "momentum": 0.0,
    "mu": 0.0,
    "nodes": 50,
    "seed": 1,
    "sgdtype": "implicit",
    "data_type": "classification"
  },
  "results": {
    "train": {
      "average_loss": [
        1.9233195781707764,
        1.9222513437271118,
        1.921187400817871,
        1.9201265573501587,
        1.9190704822540283,
        1.9180189371109009,
        1.9169704914093018,
        1.9159265756607056,
        1.914886474609375,
        1.9138495922088623
      ],
      "average_accuracy": [
        21.25,
        21.25,
        21.25,
        21.25,
        21.25,
        21.25,
        21.25,
        21.25,
        18.75,
        18.75
      ]
    },
    "test": {
      "average_loss": [
        1.8876450061798096,
        1.8861196041107178,
        1.8845988512039185,
        1.8830831050872803,
        1.8815723657608032,
        1.8800666332244873,
        1.8785654306411743,
        1.877069354057312,
        1.8755778074264526,
        1.8740911483764648
      ],
      "average_accuracy": [
        23.80952380952381,
        23.80952380952381,
        23.80952380952381,
        23.80952380952381,
        23.80952380952381,
        23.80952380952381,
        23.80952380952381,
        23.80952380952381,
        23.80952380952381,
        23.80952380952381
      ]
    },
    "average_loss_intra_epoch": [
      1.9138495922088623
    ],
    "average_accuracy_intra_epoch": [
      18.75
    ],
    "runtime": 4.996839284896851
  }
}