{
  "hyperparameters": {
    "architecture": "classification",
    "batch_size": 100,
    "clipping_threshold": 0.0,
    "dataset_name": "optical_classification",
    "epochs": 10,
    "initialization_scale": "\\sqrt{\frac{6}{n+m}}",
    "inner_ISGD_iterations": 0,
    "intra_epoch": false,
    "lr": 10.0,
    "momentum": 0.0,
    "mu": 0.0,
    "nodes": 50,
    "seed": 1,
    "sgdtype": "explicit",
    "data_type": "classification"
  },
  "results": {
    "train": {
      "average_loss": [
        16.86478411356608,
        12.164187749226889,
        11.061420525444879,
        9.387914254930283,
        12.607374127705892,
        9.425719123416476,
        16.593618053860133,
        21.295368978712293,
        9.947596253289117,
        10.731972609625922
      ],
      "average_accuracy": [
        60.45373665480427,
        63.211743772241995,
        67.3932384341637,
        71.50800711743773,
        68.9279359430605,
        68.52758007117438,
        60.07562277580071,
        59.20818505338078,
        65.30249110320284,
        66.25889679715303
      ]
    },
    "test": {
      "average_loss": [
        17.15580693880717,
        13.22864580154419,
        12.265708049138388,
        10.043294310569763,
        13.298837701479593,
        11.571824471155802,
        19.354986508687336,
        23.806028842926025,
        11.083715597788492,
        12.873812953631083
      ],
      "average_accuracy": [
        60.49822064056939,
        60.1423487544484,
        66.81494661921708,
        70.19572953736655,
        66.99288256227759,
        65.30249110320284,
        58.54092526690391,
        57.02846975088968,
        62.72241992882562,
        61.387900355871885
      ]
    },
    "average_loss_intra_epoch": [
      10.731972609625922
    ],
    "average_accuracy_intra_epoch": [
      66.25889679715303
    ],
    "runtime": 10.665791988372803
  }
}