{
  "hyperparameters": {
    "architecture": "classification",
    "batch_size": 100,
    "clipping_threshold": 0.0,
    "dataset_name": "mushroom_classification",
    "epochs": 10,
    "initialization_scale": "\\sqrt{\frac{6}{n+m}}",
    "inner_ISGD_iterations": 0,
    "intra_epoch": false,
    "lr": 3.0,
    "momentum": 0.0,
    "mu": 0.0,
    "nodes": 50,
    "seed": 1,
    "sgdtype": "implicit",
    "data_type": "classification"
  },
  "results": {
    "train": {
      "average_loss": [
        0.18171403436706615,
        0.13175635429529042,
        0.14353580560821752,
        0.008577419380442455,
        0.001989113537218565,
        0.0007669622530766692,
        0.000908039951732812,
        0.0016171406300810095,
        0.0006118853729836141,
        0.00010359118493327584
      ],
      "average_accuracy": [
        95.18387444222188,
        96.39944606862595,
        96.30712417294968,
        99.79996922603478,
        99.96922603477458,
        100.0,
        100.0,
        100.0,
        99.98461301738729,
        100.0
      ]
    },
    "test": {
      "average_loss": [
        0.17818924390217838,
        0.12604582616511514,
        0.13341610812965563,
        0.009896361693630324,
        0.0013412935898967965,
        0.0010666500105906058,
        0.000830111516680678,
        0.0013426094596712466,
        0.00034639784280443564,
        9.027859606944462e-05
      ],
      "average_accuracy": [
        95.38461538461539,
        96.61538461538461,
        96.98461538461538,
        99.81538461538462,
        100.0,
        100.0,
        100.0,
        100.0,
        100.0,
        100.0
      ]
    },
    "average_loss_intra_epoch": [
      0.00010359118493327584
    ],
    "average_accuracy_intra_epoch": [
      100.0
    ],
    "runtime": 194.99267768859863
  }
}