{
  "hyperparameters": {
    "architecture": "classification",
    "batch_size": 100,
    "clipping_threshold": 0.0,
    "dataset_name": "breast-tissue_classification",
    "epochs": 10,
    "initialization_scale": "\\sqrt{\frac{6}{n+m}}",
    "inner_ISGD_iterations": 0,
    "intra_epoch": false,
    "lr": 10.0,
    "momentum": 0.0,
    "mu": 0.0,
    "nodes": 50,
    "seed": 1,
    "sgdtype": "explicit",
    "data_type": "classification"
  },
  "results": {
    "train": {
      "average_loss": [
        1.7749935388565063,
        1.7432729005813599,
        1.4198092222213745,
        1.735312819480896,
        2.8017756938934326,
        7.6412506103515625,
        30.53191566467285,
        34.15478515625,
        76.15904235839844,
        35.95162582397461
      ],
      "average_accuracy": [
        23.80952380952381,
        33.333333333333336,
        42.857142857142854,
        35.714285714285715,
        33.333333333333336,
        16.666666666666668,
        3.5714285714285716,
        29.761904761904763,
        14.285714285714286,
        14.285714285714286
      ]
    },
    "test": {
      "average_loss": [
        1.9068154096603394,
        1.7804354429244995,
        1.5125160217285156,
        1.1360582113265991,
        2.740302085876465,
        5.37640905380249,
        25.748682022094727,
        36.51118469238281,
        64.29440307617188,
        41.21282196044922
      ],
      "average_accuracy": [
        4.545454545454546,
        4.545454545454546,
        31.818181818181817,
        45.45454545454545,
        27.272727272727273,
        18.181818181818183,
        13.636363636363637,
        22.727272727272727,
        18.181818181818183,
        13.636363636363637
      ]
    },
    "average_loss_intra_epoch": [
      35.95162582397461
    ],
    "average_accuracy_intra_epoch": [
      14.285714285714286
    ],
    "runtime": 3.5080275535583496
  }
}