{
  "hyperparameters": {
    "architecture": "classification",
    "batch_size": 100,
    "clipping_threshold": 0.0,
    "dataset_name": "synthetic-control_classification",
    "epochs": 10,
    "initialization_scale": "\\sqrt{\frac{6}{n+m}}",
    "inner_ISGD_iterations": 0,
    "intra_epoch": false,
    "lr": 10.0,
    "momentum": 0.0,
    "mu": 0.0,
    "nodes": 50,
    "seed": 1,
    "sgdtype": "explicit",
    "data_type": "classification"
  },
  "results": {
    "train": {
      "average_loss": [
        415.6788391113281,
        176.61810607910155,
        98.9533920288086,
        111.32465057373047,
        100.23656921386718,
        60.27341918945312,
        118.26859893798829,
        58.07602157592773,
        104.41918487548828,
        113.23993682861328
      ],
      "average_accuracy": [
        11.041666666666666,
        47.708333333333336,
        48.125,
        57.083333333333336,
        60.416666666666664,
        60.625,
        63.541666666666664,
        58.75,
        64.58333333333333,
        25.833333333333332
      ]
    },
    "test": {
      "average_loss": [
        469.04396057128906,
        193.0806655883789,
        77.2601318359375,
        104.96051788330078,
        106.28195571899414,
        54.47750663757324,
        121.19068908691406,
        38.02000427246094,
        112.2660140991211,
        115.99016952514648
      ],
      "average_accuracy": [
        3.3333333333333335,
        38.333333333333336,
        50.833333333333336,
        55.0,
        52.5,
        64.16666666666667,
        55.0,
        65.0,
        55.833333333333336,
        27.5
      ]
    },
    "average_loss_intra_epoch": [
      113.23993682861328
    ],
    "average_accuracy_intra_epoch": [
      25.833333333333332
    ],
    "runtime": 4.447858810424805
  }
}