{
  "hyperparameters": {
    "architecture": "music",
    "batch_size": 100,
    "clipping_threshold": 0.0,
    "dataset_name": "Piano-midi.de",
    "epochs": 5,
    "initialization_scale": "\\sqrt{\frac{6}{n+m}}",
    "inner_ISGD_iterations": 0,
    "intra_epoch": false,
    "lr": 50.0,
    "momentum": 0.0,
    "mu": 0.0,
    "nodes": 300,
    "seed": 1,
    "sgdtype": "explicit",
    "data_type": "sequential_many"
  },
  "results": {
    "train": {
      "average_loss": [
        0.0004116442096242333,
        0.0003695270997818677,
        0.00035116515774179474,
        0.00033994681252388757,
        0.0003320004471715529
      ],
      "average_accuracy": [
        0,
        0,
        0,
        0,
        0
      ]
    },
    "test": {
      "average_loss": [
        0.0005058079271111637,
        0.0004618452025169972,
        0.0004432672350958455,
        0.00043231951611232943,
        0.00042483947225264274
      ],
      "average_accuracy": [
        0,
        0,
        0,
        0,
        0
      ]
    },
    "average_loss_intra_epoch": [
      0.0003320004471715529
    ],
    "average_accuracy_intra_epoch": [
      0
    ],
    "runtime": 565.8420062065125
  }
}