{
  "hyperparameters": {
    "architecture": "classification",
    "batch_size": 100,
    "clipping_threshold": 0.0,
    "dataset_name": "cardiotocography-10clases_classification",
    "epochs": 10,
    "initialization_scale": "\\sqrt{\frac{6}{n+m}}",
    "inner_ISGD_iterations": 0,
    "intra_epoch": false,
    "lr": 0.5,
    "momentum": 0.0,
    "mu": 0.0,
    "nodes": 50,
    "seed": 1,
    "sgdtype": "explicit",
    "data_type": "classification"
  },
  "results": {
    "train": {
      "average_loss": [
        1.9586902576334335,
        1.2968852169373457,
        0.9645741441670586,
        0.8860075508846956,
        0.8406536438885857,
        0.7965552982162026,
        0.7587668089305654,
        0.7284689230077407,
        0.703588745173286,
        0.6809413941467509
      ],
      "average_accuracy": [
        26.88235294117647,
        53.11764705882353,
        65.82352941176471,
        67.11764705882354,
        69.17647058823529,
        71.41176470588235,
        72.6470588235294,
        73.0,
        73.47058823529412,
        74.41176470588235
      ]
    },
    "test": {
      "average_loss": [
        1.9509458065032959,
        1.3198261737823487,
        1.0366927981376648,
        0.9722046613693237,
        0.9394631743431091,
        0.9097831845283508,
        0.8880836248397828,
        0.8712173700332642,
        0.8579023003578186,
        0.8467729091644287
      ],
      "average_accuracy": [
        28.63849765258216,
        51.87793427230047,
        61.737089201877936,
        62.91079812206573,
        66.4319248826291,
        69.01408450704226,
        70.65727699530517,
        69.71830985915493,
        69.71830985915493,
        69.9530516431925
      ]
    },
    "average_loss_intra_epoch": [
      0.6809413941467509
    ],
    "average_accuracy_intra_epoch": [
      74.41176470588235
    ],
    "runtime": 1.0676600933074951
  }
}