{
  "hyperparameters": {
    "architecture": "classification",
    "batch_size": 100,
    "clipping_threshold": 0.0,
    "dataset_name": "energy-y1_classification",
    "epochs": 10,
    "initialization_scale": "\\sqrt{\frac{6}{n+m}}",
    "inner_ISGD_iterations": 0,
    "intra_epoch": false,
    "lr": 0.1,
    "momentum": 0.0,
    "mu": 0.0,
    "nodes": 50,
    "seed": 1,
    "sgdtype": "implicit",
    "data_type": "classification"
  },
  "results": {
    "train": {
      "average_loss": [
        1.0964148896081107,
        1.0611148561750139,
        1.0408859593527657,
        1.0296247942107064,
        1.0234325102397375,
        1.019982031413487,
        1.0179544857570104,
        1.0166228243282862,
        1.015584102698735,
        1.0145980715751648
      ],
      "average_accuracy": [
        34.69055374592834,
        34.69055374592834,
        47.557003257328994,
        47.557003257328994,
        47.557003257328994,
        47.557003257328994,
        47.557003257328994,
        47.557003257328994,
        47.557003257328994,
        47.557003257328994
      ]
    },
    "test": {
      "average_loss": [
        1.0867881178855896,
        1.0621377229690552,
        1.049952745437622,
        1.0446279048919678,
        1.042725682258606,
        1.0423219799995422,
        1.0424285531044006,
        1.0425767302513123,
        1.0425568222999573,
        1.0422694683074951
      ],
      "average_accuracy": [
        37.66233766233766,
        37.66233766233766,
        44.15584415584416,
        44.15584415584416,
        44.15584415584416,
        44.15584415584416,
        44.15584415584416,
        44.15584415584416,
        44.15584415584416,
        44.15584415584416
      ]
    },
    "average_loss_intra_epoch": [
      1.0145980715751648
    ],
    "average_accuracy_intra_epoch": [
      47.557003257328994
    ],
    "runtime": 2.6352732181549072
  }
}