{
  "hyperparameters": {
    "architecture": "classification",
    "batch_size": 100,
    "clipping_threshold": 0.0,
    "dataset_name": "heart-switzerland_classification",
    "epochs": 10,
    "initialization_scale": "\\sqrt{\frac{6}{n+m}}",
    "inner_ISGD_iterations": 0,
    "intra_epoch": false,
    "lr": 0.1,
    "momentum": 0.0,
    "mu": 0.0,
    "nodes": 50,
    "seed": 1,
    "sgdtype": "implicit",
    "data_type": "classification"
  },
  "results": {
    "train": {
      "average_loss": [
        1.6336603164672852,
        1.617429256439209,
        1.6020655632019043,
        1.5875102281570435,
        1.5737107992172241,
        1.560621976852417,
        1.5482025146484375,
        1.5364166498184204,
        1.525230050086975,
        1.5146147012710571
      ],
      "average_accuracy": [
        7.142857142857143,
        27.551020408163264,
        27.551020408163264,
        27.551020408163264,
        27.551020408163264,
        27.551020408163264,
        27.551020408163264,
        27.551020408163264,
        27.551020408163264,
        27.551020408163264
      ]
    },
    "test": {
      "average_loss": [
        1.6164225339889526,
        1.606900930404663,
        1.5980935096740723,
        1.589949131011963,
        1.582422137260437,
        1.5754725933074951,
        1.5690639019012451,
        1.56316339969635,
        1.5577409267425537,
        1.5527687072753906
      ],
      "average_accuracy": [
        24.0,
        24.0,
        20.0,
        20.0,
        20.0,
        20.0,
        20.0,
        20.0,
        20.0,
        20.0
      ]
    },
    "average_loss_intra_epoch": [
      1.5146147012710571
    ],
    "average_accuracy_intra_epoch": [
      27.551020408163264
    ],
    "runtime": 1.1541438102722168
  }
}