{
  "hyperparameters": {
    "architecture": "classification",
    "batch_size": 100,
    "clipping_threshold": 0.0,
    "dataset_name": "plant-margin_classification",
    "epochs": 10,
    "initialization_scale": "\\sqrt{\frac{6}{n+m}}",
    "inner_ISGD_iterations": 0,
    "intra_epoch": false,
    "lr": 0.01,
    "momentum": 0.0,
    "mu": 0.0,
    "nodes": 50,
    "seed": 1,
    "sgdtype": "explicit",
    "data_type": "classification"
  },
  "results": {
    "train": {
      "average_loss": [
        4.604877141805796,
        4.602732364947979,
        4.600592539860652,
        4.59845311825092,
        4.596312229449932,
        4.594165508563702,
        4.592010424687312,
        4.589843566601093,
        4.587662073282095,
        4.5854626802297735
      ],
      "average_accuracy": [
        0.625,
        0.625,
        0.78125,
        0.78125,
        0.9375,
        1.015625,
        1.09375,
        1.09375,
        1.171875,
        1.171875
      ]
    },
    "test": {
      "average_loss": [
        4.600977778434753,
        4.599222421646118,
        4.5974719524383545,
        4.595720887184143,
        4.59396755695343,
        4.592208027839661,
        4.590440511703491,
        4.588660955429077,
        4.586868047714233,
        4.585057973861694
      ],
      "average_accuracy": [
        1.875,
        1.875,
        1.875,
        1.875,
        1.875,
        2.1875,
        2.1875,
        2.1875,
        2.1875,
        2.1875
      ]
    },
    "average_loss_intra_epoch": [
      4.5854626802297735
    ],
    "average_accuracy_intra_epoch": [
      1.171875
    ],
    "runtime": 5.309691905975342
  }
}