{
  "hyperparameters": {
    "architecture": "classification",
    "batch_size": 100,
    "clipping_threshold": 0.0,
    "dataset_name": "pittsburg-bridges-REL-L_classification",
    "epochs": 10,
    "initialization_scale": "\\sqrt{\frac{6}{n+m}}",
    "inner_ISGD_iterations": 0,
    "intra_epoch": false,
    "lr": 50.0,
    "momentum": 0.0,
    "mu": 0.0,
    "nodes": 50,
    "seed": 1,
    "sgdtype": "explicit",
    "data_type": "classification"
  },
  "results": {
    "train": {
      "average_loss": [
        4.5137104988098145,
        258.3514099121094,
        191.03697204589844,
        220.63375854492188,
        107.59571838378906,
        323.5907287597656,
        155.52706909179688,
        103.06716918945312,
        263.0431213378906,
        122.83245086669922
      ],
      "average_accuracy": [
        48.78048780487805,
        36.58536585365854,
        18.29268292682927,
        39.02439024390244,
        23.170731707317074,
        62.19512195121951,
        62.19512195121951,
        26.829268292682926,
        62.19512195121951,
        36.58536585365854
      ]
    },
    "test": {
      "average_loss": [
        3.8822882175445557,
        322.1136779785156,
        162.5723114013672,
        291.15191650390625,
        91.7792739868164,
        369.3689880371094,
        167.1398468017578,
        86.49037170410156,
        320.30633544921875,
        142.57662963867188
      ],
      "average_accuracy": [
        61.904761904761905,
        23.80952380952381,
        23.80952380952381,
        23.80952380952381,
        28.571428571428573,
        57.142857142857146,
        57.142857142857146,
        38.095238095238095,
        57.142857142857146,
        38.095238095238095
      ]
    },
    "average_loss_intra_epoch": [
      122.83245086669922
    ],
    "average_accuracy_intra_epoch": [
      36.58536585365854
    ],
    "runtime": 3.5054826736450195
  }
}