{
  "hyperparameters": {
    "architecture": "music",
    "batch_size": 100,
    "clipping_threshold": 0.0,
    "dataset_name": "JSB Chorales",
    "epochs": 10,
    "initialization_scale": "\\sqrt{\frac{6}{n+m}}",
    "inner_ISGD_iterations": 0,
    "intra_epoch": false,
    "lr": 5.0,
    "momentum": 0.0,
    "mu": 0.0,
    "nodes": 50,
    "seed": 1,
    "sgdtype": "explicit",
    "data_type": "sequential_many"
  },
  "results": {
    "train": {
      "average_loss": [
        13.92676327009909,
        13.361001551932123,
        12.539583599723583,
        12.607885183725815,
        12.034569273869543,
        12.314471738307237,
        13.337139635627446,
        12.830898274500818,
        13.636012664528392,
        13.802918107228509
      ],
      "average_accuracy": [
        0,
        0,
        0,
        0,
        0,
        0,
        0,
        0,
        0,
        0
      ]
    },
    "test": {
      "average_loss": [
        14.146265667754335,
        13.60757134796737,
        12.771407876695905,
        12.934313990853049,
        12.318799693863113,
        12.591152562723531,
        13.59782041202892,
        13.089115663008256,
        13.965906279427665,
        14.013742496440937
      ],
      "average_accuracy": [
        0,
        0,
        0,
        0,
        0,
        0,
        0,
        0,
        0,
        0
      ]
    },
    "average_loss_intra_epoch": [
      13.802918107228509
    ],
    "average_accuracy_intra_epoch": [
      0
    ],
    "runtime": 247.18718814849854
  }
}