{
  "hyperparameters": {
    "architecture": "classification",
    "batch_size": 100,
    "clipping_threshold": 0.0,
    "dataset_name": "ringnorm_classification",
    "epochs": 10,
    "initialization_scale": "\\sqrt{\frac{6}{n+m}}",
    "inner_ISGD_iterations": 0,
    "intra_epoch": false,
    "lr": 10.0,
    "momentum": 0.0,
    "mu": 0.0,
    "nodes": 50,
    "seed": 1,
    "sgdtype": "implicit",
    "data_type": "classification"
  },
  "results": {
    "train": {
      "average_loss": [
        27.799573516845705,
        14.96014952659607,
        41.77365004221598,
        46.716510995229086,
        23.734433269500734,
        9.550972445805867,
        25.476955080032347,
        9.910114200909932,
        11.927059475580851,
        53.339066632588704
      ],
      "average_accuracy": [
        66.89189189189189,
        52.229729729729726,
        47.195945945945944,
        73.9695945945946,
        75.77702702702703,
        78.44594594594595,
        76.18243243243244,
        51.689189189189186,
        71.62162162162163,
        51.6722972972973
      ]
    },
    "test": {
      "average_loss": [
        27.05725529988607,
        15.095150566101074,
        43.1097765604655,
        46.0010019938151,
        24.712421162923178,
        9.112194108963013,
        24.831638717651366,
        10.072824128468831,
        12.47205753326416,
        56.296807352701826
      ],
      "average_accuracy": [
        67.22972972972973,
        49.932432432432435,
        45.067567567567565,
        74.32432432432432,
        74.93243243243244,
        79.12162162162163,
        76.55405405405405,
        52.2972972972973,
        71.48648648648648,
        50.74324324324324
      ]
    },
    "average_loss_intra_epoch": [
      53.339066632588704
    ],
    "average_accuracy_intra_epoch": [
      51.6722972972973
    ],
    "runtime": 170.4151487350464
  }
}