{
  "hyperparameters": {
    "architecture": "classification",
    "batch_size": 100,
    "clipping_threshold": 0.0,
    "dataset_name": "abalone_classification",
    "epochs": 10,
    "initialization_scale": "\\sqrt{\frac{6}{n+m}}",
    "inner_ISGD_iterations": 0,
    "intra_epoch": false,
    "lr": 0.2,
    "momentum": 0.0,
    "mu": 0.0,
    "nodes": 50,
    "seed": 1,
    "sgdtype": "explicit",
    "data_type": "classification"
  },
  "results": {
    "train": {
      "average_loss": [
        1.0966287325410282,
        1.0871461699990665,
        0.9113545908647425,
        0.8530628909082973,
        0.8293153328054091,
        0.7984001093051013,
        0.78304864729152,
        0.7765406668186188,
        0.7731448341818417,
        0.7712969061206368
      ],
      "average_accuracy": [
        34.72014366956001,
        53.2475306794373,
        56.39030230469919,
        57.70727327147561,
        59.77252319664771,
        61.32894343011075,
        61.957497755163125,
        62.49625860520802,
        63.27446872193954,
        63.63364262196947
      ]
    },
    "test": {
      "average_loss": [
        1.097591585583157,
        1.0885695616404216,
        0.9213736057281494,
        0.8675268756018745,
        0.8399858938323127,
        0.8066075841585795,
        0.7944038046730889,
        0.7891665101051331,
        0.7863214744461907,
        0.7848858568403456
      ],
      "average_accuracy": [
        34.33014354066986,
        52.39234449760765,
        55.26315789473684,
        56.578947368421055,
        56.578947368421055,
        60.047846889952154,
        61.004784688995215,
        61.72248803827751,
        61.24401913875598,
        61.961722488038276
      ]
    },
    "average_loss_intra_epoch": [
      0.7712969061206368
    ],
    "average_accuracy_intra_epoch": [
      63.63364262196947
    ],
    "runtime": 1.8342320919036865
  }
}