{
  "hyperparameters": {
    "architecture": "classification",
    "batch_size": 100,
    "clipping_threshold": 0.0,
    "dataset_name": "yeast_classification",
    "epochs": 10,
    "initialization_scale": "\\sqrt{\frac{6}{n+m}}",
    "inner_ISGD_iterations": 0,
    "intra_epoch": false,
    "lr": 3.0,
    "momentum": 0.0,
    "mu": 0.0,
    "nodes": 50,
    "seed": 1,
    "sgdtype": "explicit",
    "data_type": "classification"
  },
  "results": {
    "train": {
      "average_loss": [
        1.8229949673016865,
        3.219455122947693,
        8.423101544380188,
        6.852795640627543,
        3.0549062887827554,
        3.087734599908193,
        3.327018161614736,
        1.827395995457967,
        2.8416558702786765,
        2.105743964513143
      ],
      "average_accuracy": [
        31.592249368155013,
        33.52990732940185,
        27.37994945240101,
        26.53748946925021,
        40.269587194608256,
        39.17438921651222,
        35.46756529064869,
        46.503791069924176,
        39.511373209772536,
        41.44903117101938
      ]
    },
    "test": {
      "average_loss": [
        1.8554044564565022,
        3.2008111476898193,
        7.081531683603923,
        6.5181929270426435,
        3.112137953440348,
        3.0361050764719644,
        3.4156554539998374,
        2.1353476842244468,
        3.020350456237793,
        2.2840421199798584
      ],
      "average_accuracy": [
        29.62962962962963,
        31.31313131313131,
        30.63973063973064,
        27.272727272727273,
        40.4040404040404,
        40.4040404040404,
        36.7003367003367,
        39.05723905723906,
        37.37373737373738,
        39.05723905723906
      ]
    },
    "average_loss_intra_epoch": [
      2.105743964513143
    ],
    "average_accuracy_intra_epoch": [
      41.44903117101938
    ],
    "runtime": 4.716069936752319
  }
}