{
  "hyperparameters": {
    "architecture": "classification",
    "batch_size": 100,
    "clipping_threshold": 0.0,
    "dataset_name": "pittsburg-bridges-REL-L_classification",
    "epochs": 10,
    "initialization_scale": "\\sqrt{\frac{6}{n+m}}",
    "inner_ISGD_iterations": 0,
    "intra_epoch": false,
    "lr": 10.0,
    "momentum": 0.0,
    "mu": 0.0,
    "nodes": 50,
    "seed": 1,
    "sgdtype": "implicit",
    "data_type": "classification"
  },
  "results": {
    "train": {
      "average_loss": [
        1.621254563331604,
        12.225753784179688,
        19.097726821899414,
        59.82522964477539,
        39.770713806152344,
        23.976261138916016,
        71.16277313232422,
        44.98107147216797,
        30.469959259033203,
        25.15041160583496
      ],
      "average_accuracy": [
        48.78048780487805,
        36.58536585365854,
        36.58536585365854,
        48.78048780487805,
        14.634146341463415,
        48.78048780487805,
        10.975609756097562,
        10.975609756097562,
        41.46341463414634,
        36.58536585365854
      ]
    },
    "test": {
      "average_loss": [
        1.416189193725586,
        15.248676300048828,
        22.496402740478516,
        41.87356948852539,
        41.49595260620117,
        22.517730712890625,
        66.48958587646484,
        43.35615158081055,
        28.067554473876953,
        30.99641990661621
      ],
      "average_accuracy": [
        61.904761904761905,
        23.80952380952381,
        23.80952380952381,
        61.904761904761905,
        14.285714285714286,
        61.904761904761905,
        14.285714285714286,
        9.523809523809524,
        47.61904761904762,
        23.80952380952381
      ]
    },
    "average_loss_intra_epoch": [
      25.15041160583496
    ],
    "average_accuracy_intra_epoch": [
      36.58536585365854
    ],
    "runtime": 4.012723684310913
  }
}