{
  "hyperparameters": {
    "architecture": "classification",
    "batch_size": 100,
    "clipping_threshold": 0.0,
    "dataset_name": "oocytes-merluccius-nucleus-4d_classification",
    "epochs": 10,
    "initialization_scale": "\\sqrt{\frac{6}{n+m}}",
    "inner_ISGD_iterations": 0,
    "intra_epoch": false,
    "lr": 10.0,
    "momentum": 0.0,
    "mu": 0.0,
    "nodes": 50,
    "seed": 1,
    "sgdtype": "explicit",
    "data_type": "classification"
  },
  "results": {
    "train": {
      "average_loss": [
        68.65607749091254,
        84.18690151638455,
        91.52239100138347,
        221.00162675645618,
        126.43116421169705,
        98.63547558254666,
        110.046873304579,
        123.46803241305881,
        76.81577618916829,
        82.7472784254286
      ],
      "average_accuracy": [
        57.64993880048959,
        59.4859241126071,
        58.62913096695227,
        59.241126070991434,
        59.36352509179927,
        59.241126070991434,
        59.36352509179927,
        59.4859241126071,
        59.241126070991434,
        59.1187270501836
      ]
    },
    "test": {
      "average_loss": [
        56.810577392578125,
        62.79712740580241,
        65.03697204589844,
        167.9384562174479,
        94.40054066975911,
        72.50337219238281,
        77.37216695149739,
        88.77118967903102,
        55.98092905680338,
        58.12218729654948
      ],
      "average_accuracy": [
        57.073170731707314,
        56.09756097560975,
        59.51219512195122,
        57.073170731707314,
        57.073170731707314,
        57.5609756097561,
        58.53658536585366,
        59.02439024390244,
        57.5609756097561,
        60.48780487804878
      ]
    },
    "average_loss_intra_epoch": [
      82.7472784254286
    ],
    "average_accuracy_intra_epoch": [
      59.1187270501836
    ],
    "runtime": 4.261983871459961
  }
}