{
  "hyperparameters": {
    "architecture": "classification",
    "batch_size": 1,
    "clipping_threshold": 0.0,
    "dataset_name": "classification_abalone",
    "epochs": 10,
    "initialization_scale": "\\sqrt{\frac{6}{n+m}}",
    "inner_ISGD_iterations": 0,
    "intra_epoch": false,
    "lr": 0.001,
    "momentum": 0.0,
    "mu": 0.0,
    "nodes": 50,
    "seed": 1,
    "sgdtype": "explicit",
    "data_type": "classification"
  },
  "results": {
    "train": {
      "average_loss": [
        1.098772954848026,
        1.0965789556503296,
        1.0942816280811998,
        1.0867009743071359,
        1.0437565039318146,
        0.9050380590878286,
        0.8623431251411915,
        0.8505904220938861,
        0.8397040503114613,
        0.8264919846393648
      ],
      "average_accuracy": [
        34.72014366956001,
        34.72014366956001,
        34.75007482789584,
        53.21759952110147,
        56.39030230469919,
        56.36037114636336,
        56.77940736306495,
        57.55761747979647,
        58.814726129901224,
        59.622867404968574
      ]
    },
    "test": {
      "average_loss": [
        1.0991998503082676,
        1.0977116242835396,
        1.0956958009010296,
        1.0885006387553147,
        1.047445985760415,
        0.9158731847644993,
        0.876750237330723,
        0.8644796130225134,
        0.852311936220484,
        0.8373997947958668
      ],
      "average_accuracy": [
        34.33014354066986,
        34.33014354066986,
        34.33014354066986,
        51.91387559808612,
        55.38277511961722,
        55.38277511961722,
        55.143540669856456,
        56.578947368421055,
        56.100478468899524,
        56.578947368421055
      ]
    },
    "average_loss_intra_epoch": [
      0.8264919846393648
    ],
    "average_accuracy_intra_epoch": [
      59.622867404968574
    ],
    "runtime": 237.94298338890076
  }
}