{
  "hyperparameters": {
    "architecture": "classification",
    "batch_size": 100,
    "clipping_threshold": 0.0,
    "dataset_name": "steel-plates_classification",
    "epochs": 10,
    "initialization_scale": "\\sqrt{\frac{6}{n+m}}",
    "inner_ISGD_iterations": 0,
    "intra_epoch": false,
    "lr": 50.0,
    "momentum": 0.0,
    "mu": 0.0,
    "nodes": 50,
    "seed": 1,
    "sgdtype": "explicit",
    "data_type": "classification"
  },
  "results": {
    "train": {
      "average_loss": [
        211.4265604019165,
        246.4273166656494,
        149.51765298843384,
        123.87443542480469,
        166.3137402534485,
        257.8718900680542,
        110.57184362411499,
        131.2682228088379,
        88.46268939971924,
        87.17706775665283
      ],
      "average_accuracy": [
        17.783505154639176,
        39.626288659793815,
        37.11340206185567,
        28.801546391752577,
        39.94845360824742,
        41.81701030927835,
        25.451030927835053,
        48.96907216494845,
        40.399484536082475,
        45.5541237113402
      ]
    },
    "test": {
      "average_loss": [
        207.45847702026367,
        258.3045082092285,
        144.7084846496582,
        128.14621925354004,
        175.08739852905273,
        275.8887252807617,
        111.85770034790039,
        126.59700584411621,
        96.5698184967041,
        97.91912841796875
      ],
      "average_accuracy": [
        16.452442159383033,
        39.588688946015424,
        38.04627249357326,
        28.79177377892031,
        38.56041131105398,
        38.81748071979435,
        26.73521850899743,
        50.6426735218509,
        39.0745501285347,
        41.645244215938305
      ]
    },
    "average_loss_intra_epoch": [
      87.17706775665283
    ],
    "average_accuracy_intra_epoch": [
      45.5541237113402
    ],
    "runtime": 5.059469223022461
  }
}