{
  "hyperparameters": {
    "architecture": "classification",
    "batch_size": 100,
    "clipping_threshold": 0.0,
    "dataset_name": "pendigits_classification",
    "epochs": 10,
    "initialization_scale": "\\sqrt{\frac{6}{n+m}}",
    "inner_ISGD_iterations": 0,
    "intra_epoch": false,
    "lr": 30.0,
    "momentum": 0.0,
    "mu": 0.0,
    "nodes": 50,
    "seed": 1,
    "sgdtype": "implicit",
    "data_type": "classification"
  },
  "results": {
    "train": {
      "average_loss": [
        73.89356431094083,
        25.656320203434337,
        25.993316411972046,
        21.303350015120074,
        11.524568937041543,
        20.457630428400908,
        12.732502623037858,
        11.44499869780107,
        6.4762969585982235,
        12.028893508694388
      ],
      "average_accuracy": [
        47.878994654839076,
        57.77322870465143,
        47.1966336858865,
        52.200614124872054,
        63.77800523143409,
        59.74070283179802,
        62.231320368474925,
        72.00045490731263,
        79.50642556579098,
        63.55055157511657
      ]
    },
    "test": {
      "average_loss": [
        75.16073244268244,
        25.450783035971902,
        25.961431416598234,
        21.291828285564076,
        11.441344846378673,
        21.2204572504217,
        13.014237642288208,
        12.192550485784357,
        6.692051605744795,
        11.758050788532604
      ],
      "average_accuracy": [
        47.839927239654386,
        59.34515688949522,
        46.33924511141428,
        52.06912232833106,
        62.39199636198272,
        58.84492951341519,
        62.39199636198272,
        71.3506139154161,
        79.44520236471124,
        62.93769895407003
      ]
    },
    "average_loss_intra_epoch": [
      12.028893508694388
    ],
    "average_accuracy_intra_epoch": [
      63.55055157511657
    ],
    "runtime": 208.18281841278076
  }
}