{
  "hyperparameters": {
    "architecture": "classification",
    "batch_size": 100,
    "clipping_threshold": 0.0,
    "dataset_name": "contrac_classification",
    "epochs": 10,
    "initialization_scale": "\\sqrt{\frac{6}{n+m}}",
    "inner_ISGD_iterations": 0,
    "intra_epoch": false,
    "lr": 0.5,
    "momentum": 0.0,
    "mu": 0.0,
    "nodes": 50,
    "seed": 1,
    "sgdtype": "implicit",
    "data_type": "classification"
  },
  "results": {
    "train": {
      "average_loss": [
        1.068696488936742,
        1.0679449439048767,
        1.0673228800296783,
        1.0663509219884872,
        1.0645438532034557,
        1.0606374094883602,
        1.0508582542339961,
        1.0282065719366074,
        1.000981017947197,
        0.9854893187681834
      ],
      "average_accuracy": [
        42.444821731748725,
        42.444821731748725,
        42.444821731748725,
        42.444821731748725,
        42.61460101867572,
        44.31239388794567,
        47.792869269949065,
        48.302207130730054,
        48.47198641765704,
        48.72665534804754
      ]
    },
    "test": {
      "average_loss": [
        1.071254849433899,
        1.0708564122517903,
        1.070224682490031,
        1.0691977341969807,
        1.0673017501831055,
        1.063247839609782,
        1.053234616915385,
        1.0302244027455647,
        1.002194623152415,
        0.9854949315388998
      ],
      "average_accuracy": [
        43.728813559322035,
        43.728813559322035,
        43.728813559322035,
        43.728813559322035,
        44.067796610169495,
        46.779661016949156,
        47.45762711864407,
        47.79661016949152,
        46.101694915254235,
        46.440677966101696
      ]
    },
    "average_loss_intra_epoch": [
      0.9854893187681834
    ],
    "average_accuracy_intra_epoch": [
      48.72665534804754
    ],
    "runtime": 20.23811149597168
  }
}