{
  "hyperparameters": {
    "architecture": "classification",
    "batch_size": 100,
    "clipping_threshold": 0.0,
    "dataset_name": "adult_classification",
    "epochs": 10,
    "initialization_scale": "\\sqrt{\frac{6}{n+m}}",
    "inner_ISGD_iterations": 0,
    "intra_epoch": false,
    "lr": 0.03,
    "momentum": 0.0,
    "mu": 0.0,
    "nodes": 50,
    "seed": 1,
    "sgdtype": "explicit",
    "data_type": "classification"
  },
  "results": {
    "train": {
      "average_loss": [
        0.5429685516735477,
        0.3668048283480622,
        0.3476501042428224,
        0.343044125744144,
        0.34109367346367264,
        0.33997793141228466,
        0.33894159219911335,
        0.33780092488774255,
        0.33660332187819664,
        0.3354449331989069
      ],
      "average_accuracy": [
        76.07555089192026,
        82.9549817009188,
        83.8405036726128,
        84.11435006270314,
        84.23719704143527,
        84.2423156655491,
        84.27302741023213,
        84.35236608399663,
        84.41123026130576,
        84.41890819747651
      ]
    },
    "test": {
      "average_loss": [
        0.5431620101539456,
        0.368453105797573,
        0.3494112985778828,
        0.3459587712981263,
        0.344738351751347,
        0.34405340117459393,
        0.34330967479214375,
        0.34240512382619237,
        0.3414173217452302,
        0.3404502912747617
      ],
      "average_accuracy": [
        76.05691473026921,
        82.7515610604975,
        83.67284266557478,
        84.00040945849115,
        84.10277408127752,
        84.1846657795066,
        84.21537516634251,
        84.20513870406387,
        84.19490224178524,
        84.23584809089978
      ]
    },
    "average_loss_intra_epoch": [
      0.3354449331989069
    ],
    "average_accuracy_intra_epoch": [
      84.41890819747651
    ],
    "runtime": 41.80954670906067
  }
}