{
  "hyperparameters": {
    "architecture": "classification",
    "batch_size": 100,
    "clipping_threshold": 0.0,
    "dataset_name": "hill-valley_classification",
    "epochs": 10,
    "initialization_scale": "\\sqrt{\frac{6}{n+m}}",
    "inner_ISGD_iterations": 0,
    "intra_epoch": false,
    "lr": 0.01,
    "momentum": 0.0,
    "mu": 0.0,
    "nodes": 50,
    "seed": 1,
    "sgdtype": "implicit",
    "data_type": "classification"
  },
  "results": {
    "train": {
      "average_loss": [
        0.695552009344101,
        0.6944430291652679,
        0.6936841368675232,
        0.6931595206260681,
        0.6927925825119019,
        0.6925324201583862,
        0.6923450350761413,
        0.6922073781490325,
        0.6921041309833527,
        0.6920246422290802
      ],
      "average_accuracy": [
        49.9484004127967,
        49.63880288957689,
        49.63880288957689,
        49.63880288957689,
        49.63880288957689,
        49.63880288957689,
        49.63880288957689,
        49.63880288957689,
        53.250773993808046,
        53.250773993808046
      ]
    },
    "test": {
      "average_loss": [
        0.6917126178741455,
        0.6912689407666525,
        0.6910685698191324,
        0.6910144289334615,
        0.6910450657208761,
        0.6911221742630005,
        0.6912216941515604,
        0.6913292010625204,
        0.6914359927177429,
        0.6915375590324402
      ],
      "average_accuracy": [
        51.851851851851855,
        51.440329218106996,
        51.440329218106996,
        51.440329218106996,
        51.440329218106996,
        51.440329218106996,
        51.440329218106996,
        51.440329218106996,
        55.1440329218107,
        53.49794238683128
      ]
    },
    "average_loss_intra_epoch": [
      0.6920246422290802
    ],
    "average_accuracy_intra_epoch": [
      53.250773993808046
    ],
    "runtime": 133.72926592826843
  }
}