{
  "hyperparameters": {
    "architecture": "classification",
    "batch_size": 100,
    "clipping_threshold": 0.0,
    "dataset_name": "adult_classification",
    "epochs": 10,
    "initialization_scale": "\\sqrt{\frac{6}{n+m}}",
    "inner_ISGD_iterations": 0,
    "intra_epoch": false,
    "lr": 0.003,
    "momentum": 0.0,
    "mu": 0.0,
    "nodes": 50,
    "seed": 1,
    "sgdtype": "explicit",
    "data_type": "classification"
  },
  "results": {
    "train": {
      "average_loss": [
        0.592393270843779,
        0.5610784060509918,
        0.5528191493447784,
        0.550257335004904,
        0.5491103427794278,
        0.548257863430111,
        0.5473615024095911,
        0.5462624291172418,
        0.5448111582290182,
        0.542793574311849
      ],
      "average_accuracy": [
        76.07555089192026,
        76.07555089192026,
        76.07555089192026,
        76.07555089192026,
        76.07555089192026,
        76.07555089192026,
        76.07555089192026,
        76.07555089192026,
        76.07555089192026,
        76.07555089192026
      ]
    },
    "test": {
      "average_loss": [
        0.5924430617264339,
        0.561192194113926,
        0.552967228755659,
        0.5504244976505941,
        0.5492887113775525,
        0.5484432775755318,
        0.5475515683694762,
        0.54645573180549,
        0.5450066528758224,
        0.5429904278443785
      ],
      "average_accuracy": [
        76.05691473026921,
        76.05691473026921,
        76.05691473026921,
        76.05691473026921,
        76.05691473026921,
        76.05691473026921,
        76.05691473026921,
        76.05691473026921,
        76.05691473026921,
        76.05691473026921
      ]
    },
    "average_loss_intra_epoch": [
      0.542793574311849
    ],
    "average_accuracy_intra_epoch": [
      76.07555089192026
    ],
    "runtime": 43.859729528427124
  }
}