{
  "hyperparameters": {
    "architecture": "classification",
    "batch_size": 100,
    "clipping_threshold": 0.0,
    "dataset_name": "statlog-vehicle_classification",
    "epochs": 10,
    "initialization_scale": "\\sqrt{\frac{6}{n+m}}",
    "inner_ISGD_iterations": 0,
    "intra_epoch": false,
    "lr": 1.0,
    "momentum": 0.0,
    "mu": 0.0,
    "nodes": 50,
    "seed": 1,
    "sgdtype": "explicit",
    "data_type": "classification"
  },
  "results": {
    "train": {
      "average_loss": [
        1.3353403976985387,
        1.1729375123977661,
        1.1476148877825056,
        1.1847055469240462,
        1.1284031867980957,
        1.4420346362250192,
        1.1327073233468192,
        0.9546149543353489,
        0.601291401045663,
        0.7838812811034066
      ],
      "average_accuracy": [
        30.62130177514793,
        45.857988165680474,
        43.93491124260355,
        36.094674556213015,
        41.71597633136095,
        40.680473372781066,
        52.662721893491124,
        61.53846153846154,
        71.15384615384616,
        64.94082840236686
      ]
    },
    "test": {
      "average_loss": [
        1.3506255149841309,
        1.1994574666023254,
        1.1764029264450073,
        1.2283573746681213,
        1.1744455099105835,
        1.486591398715973,
        1.1871711015701294,
        1.0055416822433472,
        0.621358722448349,
        0.7970850169658661
      ],
      "average_accuracy": [
        29.41176470588235,
        40.588235294117645,
        44.705882352941174,
        34.705882352941174,
        32.94117647058823,
        30.0,
        47.64705882352941,
        51.1764705882353,
        66.47058823529412,
        64.11764705882354
      ]
    },
    "average_loss_intra_epoch": [
      0.7838812811034066
    ],
    "average_accuracy_intra_epoch": [
      64.94082840236686
    ],
    "runtime": 3.957796335220337
  }
}