{
  "hyperparameters": {
    "architecture": "classification",
    "batch_size": 100,
    "clipping_threshold": 0.0,
    "dataset_name": "waveform_classification",
    "epochs": 10,
    "initialization_scale": "\\sqrt{\frac{6}{n+m}}",
    "inner_ISGD_iterations": 0,
    "intra_epoch": false,
    "lr": 30.0,
    "momentum": 0.0,
    "mu": 0.0,
    "nodes": 50,
    "seed": 1,
    "sgdtype": "explicit",
    "data_type": "classification"
  },
  "results": {
    "train": {
      "average_loss": [
        40.24044919013977,
        48.913587474823,
        67.77804117202759,
        31.223393416404726,
        49.8978796005249,
        28.49092354774475,
        43.75338654518127,
        32.03703737258911,
        31.40229296684265,
        43.49356694221497
      ],
      "average_accuracy": [
        69.725,
        65.7,
        71.15,
        69.25,
        72.65,
        76.95,
        65.0,
        67.425,
        74.55,
        71.325
      ]
    },
    "test": {
      "average_loss": [
        38.01056957244873,
        47.14583969116211,
        63.80769577026367,
        27.444414329528808,
        45.46972846984863,
        27.51676216125488,
        40.288733673095706,
        31.69770336151123,
        30.663031387329102,
        39.36442604064941
      ],
      "average_accuracy": [
        71.7,
        66.7,
        73.0,
        70.5,
        74.2,
        79.3,
        67.5,
        69.5,
        75.5,
        73.7
      ]
    },
    "average_loss_intra_epoch": [
      43.49356694221497
    ],
    "average_accuracy_intra_epoch": [
      71.325
    ],
    "runtime": 7.3747076988220215
  }
}