{
  "hyperparameters": {
    "architecture": "classification",
    "batch_size": 100,
    "clipping_threshold": 0.0,
    "dataset_name": "conn-bench-sonar-mines-rocks_classification",
    "epochs": 10,
    "initialization_scale": "\\sqrt{\frac{6}{n+m}}",
    "inner_ISGD_iterations": 0,
    "intra_epoch": false,
    "lr": 10.0,
    "momentum": 0.0,
    "mu": 0.0,
    "nodes": 50,
    "seed": 1,
    "sgdtype": "explicit",
    "data_type": "classification"
  },
  "results": {
    "train": {
      "average_loss": [
        3.3860983848571777,
        207.2056884765625,
        132.08026885986328,
        172.2655792236328,
        274.4914321899414,
        365.1871795654297,
        271.1795425415039,
        303.88690185546875,
        268.78714752197266,
        204.04957580566406
      ],
      "average_accuracy": [
        45.18072289156626,
        56.024096385542165,
        55.42168674698795,
        53.01204819277108,
        51.80722891566265,
        56.024096385542165,
        42.7710843373494,
        51.204819277108435,
        57.2289156626506,
        51.204819277108435
      ]
    },
    "test": {
      "average_loss": [
        2.878779172897339,
        199.60765075683594,
        194.09085083007812,
        206.26097106933594,
        390.3957824707031,
        474.998779296875,
        340.22149658203125,
        383.0177001953125,
        349.0973815917969,
        219.69801330566406
      ],
      "average_accuracy": [
        52.38095238095238,
        59.523809523809526,
        38.095238095238095,
        45.23809523809524,
        38.095238095238095,
        42.857142857142854,
        40.476190476190474,
        38.095238095238095,
        40.476190476190474,
        52.38095238095238
      ]
    },
    "average_loss_intra_epoch": [
      204.04957580566406
    ],
    "average_accuracy_intra_epoch": [
      51.204819277108435
    ],
    "runtime": 1.0461130142211914
  }
}