{
  "hyperparameters": {
    "architecture": "classification",
    "batch_size": 100,
    "clipping_threshold": 0.0,
    "dataset_name": "mammographic_classification",
    "epochs": 10,
    "initialization_scale": "\\sqrt{\frac{6}{n+m}}",
    "inner_ISGD_iterations": 0,
    "intra_epoch": false,
    "lr": 3.0,
    "momentum": 0.0,
    "mu": 0.0,
    "nodes": 50,
    "seed": 1,
    "sgdtype": "implicit",
    "data_type": "classification"
  },
  "results": {
    "train": {
      "average_loss": [
        0.695267453789711,
        0.6949431598186493,
        0.6948798298835754,
        0.694575235247612,
        0.6261707693338394,
        0.464234434068203,
        0.46315255761146545,
        0.46436046436429024,
        0.46310239657759666,
        0.44442788138985634
      ],
      "average_accuracy": [
        47.135416666666664,
        47.135416666666664,
        47.135416666666664,
        47.135416666666664,
        64.58333333333333,
        80.859375,
        80.72916666666667,
        81.25,
        82.16145833333333,
        81.77083333333333
      ]
    },
    "test": {
      "average_loss": [
        0.6975520253181458,
        0.696969598531723,
        0.6969597041606903,
        0.6970573961734772,
        0.6360605657100677,
        0.45679761469364166,
        0.45934583246707916,
        0.4431741237640381,
        0.4612916260957718,
        0.43775616586208344
      ],
      "average_accuracy": [
        43.005181347150256,
        43.005181347150256,
        43.005181347150256,
        43.005181347150256,
        63.21243523316062,
        81.34715025906736,
        80.31088082901555,
        81.86528497409327,
        80.31088082901555,
        81.34715025906736
      ]
    },
    "average_loss_intra_epoch": [
      0.44442788138985634
    ],
    "average_accuracy_intra_epoch": [
      81.77083333333333
    ],
    "runtime": 9.779961585998535
  }
}