{
  "hyperparameters": {
    "architecture": "classification",
    "batch_size": 100,
    "clipping_threshold": 0.0,
    "dataset_name": "acute-nephritis_classification",
    "epochs": 10,
    "initialization_scale": "\\sqrt{\frac{6}{n+m}}",
    "inner_ISGD_iterations": 0,
    "intra_epoch": false,
    "lr": 5.0,
    "momentum": 0.0,
    "mu": 0.0,
    "nodes": 50,
    "seed": 1,
    "sgdtype": "explicit",
    "data_type": "classification"
  },
  "results": {
    "train": {
      "average_loss": [
        0.8208916783332825,
        0.9042990207672119,
        1.4349571466445923,
        0.6578677296638489,
        0.7435829639434814,
        1.7364503145217896,
        0.7436462044715881,
        4.045377731323242,
        1.3915611505508423,
        12.877041816711426
      ],
      "average_accuracy": [
        64.58333333333333,
        35.416666666666664,
        64.58333333333333,
        64.58333333333333,
        64.58333333333333,
        35.416666666666664,
        64.58333333333333,
        35.416666666666664,
        64.58333333333333,
        64.58333333333333
      ]
    },
    "test": {
      "average_loss": [
        1.425086498260498,
        0.639641523361206,
        2.68501353263855,
        0.7959403395652771,
        1.2323280572891235,
        0.9317377209663391,
        1.2339640855789185,
        2.087696075439453,
        2.5168657302856445,
        24.08042335510254
      ],
      "average_accuracy": [
        33.333333333333336,
        66.66666666666667,
        33.333333333333336,
        33.333333333333336,
        33.333333333333336,
        66.66666666666667,
        33.333333333333336,
        66.66666666666667,
        33.333333333333336,
        33.333333333333336
      ]
    },
    "average_loss_intra_epoch": [
      12.877041816711426
    ],
    "average_accuracy_intra_epoch": [
      64.58333333333333
    ],
    "runtime": 3.3961076736450195
  }
}