{
  "hyperparameters": {
    "architecture": "classification",
    "batch_size": 100,
    "clipping_threshold": 0.0,
    "dataset_name": "oocytes-merluccius-nucleus-4d_classification",
    "epochs": 10,
    "initialization_scale": "\\sqrt{\frac{6}{n+m}}",
    "inner_ISGD_iterations": 0,
    "intra_epoch": false,
    "lr": 0.1,
    "momentum": 0.0,
    "mu": 0.0,
    "nodes": 50,
    "seed": 1,
    "sgdtype": "explicit",
    "data_type": "classification"
  },
  "results": {
    "train": {
      "average_loss": [
        0.63029811779658,
        0.6226334439383613,
        0.6190146207809448,
        0.6167469620704651,
        0.6150589651531644,
        0.6135893596543206,
        0.612119091881646,
        0.6105123890770806,
        0.6086817648675706,
        0.6065620382626852
      ],
      "average_accuracy": [
        67.93145654834761,
        67.93145654834761,
        67.93145654834761,
        67.93145654834761,
        67.93145654834761,
        67.93145654834761,
        67.93145654834761,
        67.93145654834761,
        67.93145654834761,
        67.93145654834761
      ]
    },
    "test": {
      "average_loss": [
        0.653773824373881,
        0.6446594993273417,
        0.6372555096944174,
        0.6307448546091715,
        0.6252944668134054,
        0.6208907763163248,
        0.6173121730486552,
        0.6142651240030924,
        0.611470361550649,
        0.6086858113606771
      ],
      "average_accuracy": [
        63.41463414634146,
        63.41463414634146,
        63.41463414634146,
        63.41463414634146,
        63.41463414634146,
        63.41463414634146,
        63.41463414634146,
        63.41463414634146,
        63.41463414634146,
        63.41463414634146
      ]
    },
    "average_loss_intra_epoch": [
      0.6065620382626852
    ],
    "average_accuracy_intra_epoch": [
      67.93145654834761
    ],
    "runtime": 4.068232536315918
  }
}