{
  "hyperparameters": {
    "architecture": "classification",
    "batch_size": 100,
    "clipping_threshold": 0.0,
    "dataset_name": "conn-bench-sonar-mines-rocks_classification",
    "epochs": 10,
    "initialization_scale": "\\sqrt{\frac{6}{n+m}}",
    "inner_ISGD_iterations": 0,
    "intra_epoch": false,
    "lr": 0.001,
    "momentum": 0.0,
    "mu": 0.0,
    "nodes": 50,
    "seed": 1,
    "sgdtype": "explicit",
    "data_type": "classification"
  },
  "results": {
    "train": {
      "average_loss": [
        0.6936479806900024,
        0.6935725510120392,
        0.693497359752655,
        0.6934219896793365,
        0.6933468878269196,
        0.6932716369628906,
        0.6931966841220856,
        0.6931215226650238,
        0.6930466592311859,
        0.6929716765880585
      ],
      "average_accuracy": [
        45.18072289156626,
        45.18072289156626,
        44.57831325301205,
        45.18072289156626,
        45.18072289156626,
        45.18072289156626,
        45.18072289156626,
        45.78313253012048,
        45.78313253012048,
        46.3855421686747
      ]
    },
    "test": {
      "average_loss": [
        0.6964578628540039,
        0.6964086890220642,
        0.6963597536087036,
        0.6963109970092773,
        0.6962619423866272,
        0.6962132453918457,
        0.6961643099784851,
        0.6961155533790588,
        0.6960667967796326,
        0.696017861366272
      ],
      "average_accuracy": [
        45.23809523809524,
        45.23809523809524,
        45.23809523809524,
        45.23809523809524,
        45.23809523809524,
        45.23809523809524,
        45.23809523809524,
        45.23809523809524,
        45.23809523809524,
        45.23809523809524
      ]
    },
    "average_loss_intra_epoch": [
      0.6929716765880585
    ],
    "average_accuracy_intra_epoch": [
      46.3855421686747
    ],
    "runtime": 0.787559986114502
  }
}