{
  "hyperparameters": {
    "architecture": "convffnn",
    "batch_size": 100,
    "clipping_threshold": 0.0,
    "dataset_name": "mnist",
    "epochs": 1,
    "initialization_scale": "\\sqrt{\frac{6}{n+m}}",
    "intra_epoch": true,
    "lr": 0.75,
    "momentum": 0.0,
    "mu": 0.0,
    "nodes": 50,
    "seed": 3,
    "sgdtype": "explicit",
    "data_type": "classification"
  },
  "results": {
    "train": {
      "average_loss": [
        0.6928068103889624
      ],
      "average_accuracy": [
        80.33666666666667
      ]
    },
    "test": {
      "average_loss": [
        0.67175626963377
      ],
      "average_accuracy": [
        81.09
      ]
    },
    "average_loss_intra_epoch": [
      0.32901202760636805,
      0.2552791365919014,
      0.4259902256975571,
      0.28787136727323137,
      0.5785877412557602,
      0.6928068103889624
    ],
    "average_accuracy_intra_epoch": [
      90.22833333333334,
      92.51166666666667,
      85.67,
      91.47666666666667,
      82.34833333333333,
      80.33666666666667
    ],
    "runtime": 86.92053723335266
  }
}