{
  "hyperparameters": {
    "architecture": "classification",
    "batch_size": 100,
    "clipping_threshold": 0.0,
    "dataset_name": "cardiotocography-10clases_classification",
    "epochs": 10,
    "initialization_scale": "\\sqrt{\frac{6}{n+m}}",
    "inner_ISGD_iterations": 0,
    "intra_epoch": false,
    "lr": 1.0,
    "momentum": 0.0,
    "mu": 0.0,
    "nodes": 50,
    "seed": 1,
    "sgdtype": "explicit",
    "data_type": "classification"
  },
  "results": {
    "train": {
      "average_loss": [
        1.385214658344493,
        1.1528955627890194,
        0.8631382584571838,
        0.7968435322537142,
        0.7202087640762329,
        0.7146472089430865,
        0.65960873225156,
        0.670251776190365,
        0.6636689638390261,
        0.6785991349641014
      ],
      "average_accuracy": [
        47.23529411764706,
        58.470588235294116,
        67.76470588235294,
        71.11764705882354,
        72.52941176470588,
        71.58823529411765,
        73.88235294117646,
        73.47058823529412,
        74.47058823529412,
        74.0
      ]
    },
    "test": {
      "average_loss": [
        1.3971608400344848,
        1.1859031915664673,
        0.969111156463623,
        0.9056013345718383,
        0.8435907244682312,
        0.8751573920249939,
        0.8209206104278565,
        0.8445150017738342,
        0.8405895948410034,
        0.8734915018081665
      ],
      "average_accuracy": [
        48.59154929577465,
        58.45070422535211,
        62.91079812206573,
        69.71830985915493,
        70.4225352112676,
        67.13615023474179,
        68.54460093896714,
        68.54460093896714,
        68.77934272300469,
        68.77934272300469
      ]
    },
    "average_loss_intra_epoch": [
      0.6785991349641014
    ],
    "average_accuracy_intra_epoch": [
      74.0
    ],
    "runtime": 1.0733320713043213
  }
}