{
  "hyperparameters": {
    "architecture": "classification",
    "batch_size": 100,
    "clipping_threshold": 0.0,
    "dataset_name": "ecoli_classification",
    "epochs": 10,
    "initialization_scale": "\\sqrt{\frac{6}{n+m}}",
    "inner_ISGD_iterations": 0,
    "intra_epoch": false,
    "lr": 30.0,
    "momentum": 0.0,
    "mu": 0.0,
    "nodes": 50,
    "seed": 1,
    "sgdtype": "explicit",
    "data_type": "classification"
  },
  "results": {
    "train": {
      "average_loss": [
        103.3471196492513,
        137.21805826822916,
        36.059814453125,
        42.43241500854492,
        106.67812093098958,
        65.56569290161133,
        53.040540059407554,
        64.23826471964519,
        60.239200592041016,
        90.17829132080078
      ],
      "average_accuracy": [
        8.955223880597014,
        12.313432835820896,
        45.8955223880597,
        27.238805970149254,
        59.32835820895522,
        41.417910447761194,
        61.940298507462686,
        48.88059701492537,
        11.940298507462687,
        32.83582089552239
      ]
    },
    "test": {
      "average_loss": [
        102.11768341064453,
        141.94041442871094,
        31.853181838989258,
        35.457000732421875,
        117.67227172851562,
        63.81507110595703,
        37.39237976074219,
        72.43357849121094,
        46.3764762878418,
        93.41474151611328
      ],
      "average_accuracy": [
        13.235294117647058,
        17.647058823529413,
        50.0,
        23.529411764705884,
        60.294117647058826,
        39.705882352941174,
        67.6470588235294,
        48.529411764705884,
        14.705882352941176,
        44.11764705882353
      ]
    },
    "average_loss_intra_epoch": [
      90.17829132080078
    ],
    "average_accuracy_intra_epoch": [
      32.83582089552239
    ],
    "runtime": 3.939168691635132
  }
}