{
  "hyperparameters": {
    "architecture": "classification",
    "batch_size": 100,
    "clipping_threshold": 0.0,
    "dataset_name": "flags_classification",
    "epochs": 10,
    "initialization_scale": "\\sqrt{\frac{6}{n+m}}",
    "inner_ISGD_iterations": 0,
    "intra_epoch": false,
    "lr": 30.0,
    "momentum": 0.0,
    "mu": 0.0,
    "nodes": 50,
    "seed": 1,
    "sgdtype": "implicit",
    "data_type": "classification"
  },
  "results": {
    "train": {
      "average_loss": [
        86.13509750366211,
        549.3219757080078,
        452.03846740722656,
        261.736083984375,
        363.5360107421875,
        228.31209564208984,
        424.5909423828125,
        446.1876220703125,
        168.35912322998047,
        150.3262481689453
      ],
      "average_accuracy": [
        20.64516129032258,
        31.612903225806452,
        16.774193548387096,
        20.0,
        23.225806451612904,
        27.096774193548388,
        29.677419354838708,
        7.096774193548387,
        14.193548387096774,
        29.677419354838708
      ]
    },
    "test": {
      "average_loss": [
        95.9692611694336,
        444.66131591796875,
        484.53155517578125,
        257.7613830566406,
        389.9270324707031,
        245.96006774902344,
        482.26312255859375,
        410.54119873046875,
        198.2941436767578,
        180.2794647216797
      ],
      "average_accuracy": [
        20.512820512820515,
        35.8974358974359,
        7.6923076923076925,
        10.256410256410257,
        15.384615384615385,
        25.641025641025642,
        30.76923076923077,
        10.256410256410257,
        20.512820512820515,
        28.205128205128204
      ]
    },
    "average_loss_intra_epoch": [
      150.3262481689453
    ],
    "average_accuracy_intra_epoch": [
      29.677419354838708
    ],
    "runtime": 9.017925024032593
  }
}