{
  "hyperparameters": {
    "architecture": "classification",
    "batch_size": 100,
    "clipping_threshold": 0.0,
    "dataset_name": "teaching_classification",
    "epochs": 10,
    "initialization_scale": "\\sqrt{\frac{6}{n+m}}",
    "inner_ISGD_iterations": 0,
    "intra_epoch": false,
    "lr": 0.5,
    "momentum": 0.0,
    "mu": 0.0,
    "nodes": 50,
    "seed": 1,
    "sgdtype": "implicit",
    "data_type": "classification"
  },
  "results": {
    "train": {
      "average_loss": [
        1.100431203842163,
        1.0934162735939026,
        1.0899723768234253,
        1.0883148312568665,
        1.0875279307365417,
        1.0871572494506836,
        1.0869826078414917,
        1.086899220943451,
        1.0868576169013977,
        1.0868348479270935
      ],
      "average_accuracy": [
        34.166666666666664,
        34.166666666666664,
        34.166666666666664,
        34.166666666666664,
        34.166666666666664,
        34.166666666666664,
        34.166666666666664,
        34.166666666666664,
        34.166666666666664,
        34.166666666666664
      ]
    },
    "test": {
      "average_loss": [
        1.1479804515838623,
        1.1394845247268677,
        1.135803461074829,
        1.1344531774520874,
        1.1341612339019775,
        1.134299874305725,
        1.1345746517181396,
        1.1348565816879272,
        1.135096788406372,
        1.1352835893630981
      ],
      "average_accuracy": [
        29.032258064516128,
        29.032258064516128,
        29.032258064516128,
        29.032258064516128,
        29.032258064516128,
        29.032258064516128,
        29.032258064516128,
        29.032258064516128,
        29.032258064516128,
        29.032258064516128
      ]
    },
    "average_loss_intra_epoch": [
      1.0868348479270935
    ],
    "average_accuracy_intra_epoch": [
      34.166666666666664
    ],
    "runtime": 4.750758409500122
  }
}