{
  "hyperparameters": {
    "architecture": "classification",
    "batch_size": 100,
    "clipping_threshold": 0.0,
    "dataset_name": "yeast_classification",
    "epochs": 10,
    "initialization_scale": "\\sqrt{\frac{6}{n+m}}",
    "inner_ISGD_iterations": 0,
    "intra_epoch": false,
    "lr": 10.0,
    "momentum": 0.0,
    "mu": 0.0,
    "nodes": 50,
    "seed": 1,
    "sgdtype": "explicit",
    "data_type": "classification"
  },
  "results": {
    "train": {
      "average_loss": [
        94.58685366312663,
        25.731501897176106,
        22.484917163848877,
        13.947519938151041,
        19.163792769114178,
        22.33546781539917,
        10.845308621724447,
        20.062085310618084,
        12.258288542429606,
        16.10872507095337
      ],
      "average_accuracy": [
        10.783487784330244,
        29.82308340353833,
        29.991575400168493,
        37.65796124684078,
        27.716933445661333,
        34.035383319292336,
        38.24768323504634,
        39.76411120471778,
        24.01010951979781,
        29.991575400168493
      ]
    },
    "test": {
      "average_loss": [
        94.49044291178386,
        26.087680180867512,
        20.212180455525715,
        14.929012298583984,
        18.47540283203125,
        21.33466974894206,
        11.333952903747559,
        20.114498138427734,
        11.908075650533041,
        16.66943868001302
      ],
      "average_accuracy": [
        11.784511784511784,
        26.936026936026938,
        29.966329966329965,
        37.03703703703704,
        28.956228956228955,
        36.02693602693603,
        35.69023569023569,
        38.72053872053872,
        24.915824915824917,
        29.62962962962963
      ]
    },
    "average_loss_intra_epoch": [
      16.10872507095337
    ],
    "average_accuracy_intra_epoch": [
      29.991575400168493
    ],
    "runtime": 4.583613872528076
  }
}