{
  "hyperparameters": {
    "architecture": "classification",
    "batch_size": 100,
    "clipping_threshold": 0.0,
    "dataset_name": "page-blocks_classification",
    "epochs": 10,
    "initialization_scale": "\\sqrt{\frac{6}{n+m}}",
    "inner_ISGD_iterations": 0,
    "intra_epoch": false,
    "lr": 0.01,
    "momentum": 0.0,
    "mu": 0.0,
    "nodes": 50,
    "seed": 1,
    "sgdtype": "explicit",
    "data_type": "classification"
  },
  "results": {
    "train": {
      "average_loss": [
        1.3033381321213462,
        1.044258403507146,
        0.8448844944888895,
        0.703058814460581,
        0.6100042353976857,
        0.552064137025313,
        0.5166088532317769,
        0.494704854759303,
        0.48080151595852594,
        0.471629413691434
      ],
      "average_accuracy": [
        89.94974874371859,
        89.94974874371859,
        89.94974874371859,
        89.94974874371859,
        89.94974874371859,
        89.94974874371859,
        89.94974874371859,
        89.94974874371859,
        89.94974874371859,
        89.94974874371859
      ]
    },
    "test": {
      "average_loss": [
        1.3088131926276467,
        1.0538206750696355,
        0.8582388108426874,
        0.7198052460497076,
        0.6296221126209606,
        0.5739934119311246,
        0.54033101959662,
        0.5197811235081066,
        0.5068780400536277,
        0.49842756444757635
      ],
      "average_accuracy": [
        89.04109589041096,
        89.04109589041096,
        89.04109589041096,
        89.04109589041096,
        89.04109589041096,
        89.04109589041096,
        89.04109589041096,
        89.04109589041096,
        89.04109589041096,
        89.04109589041096
      ]
    },
    "average_loss_intra_epoch": [
      0.471629413691434
    ],
    "average_accuracy_intra_epoch": [
      89.94974874371859
    ],
    "runtime": 8.55380392074585
  }
}