{
  "hyperparameters": {
    "architecture": "classification",
    "batch_size": 100,
    "clipping_threshold": 0.0,
    "dataset_name": "tic-tac-toe_classification",
    "epochs": 10,
    "initialization_scale": "\\sqrt{\frac{6}{n+m}}",
    "inner_ISGD_iterations": 0,
    "intra_epoch": false,
    "lr": 0.001,
    "momentum": 0.0,
    "mu": 0.0,
    "nodes": 50,
    "seed": 1,
    "sgdtype": "explicit",
    "data_type": "classification"
  },
  "results": {
    "train": {
      "average_loss": [
        0.6808787956833839,
        0.6805210337042809,
        0.6801668554544449,
        0.6798161938786507,
        0.6794690415263176,
        0.6791253983974457,
        0.6787851601839066,
        0.6784483268857002,
        0.6781147718429565,
        0.6777846962213516
      ],
      "average_accuracy": [
        65.40469973890339,
        65.40469973890339,
        65.40469973890339,
        65.40469973890339,
        65.40469973890339,
        65.40469973890339,
        65.40469973890339,
        65.40469973890339,
        65.40469973890339,
        65.40469973890339
      ]
    },
    "test": {
      "average_loss": [
        0.681181937456131,
        0.6808328628540039,
        0.6804872751235962,
        0.6801451146602631,
        0.6798065006732941,
        0.6794713139533997,
        0.6791394948959351,
        0.6788109838962555,
        0.6784858703613281,
        0.6781639754772186
      ],
      "average_accuracy": [
        65.10416666666667,
        65.10416666666667,
        65.10416666666667,
        65.10416666666667,
        65.10416666666667,
        65.10416666666667,
        65.10416666666667,
        65.10416666666667,
        65.10416666666667,
        65.10416666666667
      ]
    },
    "average_loss_intra_epoch": [
      0.6777846962213516
    ],
    "average_accuracy_intra_epoch": [
      65.40469973890339
    ],
    "runtime": 3.946551561355591
  }
}