{
  "hyperparameters": {
    "architecture": "classification",
    "batch_size": 100,
    "clipping_threshold": 0.0,
    "dataset_name": "heart-hungarian_classification",
    "epochs": 10,
    "initialization_scale": "\\sqrt{\frac{6}{n+m}}",
    "inner_ISGD_iterations": 0,
    "intra_epoch": false,
    "lr": 50.0,
    "momentum": 0.0,
    "mu": 0.0,
    "nodes": 50,
    "seed": 1,
    "sgdtype": "implicit",
    "data_type": "classification"
  },
  "results": {
    "train": {
      "average_loss": [
        88.92704010009766,
        380.84698486328125,
        443.2461853027344,
        508.5982666015625,
        266.36712137858075,
        202.22503662109375,
        274.05845133463544,
        357.6695251464844,
        182.74991861979166,
        81.70892333984375
      ],
      "average_accuracy": [
        35.744680851063826,
        73.61702127659575,
        73.61702127659575,
        34.04255319148936,
        65.1063829787234,
        69.36170212765957,
        72.34042553191489,
        73.19148936170212,
        74.8936170212766,
        64.25531914893617
      ]
    },
    "test": {
      "average_loss": [
        107.89616394042969,
        461.5366516113281,
        537.07958984375,
        446.1185302734375,
        331.4897766113281,
        297.3116760253906,
        404.1365661621094,
        538.6962280273438,
        266.4041748046875,
        67.57826232910156
      ],
      "average_accuracy": [
        37.28813559322034,
        69.49152542372882,
        69.49152542372882,
        42.3728813559322,
        57.6271186440678,
        55.932203389830505,
        61.016949152542374,
        61.016949152542374,
        64.40677966101696,
        62.71186440677966
      ]
    },
    "average_loss_intra_epoch": [
      81.70892333984375
    ],
    "average_accuracy_intra_epoch": [
      64.25531914893617
    ],
    "runtime": 1.8035809993743896
  }
}