{
  "hyperparameters": {
    "architecture": "classification",
    "batch_size": 100,
    "clipping_threshold": 0.0,
    "dataset_name": "statlog-vehicle_classification",
    "epochs": 10,
    "initialization_scale": "\\sqrt{\frac{6}{n+m}}",
    "inner_ISGD_iterations": 0,
    "intra_epoch": false,
    "lr": 3.0,
    "momentum": 0.0,
    "mu": 0.0,
    "nodes": 50,
    "seed": 1,
    "sgdtype": "explicit",
    "data_type": "classification"
  },
  "results": {
    "train": {
      "average_loss": [
        1.4108304977416992,
        1.1116202899387904,
        4.960481779915946,
        24.455097198486328,
        25.341631480625697,
        18.938220841544016,
        17.001399721418107,
        16.909018789018905,
        21.893674850463867,
        16.151197569710867
      ],
      "average_accuracy": [
        29.881656804733726,
        50.0,
        18.34319526627219,
        34.319526627218934,
        33.28402366863905,
        33.72781065088758,
        38.31360946745562,
        30.62130177514793,
        25.29585798816568,
        30.325443786982248
      ]
    },
    "test": {
      "average_loss": [
        1.4429750442504883,
        1.1278559565544128,
        4.740595817565918,
        27.6072940826416,
        25.599380493164062,
        20.87695598602295,
        17.36651611328125,
        17.888428688049316,
        20.399298667907715,
        15.156599521636963
      ],
      "average_accuracy": [
        26.470588235294116,
        48.23529411764706,
        20.58823529411765,
        24.11764705882353,
        32.94117647058823,
        32.35294117647059,
        35.294117647058826,
        28.235294117647058,
        29.41176470588235,
        30.58823529411765
      ]
    },
    "average_loss_intra_epoch": [
      16.151197569710867
    ],
    "average_accuracy_intra_epoch": [
      30.325443786982248
    ],
    "runtime": 4.2965757846832275
  }
}