{
  "hyperparameters": {
    "architecture": "music",
    "batch_size": 100,
    "clipping_threshold": 8.0,
    "dataset_name": "Nottingham",
    "epochs": 5,
    "initialization_scale": "\\sqrt{\frac{6}{n+m}}",
    "inner_ISGD_iterations": 0,
    "intra_epoch": false,
    "lr": 200.0,
    "momentum": 0.0,
    "mu": 0.0,
    "nodes": 300,
    "seed": 1,
    "sgdtype": "explicit",
    "data_type": "sequential_many"
  },
  "results": {
    "train": {
      "average_loss": [
        0.0019165057759949742,
        0.0010195662595259706,
        0.000473318091807642,
        0.00041685439919878766,
        0.0003575650510956568
      ],
      "average_accuracy": [
        0,
        0,
        0,
        0,
        0
      ]
    },
    "test": {
      "average_loss": [
        0.001972149720805807,
        0.0010805202374125228,
        0.0005049650361102334,
        0.0004524837473368012,
        0.0003847848098838072
      ],
      "average_accuracy": [
        0,
        0,
        0,
        0,
        0
      ]
    },
    "average_loss_intra_epoch": [
      0.0003575650510956568
    ],
    "average_accuracy_intra_epoch": [
      0
    ],
    "runtime": 1372.4391596317291
  }
}