{
  "hyperparameters": {
    "architecture": "classification",
    "batch_size": 100,
    "clipping_threshold": 0.0,
    "dataset_name": "echocardiogram_classification",
    "epochs": 10,
    "initialization_scale": "\\sqrt{\frac{6}{n+m}}",
    "inner_ISGD_iterations": 0,
    "intra_epoch": false,
    "lr": 0.01,
    "momentum": 0.0,
    "mu": 0.0,
    "nodes": 50,
    "seed": 1,
    "sgdtype": "explicit",
    "data_type": "classification"
  },
  "results": {
    "train": {
      "average_loss": [
        0.6717963814735413,
        0.6694235503673553,
        0.667123407125473,
        0.6648934185504913,
        0.6627312302589417,
        0.6606346368789673,
        0.6586014628410339,
        0.6566295027732849,
        0.6547166109085083,
        0.6528612673282623
      ],
      "average_accuracy": [
        69.23076923076923,
        69.23076923076923,
        69.23076923076923,
        69.23076923076923,
        69.23076923076923,
        69.23076923076923,
        69.23076923076923,
        69.23076923076923,
        69.23076923076923,
        69.23076923076923
      ]
    },
    "test": {
      "average_loss": [
        0.685523271560669,
        0.6847019791603088,
        0.6839293837547302,
        0.6832032799720764,
        0.6825219392776489,
        0.6818832755088806,
        0.6812857985496521,
        0.6807276606559753,
        0.6802074313163757,
        0.6797232627868652
      ],
      "average_accuracy": [
        59.25925925925926,
        59.25925925925926,
        59.25925925925926,
        59.25925925925926,
        59.25925925925926,
        59.25925925925926,
        59.25925925925926,
        59.25925925925926,
        59.25925925925926,
        59.25925925925926
      ]
    },
    "average_loss_intra_epoch": [
      0.6528612673282623
    ],
    "average_accuracy_intra_epoch": [
      69.23076923076923
    ],
    "runtime": 3.1080048084259033
  }
}