{
  "hyperparameters": {
    "architecture": "classification",
    "batch_size": 100,
    "clipping_threshold": 0.0,
    "dataset_name": "pendigits_classification",
    "epochs": 10,
    "initialization_scale": "\\sqrt{\frac{6}{n+m}}",
    "inner_ISGD_iterations": 0,
    "intra_epoch": false,
    "lr": 0.001,
    "momentum": 0.0,
    "mu": 0.0,
    "nodes": 50,
    "seed": 1,
    "sgdtype": "explicit",
    "data_type": "classification"
  },
  "results": {
    "train": {
      "average_loss": [
        2.3074877478859643,
        2.307067570361224,
        2.306653380393982,
        2.306244795972651,
        2.305841527201913,
        2.3054430295120585,
        2.3050491972403093,
        2.3046597350727427,
        2.304274331439625,
        2.3038924688642677
      ],
      "average_accuracy": [
        10.804048675082452,
        10.769930626634823,
        10.74718526100307,
        10.735812578187195,
        10.735812578187195,
        10.735812578187195,
        10.724439895371319,
        10.713067212555442,
        10.713067212555442,
        10.713067212555442
      ]
    },
    "test": {
      "average_loss": [
        2.3041554472663184,
        2.303782820701599,
        2.30341543934562,
        2.3030528263612227,
        2.3026948517019097,
        2.302341428670016,
        2.301991571079601,
        2.301645582372492,
        2.301302844827825,
        2.300963206724687
      ],
      "average_accuracy": [
        11.596180081855389,
        11.550704865848113,
        11.505229649840837,
        11.459754433833561,
        11.459754433833561,
        11.459754433833561,
        11.459754433833561,
        11.459754433833561,
        11.505229649840837,
        11.505229649840837
      ]
    },
    "average_loss_intra_epoch": [
      2.3038924688642677
    ],
    "average_accuracy_intra_epoch": [
      10.713067212555442
    ],
    "runtime": 13.724764347076416
  }
}