{
  "hyperparameters": {
    "architecture": "classification",
    "batch_size": 100,
    "clipping_threshold": 0.0,
    "dataset_name": "page-blocks_classification",
    "epochs": 10,
    "initialization_scale": "\\sqrt{\frac{6}{n+m}}",
    "inner_ISGD_iterations": 0,
    "intra_epoch": false,
    "lr": 0.5,
    "momentum": 0.0,
    "mu": 0.0,
    "nodes": 50,
    "seed": 1,
    "sgdtype": "implicit",
    "data_type": "classification"
  },
  "results": {
    "train": {
      "average_loss": [
        0.3572100407697938,
        0.256136880679564,
        0.24820880879732696,
        0.24307576787065377,
        0.23877410353584724,
        0.23058755848218093,
        0.208327334204858,
        0.1854398362338543,
        0.1726717823608355,
        0.16475211871279913
      ],
      "average_accuracy": [
        89.94974874371859,
        92.78209227957971,
        92.85061671996345,
        93.01050708085884,
        92.9419826404751,
        92.98766560073092,
        93.46733668341709,
        93.99269072635907,
        94.35815440840567,
        94.54088624942897
      ]
    },
    "test": {
      "average_loss": [
        0.3813164640556682,
        0.2748032266443426,
        0.2617999789389697,
        0.25474168495698407,
        0.24939300119876862,
        0.2383418543772264,
        0.2101835242726586,
        0.18507540971040726,
        0.1722382984378121,
        0.16458543728698383
      ],
      "average_accuracy": [
        89.04109589041096,
        92.32876712328768,
        92.6027397260274,
        92.78538812785388,
        92.78538812785388,
        92.78538812785388,
        93.15068493150685,
        93.78995433789954,
        94.337899543379,
        94.337899543379
      ]
    },
    "average_loss_intra_epoch": [
      0.16475211871279913
    ],
    "average_accuracy_intra_epoch": [
      94.54088624942897
    ],
    "runtime": 72.41197752952576
  }
}