{
  "hyperparameters": {
    "architecture": "classification",
    "batch_size": 100,
    "clipping_threshold": 0.0,
    "dataset_name": "image-segmentation_classification",
    "epochs": 10,
    "initialization_scale": "\\sqrt{\frac{6}{n+m}}",
    "inner_ISGD_iterations": 0,
    "intra_epoch": false,
    "lr": 0.5,
    "momentum": 0.0,
    "mu": 0.0,
    "nodes": 50,
    "seed": 1,
    "sgdtype": "implicit",
    "data_type": "classification"
  },
  "results": {
    "train": {
      "average_loss": [
        1.567002296447754,
        0.9891698172217921,
        0.6925909989758542,
        0.5807448468710247,
        0.4693540271959807,
        0.35907159745693207,
        0.2806024825886676,
        0.26316174786341817,
        0.22216909966970744,
        0.22024526094135485
      ],
      "average_accuracy": [
        37.33766233766234,
        60.064935064935064,
        72.9978354978355,
        71.37445887445888,
        84.84848484848484,
        90.53030303030303,
        92.58658008658008,
        93.23593073593074,
        93.72294372294373,
        92.37012987012987
      ]
    },
    "test": {
      "average_loss": [
        1.6008031606674193,
        1.0445135116577149,
        0.765263557434082,
        0.651033627986908,
        0.5165776133537292,
        0.382740718126297,
        0.29927551448345185,
        0.28647601008415224,
        0.23910789787769318,
        0.23139926493167878
      ],
      "average_accuracy": [
        32.25108225108225,
        55.84415584415584,
        69.6969696969697,
        66.01731601731602,
        80.3030303030303,
        90.6926406926407,
        93.29004329004329,
        93.50649350649351,
        93.72294372294373,
        91.55844155844156
      ]
    },
    "average_loss_intra_epoch": [
      0.22024526094135485
    ],
    "average_accuracy_intra_epoch": [
      92.37012987012987
    ],
    "runtime": 52.20395493507385
  }
}