{
  "hyperparameters": {
    "architecture": "classification",
    "batch_size": 100,
    "clipping_threshold": 0.0,
    "dataset_name": "car_classification",
    "epochs": 10,
    "initialization_scale": "\\sqrt{\frac{6}{n+m}}",
    "inner_ISGD_iterations": 0,
    "intra_epoch": false,
    "lr": 0.1,
    "momentum": 0.0,
    "mu": 0.0,
    "nodes": 50,
    "seed": 1,
    "sgdtype": "explicit",
    "data_type": "classification"
  },
  "results": {
    "train": {
      "average_loss": [
        1.0071476910795485,
        0.9368920751980373,
        0.9045881756714412,
        0.8858853493418012,
        0.8737471359116691,
        0.8654442174094064,
        0.8595201883997236,
        0.8550307580402919,
        0.8512671121529171,
        0.8475800156593323
      ],
      "average_accuracy": [
        68.7409551374819,
        68.7409551374819,
        68.7409551374819,
        68.7409551374819,
        68.7409551374819,
        68.7409551374819,
        68.7409551374819,
        68.7409551374819,
        68.7409551374819,
        68.7409551374819
      ]
    },
    "test": {
      "average_loss": [
        0.9493213295936584,
        0.8662541061639786,
        0.8304380774497986,
        0.812021791934967,
        0.8013927042484283,
        0.7947811037302017,
        0.7903821021318436,
        0.7871821373701096,
        0.7845082879066467,
        0.7817872613668442
      ],
      "average_accuracy": [
        75.14450867052022,
        75.14450867052022,
        75.14450867052022,
        75.14450867052022,
        75.14450867052022,
        75.14450867052022,
        75.14450867052022,
        75.14450867052022,
        75.14450867052022,
        75.14450867052022
      ]
    },
    "average_loss_intra_epoch": [
      0.8475800156593323
    ],
    "average_accuracy_intra_epoch": [
      68.7409551374819
    ],
    "runtime": 4.680919408798218
  }
}