{
  "hyperparameters": {
    "architecture": "classification",
    "batch_size": 100,
    "clipping_threshold": 0.0,
    "dataset_name": "heart-switzerland_classification",
    "epochs": 10,
    "initialization_scale": "\\sqrt{\frac{6}{n+m}}",
    "inner_ISGD_iterations": 0,
    "intra_epoch": false,
    "lr": 50.0,
    "momentum": 0.0,
    "mu": 0.0,
    "nodes": 50,
    "seed": 1,
    "sgdtype": "explicit",
    "data_type": "classification"
  },
  "results": {
    "train": {
      "average_loss": [
        9.294008255004883,
        70.43125915527344,
        469.0214538574219,
        159.21923828125,
        438.1639404296875,
        128.1529541015625,
        62.14692687988281,
        530.4166870117188,
        231.0123291015625,
        295.8172302246094
      ],
      "average_accuracy": [
        41.83673469387755,
        27.551020408163264,
        43.87755102040816,
        35.714285714285715,
        40.816326530612244,
        21.428571428571427,
        29.591836734693878,
        19.387755102040817,
        40.816326530612244,
        34.69387755102041
      ]
    },
    "test": {
      "average_loss": [
        12.510170936584473,
        55.57365417480469,
        570.7249755859375,
        128.3406982421875,
        360.6583557128906,
        86.85948181152344,
        55.7129020690918,
        593.8339233398438,
        235.99530029296875,
        296.1313781738281
      ],
      "average_accuracy": [
        28.0,
        20.0,
        28.0,
        28.0,
        36.0,
        36.0,
        40.0,
        16.0,
        24.0,
        28.0
      ]
    },
    "average_loss_intra_epoch": [
      295.8172302246094
    ],
    "average_accuracy_intra_epoch": [
      34.69387755102041
    ],
    "runtime": 0.6945540904998779
  }
}