{
  "hyperparameters": {
    "architecture": "classification",
    "batch_size": 100,
    "clipping_threshold": 0.0,
    "dataset_name": "cardiotocography-10clases_classification",
    "epochs": 10,
    "initialization_scale": "\\sqrt{\frac{6}{n+m}}",
    "inner_ISGD_iterations": 0,
    "intra_epoch": false,
    "lr": 50.0,
    "momentum": 0.0,
    "mu": 0.0,
    "nodes": 50,
    "seed": 1,
    "sgdtype": "explicit",
    "data_type": "classification"
  },
  "results": {
    "train": {
      "average_loss": [
        127.79514492259307,
        173.54032987706802,
        116.75080018884995,
        202.36299043543198,
        159.513110890108,
        140.50902243221506,
        247.37509424546187,
        133.18472828584558,
        100.41693160113167,
        156.52855906767005
      ],
      "average_accuracy": [
        31.941176470588236,
        30.41176470588235,
        32.705882352941174,
        30.764705882352942,
        23.0,
        35.11764705882353,
        28.0,
        33.23529411764706,
        30.058823529411764,
        31.352941176470587
      ]
    },
    "test": {
      "average_loss": [
        146.6960693359375,
        182.63674926757812,
        130.02020111083985,
        190.61750183105468,
        159.73960571289064,
        152.14435729980468,
        236.91952514648438,
        129.08798065185547,
        105.60234375,
        163.84654235839844
      ],
      "average_accuracy": [
        32.863849765258216,
        27.934272300469484,
        30.281690140845072,
        29.342723004694836,
        26.291079812206572,
        39.201877934272304,
        29.577464788732396,
        34.97652582159625,
        26.056338028169016,
        28.4037558685446
      ]
    },
    "average_loss_intra_epoch": [
      156.52855906767005
    ],
    "average_accuracy_intra_epoch": [
      31.352941176470587
    ],
    "runtime": 1.223646879196167
  }
}