{
  "hyperparameters": {
    "architecture": "classification",
    "batch_size": 100,
    "clipping_threshold": 0.0,
    "dataset_name": "dermatology_classification",
    "epochs": 10,
    "initialization_scale": "\\sqrt{\frac{6}{n+m}}",
    "inner_ISGD_iterations": 0,
    "intra_epoch": false,
    "lr": 0.1,
    "momentum": 0.0,
    "mu": 0.0,
    "nodes": 50,
    "seed": 1,
    "sgdtype": "implicit",
    "data_type": "classification"
  },
  "results": {
    "train": {
      "average_loss": [
        1.780482331911723,
        1.753029187520345,
        1.7252703507741292,
        1.6955062945683796,
        1.66157333056132,
        1.6205754280090332,
        1.5687588850657146,
        1.5020462274551392,
        1.4181904792785645,
        1.320553223292033
      ],
      "average_accuracy": [
        23.63013698630137,
        45.205479452054796,
        45.205479452054796,
        40.75342465753425,
        50.0,
        54.45205479452055,
        55.821917808219176,
        58.21917808219178,
        61.64383561643836,
        63.013698630136986
      ]
    },
    "test": {
      "average_loss": [
        1.7832362651824951,
        1.750810146331787,
        1.7180935144424438,
        1.6832027435302734,
        1.6437265872955322,
        1.5964339971542358,
        1.5371440649032593,
        1.4613631963729858,
        1.366791009902954,
        1.2576205730438232
      ],
      "average_accuracy": [
        21.62162162162162,
        50.0,
        50.0,
        45.945945945945944,
        55.4054054054054,
        59.45945945945946,
        60.810810810810814,
        64.86486486486487,
        67.56756756756756,
        70.27027027027027
      ]
    },
    "average_loss_intra_epoch": [
      1.320553223292033
    ],
    "average_accuracy_intra_epoch": [
      63.013698630136986
    ],
    "runtime": 16.6876962184906
  }
}