{
  "hyperparameters": {
    "architecture": "classification",
    "batch_size": 100,
    "clipping_threshold": 0.0,
    "dataset_name": "wall-following_classification",
    "epochs": 10,
    "initialization_scale": "\\sqrt{\frac{6}{n+m}}",
    "inner_ISGD_iterations": 0,
    "intra_epoch": false,
    "lr": 10.0,
    "momentum": 0.0,
    "mu": 0.0,
    "nodes": 50,
    "seed": 1,
    "sgdtype": "implicit",
    "data_type": "classification"
  },
  "results": {
    "train": {
      "average_loss": [
        60.25874051180753,
        52.46809985420921,
        33.99303579330444,
        73.43087326396595,
        59.02830357985063,
        41.01949600739913,
        25.82611235705289,
        53.9853383844549,
        8.530146208676426,
        11.734799352559177
      ],
      "average_accuracy": [
        24.037580201649863,
        39.06966086159487,
        31.805682859761685,
        46.35655362053162,
        32.19523373052245,
        59.21173235563703,
        52.841429880843265,
        59.83043079743355,
        63.70302474793767,
        65.32997250229148
      ]
    },
    "test": {
      "average_loss": [
        59.77902395075018,
        54.19142775102095,
        33.02796762639826,
        79.25611877441406,
        59.577152945778586,
        41.1688065962358,
        25.023236188021574,
        55.127845764160156,
        7.758047537370161,
        11.379432027990168
      ],
      "average_accuracy": [
        25.366300366300365,
        35.8974358974359,
        29.853479853479854,
        43.13186813186813,
        33.6996336996337,
        58.88278388278388,
        53.11355311355312,
        59.24908424908425,
        64.65201465201466,
        66.57509157509158
      ]
    },
    "average_loss_intra_epoch": [
      11.734799352559177
    ],
    "average_accuracy_intra_epoch": [
      65.32997250229148
    ],
    "runtime": 148.66314125061035
  }
}