{
  "hyperparameters": {
    "architecture": "classification",
    "batch_size": 100,
    "clipping_threshold": 0.0,
    "dataset_name": "cardiotocography-3clases_classification",
    "epochs": 10,
    "initialization_scale": "\\sqrt{\frac{6}{n+m}}",
    "inner_ISGD_iterations": 0,
    "intra_epoch": false,
    "lr": 0.5,
    "momentum": 0.0,
    "mu": 0.0,
    "nodes": 50,
    "seed": 1,
    "sgdtype": "implicit",
    "data_type": "classification"
  },
  "results": {
    "train": {
      "average_loss": [
        0.5830661496695351,
        0.32574715859749737,
        0.2818654801915674,
        0.26290472816018495,
        0.24670093901017132,
        0.2359306926236433,
        0.22837989908807418,
        0.2226131532122107,
        0.21793418859734254,
        0.21395781022660873
      ],
      "average_accuracy": [
        78.17647058823529,
        86.82352941176471,
        88.11764705882354,
        89.3529411764706,
        89.88235294117646,
        90.17647058823529,
        90.05882352941177,
        89.82352941176471,
        89.88235294117646,
        90.17647058823529
      ]
    },
    "test": {
      "average_loss": [
        0.5907986640930176,
        0.33229089081287383,
        0.2924893438816071,
        0.2800101667642593,
        0.2722200632095337,
        0.26546174585819243,
        0.2630122363567352,
        0.2619435012340546,
        0.2613239735364914,
        0.26103122234344484
      ],
      "average_accuracy": [
        76.52582159624413,
        85.68075117370893,
        87.08920187793427,
        87.32394366197182,
        88.26291079812206,
        88.96713615023474,
        88.49765258215963,
        88.96713615023474,
        89.43661971830986,
        89.2018779342723
      ]
    },
    "average_loss_intra_epoch": [
      0.21395781022660873
    ],
    "average_accuracy_intra_epoch": [
      90.17647058823529
    ],
    "runtime": 54.80253767967224
  }
}