{
  "hyperparameters": {
    "architecture": "classification",
    "batch_size": 100,
    "clipping_threshold": 0.0,
    "dataset_name": "twonorm_classification",
    "epochs": 10,
    "initialization_scale": "\\sqrt{\frac{6}{n+m}}",
    "inner_ISGD_iterations": 0,
    "intra_epoch": false,
    "lr": 10.0,
    "momentum": 0.0,
    "mu": 0.0,
    "nodes": 50,
    "seed": 1,
    "sgdtype": "implicit",
    "data_type": "classification"
  },
  "results": {
    "train": {
      "average_loss": [
        1.4793342301486065,
        2.9417381053701925,
        34.82577991485596,
        4.389046687632799,
        25.276717201868692,
        7.814902822176616,
        20.245198362817366,
        6.66878027202502,
        2.3993792909530383,
        3.330239093347074
      ],
      "average_accuracy": [
        96.16554054054055,
        96.73986486486487,
        92.83783783783784,
        95.92905405405405,
        95.60810810810811,
        95.89527027027027,
        95.77702702702703,
        95.8445945945946,
        95.70945945945945,
        95.25337837837837
      ]
    },
    "test": {
      "average_loss": [
        1.416696909070015,
        2.9804925600687664,
        32.34952659606934,
        3.5906904386181235,
        24.059829966227213,
        4.842812802394231,
        14.337328449885051,
        4.915494171281655,
        2.845161477724711,
        3.5131686091423036
      ],
      "average_accuracy": [
        96.35135135135135,
        97.02702702702703,
        93.17567567567568,
        96.35135135135135,
        95.87837837837837,
        97.22972972972973,
        96.62162162162163,
        96.35135135135135,
        95.4054054054054,
        95.67567567567568
      ]
    },
    "average_loss_intra_epoch": [
      3.330239093347074
    ],
    "average_accuracy_intra_epoch": [
      95.25337837837837
    ],
    "runtime": 170.21549487113953
  }
}