{
  "hyperparameters": {
    "architecture": "music",
    "batch_size": 100,
    "clipping_threshold": 0.0,
    "dataset_name": "JSB Chorales",
    "epochs": 10,
    "initialization_scale": "\\sqrt{\frac{6}{n+m}}",
    "inner_ISGD_iterations": 0,
    "intra_epoch": false,
    "lr": 0.001,
    "momentum": 0.0,
    "mu": 0.0,
    "nodes": 50,
    "seed": 1,
    "sgdtype": "explicit",
    "data_type": "sequential_many"
  },
  "results": {
    "train": {
      "average_loss": [
        25.351318450994366,
        14.86906947215051,
        12.96418957314637,
        12.09417237569151,
        11.569950518129174,
        11.20928458043061,
        10.940925231667064,
        10.730637764826612,
        10.559686058993943,
        10.416847516355556
      ],
      "average_accuracy": [
        0,
        0,
        0,
        0,
        0,
        0,
        0,
        0,
        0,
        0
      ]
    },
    "test": {
      "average_loss": [
        25.79634967407623,
        15.111397805152002,
        13.173592722261107,
        12.289053737343131,
        11.756202053714109,
        11.389650171453303,
        11.116958358071066,
        10.903318343224463,
        10.729675875081645,
        10.584615917948934
      ],
      "average_accuracy": [
        0,
        0,
        0,
        0,
        0,
        0,
        0,
        0,
        0,
        0
      ]
    },
    "average_loss_intra_epoch": [
      10.416847516355556
    ],
    "average_accuracy_intra_epoch": [
      0
    ],
    "runtime": 266.7204120159149
  }
}