{
  "hyperparameters": {
    "architecture": "classification",
    "batch_size": 100,
    "clipping_threshold": 0.0,
    "dataset_name": "breast-cancer-wisc_classification",
    "epochs": 10,
    "initialization_scale": "\\sqrt{\frac{6}{n+m}}",
    "inner_ISGD_iterations": 0,
    "intra_epoch": false,
    "lr": 50.0,
    "momentum": 0.0,
    "mu": 0.0,
    "nodes": 50,
    "seed": 1,
    "sgdtype": "explicit",
    "data_type": "classification"
  },
  "results": {
    "train": {
      "average_loss": [
        60.925930658976235,
        9.473819891611734,
        58.366639137268066,
        35.754245599110924,
        23.083093007405598,
        13.749059200286865,
        4.657333970069885,
        16.43124532699585,
        6.971090356508891,
        16.07610281308492
      ],
      "average_accuracy": [
        95.52772808586762,
        96.2432915921288,
        95.70661896243291,
        95.70661896243291,
        96.4221824686941,
        96.2432915921288,
        96.06440071556351,
        96.2432915921288,
        96.4221824686941,
        96.77996422182468
      ]
    },
    "test": {
      "average_loss": [
        49.85085868835449,
        1.1228859424591064,
        28.330362796783447,
        13.112931847572327,
        7.366380214691162,
        3.8943209648132324,
        3.5042808055877686,
        5.28343440592289,
        3.528750419616699,
        6.010103702545166
      ],
      "average_accuracy": [
        95.71428571428571,
        98.57142857142857,
        96.42857142857143,
        96.42857142857143,
        98.57142857142857,
        98.57142857142857,
        97.14285714285714,
        97.85714285714286,
        96.42857142857143,
        97.85714285714286
      ]
    },
    "average_loss_intra_epoch": [
      16.07610281308492
    ],
    "average_accuracy_intra_epoch": [
      96.77996422182468
    ],
    "runtime": 1.0151398181915283
  }
}