{
  "hyperparameters": {
    "architecture": "classification",
    "batch_size": 100,
    "clipping_threshold": 0.0,
    "dataset_name": "spambase_classification",
    "epochs": 10,
    "initialization_scale": "\\sqrt{\frac{6}{n+m}}",
    "inner_ISGD_iterations": 0,
    "intra_epoch": false,
    "lr": 1.0,
    "momentum": 0.0,
    "mu": 0.0,
    "nodes": 50,
    "seed": 1,
    "sgdtype": "implicit",
    "data_type": "classification"
  },
  "results": {
    "train": {
      "average_loss": [
        0.21628593472210136,
        0.20245713599630305,
        0.19442085599577105,
        0.18816796005577655,
        0.1837221408212507,
        0.17935095546213356,
        0.17512711781907725,
        0.17170670970871643,
        0.16868224478251226,
        0.16577001298601562
      ],
      "average_accuracy": [
        92.09239130434783,
        92.66304347826087,
        92.6086956521739,
        92.85326086956522,
        93.09782608695652,
        93.31521739130434,
        93.53260869565217,
        93.58695652173913,
        93.58695652173913,
        93.77717391304348
      ]
    },
    "test": {
      "average_loss": [
        0.23261310905218124,
        0.22450942248106004,
        0.22098407447338103,
        0.21935444921255112,
        0.22015729993581773,
        0.22015692740678788,
        0.21924424022436143,
        0.219058258831501,
        0.21923678666353225,
        0.21938100457191467
      ],
      "average_accuracy": [
        91.85667752442997,
        92.07383279044517,
        91.85667752442997,
        92.18241042345277,
        92.61672095548317,
        92.29098805646036,
        92.29098805646036,
        92.39956568946796,
        92.50814332247558,
        92.50814332247558
      ]
    },
    "average_loss_intra_epoch": [
      0.16577001298601562
    ],
    "average_accuracy_intra_epoch": [
      93.77717391304348
    ],
    "runtime": 278.84291315078735
  }
}