{
  "hyperparameters": {
    "architecture": "classification",
    "batch_size": 100,
    "clipping_threshold": 0.0,
    "dataset_name": "connect-4_classification",
    "epochs": 10,
    "initialization_scale": "\\sqrt{\frac{6}{n+m}}",
    "inner_ISGD_iterations": 0,
    "intra_epoch": false,
    "lr": 0.2,
    "momentum": 0.0,
    "mu": 0.0,
    "nodes": 50,
    "seed": 1,
    "sgdtype": "implicit",
    "data_type": "classification"
  },
  "results": {
    "train": {
      "average_loss": [
        0.5414825532991653,
        0.5404598414347044,
        0.5389222113240008,
        0.5348895621828583,
        0.5200367219567078,
        0.5086812575290912,
        0.5018732171512575,
        0.48462503525994843,
        0.46812127032033174,
        0.456496144288569
      ],
      "average_accuracy": [
        75.36682394301046,
        75.37792580257194,
        75.42973448052548,
        75.52410028679805,
        75.69987972985476,
        75.66102322138958,
        75.78869460634657,
        76.61578314367657,
        77.51503376815617,
        78.3180682764363
      ]
    },
    "test": {
      "average_loss": [
        0.5399183166377685,
        0.5389643300543813,
        0.5373260473065516,
        0.5329304828363306,
        0.517023482305162,
        0.5051064921871704,
        0.4981635022251045,
        0.48170782811939716,
        0.46653219542520885,
        0.45643079532858205
      ],
      "average_accuracy": [
        75.48845470692717,
        75.50325636471285,
        75.56986382474837,
        75.64387211367674,
        75.82889283599764,
        75.76228537596211,
        75.61426879810539,
        76.48756660746004,
        77.38306690349319,
        77.99733570159857
      ]
    },
    "average_loss_intra_epoch": [
      0.456496144288569
    ],
    "average_accuracy_intra_epoch": [
      78.3180682764363
    ],
    "runtime": 2951.037608385086
  }
}