{
  "hyperparameters": {
    "architecture": "classification",
    "batch_size": 100,
    "clipping_threshold": 0.0,
    "dataset_name": "energy-y1_classification",
    "epochs": 10,
    "initialization_scale": "\\sqrt{\frac{6}{n+m}}",
    "inner_ISGD_iterations": 0,
    "intra_epoch": false,
    "lr": 0.001,
    "momentum": 0.0,
    "mu": 0.0,
    "nodes": 50,
    "seed": 1,
    "sgdtype": "implicit",
    "data_type": "classification"
  },
  "results": {
    "train": {
      "average_loss": [
        1.154965843473162,
        1.1542436565671648,
        1.1535246542521886,
        1.152809006827218,
        1.152096918651036,
        1.151388100215367,
        1.1506826026099068,
        1.1499805109841483,
        1.149281620979309,
        1.1485861028943742
      ],
      "average_accuracy": [
        34.69055374592834,
        34.69055374592834,
        34.69055374592834,
        34.69055374592834,
        34.69055374592834,
        34.69055374592834,
        34.69055374592834,
        34.69055374592834,
        34.69055374592834,
        34.69055374592834
      ]
    },
    "test": {
      "average_loss": [
        1.1316989660263062,
        1.1311261653900146,
        1.1305564641952515,
        1.1299899220466614,
        1.1294258832931519,
        1.128865361213684,
        1.1283076405525208,
        1.1277528405189514,
        1.127200961112976,
        1.12665194272995
      ],
      "average_accuracy": [
        37.66233766233766,
        37.66233766233766,
        37.66233766233766,
        37.66233766233766,
        37.66233766233766,
        37.66233766233766,
        37.66233766233766,
        37.66233766233766,
        37.66233766233766,
        37.66233766233766
      ]
    },
    "average_loss_intra_epoch": [
      1.1485861028943742
    ],
    "average_accuracy_intra_epoch": [
      34.69055374592834
    ],
    "runtime": 2.6205291748046875
  }
}