{
  "hyperparameters": {
    "architecture": "classification",
    "batch_size": 100,
    "clipping_threshold": 0.0,
    "dataset_name": "credit-approval_classification",
    "epochs": 10,
    "initialization_scale": "\\sqrt{\frac{6}{n+m}}",
    "inner_ISGD_iterations": 0,
    "intra_epoch": false,
    "lr": 1.0,
    "momentum": 0.0,
    "mu": 0.0,
    "nodes": 50,
    "seed": 1,
    "sgdtype": "explicit",
    "data_type": "classification"
  },
  "results": {
    "train": {
      "average_loss": [
        0.6773532927036285,
        0.4783010482788086,
        0.34677984813849133,
        0.3420829325914383,
        0.33996282269557315,
        0.3376818001270294,
        0.3352782651782036,
        0.33282463749249774,
        0.3303622826933861,
        0.3279525836308797
      ],
      "average_accuracy": [
        56.15942028985507,
        84.78260869565217,
        85.5072463768116,
        85.68840579710145,
        85.8695652173913,
        86.05072463768116,
        86.05072463768116,
        86.23188405797102,
        86.23188405797102,
        86.23188405797102
      ]
    },
    "test": {
      "average_loss": [
        0.678059846162796,
        0.4487461447715759,
        0.3235805630683899,
        0.32820267975330353,
        0.3300846815109253,
        0.32985909283161163,
        0.3287353813648224,
        0.3271503448486328,
        0.32527002692222595,
        0.32315029203891754
      ],
      "average_accuracy": [
        54.34782608695652,
        86.23188405797102,
        86.23188405797102,
        86.23188405797102,
        86.95652173913044,
        86.95652173913044,
        86.95652173913044,
        86.95652173913044,
        86.95652173913044,
        86.95652173913044
      ]
    },
    "average_loss_intra_epoch": [
      0.3279525836308797
    ],
    "average_accuracy_intra_epoch": [
      86.23188405797102
    ],
    "runtime": 3.62632155418396
  }
}