{
  "hyperparameters": {
    "architecture": "classification",
    "batch_size": 100,
    "clipping_threshold": 0.0,
    "dataset_name": "cardiotocography-10clases_classification",
    "epochs": 10,
    "initialization_scale": "\\sqrt{\frac{6}{n+m}}",
    "inner_ISGD_iterations": 0,
    "intra_epoch": false,
    "lr": 5.0,
    "momentum": 0.0,
    "mu": 0.0,
    "nodes": 50,
    "seed": 1,
    "sgdtype": "explicit",
    "data_type": "classification"
  },
  "results": {
    "train": {
      "average_loss": [
        17.877622716567096,
        19.36952433866613,
        20.64763630137724,
        19.434270914863138,
        13.368216514587402,
        11.973333639257094,
        7.216713176054113,
        11.316516090841855,
        9.296443967258229,
        6.711773704080021
      ],
      "average_accuracy": [
        30.352941176470587,
        33.11764705882353,
        35.1764705882353,
        43.35294117647059,
        35.64705882352941,
        50.94117647058823,
        56.94117647058823,
        48.23529411764706,
        49.8235294117647,
        52.8235294117647
      ]
    },
    "test": {
      "average_loss": [
        19.25313529968262,
        20.500267791748048,
        20.657982635498048,
        19.28505630493164,
        14.35760955810547,
        12.155346298217774,
        8.448022079467773,
        11.431619262695312,
        9.46126937866211,
        7.385381698608398
      ],
      "average_accuracy": [
        29.812206572769952,
        36.3849765258216,
        37.55868544600939,
        42.72300469483568,
        34.50704225352113,
        49.76525821596244,
        53.521126760563384,
        45.774647887323944,
        44.60093896713615,
        51.17370892018779
      ]
    },
    "average_loss_intra_epoch": [
      6.711773704080021
    ],
    "average_accuracy_intra_epoch": [
      52.8235294117647
    ],
    "runtime": 1.3809971809387207
  }
}