{
  "hyperparameters": {
    "architecture": "classification",
    "batch_size": 100,
    "clipping_threshold": 0.0,
    "dataset_name": "oocytes-merluccius-states-2f_classification",
    "epochs": 10,
    "initialization_scale": "\\sqrt{\frac{6}{n+m}}",
    "inner_ISGD_iterations": 0,
    "intra_epoch": false,
    "lr": 0.001,
    "momentum": 0.0,
    "mu": 0.0,
    "nodes": 50,
    "seed": 1,
    "sgdtype": "implicit",
    "data_type": "classification"
  },
  "results": {
    "train": {
      "average_loss": [
        1.067558725674947,
        1.0648578537835016,
        1.0621802939309015,
        1.0595256619983249,
        1.05689357386695,
        1.054283857345581,
        1.0516963799794514,
        1.0491308901045058,
        1.0465867916742961,
        1.044064203898112
      ],
      "average_accuracy": [
        69.15544675642595,
        69.15544675642595,
        69.15544675642595,
        69.15544675642595,
        69.15544675642595,
        69.15544675642595,
        69.15544675642595,
        69.15544675642595,
        69.15544675642595,
        69.15544675642595
      ]
    },
    "test": {
      "average_loss": [
        1.0635031859079997,
        1.060600757598877,
        1.0577224890391033,
        1.05486794312795,
        1.052037000656128,
        1.0492295026779175,
        1.04644509156545,
        1.0436832110087078,
        1.0409440596898396,
        1.038227121035258
      ],
      "average_accuracy": [
        66.82926829268293,
        66.82926829268293,
        66.82926829268293,
        66.82926829268293,
        66.82926829268293,
        66.82926829268293,
        66.82926829268293,
        66.82926829268293,
        66.82926829268293,
        66.82926829268293
      ]
    },
    "average_loss_intra_epoch": [
      1.044064203898112
    ],
    "average_accuracy_intra_epoch": [
      69.15544675642595
    ],
    "runtime": 33.250704288482666
  }
}