{
  "hyperparameters": {
    "architecture": "classification",
    "batch_size": 100,
    "clipping_threshold": 0.0,
    "dataset_name": "glass_classification",
    "epochs": 10,
    "initialization_scale": "\\sqrt{\frac{6}{n+m}}",
    "inner_ISGD_iterations": 0,
    "intra_epoch": false,
    "lr": 30.0,
    "momentum": 0.0,
    "mu": 0.0,
    "nodes": 50,
    "seed": 1,
    "sgdtype": "implicit",
    "data_type": "classification"
  },
  "results": {
    "train": {
      "average_loss": [
        24.491642951965332,
        151.38776397705078,
        155.21471405029297,
        224.53726196289062,
        268.2164764404297,
        139.7464599609375,
        276.1710205078125,
        231.94229125976562,
        181.10082244873047,
        140.43114852905273
      ],
      "average_accuracy": [
        29.82456140350877,
        14.619883040935672,
        6.432748538011696,
        29.82456140350877,
        37.42690058479532,
        35.08771929824562,
        8.187134502923977,
        22.80701754385965,
        21.637426900584796,
        18.128654970760234
      ]
    },
    "test": {
      "average_loss": [
        18.722780227661133,
        209.89601135253906,
        137.74163818359375,
        217.422607421875,
        327.40234375,
        134.19485473632812,
        321.6390686035156,
        161.75477600097656,
        145.36170959472656,
        116.74539184570312
      ],
      "average_accuracy": [
        44.18604651162791,
        9.30232558139535,
        13.953488372093023,
        44.18604651162791,
        27.906976744186046,
        16.27906976744186,
        2.3255813953488373,
        37.2093023255814,
        37.2093023255814,
        27.906976744186046
      ]
    },
    "average_loss_intra_epoch": [
      140.43114852905273
    ],
    "average_accuracy_intra_epoch": [
      18.128654970760234
    ],
    "runtime": 5.787987232208252
  }
}