{
  "hyperparameters": {
    "architecture": "classification",
    "batch_size": 100,
    "clipping_threshold": 0.0,
    "dataset_name": "pima_classification",
    "epochs": 10,
    "initialization_scale": "\\sqrt{\frac{6}{n+m}}",
    "inner_ISGD_iterations": 0,
    "intra_epoch": false,
    "lr": 0.01,
    "momentum": 0.0,
    "mu": 0.0,
    "nodes": 50,
    "seed": 1,
    "sgdtype": "explicit",
    "data_type": "classification"
  },
  "results": {
    "train": {
      "average_loss": [
        0.6574841908046177,
        0.6574084758758545,
        0.6573383637837001,
        0.6572735820497785,
        0.6572135261126927,
        0.6571580427033561,
        0.6571066890444074,
        0.657059098993029,
        0.6570149660110474,
        0.656974162374224
      ],
      "average_accuracy": [
        65.30944625407166,
        65.30944625407166,
        65.30944625407166,
        65.30944625407166,
        65.30944625407166,
        65.30944625407166,
        65.30944625407166,
        65.30944625407166,
        65.30944625407166,
        65.30944625407166
      ]
    },
    "test": {
      "average_loss": [
        0.6529094874858856,
        0.6527988016605377,
        0.6526951193809509,
        0.6525979936122894,
        0.6525069773197174,
        0.6524215638637543,
        0.6523414254188538,
        0.6522663235664368,
        0.6521958112716675,
        0.6521295607089996
      ],
      "average_accuracy": [
        64.28571428571429,
        64.28571428571429,
        64.28571428571429,
        64.28571428571429,
        64.28571428571429,
        64.28571428571429,
        64.28571428571429,
        64.28571428571429,
        64.28571428571429,
        64.28571428571429
      ]
    },
    "average_loss_intra_epoch": [
      0.656974162374224
    ],
    "average_accuracy_intra_epoch": [
      65.30944625407166
    ],
    "runtime": 3.8261327743530273
  }
}