{
  "hyperparameters": {
    "architecture": "classification",
    "batch_size": 100,
    "clipping_threshold": 0.0,
    "dataset_name": "acute-nephritis_classification",
    "epochs": 10,
    "initialization_scale": "\\sqrt{\frac{6}{n+m}}",
    "inner_ISGD_iterations": 0,
    "intra_epoch": false,
    "lr": 5.0,
    "momentum": 0.0,
    "mu": 0.0,
    "nodes": 50,
    "seed": 1,
    "sgdtype": "implicit",
    "data_type": "classification"
  },
  "results": {
    "train": {
      "average_loss": [
        0.8202574849128723,
        0.8999111652374268,
        1.4512228965759277,
        0.6547890305519104,
        0.6578057408332825,
        0.8666114211082458,
        2.5891854763031006,
        1.0438666343688965,
        5.6024556159973145,
        9.83869457244873
      ],
      "average_accuracy": [
        64.58333333333333,
        35.416666666666664,
        64.58333333333333,
        64.58333333333333,
        64.58333333333333,
        35.416666666666664,
        64.58333333333333,
        35.416666666666664,
        64.58333333333333,
        35.416666666666664
      ]
    },
    "test": {
      "average_loss": [
        1.4235854148864746,
        0.6391576528549194,
        2.716369390487671,
        0.8277644515037537,
        0.9289481043815613,
        0.6366055607795715,
        4.875490665435791,
        0.6642089486122131,
        10.539673805236816,
        5.086301326751709
      ],
      "average_accuracy": [
        33.333333333333336,
        66.66666666666667,
        33.333333333333336,
        33.333333333333336,
        33.333333333333336,
        66.66666666666667,
        33.333333333333336,
        66.66666666666667,
        33.333333333333336,
        66.66666666666667
      ]
    },
    "average_loss_intra_epoch": [
      9.83869457244873
    ],
    "average_accuracy_intra_epoch": [
      35.416666666666664
    ],
    "runtime": 4.022385835647583
  }
}