{
  "hyperparameters": {
    "architecture": "classification",
    "batch_size": 100,
    "clipping_threshold": 0.0,
    "dataset_name": "arrhythmia_classification",
    "epochs": 10,
    "initialization_scale": "\\sqrt{\frac{6}{n+m}}",
    "inner_ISGD_iterations": 0,
    "intra_epoch": false,
    "lr": 30.0,
    "momentum": 0.0,
    "mu": 0.0,
    "nodes": 50,
    "seed": 1,
    "sgdtype": "explicit",
    "data_type": "classification"
  },
  "results": {
    "train": {
      "average_loss": [
        2515.1002197265625,
        1900.8560485839844,
        1060.1179656982422,
        1305.229248046875,
        1763.6756896972656,
        1149.3370361328125,
        661.1382904052734,
        678.194709777832,
        1052.2838897705078,
        507.11461639404297
      ],
      "average_accuracy": [
        29.6398891966759,
        36.8421052631579,
        35.18005540166205,
        35.18005540166205,
        35.18005540166205,
        29.36288088642659,
        33.795013850415515,
        35.18005540166205,
        35.18005540166205,
        37.119113573407205
      ]
    },
    "test": {
      "average_loss": [
        2973.815673828125,
        2557.877197265625,
        1275.0579833984375,
        1408.433349609375,
        2104.7548828125,
        1324.3853759765625,
        798.1754150390625,
        777.2802124023438,
        1247.14599609375,
        601.349609375
      ],
      "average_accuracy": [
        23.076923076923077,
        25.274725274725274,
        27.47252747252747,
        31.86813186813187,
        30.76923076923077,
        25.274725274725274,
        27.47252747252747,
        31.86813186813187,
        34.065934065934066,
        31.86813186813187
      ]
    },
    "average_loss_intra_epoch": [
      507.11461639404297
    ],
    "average_accuracy_intra_epoch": [
      37.119113573407205
    ],
    "runtime": 5.8008387088775635
  }
}