{
  "hyperparameters": {
    "architecture": "classification",
    "batch_size": 100,
    "clipping_threshold": 0.0,
    "dataset_name": "letter_classification",
    "epochs": 10,
    "initialization_scale": "\\sqrt{\frac{6}{n+m}}",
    "inner_ISGD_iterations": 0,
    "intra_epoch": false,
    "lr": 0.1,
    "momentum": 0.0,
    "mu": 0.0,
    "nodes": 50,
    "seed": 1,
    "sgdtype": "implicit",
    "data_type": "classification"
  },
  "results": {
    "train": {
      "average_loss": [
        3.213342343270779,
        2.744680619239807,
        2.3966471433639525,
        2.2501667767763136,
        2.0592907935380937,
        1.8333918929100037,
        1.6324153579771519,
        1.4966989435255527,
        1.396239572018385,
        1.3124234683811664
      ],
      "average_accuracy": [
        8.99375,
        13.7125,
        24.425,
        31.75,
        40.1,
        49.8,
        54.8125,
        57.6875,
        59.825,
        61.85625
      ]
    },
    "test": {
      "average_loss": [
        3.212323272228241,
        2.754105430841446,
        2.412824648618698,
        2.2603879809379577,
        2.063400587439537,
        1.8436124593019485,
        1.6574166983366012,
        1.5284662157297135,
        1.4323784232139587,
        1.3526334285736084
      ],
      "average_accuracy": [
        9.625,
        13.45,
        23.65,
        30.575,
        39.775,
        49.25,
        54.0,
        56.675,
        58.1,
        60.125
      ]
    },
    "average_loss_intra_epoch": [
      1.3124234683811664
    ],
    "average_accuracy_intra_epoch": [
      61.85625
    ],
    "runtime": 379.9723439216614
  }
}