{
  "hyperparameters": {
    "architecture": "classification",
    "batch_size": 100,
    "clipping_threshold": 0.0,
    "dataset_name": "plant-margin_classification",
    "epochs": 10,
    "initialization_scale": "\\sqrt{\frac{6}{n+m}}",
    "inner_ISGD_iterations": 0,
    "intra_epoch": false,
    "lr": 10.0,
    "momentum": 0.0,
    "mu": 0.0,
    "nodes": 50,
    "seed": 1,
    "sgdtype": "implicit",
    "data_type": "classification"
  },
  "results": {
    "train": {
      "average_loss": [
        162.78544147198016,
        74.0117433988131,
        83.50408876859225,
        76.02608783428485,
        75.8926165654109,
        64.75553541917067,
        72.51122401310847,
        55.01160342876728,
        55.12561005812425,
        46.187406686636116
      ],
      "average_accuracy": [
        1.015625,
        4.765625,
        5.3125,
        5.625,
        7.421875,
        8.59375,
        6.953125,
        11.09375,
        10.46875,
        11.09375
      ]
    },
    "test": {
      "average_loss": [
        173.20674514770508,
        70.81418895721436,
        81.14344215393066,
        76.69866561889648,
        76.2117862701416,
        61.99649143218994,
        70.33053207397461,
        53.12044715881348,
        50.604108810424805,
        40.24819231033325
      ],
      "average_accuracy": [
        0.3125,
        2.8125,
        4.0625,
        4.6875,
        5.9375,
        6.875,
        5.0,
        10.9375,
        10.0,
        12.8125
      ]
    },
    "average_loss_intra_epoch": [
      46.187406686636116
    ],
    "average_accuracy_intra_epoch": [
      11.09375
    ],
    "runtime": 111.43821382522583
  }
}