{
  "hyperparameters": {
    "architecture": "music",
    "batch_size": 100,
    "clipping_threshold": 1.0,
    "dataset_name": "JSB Chorales",
    "epochs": 5,
    "initialization_scale": "\\sqrt{\frac{6}{n+m}}",
    "inner_ISGD_iterations": 0,
    "intra_epoch": false,
    "lr": 200.0,
    "momentum": 0.0,
    "mu": 0.0,
    "nodes": 300,
    "seed": 4,
    "sgdtype": "implicit",
    "data_type": "sequential_many"
  },
  "results": {
    "train": {
      "average_loss": [
        0.0026385443296291617,
        0.0020676016201078076,
        0.0016448916587775257,
        0.001421475391740927,
        0.0012686536274367423
      ],
      "average_accuracy": [
        0,
        0,
        0,
        0,
        0
      ]
    },
    "test": {
      "average_loss": [
        0.0025745031073108895,
        0.0020503501567306214,
        0.0016482211241208306,
        0.0014277811059365412,
        0.0012726902363779532
      ],
      "average_accuracy": [
        0,
        0,
        0,
        0,
        0
      ]
    },
    "average_loss_intra_epoch": [
      0.0012686536274367423
    ],
    "average_accuracy_intra_epoch": [
      0
    ],
    "runtime": 541.9967091083527
  }
}