{
  "hyperparameters": {
    "architecture": "classification",
    "batch_size": 100,
    "clipping_threshold": 0.0,
    "dataset_name": "musk-1_classification",
    "epochs": 10,
    "initialization_scale": "\\sqrt{\frac{6}{n+m}}",
    "inner_ISGD_iterations": 0,
    "intra_epoch": false,
    "lr": 0.1,
    "momentum": 0.0,
    "mu": 0.0,
    "nodes": 50,
    "seed": 1,
    "sgdtype": "implicit",
    "data_type": "classification"
  },
  "results": {
    "train": {
      "average_loss": [
        0.6291758418083191,
        0.5713728666305542,
        0.5174726918339729,
        0.47035475075244904,
        0.43189477175474167,
        0.4008377194404602,
        0.3749864175915718,
        0.35274965316057205,
        0.33328723907470703,
        0.3164559528231621
      ],
      "average_accuracy": [
        67.36842105263158,
        73.6842105263158,
        77.89473684210526,
        81.3157894736842,
        81.3157894736842,
        82.36842105263158,
        83.42105263157895,
        85.78947368421052,
        86.3157894736842,
        86.57894736842105
      ]
    },
    "test": {
      "average_loss": [
        0.640304446220398,
        0.5749003291130066,
        0.5137187838554382,
        0.46022844314575195,
        0.4174959361553192,
        0.384855180978775,
        0.3602605164051056,
        0.341964989900589,
        0.32873812317848206,
        0.3200981914997101
      ],
      "average_accuracy": [
        60.416666666666664,
        66.66666666666667,
        73.95833333333333,
        78.125,
        79.16666666666667,
        82.29166666666667,
        83.33333333333333,
        83.33333333333333,
        84.375,
        84.375
      ]
    },
    "average_loss_intra_epoch": [
      0.3164559528231621
    ],
    "average_accuracy_intra_epoch": [
      86.57894736842105
    ],
    "runtime": 85.07328391075134
  }
}