{
  "hyperparameters": {
    "architecture": "classification",
    "batch_size": 100,
    "clipping_threshold": 0.0,
    "dataset_name": "oocytes-trisopterus-states-5b_classification",
    "epochs": 10,
    "initialization_scale": "\\sqrt{\frac{6}{n+m}}",
    "inner_ISGD_iterations": 0,
    "intra_epoch": false,
    "lr": 10.0,
    "momentum": 0.0,
    "mu": 0.0,
    "nodes": 50,
    "seed": 1,
    "sgdtype": "implicit",
    "data_type": "classification"
  },
  "results": {
    "train": {
      "average_loss": [
        226.59176445007324,
        109.84032821655273,
        42.42495059967041,
        16.948400020599365,
        130.93038654327393,
        63.93680238723755,
        25.91772222518921,
        40.72878408432007,
        18.640857934951782,
        24.8231942653656
      ],
      "average_accuracy": [
        73.7997256515775,
        58.71056241426612,
        18.106995884773664,
        72.8395061728395,
        79.69821673525377,
        72.8395061728395,
        80.93278463648834,
        80.79561042524006,
        68.44993141289437,
        47.18792866941015
      ]
    },
    "test": {
      "average_loss": [
        272.35601806640625,
        129.7647476196289,
        43.04072189331055,
        22.46355438232422,
        187.56702423095703,
        92.06818771362305,
        37.21212959289551,
        58.56852149963379,
        25.772085189819336,
        33.373759269714355
      ],
      "average_accuracy": [
        69.39890710382514,
        54.09836065573771,
        16.939890710382514,
        68.30601092896175,
        72.6775956284153,
        66.66666666666667,
        72.6775956284153,
        72.6775956284153,
        61.74863387978142,
        43.71584699453552
      ]
    },
    "average_loss_intra_epoch": [
      24.8231942653656
    ],
    "average_accuracy_intra_epoch": [
      47.18792866941015
    ],
    "runtime": 35.08690071105957
  }
}