{
  "hyperparameters": {
    "architecture": "classification",
    "batch_size": 1,
    "clipping_threshold": 0.0,
    "dataset_name": "classification_abalone",
    "epochs": 10,
    "initialization_scale": "\\sqrt{\frac{6}{n+m}}",
    "inner_ISGD_iterations": 0,
    "intra_epoch": false,
    "lr": 0.0001,
    "momentum": 0.0,
    "mu": 0.0,
    "nodes": 50,
    "seed": 1,
    "sgdtype": "explicit",
    "data_type": "classification"
  },
  "results": {
    "train": {
      "average_loss": [
        1.1114637542898447,
        1.1083349256200086,
        1.1058979104536446,
        1.103997816335866,
        1.1025142067208757,
        1.1013532308039284,
        1.1004418132370084,
        1.0997229516952205,
        1.0991521978478203,
        1.0986949867632745
      ],
      "average_accuracy": [
        34.72014366956001,
        34.72014366956001,
        34.72014366956001,
        34.72014366956001,
        34.72014366956001,
        34.72014366956001,
        34.72014366956001,
        34.72014366956001,
        34.72014366956001,
        34.72014366956001
      ]
    },
    "test": {
      "average_loss": [
        1.110070457156195,
        1.1072231180359873,
        1.1050435018739062,
        1.1033774868865902,
        1.1021057573374378,
        1.1011358477424777,
        1.1003961665778639,
        1.0998312771035152,
        1.0993982731725611,
        1.0990641038668783
      ],
      "average_accuracy": [
        34.33014354066986,
        34.33014354066986,
        34.33014354066986,
        34.33014354066986,
        34.33014354066986,
        34.33014354066986,
        34.33014354066986,
        34.33014354066986,
        34.33014354066986,
        34.33014354066986
      ]
    },
    "average_loss_intra_epoch": [
      1.0986949867632745
    ],
    "average_accuracy_intra_epoch": [
      34.72014366956001
    ],
    "runtime": 148.28634572029114
  }
}