{
  "hyperparameters": {
    "architecture": "classification",
    "batch_size": 100,
    "clipping_threshold": 0.0,
    "dataset_name": "blood_classification",
    "epochs": 10,
    "initialization_scale": "\\sqrt{\frac{6}{n+m}}",
    "inner_ISGD_iterations": 0,
    "intra_epoch": false,
    "lr": 3.0,
    "momentum": 0.0,
    "mu": 0.0,
    "nodes": 50,
    "seed": 1,
    "sgdtype": "explicit",
    "data_type": "classification"
  },
  "results": {
    "train": {
      "average_loss": [
        0.5407713005940119,
        0.5412839700778326,
        0.5415359487136205,
        0.5416631201903025,
        0.5417293657859167,
        0.5417637576659521,
        0.5417793194452921,
        0.5417820711930593,
        0.5417732348044714,
        0.541750987370809
      ],
      "average_accuracy": [
        77.09030100334448,
        77.09030100334448,
        77.09030100334448,
        77.09030100334448,
        77.09030100334448,
        77.09030100334448,
        77.09030100334448,
        77.09030100334448,
        77.09030100334448,
        77.09030100334448
      ]
    },
    "test": {
      "average_loss": [
        0.5887620747089386,
        0.58852618932724,
        0.5884309113025665,
        0.5883846879005432,
        0.5883578658103943,
        0.5883389115333557,
        0.5883219540119171,
        0.5883030891418457,
        0.5882779061794281,
        0.5882408022880554
      ],
      "average_accuracy": [
        72.66666666666667,
        72.66666666666667,
        72.66666666666667,
        72.66666666666667,
        72.66666666666667,
        72.66666666666667,
        72.66666666666667,
        72.66666666666667,
        72.66666666666667,
        72.66666666666667
      ]
    },
    "average_loss_intra_epoch": [
      0.541750987370809
    ],
    "average_accuracy_intra_epoch": [
      77.09030100334448
    ],
    "runtime": 3.968550443649292
  }
}