{
  "hyperparameters": {
    "architecture": "classification",
    "batch_size": 100,
    "clipping_threshold": 0.0,
    "dataset_name": "wall-following_classification",
    "epochs": 10,
    "initialization_scale": "\\sqrt{\frac{6}{n+m}}",
    "inner_ISGD_iterations": 0,
    "intra_epoch": false,
    "lr": 0.5,
    "momentum": 0.0,
    "mu": 0.0,
    "nodes": 50,
    "seed": 1,
    "sgdtype": "explicit",
    "data_type": "classification"
  },
  "results": {
    "train": {
      "average_loss": [
        0.9120291417295282,
        0.7300569916313345,
        0.6274932284246791,
        0.5584434805945917,
        0.5132446146824143,
        0.47496430508115073,
        0.43263422630049964,
        0.38673046231269836,
        0.35234989666125993,
        0.32813479988412425
      ],
      "average_accuracy": [
        62.763519706691106,
        70.16498625114573,
        75.48120989917507,
        79.37671860678277,
        80.84326306141155,
        81.89734188817599,
        83.47846012832264,
        85.88450962419799,
        87.55728689275894,
        88.42804766269478
      ]
    },
    "test": {
      "average_loss": [
        0.917137389833277,
        0.7258152744986794,
        0.635383584282615,
        0.5780520114031705,
        0.5458357605067167,
        0.5248951830647208,
        0.49638001214374194,
        0.4606932293285023,
        0.43500249223275617,
        0.41927635398778046
      ],
      "average_accuracy": [
        62.91208791208791,
        70.23809523809524,
        73.71794871794872,
        77.93040293040293,
        78.57142857142857,
        79.57875457875458,
        80.49450549450549,
        83.05860805860806,
        84.61538461538461,
        84.98168498168498
      ]
    },
    "average_loss_intra_epoch": [
      0.32813479988412425
    ],
    "average_accuracy_intra_epoch": [
      88.42804766269478
    ],
    "runtime": 8.511361360549927
  }
}