{
  "hyperparameters": {
    "architecture": "classification",
    "batch_size": 100,
    "clipping_threshold": 0.0,
    "dataset_name": "musk-2_classification",
    "epochs": 10,
    "initialization_scale": "\\sqrt{\frac{6}{n+m}}",
    "inner_ISGD_iterations": 0,
    "intra_epoch": false,
    "lr": 0.001,
    "momentum": 0.0,
    "mu": 0.0,
    "nodes": 50,
    "seed": 1,
    "sgdtype": "explicit",
    "data_type": "classification"
  },
  "results": {
    "train": {
      "average_loss": [
        0.6817841181215251,
        0.6482618833487889,
        0.6190638935790872,
        0.5933665711924715,
        0.5705538504528549,
        0.5501517597234474,
        0.5317865418937971,
        0.5151576866518777,
        0.5000191533340598,
        0.48616688037818334
      ],
      "average_accuracy": [
        55.09662751042061,
        68.43501326259947,
        78.1924971580144,
        82.20917014020462,
        83.08071239105722,
        83.6870026525199,
        84.1606669192876,
        84.50170519136036,
        84.82379689276242,
        85.07010231148162
      ]
    },
    "test": {
      "average_loss": [
        0.6824917367526463,
        0.6466936894825527,
        0.6154282093048096,
        0.5878438864435468,
        0.5633033428873334,
        0.5413156769105366,
        0.5214936690671104,
        0.5035256083522525,
        0.4871559866837093,
        0.4721726413284029
      ],
      "average_accuracy": [
        53.63636363636363,
        67.95454545454545,
        80.07575757575758,
        84.0909090909091,
        85.07575757575758,
        85.45454545454545,
        85.83333333333333,
        86.21212121212122,
        86.43939393939394,
        86.66666666666667
      ]
    },
    "average_loss_intra_epoch": [
      0.48616688037818334
    ],
    "average_accuracy_intra_epoch": [
      85.07010231148162
    ],
    "runtime": 14.629589080810547
  }
}