{
  "hyperparameters": {
    "architecture": "classification",
    "batch_size": 100,
    "clipping_threshold": 0.0,
    "dataset_name": "post-operative_classification",
    "epochs": 10,
    "initialization_scale": "\\sqrt{\frac{6}{n+m}}",
    "inner_ISGD_iterations": 0,
    "intra_epoch": false,
    "lr": 30.0,
    "momentum": 0.0,
    "mu": 0.0,
    "nodes": 50,
    "seed": 1,
    "sgdtype": "implicit",
    "data_type": "classification"
  },
  "results": {
    "train": {
      "average_loss": [
        5.6717610359191895,
        42.83300018310547,
        82.8935546875,
        119.75809478759766,
        203.47348022460938,
        49.50899124145508,
        43.484046936035156,
        133.5536651611328,
        114.57046508789062,
        90.23176574707031
      ],
      "average_accuracy": [
        69.44444444444444,
        29.166666666666668,
        69.44444444444444,
        30.555555555555557,
        68.05555555555556,
        69.44444444444444,
        50.0,
        54.166666666666664,
        15.277777777777779,
        20.833333333333332
      ]
    },
    "test": {
      "average_loss": [
        4.412967205047607,
        49.47100067138672,
        54.15531921386719,
        152.7137908935547,
        92.77519989013672,
        60.08171081542969,
        9.831003189086914,
        152.78887939453125,
        119.73817443847656,
        81.71990203857422
      ],
      "average_accuracy": [
        77.77777777777777,
        16.666666666666668,
        77.77777777777777,
        11.11111111111111,
        83.33333333333333,
        72.22222222222223,
        55.55555555555556,
        50.0,
        5.555555555555555,
        16.666666666666668
      ]
    },
    "average_loss_intra_epoch": [
      90.23176574707031
    ],
    "average_accuracy_intra_epoch": [
      20.833333333333332
    ],
    "runtime": 4.086974382400513
  }
}