{
  "hyperparameters": {
    "architecture": "classification",
    "batch_size": 100,
    "clipping_threshold": 0.0,
    "dataset_name": "lenses_classification",
    "epochs": 10,
    "initialization_scale": "\\sqrt{\frac{6}{n+m}}",
    "inner_ISGD_iterations": 0,
    "intra_epoch": false,
    "lr": 30.0,
    "momentum": 0.0,
    "mu": 0.0,
    "nodes": 50,
    "seed": 1,
    "sgdtype": "explicit",
    "data_type": "classification"
  },
  "results": {
    "train": {
      "average_loss": [
        5.498072624206543,
        40.570152282714844,
        10.147687911987305,
        220.1703643798828,
        36.37131118774414,
        105.23511505126953,
        67.43878173828125,
        19.008451461791992,
        46.22212600708008,
        38.895938873291016
      ],
      "average_accuracy": [
        63.1578947368421,
        21.05263157894737,
        63.1578947368421,
        21.05263157894737,
        63.1578947368421,
        15.789473684210526,
        63.1578947368421,
        52.63157894736842,
        26.31578947368421,
        57.89473684210526
      ]
    },
    "test": {
      "average_loss": [
        6.1019439697265625,
        39.11186981201172,
        12.526534080505371,
        218.36801147460938,
        36.15693283081055,
        99.9745864868164,
        78.7414779663086,
        21.068557739257812,
        48.7627067565918,
        36.707523345947266
      ],
      "average_accuracy": [
        60.0,
        20.0,
        60.0,
        20.0,
        60.0,
        20.0,
        60.0,
        40.0,
        20.0,
        60.0
      ]
    },
    "average_loss_intra_epoch": [
      38.895938873291016
    ],
    "average_accuracy_intra_epoch": [
      57.89473684210526
    ],
    "runtime": 3.5540964603424072
  }
}