{
  "hyperparameters": {
    "architecture": "classification",
    "batch_size": 100,
    "clipping_threshold": 0.0,
    "dataset_name": "oocytes-trisopterus-nucleus-2f_classification",
    "epochs": 10,
    "initialization_scale": "\\sqrt{\frac{6}{n+m}}",
    "inner_ISGD_iterations": 0,
    "intra_epoch": false,
    "lr": 3.0,
    "momentum": 0.0,
    "mu": 0.0,
    "nodes": 50,
    "seed": 1,
    "sgdtype": "implicit",
    "data_type": "classification"
  },
  "results": {
    "train": {
      "average_loss": [
        0.7023989483714104,
        0.6880892068147659,
        0.8560254201292992,
        0.7717700637876987,
        19.26600444316864,
        64.2003002166748,
        87.6365852355957,
        37.402953147888184,
        36.230305910110474,
        22.127233743667603
      ],
      "average_accuracy": [
        57.8875171467764,
        72.15363511659808,
        57.8875171467764,
        64.06035665294925,
        49.24554183813443,
        55.55555555555556,
        51.440329218106996,
        52.674897119341566,
        51.851851851851855,
        52.12620027434842
      ]
    },
    "test": {
      "average_loss": [
        0.712702751159668,
        0.8563602864742279,
        0.8877693712711334,
        0.9407893717288971,
        19.136815071105957,
        64.87391471862793,
        79.7467041015625,
        34.963993072509766,
        29.541556358337402,
        18.681690216064453
      ],
      "average_accuracy": [
        57.377049180327866,
        67.21311475409836,
        57.377049180327866,
        61.74863387978142,
        50.27322404371585,
        54.6448087431694,
        56.28415300546448,
        54.6448087431694,
        59.01639344262295,
        57.923497267759565
      ]
    },
    "average_loss_intra_epoch": [
      22.127233743667603
    ],
    "average_accuracy_intra_epoch": [
      52.12620027434842
    ],
    "runtime": 28.51479697227478
  }
}