{
  "hyperparameters": {
    "architecture": "classification",
    "batch_size": 100,
    "clipping_threshold": 0.0,
    "dataset_name": "plant-texture_classification",
    "epochs": 10,
    "initialization_scale": "\\sqrt{\frac{6}{n+m}}",
    "inner_ISGD_iterations": 0,
    "intra_epoch": false,
    "lr": 10.0,
    "momentum": 0.0,
    "mu": 0.0,
    "nodes": 50,
    "seed": 1,
    "sgdtype": "implicit",
    "data_type": "classification"
  },
  "results": {
    "train": {
      "average_loss": [
        145.32894897460938,
        63.40354391244742,
        58.34652005709135,
        48.11391038161058,
        44.87673627413236,
        35.802316225492035,
        27.250825588519756,
        26.288010083712063,
        24.57146277794471,
        17.272475242614746
      ],
      "average_accuracy": [
        1.3291634089132134,
        6.645817044566067,
        6.333072713057076,
        9.851446442533229,
        7.740422204847537,
        12.509773260359657,
        16.184519155590305,
        14.308053166536357,
        16.888193901485536,
        27.521501172791243
      ]
    },
    "test": {
      "average_loss": [
        139.96931076049805,
        64.31828498840332,
        58.39893054962158,
        47.24103355407715,
        47.943665504455566,
        36.135258197784424,
        24.939868450164795,
        25.83923101425171,
        25.82997703552246,
        18.261462926864624
      ],
      "average_accuracy": [
        0.9375,
        3.125,
        5.3125,
        9.0625,
        8.125,
        12.1875,
        17.5,
        14.6875,
        11.5625,
        20.625
      ]
    },
    "average_loss_intra_epoch": [
      17.272475242614746
    ],
    "average_accuracy_intra_epoch": [
      27.521501172791243
    ],
    "runtime": 110.62614107131958
  }
}