{
  "hyperparameters": {
    "architecture": "music",
    "batch_size": 100,
    "clipping_threshold": 8.0,
    "dataset_name": "Nottingham",
    "epochs": 5,
    "initialization_scale": "\\sqrt{\frac{6}{n+m}}",
    "inner_ISGD_iterations": 0,
    "intra_epoch": false,
    "lr": 20.0,
    "momentum": 0.0,
    "mu": 0.0,
    "nodes": 300,
    "seed": 1,
    "sgdtype": "explicit",
    "data_type": "sequential_many"
  },
  "results": {
    "train": {
      "average_loss": [
        0.0005140150104398082,
        0.000404377347017321,
        0.00035756756077682926,
        0.00032885760744467144,
        0.0003090491380827013
      ],
      "average_accuracy": [
        0,
        0,
        0,
        0,
        0
      ]
    },
    "test": {
      "average_loss": [
        0.0005239301122106981,
        0.00042543040377923344,
        0.000383595001852989,
        0.00035882149210973534,
        0.0003430114535149187
      ],
      "average_accuracy": [
        0,
        0,
        0,
        0,
        0
      ]
    },
    "average_loss_intra_epoch": [
      0.0003090491380827013
    ],
    "average_accuracy_intra_epoch": [
      0
    ],
    "runtime": 1417.9161500930786
  }
}