{
  "hyperparameters": {
    "architecture": "classification",
    "batch_size": 100,
    "clipping_threshold": 0.0,
    "dataset_name": "letter_classification",
    "epochs": 10,
    "initialization_scale": "\\sqrt{\frac{6}{n+m}}",
    "inner_ISGD_iterations": 0,
    "intra_epoch": false,
    "lr": 30.0,
    "momentum": 0.0,
    "mu": 0.0,
    "nodes": 50,
    "seed": 1,
    "sgdtype": "implicit",
    "data_type": "classification"
  },
  "results": {
    "train": {
      "average_loss": [
        38.14620591402054,
        28.637224984169006,
        21.357337146997452,
        26.777268755435944,
        23.975580883026122,
        21.554610633850096,
        20.63503841161728,
        27.025046730041502,
        27.917891085147858,
        27.236139178276062
      ],
      "average_accuracy": [
        13.74375,
        19.19375,
        21.74375,
        14.5875,
        18.74375,
        20.725,
        20.7625,
        16.4375,
        18.25625,
        16.15625
      ]
    },
    "test": {
      "average_loss": [
        39.254940557479856,
        28.133365058898924,
        21.470283412933348,
        26.071436071395873,
        23.884542417526244,
        21.794465684890746,
        20.794898557662965,
        26.812480163574218,
        27.666973543167114,
        27.035362100601198
      ],
      "average_accuracy": [
        14.3,
        20.0,
        21.0,
        14.65,
        18.875,
        20.725,
        20.775,
        17.125,
        17.25,
        16.8
      ]
    },
    "average_loss_intra_epoch": [
      27.236139178276062
    ],
    "average_accuracy_intra_epoch": [
      16.15625
    ],
    "runtime": 378.94845366477966
  }
}