{
  "hyperparameters": {
    "architecture": "classification",
    "batch_size": 100,
    "clipping_threshold": 0.0,
    "dataset_name": "nursery_classification",
    "epochs": 10,
    "initialization_scale": "\\sqrt{\frac{6}{n+m}}",
    "inner_ISGD_iterations": 0,
    "intra_epoch": false,
    "lr": 0.1,
    "momentum": 0.0,
    "mu": 0.0,
    "nodes": 50,
    "seed": 1,
    "sgdtype": "implicit",
    "data_type": "classification"
  },
  "results": {
    "train": {
      "average_loss": [
        1.208975049165579,
        0.6576218553460561,
        0.5711059934244707,
        0.5613848102780489,
        0.5571731512363141,
        0.5514611994417814,
        0.542000046143165,
        0.5326165854930878,
        0.5240119870465535,
        0.5151437690051702
      ],
      "average_accuracy": [
        55.80632716049383,
        59.78973765432099,
        65.98186728395062,
        65.98186728395062,
        65.98186728395062,
        67.27430555555556,
        61.36188271604938,
        63.90817901234568,
        65.93364197530865,
        67.5636574074074
      ]
    },
    "test": {
      "average_loss": [
        1.2117863297462463,
        0.653732934823403,
        0.5635847437840241,
        0.55276792209882,
        0.548337425176914,
        0.5430234899887671,
        0.5341525754103293,
        0.5250231004678286,
        0.5166747570037842,
        0.5081137865781784
      ],
      "average_accuracy": [
        57.83179012345679,
        59.91512345679013,
        67.32253086419753,
        67.32253086419753,
        67.32253086419753,
        68.63425925925925,
        61.72839506172839,
        64.00462962962963,
        66.47376543209876,
        68.17129629629629
      ]
    },
    "average_loss_intra_epoch": [
      0.5151437690051702
    ],
    "average_accuracy_intra_epoch": [
      67.5636574074074
    ],
    "runtime": 137.10272932052612
  }
}