{
  "hyperparameters": {
    "architecture": "music",
    "batch_size": 100,
    "clipping_threshold": 0.0,
    "dataset_name": "JSB Chorales",
    "epochs": 5,
    "initialization_scale": "\\sqrt{\frac{6}{n+m}}",
    "inner_ISGD_iterations": 0,
    "intra_epoch": false,
    "lr": 0.5,
    "momentum": 0.0,
    "mu": 0.0,
    "nodes": 300,
    "seed": 3,
    "sgdtype": "explicit",
    "data_type": "sequential_many"
  },
  "results": {
    "train": {
      "average_loss": [
        0.0047457744479260724,
        0.0036677525670564524,
        0.0032304224464635664,
        0.002974411790913955,
        0.0027992853988368697
      ],
      "average_accuracy": [
        0,
        0,
        0,
        0,
        0
      ]
    },
    "test": {
      "average_loss": [
        0.004713540927011085,
        0.0036158234942341586,
        0.0031738394036792314,
        0.0029165955349597355,
        0.0027413890000081973
      ],
      "average_accuracy": [
        0,
        0,
        0,
        0,
        0
      ]
    },
    "average_loss_intra_epoch": [
      0.0027992853988368697
    ],
    "average_accuracy_intra_epoch": [
      0
    ],
    "runtime": 112.06460118293762
  }
}