{
  "hyperparameters": {
    "architecture": "classification",
    "batch_size": 100,
    "clipping_threshold": 0.0,
    "dataset_name": "vertebral-column-3clases_classification",
    "epochs": 10,
    "initialization_scale": "\\sqrt{\frac{6}{n+m}}",
    "inner_ISGD_iterations": 0,
    "intra_epoch": false,
    "lr": 0.001,
    "momentum": 0.0,
    "mu": 0.0,
    "nodes": 50,
    "seed": 1,
    "sgdtype": "explicit",
    "data_type": "classification"
  },
  "results": {
    "train": {
      "average_loss": [
        1.1016765435536702,
        1.1015372276306152,
        1.10139799118042,
        1.1012593507766724,
        1.101121147473653,
        1.1009831031163533,
        1.100845456123352,
        1.1007081667582195,
        1.1005715529123943,
        1.1004348595937092
      ],
      "average_accuracy": [
        15.725806451612904,
        21.774193548387096,
        37.903225806451616,
        47.58064516129032,
        47.58064516129032,
        47.58064516129032,
        47.58064516129032,
        47.983870967741936,
        47.983870967741936,
        47.983870967741936
      ]
    },
    "test": {
      "average_loss": [
        1.1020443439483643,
        1.101876974105835,
        1.1017102003097534,
        1.1015435457229614,
        1.101377248764038,
        1.101211428642273,
        1.101046085357666,
        1.1008812189102173,
        1.1007167100906372,
        1.1005523204803467
      ],
      "average_accuracy": [
        14.516129032258064,
        25.806451612903224,
        43.54838709677419,
        50.0,
        50.0,
        50.0,
        50.0,
        50.0,
        50.0,
        50.0
      ]
    },
    "average_loss_intra_epoch": [
      1.1004348595937092
    ],
    "average_accuracy_intra_epoch": [
      47.983870967741936
    ],
    "runtime": 3.5360705852508545
  }
}