{
  "hyperparameters": {
    "architecture": "classification",
    "batch_size": 100,
    "clipping_threshold": 0.0,
    "dataset_name": "balloons_classification",
    "epochs": 10,
    "initialization_scale": "\\sqrt{\frac{6}{n+m}}",
    "inner_ISGD_iterations": 0,
    "intra_epoch": false,
    "lr": 5.0,
    "momentum": 0.0,
    "mu": 0.0,
    "nodes": 50,
    "seed": 1,
    "sgdtype": "implicit",
    "data_type": "classification"
  },
  "results": {
    "train": {
      "average_loss": [
        0.7389488220214844,
        0.8280022740364075,
        0.9408769607543945,
        0.9826672673225403,
        1.102795958518982,
        2.5996224880218506,
        3.4132697582244873,
        8.774466514587402,
        1.7004441022872925,
        19.70958709716797
      ],
      "average_accuracy": [
        58.333333333333336,
        41.666666666666664,
        58.333333333333336,
        41.666666666666664,
        58.333333333333336,
        41.666666666666664,
        58.333333333333336,
        41.666666666666664,
        58.333333333333336,
        41.666666666666664
      ]
    },
    "test": {
      "average_loss": [
        0.8272691965103149,
        0.7644054293632507,
        1.101905345916748,
        0.8781433701515198,
        1.3071160316467285,
        2.2302565574645996,
        4.103781700134277,
        7.520833492279053,
        2.187803268432617,
        16.889780044555664
      ],
      "average_accuracy": [
        50.0,
        50.0,
        50.0,
        50.0,
        50.0,
        50.0,
        50.0,
        50.0,
        50.0,
        50.0
      ]
    },
    "average_loss_intra_epoch": [
      19.70958709716797
    ],
    "average_accuracy_intra_epoch": [
      41.666666666666664
    ],
    "runtime": 3.4516355991363525
  }
}