{
  "hyperparameters": {
    "architecture": "classification",
    "batch_size": 100,
    "clipping_threshold": 0.0,
    "dataset_name": "breast-cancer_classification",
    "epochs": 10,
    "initialization_scale": "\\sqrt{\frac{6}{n+m}}",
    "inner_ISGD_iterations": 0,
    "intra_epoch": false,
    "lr": 5.0,
    "momentum": 0.0,
    "mu": 0.0,
    "nodes": 50,
    "seed": 1,
    "sgdtype": "explicit",
    "data_type": "classification"
  },
  "results": {
    "train": {
      "average_loss": [
        0.7728058298428854,
        0.811269203821818,
        2.017535169919332,
        7.689996401468913,
        16.64872105916341,
        6.1786394119262695,
        8.236281394958496,
        15.973484992980957,
        23.96521822611491,
        20.416873931884766
      ],
      "average_accuracy": [
        70.6140350877193,
        29.385964912280702,
        70.6140350877193,
        70.6140350877193,
        34.21052631578947,
        33.771929824561404,
        53.50877192982456,
        48.68421052631579,
        53.50877192982456,
        50.0
      ]
    },
    "test": {
      "average_loss": [
        0.7587445974349976,
        0.8148850798606873,
        1.9736084938049316,
        7.501196384429932,
        15.799449920654297,
        6.944706439971924,
        7.6482014656066895,
        15.78303337097168,
        21.253406524658203,
        18.88900375366211
      ],
      "average_accuracy": [
        68.96551724137932,
        31.03448275862069,
        68.96551724137932,
        68.96551724137932,
        37.93103448275862,
        32.758620689655174,
        62.06896551724138,
        39.6551724137931,
        63.793103448275865,
        44.827586206896555
      ]
    },
    "average_loss_intra_epoch": [
      20.416873931884766
    ],
    "average_accuracy_intra_epoch": [
      50.0
    ],
    "runtime": 1.2770020961761475
  }
}