{
  "hyperparameters": {
    "architecture": "music",
    "batch_size": 100,
    "clipping_threshold": 0.0,
    "dataset_name": "JSB Chorales",
    "epochs": 5,
    "initialization_scale": "\\sqrt{\frac{6}{n+m}}",
    "inner_ISGD_iterations": 0,
    "intra_epoch": false,
    "lr": 500.0,
    "momentum": 0.0,
    "mu": 0.0,
    "nodes": 300,
    "seed": 4,
    "sgdtype": "explicit",
    "data_type": "sequential_many"
  },
  "results": {
    "train": {
      "average_loss": [
        0.013664176446633763,
        0.01749236571529319,
        0.010659182260187108,
        0.007280794229291331,
        0.004899410774431082
      ],
      "average_accuracy": [
        0,
        0,
        0,
        0,
        0
      ]
    },
    "test": {
      "average_loss": [
        0.014186273486952164,
        0.0199268909274032,
        0.012737468583509326,
        0.008616381061759281,
        0.005791698369294308
      ],
      "average_accuracy": [
        0,
        0,
        0,
        0,
        0
      ]
    },
    "average_loss_intra_epoch": [
      0.004899410774431082
    ],
    "average_accuracy_intra_epoch": [
      0
    ],
    "runtime": 106.21045184135437
  }
}