{
  "hyperparameters": {
    "architecture": "classification",
    "batch_size": 100,
    "clipping_threshold": 0.0,
    "dataset_name": "statlog-landsat_classification",
    "epochs": 10,
    "initialization_scale": "\\sqrt{\frac{6}{n+m}}",
    "inner_ISGD_iterations": 0,
    "intra_epoch": false,
    "lr": 5.0,
    "momentum": 0.0,
    "mu": 0.0,
    "nodes": 50,
    "seed": 1,
    "sgdtype": "implicit",
    "data_type": "classification"
  },
  "results": {
    "train": {
      "average_loss": [
        12.611325080578144,
        16.34661702009348,
        7.816555206592266,
        11.854188974087055,
        6.5059076593472405,
        5.363060203882364,
        10.022387862205505,
        12.005451422471266,
        15.032653423456045,
        8.104154160389534
      ],
      "average_accuracy": [
        62.2960372960373,
        68.72571872571872,
        54.7979797979798,
        77.23387723387724,
        64.12198912198912,
        75.77700077700078,
        80.8080808080808,
        69.61926961926962,
        55.36130536130536,
        74.68919968919968
      ]
    },
    "test": {
      "average_loss": [
        12.36954556978666,
        15.834322342505821,
        7.580640242649959,
        12.504729637732872,
        6.518895405989427,
        5.664511020366962,
        10.902413991781382,
        12.9481536425077,
        15.565781153165377,
        7.7423577675452595
      ],
      "average_accuracy": [
        63.32556332556332,
        68.6091686091686,
        56.48795648795649,
        76.61227661227662,
        65.11266511266511,
        77.000777000777,
        80.57498057498057,
        68.06526806526807,
        56.0994560994561,
        76.06837606837607
      ]
    },
    "average_loss_intra_epoch": [
      8.104154160389534
    ],
    "average_accuracy_intra_epoch": [
      74.68919968919968
    ],
    "runtime": 251.43364810943604
  }
}