{
  "hyperparameters": {
    "architecture": "classification",
    "batch_size": 100,
    "clipping_threshold": 0.0,
    "dataset_name": "spect_classification",
    "epochs": 10,
    "initialization_scale": "\\sqrt{\frac{6}{n+m}}",
    "inner_ISGD_iterations": 0,
    "intra_epoch": false,
    "lr": 10.0,
    "momentum": 0.0,
    "mu": 0.0,
    "nodes": 50,
    "seed": 1,
    "sgdtype": "explicit",
    "data_type": "classification"
  },
  "results": {
    "train": {
      "average_loss": [
        22.39144229888916,
        225.28936258951822,
        153.12383524576822,
        9.279398759206137,
        63.60614522298177,
        24.96663538614909,
        81.91917928059895,
        74.03900527954102,
        15.849702835083008,
        105.29309844970703
      ],
      "average_accuracy": [
        43.867924528301884,
        36.320754716981135,
        60.84905660377358,
        52.83018867924528,
        38.20754716981132,
        40.56603773584906,
        41.0377358490566,
        55.18867924528302,
        59.43396226415094,
        45.75471698113208
      ]
    },
    "test": {
      "average_loss": [
        23.465229034423828,
        209.6592559814453,
        152.10939025878906,
        14.842281341552734,
        62.02855682373047,
        26.109848022460938,
        69.93382263183594,
        83.33000183105469,
        17.161705017089844,
        96.57565307617188
      ],
      "average_accuracy": [
        50.943396226415096,
        41.509433962264154,
        60.37735849056604,
        45.283018867924525,
        41.509433962264154,
        43.39622641509434,
        45.283018867924525,
        50.943396226415096,
        58.490566037735846,
        49.056603773584904
      ]
    },
    "average_loss_intra_epoch": [
      105.29309844970703
    ],
    "average_accuracy_intra_epoch": [
      45.75471698113208
    ],
    "runtime": 3.821439027786255
  }
}