{
  "hyperparameters": {
    "architecture": "music",
    "batch_size": 100,
    "clipping_threshold": 8.0,
    "dataset_name": "Nottingham",
    "epochs": 5,
    "initialization_scale": "\\sqrt{\frac{6}{n+m}}",
    "inner_ISGD_iterations": 0,
    "intra_epoch": false,
    "lr": 200.0,
    "momentum": 0.0,
    "mu": 0.0,
    "nodes": 300,
    "seed": 3,
    "sgdtype": "explicit",
    "data_type": "sequential_many"
  },
  "results": {
    "train": {
      "average_loss": [
        0.0022369351838373176,
        0.0012051367948174958,
        0.0008838344501861189,
        0.0007268598921697148,
        0.0005929858537060537
      ],
      "average_accuracy": [
        0,
        0,
        0,
        0,
        0
      ]
    },
    "test": {
      "average_loss": [
        0.0018908738348674139,
        0.0010947526753571925,
        0.0008528071346518118,
        0.00070928399449365,
        0.0006039614219095229
      ],
      "average_accuracy": [
        0,
        0,
        0,
        0,
        0
      ]
    },
    "average_loss_intra_epoch": [
      0.0005929858537060537
    ],
    "average_accuracy_intra_epoch": [
      0
    ],
    "runtime": 1375.8720843791962
  }
}