{
  "hyperparameters": {
    "architecture": "music",
    "batch_size": 100,
    "clipping_threshold": 0.0,
    "dataset_name": "MuseData",
    "epochs": 5,
    "initialization_scale": "\\sqrt{\frac{6}{n+m}}",
    "inner_ISGD_iterations": 0,
    "intra_epoch": false,
    "lr": 2.0,
    "momentum": 0.0,
    "mu": 0.0,
    "nodes": 300,
    "seed": 2,
    "sgdtype": "implicit",
    "data_type": "sequential_many"
  },
  "results": {
    "train": {
      "average_loss": [
        0.0011362062463140736,
        0.0009751844007194394,
        0.0009038200011624726,
        0.0008602099165269632,
        0.0008296560524792996
      ],
      "average_accuracy": [
        0,
        0,
        0,
        0,
        0
      ]
    },
    "test": {
      "average_loss": [
        0.0010646707809604367,
        0.0009104748881532766,
        0.0008413366458626115,
        0.0007987586483772423,
        0.0007690693391264029
      ],
      "average_accuracy": [
        0,
        0,
        0,
        0,
        0
      ]
    },
    "average_loss_intra_epoch": [
      0.0008296560524792996
    ],
    "average_accuracy_intra_epoch": [
      0
    ],
    "runtime": 9496.846197366714
  }
}