{
  "hyperparameters": {
    "architecture": "classification",
    "batch_size": 100,
    "clipping_threshold": 0.0,
    "dataset_name": "seeds_classification",
    "epochs": 10,
    "initialization_scale": "\\sqrt{\frac{6}{n+m}}",
    "inner_ISGD_iterations": 0,
    "intra_epoch": false,
    "lr": 10.0,
    "momentum": 0.0,
    "mu": 0.0,
    "nodes": 50,
    "seed": 1,
    "sgdtype": "implicit",
    "data_type": "classification"
  },
  "results": {
    "train": {
      "average_loss": [
        2.0493433475494385,
        32.27385711669922,
        25.574877738952637,
        15.19033432006836,
        22.924168586730957,
        29.19434356689453,
        38.79947280883789,
        24.580500602722168,
        37.53206825256348,
        28.78164005279541
      ],
      "average_accuracy": [
        33.92857142857143,
        0.5952380952380952,
        58.333333333333336,
        70.23809523809524,
        69.04761904761905,
        60.714285714285715,
        61.30952380952381,
        60.714285714285715,
        60.714285714285715,
        60.714285714285715
      ]
    },
    "test": {
      "average_loss": [
        2.2178776264190674,
        30.77334213256836,
        42.44664001464844,
        26.8039608001709,
        33.33539581298828,
        28.499910354614258,
        39.57847213745117,
        24.9905948638916,
        38.13407516479492,
        28.303329467773438
      ],
      "average_accuracy": [
        30.952380952380953,
        0.0,
        50.0,
        52.38095238095238,
        52.38095238095238,
        61.904761904761905,
        61.904761904761905,
        57.142857142857146,
        61.904761904761905,
        61.904761904761905
      ]
    },
    "average_loss_intra_epoch": [
      28.78164005279541
    ],
    "average_accuracy_intra_epoch": [
      60.714285714285715
    ],
    "runtime": 5.276183366775513
  }
}