{
  "hyperparameters": {
    "architecture": "classification",
    "batch_size": 100,
    "clipping_threshold": 0.0,
    "dataset_name": "spectf_classification",
    "epochs": 10,
    "initialization_scale": "\\sqrt{\frac{6}{n+m}}",
    "inner_ISGD_iterations": 0,
    "intra_epoch": false,
    "lr": 0.01,
    "momentum": 0.0,
    "mu": 0.0,
    "nodes": 50,
    "seed": 1,
    "sgdtype": "implicit",
    "data_type": "classification"
  },
  "results": {
    "train": {
      "average_loss": [
        0.6877446969350179,
        0.6810260613759359,
        0.6746385097503662,
        0.6685611804326376,
        0.6627750992774963,
        0.6572622458140055,
        0.6520061492919922,
        0.6469916105270386,
        0.642204225063324,
        0.6376307805379232
      ],
      "average_accuracy": [
        57.27699530516432,
        69.48356807511738,
        78.87323943661971,
        81.69014084507042,
        78.87323943661971,
        78.87323943661971,
        78.87323943661971,
        78.87323943661971,
        78.87323943661971,
        78.87323943661971
      ]
    },
    "test": {
      "average_loss": [
        0.6899760365486145,
        0.6820167303085327,
        0.6744250655174255,
        0.6671788692474365,
        0.6602577567100525,
        0.6536427736282349,
        0.6473162174224854,
        0.6412615776062012,
        0.6354636549949646,
        0.6299083232879639
      ],
      "average_accuracy": [
        48.148148148148145,
        66.66666666666667,
        74.07407407407408,
        83.33333333333333,
        81.48148148148148,
        81.48148148148148,
        81.48148148148148,
        81.48148148148148,
        81.48148148148148,
        81.48148148148148
      ]
    },
    "average_loss_intra_epoch": [
      0.6376307805379232
    ],
    "average_accuracy_intra_epoch": [
      78.87323943661971
    ],
    "runtime": 15.36564564704895
  }
}