{
  "hyperparameters": {
    "architecture": "classification",
    "batch_size": 100,
    "clipping_threshold": 0.0,
    "dataset_name": "molec-biol-promoter_classification",
    "epochs": 10,
    "initialization_scale": "\\sqrt{\frac{6}{n+m}}",
    "inner_ISGD_iterations": 0,
    "intra_epoch": false,
    "lr": 50.0,
    "momentum": 0.0,
    "mu": 0.0,
    "nodes": 50,
    "seed": 1,
    "sgdtype": "explicit",
    "data_type": "classification"
  },
  "results": {
    "train": {
      "average_loss": [
        4.191048622131348,
        84.50232696533203,
        131.64791870117188,
        2738.85595703125,
        535.15869140625,
        2328.817626953125,
        906.2837524414062,
        1482.2412109375,
        1067.5181884765625,
        974.8533325195312
      ],
      "average_accuracy": [
        54.76190476190476,
        19.047619047619047,
        53.57142857142857,
        47.61904761904762,
        53.57142857142857,
        45.23809523809524,
        53.57142857142857,
        47.61904761904762,
        51.19047619047619,
        48.80952380952381
      ]
    },
    "test": {
      "average_loss": [
        6.3446269035339355,
        52.2478141784668,
        145.87257385253906,
        2445.3916015625,
        628.4124755859375,
        2291.239990234375,
        891.229248046875,
        1270.5352783203125,
        1244.8369140625,
        874.6458740234375
      ],
      "average_accuracy": [
        31.818181818181817,
        31.818181818181817,
        50.0,
        54.54545454545455,
        45.45454545454545,
        45.45454545454545,
        50.0,
        50.0,
        45.45454545454545,
        54.54545454545455
      ]
    },
    "average_loss_intra_epoch": [
      974.8533325195312
    ],
    "average_accuracy_intra_epoch": [
      48.80952380952381
    ],
    "runtime": 0.7939760684967041
  }
}