{
  "hyperparameters": {
    "architecture": "classification",
    "batch_size": 100,
    "clipping_threshold": 0.0,
    "dataset_name": "cylinder-bands_classification",
    "epochs": 10,
    "initialization_scale": "\\sqrt{\frac{6}{n+m}}",
    "inner_ISGD_iterations": 0,
    "intra_epoch": false,
    "lr": 10.0,
    "momentum": 0.0,
    "mu": 0.0,
    "nodes": 50,
    "seed": 1,
    "sgdtype": "explicit",
    "data_type": "classification"
  },
  "results": {
    "train": {
      "average_loss": [
        88.98489837646484,
        171.6530975341797,
        159.6247344970703,
        49.2630111694336,
        109.72518615722656,
        80.27447357177735,
        46.667529296875,
        31.590708541870118,
        48.42163772583008,
        75.38647003173828
      ],
      "average_accuracy": [
        48.655256723716384,
        51.344743276283616,
        52.567237163814184,
        47.67726161369193,
        58.43520782396088,
        46.69926650366748,
        54.76772616136919,
        58.924205378973106,
        50.8557457212714,
        61.12469437652812
      ]
    },
    "test": {
      "average_loss": [
        108.91881942749023,
        210.95600128173828,
        149.64216995239258,
        68.77352905273438,
        56.11678695678711,
        94.5153694152832,
        88.2947940826416,
        37.79228496551514,
        62.043373107910156,
        36.751998057588935
      ],
      "average_accuracy": [
        39.80582524271845,
        49.51456310679612,
        51.45631067961165,
        49.51456310679612,
        61.16504854368932,
        42.71844660194175,
        55.33980582524272,
        61.16504854368932,
        45.63106796116505,
        61.16504854368932
      ]
    },
    "average_loss_intra_epoch": [
      75.38647003173828
    ],
    "average_accuracy_intra_epoch": [
      61.12469437652812
    ],
    "runtime": 4.029627323150635
  }
}