{
  "hyperparameters": {
    "architecture": "classification",
    "batch_size": 100,
    "clipping_threshold": 0.0,
    "dataset_name": "zoo_classification",
    "epochs": 10,
    "initialization_scale": "\\sqrt{\frac{6}{n+m}}",
    "inner_ISGD_iterations": 0,
    "intra_epoch": false,
    "lr": 3.0,
    "momentum": 0.0,
    "mu": 0.0,
    "nodes": 50,
    "seed": 1,
    "sgdtype": "implicit",
    "data_type": "classification"
  },
  "results": {
    "train": {
      "average_loss": [
        1.71234929561615,
        1.6402113437652588,
        1.375160574913025,
        1.0681750774383545,
        1.8108752965927124,
        1.944880485534668,
        3.7232425212860107,
        2.0352814197540283,
        1.9666812419891357,
        6.579174995422363
      ],
      "average_accuracy": [
        37.5,
        37.5,
        55.0,
        56.25,
        47.5,
        32.5,
        0.0,
        52.5,
        56.25,
        10.0
      ]
    },
    "test": {
      "average_loss": [
        1.5374318361282349,
        1.4359819889068604,
        1.133878469467163,
        0.7042784690856934,
        1.4466562271118164,
        2.202951431274414,
        3.46199369430542,
        1.6857670545578003,
        1.1584795713424683,
        6.640598773956299
      ],
      "average_accuracy": [
        52.38095238095238,
        52.38095238095238,
        76.19047619047619,
        76.19047619047619,
        52.38095238095238,
        28.571428571428573,
        0.0,
        57.142857142857146,
        76.19047619047619,
        0.0
      ]
    },
    "average_loss_intra_epoch": [
      6.579174995422363
    ],
    "average_accuracy_intra_epoch": [
      10.0
    ],
    "runtime": 4.775785446166992
  }
}