{
  "hyperparameters": {
    "architecture": "music",
    "batch_size": 100,
    "clipping_threshold": 0.0,
    "dataset_name": "Nottingham",
    "epochs": 5,
    "initialization_scale": "\\sqrt{\frac{6}{n+m}}",
    "inner_ISGD_iterations": 0,
    "intra_epoch": false,
    "lr": 2.0,
    "momentum": 0.0,
    "mu": 0.0,
    "nodes": 300,
    "seed": 3,
    "sgdtype": "implicit",
    "data_type": "sequential_many"
  },
  "results": {
    "train": {
      "average_loss": [
        0.0008557743599379344,
        0.0007153272944397188,
        0.000650449878139363,
        0.0006087434757337335,
        0.000577567172403144
      ],
      "average_accuracy": [
        0,
        0,
        0,
        0,
        0
      ]
    },
    "test": {
      "average_loss": [
        0.0008489986190397758,
        0.0007131721316802535,
        0.0006513611919431509,
        0.0006121196997649831,
        0.0005831359209824929
      ],
      "average_accuracy": [
        0,
        0,
        0,
        0,
        0
      ]
    },
    "average_loss_intra_epoch": [
      0.000577567172403144
    ],
    "average_accuracy_intra_epoch": [
      0
    ],
    "runtime": 6809.267635345459
  }
}