{
  "hyperparameters": {
    "architecture": "music",
    "batch_size": 100,
    "clipping_threshold": 0.0,
    "dataset_name": "Piano-midi.de",
    "epochs": 5,
    "initialization_scale": "\\sqrt{\frac{6}{n+m}}",
    "inner_ISGD_iterations": 0,
    "intra_epoch": false,
    "lr": 1.0,
    "momentum": 0.0,
    "mu": 0.0,
    "nodes": 300,
    "seed": 1,
    "sgdtype": "explicit",
    "data_type": "sequential_many"
  },
  "results": {
    "train": {
      "average_loss": [
        0.0014165615195933002,
        0.001306871009954444,
        0.0011838200524176374,
        0.001070628709416708,
        0.0009707598349858268
      ],
      "average_accuracy": [
        0,
        0,
        0,
        0,
        0
      ]
    },
    "test": {
      "average_loss": [
        0.0016397138265892863,
        0.0015098696807399393,
        0.0013674981676740571,
        0.0012390823749592527,
        0.0011267444293480366
      ],
      "average_accuracy": [
        0,
        0,
        0,
        0,
        0
      ]
    },
    "average_loss_intra_epoch": [
      0.0009707598349858268
    ],
    "average_accuracy_intra_epoch": [
      0
    ],
    "runtime": 1277.867003917694
  }
}