{
  "hyperparameters": {
    "architecture": "classification",
    "batch_size": 100,
    "clipping_threshold": 0.0,
    "dataset_name": "musk-1_classification",
    "epochs": 10,
    "initialization_scale": "\\sqrt{\frac{6}{n+m}}",
    "inner_ISGD_iterations": 0,
    "intra_epoch": false,
    "lr": 0.1,
    "momentum": 0.0,
    "mu": 0.0,
    "nodes": 50,
    "seed": 1,
    "sgdtype": "explicit",
    "data_type": "classification"
  },
  "results": {
    "train": {
      "average_loss": [
        0.6291844248771667,
        0.5714041292667389,
        0.5175409615039825,
        0.47046157717704773,
        0.4320274814963341,
        0.40098030865192413,
        0.3751256391406059,
        0.35287290811538696,
        0.33338257670402527,
        0.3165258392691612
      ],
      "average_accuracy": [
        67.36842105263158,
        73.6842105263158,
        77.63157894736842,
        81.3157894736842,
        81.3157894736842,
        82.36842105263158,
        83.42105263157895,
        85.78947368421052,
        86.3157894736842,
        86.57894736842105
      ]
    },
    "test": {
      "average_loss": [
        0.6403165459632874,
        0.5749443173408508,
        0.5138154625892639,
        0.4603854715824127,
        0.4177030622959137,
        0.3850942850112915,
        0.36051204800605774,
        0.34221044182777405,
        0.32896625995635986,
        0.3203246593475342
      ],
      "average_accuracy": [
        60.416666666666664,
        67.70833333333333,
        73.95833333333333,
        78.125,
        79.16666666666667,
        82.29166666666667,
        83.33333333333333,
        83.33333333333333,
        84.375,
        84.375
      ]
    },
    "average_loss_intra_epoch": [
      0.3165258392691612
    ],
    "average_accuracy_intra_epoch": [
      86.57894736842105
    ],
    "runtime": 4.682112216949463
  }
}