{
  "hyperparameters": {
    "architecture": "music",
    "batch_size": 100,
    "clipping_threshold": 0.0,
    "dataset_name": "JSB Chorales",
    "epochs": 10,
    "initialization_scale": "\\sqrt{\frac{6}{n+m}}",
    "inner_ISGD_iterations": 0,
    "intra_epoch": false,
    "lr": 5.0,
    "momentum": 0.0,
    "mu": 0.0,
    "nodes": 50,
    "seed": 1,
    "sgdtype": "implicit",
    "data_type": "sequential_many"
  },
  "results": {
    "train": {
      "average_loss": [
        19.144760496231147,
        15.379449357111902,
        15.101557202734801,
        15.211923747083505,
        15.586700393643442,
        16.273526570682442,
        14.89008934737293,
        15.624090819379647,
        14.020484193443732,
        14.88613615077656
      ],
      "average_accuracy": [
        0,
        0,
        0,
        0,
        0,
        0,
        0,
        0,
        0,
        0
      ]
    },
    "test": {
      "average_loss": [
        19.415966355955447,
        15.597645561416428,
        15.390571848138586,
        15.484389596171193,
        15.804110539423956,
        16.518488190390848,
        15.183001926967076,
        16.019148275449677,
        14.233310557031013,
        15.12180875802969
      ],
      "average_accuracy": [
        0,
        0,
        0,
        0,
        0,
        0,
        0,
        0,
        0,
        0
      ]
    },
    "average_loss_intra_epoch": [
      14.88613615077656
    ],
    "average_accuracy_intra_epoch": [
      0
    ],
    "runtime": 722.0466904640198
  }
}