{
  "hyperparameters": {
    "architecture": "classification",
    "batch_size": 100,
    "clipping_threshold": 0.0,
    "dataset_name": "pittsburg-bridges-MATERIAL_classification",
    "epochs": 10,
    "initialization_scale": "\\sqrt{\frac{6}{n+m}}",
    "inner_ISGD_iterations": 0,
    "intra_epoch": false,
    "lr": 50.0,
    "momentum": 0.0,
    "mu": 0.0,
    "nodes": 50,
    "seed": 1,
    "sgdtype": "explicit",
    "data_type": "classification"
  },
  "results": {
    "train": {
      "average_loss": [
        7.162077903747559,
        157.68582153320312,
        289.79119873046875,
        238.1077880859375,
        134.2564239501953,
        133.41331481933594,
        272.0056457519531,
        168.7158660888672,
        104.4257583618164,
        360.095703125
      ],
      "average_accuracy": [
        72.61904761904762,
        16.666666666666668,
        16.666666666666668,
        72.61904761904762,
        72.61904761904762,
        10.714285714285714,
        72.61904761904762,
        72.61904761904762,
        16.666666666666668,
        72.61904761904762
      ]
    },
    "test": {
      "average_loss": [
        4.945032119750977,
        175.98658752441406,
        315.14599609375,
        148.9252471923828,
        81.08626556396484,
        116.01197052001953,
        192.54135131835938,
        125.01506042480469,
        96.47109985351562,
        236.36895751953125
      ],
      "average_accuracy": [
        81.81818181818181,
        9.090909090909092,
        9.090909090909092,
        81.81818181818181,
        81.81818181818181,
        9.090909090909092,
        81.81818181818181,
        81.81818181818181,
        9.090909090909092,
        81.81818181818181
      ]
    },
    "average_loss_intra_epoch": [
      360.095703125
    ],
    "average_accuracy_intra_epoch": [
      72.61904761904762
    ],
    "runtime": 3.4434549808502197
  }
}