{
  "hyperparameters": {
    "architecture": "classification",
    "batch_size": 100,
    "clipping_threshold": 0.0,
    "dataset_name": "heart-cleveland_classification",
    "epochs": 10,
    "initialization_scale": "\\sqrt{\frac{6}{n+m}}",
    "inner_ISGD_iterations": 0,
    "intra_epoch": false,
    "lr": 3.0,
    "momentum": 0.0,
    "mu": 0.0,
    "nodes": 50,
    "seed": 1,
    "sgdtype": "implicit",
    "data_type": "classification"
  },
  "results": {
    "train": {
      "average_loss": [
        1.3023016055425007,
        1.0120794773101807,
        1.0679055054982503,
        0.9532625476519266,
        1.0178537567456563,
        0.9116809765497843,
        0.9475310643513998,
        0.9072811007499695,
        0.9399102330207825,
        0.9147109786669413
      ],
      "average_accuracy": [
        53.71900826446281,
        57.43801652892562,
        57.85123966942149,
        60.33057851239669,
        58.264462809917354,
        60.33057851239669,
        58.67768595041322,
        60.33057851239669,
        58.67768595041322,
        59.50413223140496
      ]
    },
    "test": {
      "average_loss": [
        1.275127649307251,
        0.9924184083938599,
        1.0121837854385376,
        0.8957408666610718,
        1.011461615562439,
        0.8783029317855835,
        0.9439496994018555,
        0.8862611055374146,
        0.944797694683075,
        0.8971593379974365
      ],
      "average_accuracy": [
        55.73770491803279,
        55.73770491803279,
        67.21311475409836,
        67.21311475409836,
        60.65573770491803,
        67.21311475409836,
        60.65573770491803,
        67.21311475409836,
        59.01639344262295,
        63.9344262295082
      ]
    },
    "average_loss_intra_epoch": [
      0.9147109786669413
    ],
    "average_accuracy_intra_epoch": [
      59.50413223140496
    ],
    "runtime": 1.8618440628051758
  }
}