{
  "hyperparameters": {
    "architecture": "classification",
    "batch_size": 100,
    "clipping_threshold": 0.0,
    "dataset_name": "plant-margin_classification",
    "epochs": 10,
    "initialization_scale": "\\sqrt{\frac{6}{n+m}}",
    "inner_ISGD_iterations": 0,
    "intra_epoch": false,
    "lr": 0.5,
    "momentum": 0.0,
    "mu": 0.0,
    "nodes": 50,
    "seed": 1,
    "sgdtype": "explicit",
    "data_type": "classification"
  },
  "results": {
    "train": {
      "average_loss": [
        4.450843517596905,
        3.9492024458371677,
        3.350975440098689,
        2.8077578911414514,
        2.430901729143583,
        2.144739581988408,
        1.9107488852280836,
        1.710959948026217,
        1.5376471005953276,
        1.3854714632034302
      ],
      "average_accuracy": [
        8.28125,
        11.5625,
        22.1875,
        34.375,
        44.375,
        50.0,
        53.671875,
        56.71875,
        59.296875,
        62.96875
      ]
    },
    "test": {
      "average_loss": [
        4.467426896095276,
        4.004662990570068,
        3.4755674600601196,
        2.984041154384613,
        2.618186831474304,
        2.3268677592277527,
        2.0849271416664124,
        1.8795353472232819,
        1.7073324620723724,
        1.5681700706481934
      ],
      "average_accuracy": [
        6.875,
        7.5,
        14.6875,
        27.5,
        34.0625,
        40.625,
        43.75,
        47.1875,
        49.375,
        51.5625
      ]
    },
    "average_loss_intra_epoch": [
      1.3854714632034302
    ],
    "average_accuracy_intra_epoch": [
      62.96875
    ],
    "runtime": 5.4651219844818115
  }
}