{
  "hyperparameters": {
    "architecture": "classification",
    "batch_size": 100,
    "clipping_threshold": 0.0,
    "dataset_name": "lymphography_classification",
    "epochs": 10,
    "initialization_scale": "\\sqrt{\frac{6}{n+m}}",
    "inner_ISGD_iterations": 0,
    "intra_epoch": false,
    "lr": 0.5,
    "momentum": 0.0,
    "mu": 0.0,
    "nodes": 50,
    "seed": 1,
    "sgdtype": "implicit",
    "data_type": "classification"
  },
  "results": {
    "train": {
      "average_loss": [
        1.132632851600647,
        0.9950534105300903,
        0.9144371449947357,
        0.8634742498397827,
        0.8275850415229797,
        0.7976253032684326,
        0.7648739516735077,
        0.7157323062419891,
        0.6264870464801788,
        0.4903133511543274
      ],
      "average_accuracy": [
        53.389830508474574,
        53.389830508474574,
        53.389830508474574,
        53.389830508474574,
        53.389830508474574,
        53.389830508474574,
        53.389830508474574,
        59.32203389830509,
        79.66101694915254,
        86.44067796610169
      ]
    },
    "test": {
      "average_loss": [
        1.1476141214370728,
        1.025019645690918,
        0.9593112468719482,
        0.9235082864761353,
        0.9024109244346619,
        0.8868528008460999,
        0.8696264624595642,
        0.841986894607544,
        0.7945764660835266,
        0.7550708651542664
      ],
      "average_accuracy": [
        60.0,
        60.0,
        60.0,
        60.0,
        60.0,
        60.0,
        60.0,
        63.333333333333336,
        73.33333333333333,
        73.33333333333333
      ]
    },
    "average_loss_intra_epoch": [
      0.4903133511543274
    ],
    "average_accuracy_intra_epoch": [
      86.44067796610169
    ],
    "runtime": 6.732763290405273
  }
}