{
  "hyperparameters": {
    "architecture": "classification",
    "batch_size": 100,
    "clipping_threshold": 0.0,
    "dataset_name": "oocytes-merluccius-states-2f_classification",
    "epochs": 10,
    "initialization_scale": "\\sqrt{\frac{6}{n+m}}",
    "inner_ISGD_iterations": 0,
    "intra_epoch": false,
    "lr": 30.0,
    "momentum": 0.0,
    "mu": 0.0,
    "nodes": 50,
    "seed": 1,
    "sgdtype": "explicit",
    "data_type": "classification"
  },
  "results": {
    "train": {
      "average_loss": [
        265.9207780626085,
        74.32758543226454,
        58.16390694512261,
        369.3096652560764,
        137.70656416151257,
        29.41935772365994,
        20.779737154642742,
        53.07938999599881,
        171.2743640475803,
        255.92412567138672
      ],
      "average_accuracy": [
        42.71725826193391,
        77.84577723378213,
        73.07221542227663,
        44.063647490820074,
        50.55079559363525,
        77.60097919216646,
        83.2313341493268,
        72.70501835985313,
        58.506731946144434,
        56.670746634026926
      ]
    },
    "test": {
      "average_loss": [
        278.90211995442706,
        107.47399393717448,
        36.984222412109375,
        504.0329895019531,
        197.28333028157553,
        33.057833989461265,
        24.41592788696289,
        87.76316197713216,
        247.8426259358724,
        363.8448486328125
      ],
      "average_accuracy": [
        40.48780487804878,
        68.78048780487805,
        73.65853658536585,
        40.97560975609756,
        48.292682926829265,
        77.07317073170732,
        77.5609756097561,
        71.70731707317073,
        58.53658536585366,
        58.048780487804876
      ]
    },
    "average_loss_intra_epoch": [
      255.92412567138672
    ],
    "average_accuracy_intra_epoch": [
      56.670746634026926
    ],
    "runtime": 4.109329462051392
  }
}