{
  "hyperparameters": {
    "architecture": "classification",
    "batch_size": 100,
    "clipping_threshold": 0.0,
    "dataset_name": "image-segmentation_classification",
    "epochs": 10,
    "initialization_scale": "\\sqrt{\frac{6}{n+m}}",
    "inner_ISGD_iterations": 0,
    "intra_epoch": false,
    "lr": 1.0,
    "momentum": 0.0,
    "mu": 0.0,
    "nodes": 50,
    "seed": 1,
    "sgdtype": "implicit",
    "data_type": "classification"
  },
  "results": {
    "train": {
      "average_loss": [
        1.0631539162836576,
        1.3535527053632235,
        0.49359432019685445,
        0.3433285143814589,
        0.3440355078170174,
        0.28578747181515946,
        0.20209121155111412,
        0.16744959315187052,
        0.15812002534144803,
        0.14831013761852918
      ],
      "average_accuracy": [
        63.2034632034632,
        56.6017316017316,
        78.24675324675324,
        87.87878787878788,
        88.69047619047619,
        92.04545454545455,
        93.45238095238095,
        94.20995670995671,
        94.58874458874459,
        94.85930735930737
      ]
    },
    "test": {
      "average_loss": [
        1.1216790676116943,
        1.5793160438537597,
        0.506579065322876,
        0.36863293647766116,
        0.3793511509895325,
        0.2985564559698105,
        0.20754033029079438,
        0.17377060279250145,
        0.16708775982260704,
        0.16448104307055472
      ],
      "average_accuracy": [
        60.82251082251082,
        49.78354978354978,
        81.16883116883118,
        87.01298701298701,
        89.17748917748918,
        92.20779220779221,
        92.85714285714286,
        94.37229437229438,
        94.15584415584415,
        94.15584415584415
      ]
    },
    "average_loss_intra_epoch": [
      0.14831013761852918
    ],
    "average_accuracy_intra_epoch": [
      94.85930735930737
    ],
    "runtime": 51.92349052429199
  }
}