{
  "hyperparameters": {
    "architecture": "classification",
    "batch_size": 100,
    "clipping_threshold": 0.0,
    "dataset_name": "conn-bench-vowel-deterding_classification",
    "epochs": 10,
    "initialization_scale": "\\sqrt{\frac{6}{n+m}}",
    "inner_ISGD_iterations": 0,
    "intra_epoch": false,
    "lr": 0.5,
    "momentum": 0.0,
    "mu": 0.0,
    "nodes": 50,
    "seed": 1,
    "sgdtype": "explicit",
    "data_type": "classification"
  },
  "results": {
    "train": {
      "average_loss": [
        2.399376332759857,
        2.395206332206726,
        2.3915100693702698,
        2.3854784965515137,
        2.3702874183654785,
        2.313517242670059,
        2.098013162612915,
        1.7975927293300629,
        1.492624044418335,
        1.327401876449585
      ],
      "average_accuracy": [
        10.1010101010101,
        10.1010101010101,
        10.1010101010101,
        10.1010101010101,
        12.121212121212121,
        26.767676767676768,
        23.232323232323232,
        35.60606060606061,
        46.21212121212121,
        48.86363636363637
      ]
    },
    "test": {
      "average_loss": [
        2.409178137779236,
        2.40716290473938,
        2.4048279523849487,
        2.3995680809020996,
        2.3844704627990723,
        2.3252238035202026,
        2.095547318458557,
        1.7963412404060364,
        1.5253446102142334,
        1.3838372230529785
      ],
      "average_accuracy": [
        5.05050505050505,
        5.05050505050505,
        5.05050505050505,
        5.05050505050505,
        6.0606060606060606,
        21.717171717171716,
        23.232323232323232,
        38.38383838383838,
        45.45454545454545,
        53.535353535353536
      ]
    },
    "average_loss_intra_epoch": [
      1.327401876449585
    ],
    "average_accuracy_intra_epoch": [
      48.86363636363637
    ],
    "runtime": 4.008601903915405
  }
}