{
  "hyperparameters": {
    "architecture": "classification",
    "batch_size": 100,
    "clipping_threshold": 0.0,
    "dataset_name": "ilpd-indian-liver_classification",
    "epochs": 10,
    "initialization_scale": "\\sqrt{\frac{6}{n+m}}",
    "inner_ISGD_iterations": 0,
    "intra_epoch": false,
    "lr": 1.0,
    "momentum": 0.0,
    "mu": 0.0,
    "nodes": 50,
    "seed": 1,
    "sgdtype": "implicit",
    "data_type": "classification"
  },
  "results": {
    "train": {
      "average_loss": [
        0.6000608563423157,
        0.5995582580566406,
        0.5989346385002137,
        0.5977000951766968,
        0.5948238849639893,
        0.5867695331573486,
        0.5625360012054443,
        0.5328881561756134,
        0.5373538792133331,
        0.5471746802330018
      ],
      "average_accuracy": [
        71.45922746781116,
        71.45922746781116,
        71.45922746781116,
        71.45922746781116,
        71.45922746781116,
        71.45922746781116,
        71.45922746781116,
        69.09871244635193,
        68.24034334763948,
        67.16738197424893
      ]
    },
    "test": {
      "average_loss": [
        0.6656089127063751,
        0.6659086048603058,
        0.6651410758495331,
        0.6636145114898682,
        0.6601255834102631,
        0.6505930125713348,
        0.6225243210792542,
        0.5837962627410889,
        0.5683776438236237,
        0.5709725618362427
      ],
      "average_accuracy": [
        70.94017094017094,
        70.94017094017094,
        70.94017094017094,
        70.94017094017094,
        70.94017094017094,
        70.94017094017094,
        70.94017094017094,
        70.08547008547009,
        61.53846153846154,
        62.39316239316239
      ]
    },
    "average_loss_intra_epoch": [
      0.5471746802330018
    ],
    "average_accuracy_intra_epoch": [
      67.16738197424893
    ],
    "runtime": 10.214054346084595
  }
}