{
  "hyperparameters": {
    "architecture": "music",
    "batch_size": 100,
    "clipping_threshold": 0.0,
    "dataset_name": "Piano-midi.de",
    "epochs": 10,
    "initialization_scale": "\\sqrt{\frac{6}{n+m}}",
    "inner_ISGD_iterations": 0,
    "intra_epoch": false,
    "lr": 0.01,
    "momentum": 0.0,
    "mu": 0.0,
    "nodes": 50,
    "seed": 1,
    "sgdtype": "implicit",
    "data_type": "sequential_many"
  },
  "results": {
    "train": {
      "average_loss": [
        123.75794652960766,
        121.11695922106162,
        119.72053717470718,
        119.91569333788992,
        119.11984496281065,
        118.50621004214231,
        116.03197084624192,
        113.85076118337697,
        111.93979516522637,
        110.92370982553767
      ],
      "average_accuracy": [
        0,
        0,
        0,
        0,
        0,
        0,
        0,
        0,
        0,
        0
      ]
    },
    "test": {
      "average_loss": [
        105.98509490966796,
        103.78029842376709,
        102.69974227905273,
        102.07732662200928,
        100.7914489364624,
        100.2769875717163,
        98.66790897369384,
        97.3230110168457,
        96.15501007080078,
        95.35176811218261
      ],
      "average_accuracy": [
        0,
        0,
        0,
        0,
        0,
        0,
        0,
        0,
        0,
        0
      ]
    },
    "average_loss_intra_epoch": [
      110.92370982553767
    ],
    "average_accuracy_intra_epoch": [
      0
    ],
    "runtime": 5356.197582244873
  }
}