{
  "hyperparameters": {
    "architecture": "classification",
    "batch_size": 100,
    "clipping_threshold": 0.0,
    "dataset_name": "musk-1_classification",
    "epochs": 10,
    "initialization_scale": "\\sqrt{\frac{6}{n+m}}",
    "inner_ISGD_iterations": 0,
    "intra_epoch": false,
    "lr": 5.0,
    "momentum": 0.0,
    "mu": 0.0,
    "nodes": 50,
    "seed": 1,
    "sgdtype": "implicit",
    "data_type": "classification"
  },
  "results": {
    "train": {
      "average_loss": [
        441.04654693603516,
        787.4539794921875,
        864.9788818359375,
        954.8529052734375,
        815.7865142822266,
        670.5025482177734,
        591.8459320068359,
        535.0905227661133,
        462.5326843261719,
        373.70584869384766
      ],
      "average_accuracy": [
        48.421052631578945,
        51.05263157894737,
        52.36842105263158,
        47.89473684210526,
        48.421052631578945,
        49.473684210526315,
        49.473684210526315,
        49.473684210526315,
        49.473684210526315,
        49.473684210526315
      ]
    },
    "test": {
      "average_loss": [
        431.2737731933594,
        801.33203125,
        866.24365234375,
        956.7448120117188,
        823.6629028320312,
        663.6085815429688,
        585.2777709960938,
        528.8838500976562,
        456.5490417480469,
        367.8254089355469
      ],
      "average_accuracy": [
        48.958333333333336,
        50.0,
        52.083333333333336,
        47.916666666666664,
        47.916666666666664,
        50.0,
        50.0,
        50.0,
        50.0,
        50.0
      ]
    },
    "average_loss_intra_epoch": [
      373.70584869384766
    ],
    "average_accuracy_intra_epoch": [
      49.473684210526315
    ],
    "runtime": 81.39928793907166
  }
}