{
  "hyperparameters": {
    "architecture": "classification",
    "batch_size": 100,
    "clipping_threshold": 0.0,
    "dataset_name": "planning_classification",
    "epochs": 10,
    "initialization_scale": "\\sqrt{\frac{6}{n+m}}",
    "inner_ISGD_iterations": 0,
    "intra_epoch": false,
    "lr": 50.0,
    "momentum": 0.0,
    "mu": 0.0,
    "nodes": 50,
    "seed": 1,
    "sgdtype": "explicit",
    "data_type": "classification"
  },
  "results": {
    "train": {
      "average_loss": [
        6.341372728347778,
        417.9785919189453,
        62.473487854003906,
        320.5747299194336,
        148.82651138305664,
        282.7706069946289,
        74.36759757995605,
        407.74839782714844,
        63.47950553894043,
        453.8497314453125
      ],
      "average_accuracy": [
        71.72413793103448,
        28.96551724137931,
        70.34482758620689,
        71.72413793103448,
        28.275862068965516,
        71.72413793103448,
        71.72413793103448,
        71.72413793103448,
        66.89655172413794,
        71.72413793103448
      ]
    },
    "test": {
      "average_loss": [
        7.08192253112793,
        385.5274353027344,
        72.92913818359375,
        346.4698181152344,
        177.19155883789062,
        318.69805908203125,
        84.22868347167969,
        457.6083679199219,
        68.25286102294922,
        508.8211975097656
      ],
      "average_accuracy": [
        70.27027027027027,
        29.72972972972973,
        67.56756756756756,
        70.27027027027027,
        29.72972972972973,
        70.27027027027027,
        70.27027027027027,
        70.27027027027027,
        67.56756756756756,
        70.27027027027027
      ]
    },
    "average_loss_intra_epoch": [
      453.8497314453125
    ],
    "average_accuracy_intra_epoch": [
      71.72413793103448
    ],
    "runtime": 3.5750343799591064
  }
}