{
  "hyperparameters": {
    "architecture": "classification",
    "batch_size": 100,
    "clipping_threshold": 0.0,
    "dataset_name": "ionosphere_classification",
    "epochs": 10,
    "initialization_scale": "\\sqrt{\frac{6}{n+m}}",
    "inner_ISGD_iterations": 0,
    "intra_epoch": false,
    "lr": 30.0,
    "momentum": 0.0,
    "mu": 0.0,
    "nodes": 50,
    "seed": 1,
    "sgdtype": "implicit",
    "data_type": "classification"
  },
  "results": {
    "train": {
      "average_loss": [
        5.765413125356038,
        50.42995071411133,
        174.75188446044922,
        289.520512898763,
        644.9369099934896,
        293.0605061848958,
        139.02920532226562,
        44.65681076049805,
        609.9241434733073,
        768.4722595214844
      ],
      "average_accuracy": [
        70.35714285714286,
        70.0,
        70.0,
        70.35714285714286,
        29.642857142857142,
        29.642857142857142,
        29.642857142857142,
        65.0,
        70.35714285714286,
        70.71428571428571
      ]
    },
    "test": {
      "average_loss": [
        5.4644036293029785,
        35.72942352294922,
        114.65594482421875,
        194.5137481689453,
        727.7393188476562,
        339.6092529296875,
        172.61737060546875,
        48.500118255615234,
        408.4976501464844,
        514.48974609375
      ],
      "average_accuracy": [
        78.87323943661971,
        77.46478873239437,
        78.87323943661971,
        78.87323943661971,
        21.12676056338028,
        21.12676056338028,
        21.12676056338028,
        60.563380281690144,
        78.87323943661971,
        78.87323943661971
      ]
    },
    "average_loss_intra_epoch": [
      768.4722595214844
    ],
    "average_accuracy_intra_epoch": [
      70.71428571428571
    ],
    "runtime": 15.307766437530518
  }
}