{
  "hyperparameters": {
    "architecture": "classification",
    "batch_size": 100,
    "clipping_threshold": 0.0,
    "dataset_name": "breast-tissue_classification",
    "epochs": 10,
    "initialization_scale": "\\sqrt{\frac{6}{n+m}}",
    "inner_ISGD_iterations": 0,
    "intra_epoch": false,
    "lr": 0.1,
    "momentum": 0.0,
    "mu": 0.0,
    "nodes": 50,
    "seed": 1,
    "sgdtype": "implicit",
    "data_type": "classification"
  },
  "results": {
    "train": {
      "average_loss": [
        1.7825736999511719,
        1.7818819284439087,
        1.7812174558639526,
        1.7805792093276978,
        1.7799655199050903,
        1.7793755531311035,
        1.7788071632385254,
        1.7782610654830933,
        1.7777341604232788,
        1.7772272825241089
      ],
      "average_accuracy": [
        23.80952380952381,
        23.80952380952381,
        23.80952380952381,
        23.80952380952381,
        23.80952380952381,
        23.80952380952381,
        23.80952380952381,
        23.80952380952381,
        23.80952380952381,
        23.80952380952381
      ]
    },
    "test": {
      "average_loss": [
        1.8200396299362183,
        1.8202776908874512,
        1.8205205202102661,
        1.8207672834396362,
        1.8210171461105347,
        1.8212703466415405,
        1.8215248584747314,
        1.821781873703003,
        1.8220398426055908,
        1.822298526763916
      ],
      "average_accuracy": [
        4.545454545454546,
        4.545454545454546,
        4.545454545454546,
        4.545454545454546,
        4.545454545454546,
        4.545454545454546,
        4.545454545454546,
        4.545454545454546,
        4.545454545454546,
        4.545454545454546
      ]
    },
    "average_loss_intra_epoch": [
      1.7772272825241089
    ],
    "average_accuracy_intra_epoch": [
      23.80952380952381
    ],
    "runtime": 3.9981772899627686
  }
}