{
  "hyperparameters": {
    "architecture": "music",
    "batch_size": 100,
    "clipping_threshold": 8.0,
    "dataset_name": "JSB Chorales",
    "epochs": 5,
    "initialization_scale": "\\sqrt{\frac{6}{n+m}}",
    "inner_ISGD_iterations": 0,
    "intra_epoch": false,
    "lr": 200.0,
    "momentum": 0.0,
    "mu": 0.0,
    "nodes": 300,
    "seed": 4,
    "sgdtype": "explicit",
    "data_type": "sequential_many"
  },
  "results": {
    "train": {
      "average_loss": [
        0.0021838299720649767,
        0.002813624030011645,
        0.002923910132676412,
        0.0018843116773003671,
        0.0023750895115762427
      ],
      "average_accuracy": [
        0,
        0,
        0,
        0,
        0
      ]
    },
    "test": {
      "average_loss": [
        0.002123271903573451,
        0.002851339164431896,
        0.0028282121895788262,
        0.0018877691057111537,
        0.0022051708988978396
      ],
      "average_accuracy": [
        0,
        0,
        0,
        0,
        0
      ]
    },
    "average_loss_intra_epoch": [
      0.0023750895115762427
    ],
    "average_accuracy_intra_epoch": [
      0
    ],
    "runtime": 112.27385187149048
  }
}