{
  "hyperparameters": {
    "architecture": "classification",
    "batch_size": 100,
    "clipping_threshold": 0.0,
    "dataset_name": "tic-tac-toe_classification",
    "epochs": 10,
    "initialization_scale": "\\sqrt{\frac{6}{n+m}}",
    "inner_ISGD_iterations": 0,
    "intra_epoch": false,
    "lr": 3.0,
    "momentum": 0.0,
    "mu": 0.0,
    "nodes": 50,
    "seed": 1,
    "sgdtype": "explicit",
    "data_type": "classification"
  },
  "results": {
    "train": {
      "average_loss": [
        0.6533558070659637,
        0.6651018634438515,
        0.5499826483428478,
        1.6036824733018875,
        3.628623306751251,
        15.608049154281616,
        7.771044373512268,
        3.9681980311870575,
        6.847423434257507,
        2.0548158138990402
      ],
      "average_accuracy": [
        65.40469973890339,
        65.40469973890339,
        73.23759791122716,
        40.731070496083554,
        59.92167101827676,
        56.91906005221932,
        52.088772845953,
        63.315926892950394,
        34.595300261096604,
        65.40469973890339
      ]
    },
    "test": {
      "average_loss": [
        0.6560709774494171,
        0.6331028044223785,
        0.5175880044698715,
        1.6786596775054932,
        3.756947159767151,
        13.42004680633545,
        7.299684286117554,
        3.858080267906189,
        6.574741840362549,
        1.8385913968086243
      ],
      "average_accuracy": [
        65.10416666666667,
        65.10416666666667,
        77.60416666666667,
        43.229166666666664,
        59.375,
        63.020833333333336,
        55.208333333333336,
        63.541666666666664,
        34.895833333333336,
        65.10416666666667
      ]
    },
    "average_loss_intra_epoch": [
      2.0548158138990402
    ],
    "average_accuracy_intra_epoch": [
      65.40469973890339
    ],
    "runtime": 4.151981830596924
  }
}