{
  "hyperparameters": {
    "architecture": "music",
    "batch_size": 100,
    "clipping_threshold": 8.0,
    "dataset_name": "Nottingham",
    "epochs": 5,
    "initialization_scale": "\\sqrt{\frac{6}{n+m}}",
    "inner_ISGD_iterations": 0,
    "intra_epoch": false,
    "lr": 200.0,
    "momentum": 0.0,
    "mu": 0.0,
    "nodes": 300,
    "seed": 4,
    "sgdtype": "explicit",
    "data_type": "sequential_many"
  },
  "results": {
    "train": {
      "average_loss": [
        0.00033124169978576175,
        0.0002882824005911436,
        0.00029251542653934093,
        0.0022614064672064394,
        0.0015198157372379036
      ],
      "average_accuracy": [
        0,
        0,
        0,
        0,
        0
      ]
    },
    "test": {
      "average_loss": [
        0.000353711090514587,
        0.0003170647118702832,
        0.0002783258406078162,
        0.0030422660988680197,
        0.0019550230494239846
      ],
      "average_accuracy": [
        0,
        0,
        0,
        0,
        0
      ]
    },
    "average_loss_intra_epoch": [
      0.0015198157372379036
    ],
    "average_accuracy_intra_epoch": [
      0
    ],
    "runtime": 1367.492215871811
  }
}