{
  "hyperparameters": {
    "architecture": "music",
    "batch_size": 100,
    "clipping_threshold": 0.1,
    "dataset_name": "JSB Chorales",
    "epochs": 5,
    "initialization_scale": "\\sqrt{\frac{6}{n+m}}",
    "inner_ISGD_iterations": 0,
    "intra_epoch": false,
    "lr": 500.0,
    "momentum": 0.0,
    "mu": 0.0,
    "nodes": 300,
    "seed": 1,
    "sgdtype": "implicit",
    "data_type": "sequential_many"
  },
  "results": {
    "train": {
      "average_loss": [
        0.016728341382954627,
        0.004546385314229136,
        0.003240878837880593,
        0.002273884498693179,
        0.0018238391080061909
      ],
      "average_accuracy": [
        0,
        0,
        0,
        0,
        0
      ]
    },
    "test": {
      "average_loss": [
        0.01757537263487889,
        0.005651730407927451,
        0.0042181874632188305,
        0.0033201559952478372,
        0.0022297367206381563
      ],
      "average_accuracy": [
        0,
        0,
        0,
        0,
        0
      ]
    },
    "average_loss_intra_epoch": [
      0.0018238391080061909
    ],
    "average_accuracy_intra_epoch": [
      0
    ],
    "runtime": 499.24969696998596
  }
}