{
  "hyperparameters": {
    "architecture": "classification",
    "batch_size": 100,
    "clipping_threshold": 0.0,
    "dataset_name": "pittsburg-bridges-REL-L_classification",
    "epochs": 10,
    "initialization_scale": "\\sqrt{\frac{6}{n+m}}",
    "inner_ISGD_iterations": 0,
    "intra_epoch": false,
    "lr": 5.0,
    "momentum": 0.0,
    "mu": 0.0,
    "nodes": 50,
    "seed": 1,
    "sgdtype": "implicit",
    "data_type": "classification"
  },
  "results": {
    "train": {
      "average_loss": [
        1.1884212493896484,
        1.7712163925170898,
        1.1549524068832397,
        2.366502046585083,
        11.063523292541504,
        6.719552993774414,
        9.153260231018066,
        5.9021453857421875,
        15.974176406860352,
        11.09520435333252
      ],
      "average_accuracy": [
        48.78048780487805,
        36.58536585365854,
        36.58536585365854,
        48.78048780487805,
        36.58536585365854,
        48.78048780487805,
        39.02439024390244,
        42.68292682926829,
        28.048780487804876,
        54.8780487804878
      ]
    },
    "test": {
      "average_loss": [
        1.064322590827942,
        2.1120529174804688,
        1.2691501379013062,
        1.6658159494400024,
        13.741158485412598,
        4.84491491317749,
        12.111404418945312,
        8.36945629119873,
        12.10731029510498,
        13.487565040588379
      ],
      "average_accuracy": [
        61.904761904761905,
        23.80952380952381,
        23.80952380952381,
        61.904761904761905,
        23.80952380952381,
        61.904761904761905,
        42.857142857142854,
        28.571428571428573,
        38.095238095238095,
        47.61904761904762
      ]
    },
    "average_loss_intra_epoch": [
      11.09520435333252
    ],
    "average_accuracy_intra_epoch": [
      54.8780487804878
    ],
    "runtime": 4.0774147510528564
  }
}