{
  "hyperparameters": {
    "architecture": "classification",
    "batch_size": 100,
    "clipping_threshold": 0.0,
    "dataset_name": "thyroid_classification",
    "epochs": 10,
    "initialization_scale": "\\sqrt{\frac{6}{n+m}}",
    "inner_ISGD_iterations": 0,
    "intra_epoch": false,
    "lr": 0.5,
    "momentum": 0.0,
    "mu": 0.0,
    "nodes": 50,
    "seed": 1,
    "sgdtype": "explicit",
    "data_type": "classification"
  },
  "results": {
    "train": {
      "average_loss": [
        0.17729111619550605,
        0.1435419287018735,
        0.1287775738485928,
        0.11497433586367245,
        0.10486828689945155,
        0.09644141414299093,
        0.09076719188356194,
        0.0867280264802534,
        0.08165572089110983,
        0.07445404180807286
      ],
      "average_accuracy": [
        94.51388888888889,
        94.93055555555556,
        95.38194444444444,
        95.81597222222223,
        96.09375,
        96.31944444444444,
        96.52777777777777,
        96.73611111111111,
        97.01388888888889,
        97.36111111111111
      ]
    },
    "test": {
      "average_loss": [
        0.20764417598644894,
        0.1523424064119657,
        0.12658690015474955,
        0.11117789745330811,
        0.09989041959245999,
        0.09147562310099602,
        0.08617278560996056,
        0.08256717100739479,
        0.07920854985713958,
        0.074337121595939
      ],
      "average_accuracy": [
        93.47222222222223,
        94.44444444444444,
        95.34722222222223,
        95.90277777777777,
        96.25,
        96.52777777777777,
        96.73611111111111,
        96.94444444444444,
        97.08333333333333,
        97.22222222222223
      ]
    },
    "average_loss_intra_epoch": [
      0.07445404180807286
    ],
    "average_accuracy_intra_epoch": [
      97.36111111111111
    ],
    "runtime": 10.370899677276611
  }
}