{
  "hyperparameters": {
    "architecture": "classification",
    "batch_size": 100,
    "clipping_threshold": 0.0,
    "dataset_name": "audiology-std_classification",
    "epochs": 10,
    "initialization_scale": "\\sqrt{\frac{6}{n+m}}",
    "inner_ISGD_iterations": 0,
    "intra_epoch": false,
    "lr": 1.0,
    "momentum": 0.0,
    "mu": 0.0,
    "nodes": 50,
    "seed": 1,
    "sgdtype": "implicit",
    "data_type": "classification"
  },
  "results": {
    "train": {
      "average_loss": [
        2.5596777200698853,
        2.2341405153274536,
        1.8342303037643433,
        1.3756678104400635,
        1.0757264494895935,
        0.8476176261901855,
        0.7529559433460236,
        0.5763492584228516,
        0.4736790806055069,
        0.4232209771871567
      ],
      "average_accuracy": [
        26.28205128205128,
        33.333333333333336,
        39.1025641025641,
        55.76923076923077,
        65.38461538461539,
        73.71794871794872,
        74.35897435897436,
        81.41025641025641,
        86.53846153846153,
        87.82051282051282
      ]
    },
    "test": {
      "average_loss": [
        2.5506653785705566,
        2.2426788806915283,
        1.9120681285858154,
        1.5640571117401123,
        1.3621877431869507,
        1.199445128440857,
        1.121401071548462,
        1.03518807888031,
        0.94305819272995,
        0.9220730066299438
      ],
      "average_accuracy": [
        27.5,
        32.5,
        40.0,
        50.0,
        60.0,
        62.5,
        67.5,
        67.5,
        75.0,
        80.0
      ]
    },
    "average_loss_intra_epoch": [
      0.4232209771871567
    ],
    "average_accuracy_intra_epoch": [
      87.82051282051282
    ],
    "runtime": 15.227692127227783
  }
}