{
  "hyperparameters": {
    "architecture": "music",
    "batch_size": 100,
    "clipping_threshold": 0.1,
    "dataset_name": "Piano-midi.de",
    "epochs": 5,
    "initialization_scale": "\\sqrt{\frac{6}{n+m}}",
    "inner_ISGD_iterations": 0,
    "intra_epoch": false,
    "lr": 20.0,
    "momentum": 0.0,
    "mu": 0.0,
    "nodes": 300,
    "seed": 2,
    "sgdtype": "explicit",
    "data_type": "sequential_many"
  },
  "results": {
    "train": {
      "average_loss": [
        0.0014438884800779045,
        0.0012344633979754973,
        0.0011607328311562934,
        0.0011153432869937152,
        0.0010844885217575837
      ],
      "average_accuracy": [
        0,
        0,
        0,
        0,
        0
      ]
    },
    "test": {
      "average_loss": [
        0.0016839889879338443,
        0.0017656489624641835,
        0.001664193625911139,
        0.0015986729704309255,
        0.0015564594569150358
      ],
      "average_accuracy": [
        0,
        0,
        0,
        0,
        0
      ]
    },
    "average_loss_intra_epoch": [
      0.0010844885217575837
    ],
    "average_accuracy_intra_epoch": [
      0
    ],
    "runtime": 617.0610020160675
  }
}