{
  "hyperparameters": {
    "architecture": "classification",
    "batch_size": 100,
    "clipping_threshold": 0.0,
    "dataset_name": "arrhythmia_classification",
    "epochs": 10,
    "initialization_scale": "\\sqrt{\frac{6}{n+m}}",
    "inner_ISGD_iterations": 0,
    "intra_epoch": false,
    "lr": 0.5,
    "momentum": 0.0,
    "mu": 0.0,
    "nodes": 50,
    "seed": 1,
    "sgdtype": "implicit",
    "data_type": "classification"
  },
  "results": {
    "train": {
      "average_loss": [
        1.058276578783989,
        0.962259903550148,
        0.5639649331569672,
        0.430354505777359,
        0.3541236072778702,
        0.3273602146655321,
        0.26664665527641773,
        0.17477605678141117,
        0.15346161928027868,
        0.23477429430931807
      ],
      "average_accuracy": [
        69.80609418282549,
        68.14404432132964,
        82.82548476454294,
        87.25761772853186,
        90.58171745152355,
        90.02770083102493,
        92.24376731301939,
        95.56786703601108,
        95.56786703601108,
        92.5207756232687
      ]
    },
    "test": {
      "average_loss": [
        1.1885005235671997,
        1.199776530265808,
        0.9345682263374329,
        0.9197028279304504,
        0.944949746131897,
        1.012986183166504,
        1.0028036832809448,
        0.9354562163352966,
        1.0045417547225952,
        1.2376118898391724
      ],
      "average_accuracy": [
        71.42857142857143,
        62.637362637362635,
        76.92307692307692,
        74.72527472527473,
        73.62637362637362,
        68.13186813186813,
        68.13186813186813,
        75.82417582417582,
        72.52747252747253,
        62.637362637362635
      ]
    },
    "average_loss_intra_epoch": [
      0.23477429430931807
    ],
    "average_accuracy_intra_epoch": [
      92.5207756232687
    ],
    "runtime": 119.97297358512878
  }
}