{
  "hyperparameters": {
    "architecture": "classification",
    "batch_size": 100,
    "clipping_threshold": 0.0,
    "dataset_name": "abalone_classification",
    "epochs": 10,
    "initialization_scale": "\\sqrt{\frac{6}{n+m}}",
    "inner_ISGD_iterations": 0,
    "intra_epoch": false,
    "lr": 50.0,
    "momentum": 0.0,
    "mu": 0.0,
    "nodes": 50,
    "seed": 1,
    "sgdtype": "implicit",
    "data_type": "classification"
  },
  "results": {
    "train": {
      "average_loss": [
        74.61265238593606,
        184.7420820348403,
        114.80297986198875,
        37.4522481806138,
        108.47539183672737,
        106.75476410809685,
        121.3969971151913,
        131.51797507790957,
        209.4944565716912,
        84.63243394739487
      ],
      "average_accuracy": [
        35.88745884465729,
        36.875187069739596,
        49.26668662077223,
        50.85303801257108,
        37.14456749476205,
        46.33343310386112,
        42.83148757856929,
        44.47770128703981,
        33.88207123615684,
        51.36186770428016
      ]
    },
    "test": {
      "average_loss": [
        73.7430191040039,
        183.13129340277777,
        114.55773501925998,
        38.52554236518012,
        103.73503028021918,
        108.97287241617839,
        122.47437879774306,
        132.3765580919054,
        212.30587599012586,
        86.4148907131619
      ],
      "average_accuracy": [
        37.08133971291866,
        38.39712918660287,
        47.36842105263158,
        49.52153110047847,
        39.11483253588517,
        47.36842105263158,
        39.952153110047846,
        45.334928229665074,
        32.77511961722488,
        49.16267942583732
      ]
    },
    "average_loss_intra_epoch": [
      84.63243394739487
    ],
    "average_accuracy_intra_epoch": [
      51.36186770428016
    ],
    "runtime": 14.248449087142944
  }
}