{
  "hyperparameters": {
    "architecture": "classification",
    "batch_size": 100,
    "clipping_threshold": 0.0,
    "dataset_name": "optical_classification",
    "epochs": 10,
    "initialization_scale": "\\sqrt{\frac{6}{n+m}}",
    "inner_ISGD_iterations": 0,
    "intra_epoch": false,
    "lr": 1.0,
    "momentum": 0.0,
    "mu": 0.0,
    "nodes": 50,
    "seed": 1,
    "sgdtype": "implicit",
    "data_type": "classification"
  },
  "results": {
    "train": {
      "average_loss": [
        0.20255610545476277,
        0.10583618266714943,
        0.0877465411192841,
        0.06967026065621111,
        0.05533814537856314,
        0.0467963016178045,
        0.0309178800166895,
        0.028815143281179997,
        0.020369575664194093,
        0.013871785206720232
      ],
      "average_accuracy": [
        93.72775800711744,
        96.9306049822064,
        97.19750889679716,
        97.9314946619217,
        98.37633451957295,
        98.50978647686833,
        99.08807829181495,
        99.08807829181495,
        99.44395017793595,
        99.5329181494662
      ]
    },
    "test": {
      "average_loss": [
        0.23560824679831663,
        0.1563216047361493,
        0.14717372258504233,
        0.1357033334982892,
        0.12454360940804084,
        0.11776663456112146,
        0.10697271674871445,
        0.11454189972331126,
        0.10895893389048676,
        0.09644221017758052
      ],
      "average_accuracy": [
        93.86120996441281,
        95.2846975088968,
        95.2846975088968,
        95.90747330960853,
        96.35231316725978,
        96.26334519572954,
        97.15302491103203,
        96.79715302491103,
        96.79715302491103,
        97.59786476868328
      ]
    },
    "average_loss_intra_epoch": [
      0.013871785206720232
    ],
    "average_accuracy_intra_epoch": [
      99.5329181494662
    ],
    "runtime": 377.706262588501
  }
}