{
  "hyperparameters": {
    "architecture": "classification",
    "batch_size": 100,
    "clipping_threshold": 0.0,
    "dataset_name": "monks-1_classification",
    "epochs": 10,
    "initialization_scale": "\\sqrt{\frac{6}{n+m}}",
    "inner_ISGD_iterations": 0,
    "intra_epoch": false,
    "lr": 3.0,
    "momentum": 0.0,
    "mu": 0.0,
    "nodes": 50,
    "seed": 1,
    "sgdtype": "implicit",
    "data_type": "classification"
  },
  "results": {
    "train": {
      "average_loss": [
        0.7052051544189453,
        0.7134047985076905,
        0.7133161306381226,
        0.713325810432434,
        0.7133257269859314,
        0.713324248790741,
        0.7133220672607422,
        0.7133194446563721,
        0.7133165121078491,
        0.7133129000663757
      ],
      "average_accuracy": [
        50.9009009009009,
        50.9009009009009,
        50.9009009009009,
        50.9009009009009,
        50.9009009009009,
        50.9009009009009,
        50.9009009009009,
        50.9009009009009,
        50.9009009009009,
        50.9009009009009
      ]
    },
    "test": {
      "average_loss": [
        0.7058876156806946,
        0.7141886055469513,
        0.7140806317329407,
        0.7140869796276093,
        0.7140874266624451,
        0.7140873968601227,
        0.7140873372554779,
        0.7140872478485107,
        0.714087039232254,
        0.7140866219997406
      ],
      "average_accuracy": [
        46.42857142857143,
        46.42857142857143,
        46.42857142857143,
        46.42857142857143,
        46.42857142857143,
        46.42857142857143,
        46.42857142857143,
        46.42857142857143,
        46.42857142857143,
        46.42857142857143
      ]
    },
    "average_loss_intra_epoch": [
      0.7133129000663757
    ],
    "average_accuracy_intra_epoch": [
      50.9009009009009
    ],
    "runtime": 1.8333489894866943
  }
}