{
  "hyperparameters": {
    "architecture": "classification",
    "batch_size": 100,
    "clipping_threshold": 0.0,
    "dataset_name": "balance-scale_classification",
    "epochs": 10,
    "initialization_scale": "\\sqrt{\frac{6}{n+m}}",
    "inner_ISGD_iterations": 0,
    "intra_epoch": false,
    "lr": 1.0,
    "momentum": 0.0,
    "mu": 0.0,
    "nodes": 50,
    "seed": 1,
    "sgdtype": "explicit",
    "data_type": "classification"
  },
  "results": {
    "train": {
      "average_loss": [
        0.9176880955696106,
        0.9099460721015931,
        0.9093076348304748,
        0.9092154860496521,
        0.9091607332229614,
        0.9090887069702148,
        0.9089810132980347,
        0.9088106751441956,
        0.9085205435752869,
        0.9079735398292541
      ],
      "average_accuracy": [
        46.2,
        46.2,
        46.2,
        46.2,
        46.2,
        46.2,
        46.2,
        46.2,
        46.2,
        46.2
      ]
    },
    "test": {
      "average_loss": [
        0.9694426357746124,
        0.9748088121414185,
        0.9779534935951233,
        0.9790493547916412,
        0.9793797433376312,
        0.9794391393661499,
        0.9793839454650879,
        0.9792451560497284,
        0.9789869785308838,
        0.9784872233867645
      ],
      "average_accuracy": [
        45.6,
        45.6,
        45.6,
        45.6,
        45.6,
        45.6,
        45.6,
        45.6,
        45.6,
        45.6
      ]
    },
    "average_loss_intra_epoch": [
      0.9079735398292541
    ],
    "average_accuracy_intra_epoch": [
      46.2
    ],
    "runtime": 3.7179617881774902
  }
}