{
  "hyperparameters": {
    "architecture": "classification",
    "batch_size": 100,
    "clipping_threshold": 0.0,
    "dataset_name": "statlog-landsat_classification",
    "epochs": 10,
    "initialization_scale": "\\sqrt{\frac{6}{n+m}}",
    "inner_ISGD_iterations": 0,
    "intra_epoch": false,
    "lr": 30.0,
    "momentum": 0.0,
    "mu": 0.0,
    "nodes": 50,
    "seed": 1,
    "sgdtype": "explicit",
    "data_type": "classification"
  },
  "results": {
    "train": {
      "average_loss": [
        97.22806240962102,
        101.9436476780818,
        77.13509405576266,
        88.76491414583646,
        33.69806319016676,
        35.417670580057,
        88.78089435283954,
        60.75396336041964,
        73.60502199026254,
        51.347505404398994
      ],
      "average_accuracy": [
        59.07148407148407,
        65.54001554001555,
        66.51126651126651,
        68.04584304584304,
        59.80963480963481,
        66.8997668997669,
        52.40870240870241,
        69.75524475524476,
        62.58741258741259,
        74.22299922299922
      ]
    },
    "test": {
      "average_loss": [
        96.27605790358324,
        96.59710986797626,
        71.98798282329852,
        86.1691172673152,
        38.22677949758676,
        40.12023529639611,
        92.7805915245643,
        59.650792635404144,
        70.86421702458308,
        52.084251403808594
      ],
      "average_accuracy": [
        58.74125874125874,
        65.42346542346543,
        67.28826728826729,
        67.36596736596736,
        60.76146076146076,
        67.13286713286713,
        52.05905205905206,
        69.6969696969697,
        64.64646464646465,
        72.96037296037296
      ]
    },
    "average_loss_intra_epoch": [
      51.347505404398994
    ],
    "average_accuracy_intra_epoch": [
      74.22299922299922
    ],
    "runtime": 9.257529735565186
  }
}