{
  "hyperparameters": {
    "architecture": "classification",
    "batch_size": 100,
    "clipping_threshold": 0.0,
    "dataset_name": "statlog-australian-credit_classification",
    "epochs": 10,
    "initialization_scale": "\\sqrt{\frac{6}{n+m}}",
    "inner_ISGD_iterations": 0,
    "intra_epoch": false,
    "lr": 0.01,
    "momentum": 0.0,
    "mu": 0.0,
    "nodes": 50,
    "seed": 1,
    "sgdtype": "implicit",
    "data_type": "classification"
  },
  "results": {
    "train": {
      "average_loss": [
        0.6762905816237131,
        0.6739331483840942,
        0.671750545501709,
        0.6697294513384501,
        0.6678574780623118,
        0.6661232809225718,
        0.6645164986451467,
        0.6630276143550873,
        0.6616475184758505,
        0.6603683531284332
      ],
      "average_accuracy": [
        65.94202898550725,
        65.94202898550725,
        65.94202898550725,
        65.94202898550725,
        65.94202898550725,
        65.94202898550725,
        65.94202898550725,
        65.94202898550725,
        65.94202898550725,
        65.94202898550725
      ]
    },
    "test": {
      "average_loss": [
        0.6625747680664062,
        0.6581422984600067,
        0.6539628803730011,
        0.650020033121109,
        0.6462984085083008,
        0.6427835822105408,
        0.639462798833847,
        0.6363233327865601,
        0.6333542466163635,
        0.6305444836616516
      ],
      "average_accuracy": [
        75.3623188405797,
        75.3623188405797,
        75.3623188405797,
        75.3623188405797,
        75.3623188405797,
        75.3623188405797,
        75.3623188405797,
        75.3623188405797,
        75.3623188405797,
        75.3623188405797
      ]
    },
    "average_loss_intra_epoch": [
      0.6603683531284332
    ],
    "average_accuracy_intra_epoch": [
      65.94202898550725
    ],
    "runtime": 15.146967649459839
  }
}