{
  "hyperparameters": {
    "architecture": "classification",
    "batch_size": 100,
    "clipping_threshold": 0.0,
    "dataset_name": "breast-cancer-wisc-prog_classification",
    "epochs": 10,
    "initialization_scale": "\\sqrt{\frac{6}{n+m}}",
    "inner_ISGD_iterations": 0,
    "intra_epoch": false,
    "lr": 30.0,
    "momentum": 0.0,
    "mu": 0.0,
    "nodes": 50,
    "seed": 1,
    "sgdtype": "implicit",
    "data_type": "classification"
  },
  "results": {
    "train": {
      "average_loss": [
        46.30875778198242,
        767.4318542480469,
        988.2655944824219,
        501.5681915283203,
        40.34986686706543,
        978.5186462402344,
        857.1013488769531,
        359.1506042480469,
        61.2396125793457,
        54.01609802246094
      ],
      "average_accuracy": [
        22.78481012658228,
        58.22784810126582,
        41.77215189873418,
        43.037974683544306,
        77.21518987341773,
        58.22784810126582,
        41.139240506329116,
        41.77215189873418,
        77.21518987341773,
        77.21518987341773
      ]
    },
    "test": {
      "average_loss": [
        43.53064727783203,
        598.5409545898438,
        1161.225341796875,
        603.1295776367188,
        58.12800979614258,
        720.478515625,
        977.5748901367188,
        431.38153076171875,
        70.9366683959961,
        68.17375183105469
      ],
      "average_accuracy": [
        27.5,
        67.5,
        32.5,
        32.5,
        72.5,
        70.0,
        35.0,
        35.0,
        72.5,
        72.5
      ]
    },
    "average_loss_intra_epoch": [
      54.01609802246094
    ],
    "average_accuracy_intra_epoch": [
      77.21518987341773
    ],
    "runtime": 3.210017204284668
  }
}