{
  "hyperparameters": {
    "architecture": "classification",
    "batch_size": 100,
    "clipping_threshold": 0.0,
    "dataset_name": "oocytes-merluccius-nucleus-4d_classification",
    "epochs": 10,
    "initialization_scale": "\\sqrt{\frac{6}{n+m}}",
    "inner_ISGD_iterations": 0,
    "intra_epoch": false,
    "lr": 5.0,
    "momentum": 0.0,
    "mu": 0.0,
    "nodes": 50,
    "seed": 1,
    "sgdtype": "explicit",
    "data_type": "classification"
  },
  "results": {
    "train": {
      "average_loss": [
        10.03241941663954,
        108.07116444905598,
        38.072234047783745,
        86.3482437133789,
        68.07790925767686,
        84.99415334065755,
        43.876750734117294,
        12.971363279554579,
        31.0475099351671,
        19.889118512471516
      ],
      "average_accuracy": [
        59.73072215422277,
        58.7515299877601,
        57.40514075887393,
        53.97796817625459,
        61.077111383108935,
        59.4859241126071,
        63.03549571603427,
        67.93145654834761,
        60.09791921664627,
        66.46266829865361
      ]
    },
    "test": {
      "average_loss": [
        8.907837897539139,
        77.1082534790039,
        33.64793014526367,
        85.10584004720052,
        61.81466929117838,
        75.49205525716145,
        36.495198249816895,
        13.956256548563639,
        23.46401057454447,
        18.102131207784016
      ],
      "average_accuracy": [
        59.51219512195122,
        57.5609756097561,
        56.58536585365854,
        49.26829268292683,
        60.0,
        57.5609756097561,
        64.8780487804878,
        63.41463414634146,
        58.53658536585366,
        59.51219512195122
      ]
    },
    "average_loss_intra_epoch": [
      19.889118512471516
    ],
    "average_accuracy_intra_epoch": [
      66.46266829865361
    ],
    "runtime": 4.422867774963379
  }
}