{
  "hyperparameters": {
    "architecture": "classification",
    "batch_size": 100,
    "clipping_threshold": 0.0,
    "dataset_name": "adult_classification",
    "epochs": 10,
    "initialization_scale": "\\sqrt{\frac{6}{n+m}}",
    "inner_ISGD_iterations": 0,
    "intra_epoch": false,
    "lr": 0.0003,
    "momentum": 0.0,
    "mu": 0.0,
    "nodes": 50,
    "seed": 1,
    "sgdtype": "explicit",
    "data_type": "classification"
  },
  "results": {
    "train": {
      "average_loss": [
        0.6986711441403459,
        0.6789271067780303,
        0.6618923683605535,
        0.6471797976347492,
        0.6344606362645279,
        0.6234550486745127,
        0.6139241929554269,
        0.6056640085661807,
        0.5984997349931761,
        0.5922813816448612
      ],
      "average_accuracy": [
        23.911652547795153,
        76.07555089192026,
        76.07555089192026,
        76.07555089192026,
        76.07555089192026,
        76.07555089192026,
        76.07555089192026,
        76.07555089192026,
        76.07555089192026,
        76.07555089192026
      ]
    },
    "test": {
      "average_loss": [
        0.6986125616394744,
        0.6788842933518546,
        0.6618642137975109,
        0.6471652418983226,
        0.6344587608259551,
        0.6234650155719446,
        0.6139451995187876,
        0.6056953109040553,
        0.5985406655438092,
        0.5923313218720105
      ],
      "average_accuracy": [
        23.94308526973078,
        76.05691473026921,
        76.05691473026921,
        76.05691473026921,
        76.05691473026921,
        76.05691473026921,
        76.05691473026921,
        76.05691473026921,
        76.05691473026921,
        76.05691473026921
      ]
    },
    "average_loss_intra_epoch": [
      0.5922813816448612
    ],
    "average_accuracy_intra_epoch": [
      76.07555089192026
    ],
    "runtime": 42.69460844993591
  }
}