{
  "hyperparameters": {
    "architecture": "classification",
    "batch_size": 100,
    "clipping_threshold": 0.0,
    "dataset_name": "energy-y1_classification",
    "epochs": 10,
    "initialization_scale": "\\sqrt{\frac{6}{n+m}}",
    "inner_ISGD_iterations": 0,
    "intra_epoch": false,
    "lr": 50.0,
    "momentum": 0.0,
    "mu": 0.0,
    "nodes": 50,
    "seed": 1,
    "sgdtype": "explicit",
    "data_type": "classification"
  },
  "results": {
    "train": {
      "average_loss": [
        20.332641329084122,
        4.432592936924526,
        41.643431527274,
        90.06304277692523,
        39.90190560477121,
        81.67350387573242,
        74.50965826851981,
        75.90449142456055,
        65.49725450788226,
        115.98057229178292
      ],
      "average_accuracy": [
        39.413680781758956,
        81.43322475570032,
        81.43322475570032,
        81.43322475570032,
        81.43322475570032,
        81.43322475570032,
        81.43322475570032,
        81.43322475570032,
        81.43322475570032,
        81.43322475570032
      ]
    },
    "test": {
      "average_loss": [
        24.73336410522461,
        4.4210808873176575,
        42.46453094482422,
        85.04464340209961,
        56.42284965515137,
        97.4930305480957,
        64.0824031829834,
        111.93868637084961,
        78.89264297485352,
        124.54254913330078
      ],
      "average_accuracy": [
        38.96103896103896,
        80.51948051948052,
        80.51948051948052,
        80.51948051948052,
        80.51948051948052,
        80.51948051948052,
        80.51948051948052,
        80.51948051948052,
        80.51948051948052,
        80.51948051948052
      ]
    },
    "average_loss_intra_epoch": [
      115.98057229178292
    ],
    "average_accuracy_intra_epoch": [
      81.43322475570032
    ],
    "runtime": 0.77056884765625
  }
}