{
  "hyperparameters": {
    "architecture": "classification",
    "batch_size": 100,
    "clipping_threshold": 0.0,
    "dataset_name": "breast-tissue_classification",
    "epochs": 10,
    "initialization_scale": "\\sqrt{\frac{6}{n+m}}",
    "inner_ISGD_iterations": 0,
    "intra_epoch": false,
    "lr": 10.0,
    "momentum": 0.0,
    "mu": 0.0,
    "nodes": 50,
    "seed": 1,
    "sgdtype": "implicit",
    "data_type": "classification"
  },
  "results": {
    "train": {
      "average_loss": [
        1.7749176025390625,
        1.743518590927124,
        1.424160361289978,
        1.7075188159942627,
        2.341762065887451,
        9.62305736541748,
        11.52258586883545,
        37.10951232910156,
        57.54799270629883,
        28.55106544494629
      ],
      "average_accuracy": [
        23.80952380952381,
        33.333333333333336,
        42.857142857142854,
        35.714285714285715,
        32.142857142857146,
        33.333333333333336,
        34.523809523809526,
        23.80952380952381,
        14.285714285714286,
        35.714285714285715
      ]
    },
    "test": {
      "average_loss": [
        1.9062294960021973,
        1.7815330028533936,
        1.5191826820373535,
        1.129523754119873,
        2.553093194961548,
        11.342345237731934,
        6.363875865936279,
        45.98514938354492,
        40.14091873168945,
        25.931062698364258
      ],
      "average_accuracy": [
        4.545454545454546,
        4.545454545454546,
        31.818181818181817,
        45.45454545454545,
        18.181818181818183,
        13.636363636363637,
        45.45454545454545,
        4.545454545454546,
        13.636363636363637,
        45.45454545454545
      ]
    },
    "average_loss_intra_epoch": [
      28.55106544494629
    ],
    "average_accuracy_intra_epoch": [
      35.714285714285715
    ],
    "runtime": 4.1765992641448975
  }
}