{
  "hyperparameters": {
    "architecture": "classification",
    "batch_size": 100,
    "clipping_threshold": 0.0,
    "dataset_name": "cardiotocography-3clases_classification",
    "epochs": 10,
    "initialization_scale": "\\sqrt{\frac{6}{n+m}}",
    "inner_ISGD_iterations": 0,
    "intra_epoch": false,
    "lr": 1.0,
    "momentum": 0.0,
    "mu": 0.0,
    "nodes": 50,
    "seed": 1,
    "sgdtype": "explicit",
    "data_type": "classification"
  },
  "results": {
    "train": {
      "average_loss": [
        0.33726106058148775,
        0.29289910372565775,
        0.2651808638783062,
        0.2483466013389475,
        0.23749343349653132,
        0.22897391196559458,
        0.22202132379307465,
        0.2165637419504278,
        0.21241231525645538,
        0.20889846454648411
      ],
      "average_accuracy": [
        86.88235294117646,
        88.29411764705883,
        88.70588235294117,
        89.3529411764706,
        89.70588235294117,
        90.23529411764706,
        90.41176470588235,
        90.47058823529412,
        90.76470588235294,
        90.94117647058823
      ]
    },
    "test": {
      "average_loss": [
        0.3419688045978546,
        0.3086685985326767,
        0.282793191075325,
        0.2759931445121765,
        0.2727339923381805,
        0.27067490816116335,
        0.2691481441259384,
        0.26728501319885256,
        0.2660810649394989,
        0.2649999916553497
      ],
      "average_accuracy": [
        86.3849765258216,
        86.3849765258216,
        87.55868544600939,
        87.08920187793427,
        87.55868544600939,
        87.55868544600939,
        87.32394366197182,
        87.08920187793427,
        87.79342723004694,
        88.73239436619718
      ]
    },
    "average_loss_intra_epoch": [
      0.20889846454648411
    ],
    "average_accuracy_intra_epoch": [
      90.94117647058823
    ],
    "runtime": 5.210815668106079
  }
}