{
  "hyperparameters": {
    "architecture": "classification",
    "batch_size": 100,
    "clipping_threshold": 0.0,
    "dataset_name": "statlog-vehicle_classification",
    "epochs": 10,
    "initialization_scale": "\\sqrt{\frac{6}{n+m}}",
    "inner_ISGD_iterations": 0,
    "intra_epoch": false,
    "lr": 50.0,
    "momentum": 0.0,
    "mu": 0.0,
    "nodes": 50,
    "seed": 1,
    "sgdtype": "explicit",
    "data_type": "classification"
  },
  "results": {
    "train": {
      "average_loss": [
        266.28702654157365,
        405.8783438546317,
        186.4115230015346,
        306.8120422363281,
        408.38590349469865,
        135.47843715122767,
        290.8516540527344,
        161.54849897112166,
        263.54638671875,
        403.97709001813615
      ],
      "average_accuracy": [
        33.13609467455621,
        40.23668639053255,
        28.994082840236686,
        21.153846153846153,
        28.106508875739646,
        39.49704142011834,
        20.414201183431953,
        25.443786982248522,
        34.9112426035503,
        21.597633136094675
      ]
    },
    "test": {
      "average_loss": [
        246.37345123291016,
        415.1008758544922,
        209.78457641601562,
        275.2644348144531,
        403.0985565185547,
        132.77013778686523,
        270.0257873535156,
        149.76074981689453,
        314.8134765625,
        368.3544006347656
      ],
      "average_accuracy": [
        32.35294117647059,
        39.411764705882355,
        22.352941176470587,
        21.176470588235293,
        28.823529411764707,
        31.764705882352942,
        25.294117647058822,
        28.823529411764707,
        21.176470588235293,
        20.0
      ]
    },
    "average_loss_intra_epoch": [
      403.97709001813615
    ],
    "average_accuracy_intra_epoch": [
      21.597633136094675
    ],
    "runtime": 4.104511022567749
  }
}