{
  "hyperparameters": {
    "architecture": "classification",
    "batch_size": 100,
    "clipping_threshold": 0.0,
    "dataset_name": "wall-following_classification",
    "epochs": 10,
    "initialization_scale": "\\sqrt{\frac{6}{n+m}}",
    "inner_ISGD_iterations": 0,
    "intra_epoch": false,
    "lr": 0.1,
    "momentum": 0.0,
    "mu": 0.0,
    "nodes": 50,
    "seed": 1,
    "sgdtype": "explicit",
    "data_type": "classification"
  },
  "results": {
    "train": {
      "average_loss": [
        1.1824531446803699,
        1.0760445350950414,
        0.9674595228650353,
        0.9272000044584274,
        0.8798723315650766,
        0.8341272757811979,
        0.7962174618786032,
        0.7509431012652137,
        0.7084656899625604,
        0.6732680729844354
      ],
      "average_accuracy": [
        46.608615948670945,
        59.097158570119156,
        62.32813932172319,
        63.5884509624198,
        64.04674610449129,
        65.42163153070578,
        67.07149404216315,
        70.05041246562786,
        72.31897341888175,
        73.25847846012832
      ]
    },
    "test": {
      "average_loss": [
        1.1969877156344326,
        1.0948787169022993,
        0.9840186021544717,
        0.93888413364237,
        0.8822157112034884,
        0.8279094641858881,
        0.7883871577002786,
        0.7452403957193549,
        0.7065450169823386,
        0.6755770932544362
      ],
      "average_accuracy": [
        42.857142857142854,
        58.97435897435897,
        61.63003663003663,
        63.18681318681319,
        63.73626373626374,
        65.75091575091575,
        67.58241758241758,
        69.87179487179488,
        71.42857142857143,
        72.8021978021978
      ]
    },
    "average_loss_intra_epoch": [
      0.6732680729844354
    ],
    "average_accuracy_intra_epoch": [
      73.25847846012832
    ],
    "runtime": 8.325246334075928
  }
}