{
  "hyperparameters": {
    "architecture": "classification",
    "batch_size": 100,
    "clipping_threshold": 0.0,
    "dataset_name": "balloons_classification",
    "epochs": 10,
    "initialization_scale": "\\sqrt{\frac{6}{n+m}}",
    "inner_ISGD_iterations": 0,
    "intra_epoch": false,
    "lr": 1.0,
    "momentum": 0.0,
    "mu": 0.0,
    "nodes": 50,
    "seed": 1,
    "sgdtype": "explicit",
    "data_type": "classification"
  },
  "results": {
    "train": {
      "average_loss": [
        0.6817708015441895,
        0.6796362996101379,
        0.6792894005775452,
        0.6792295575141907,
        0.6792164444923401,
        0.6792109608650208,
        0.6792070865631104,
        0.6792032718658447,
        0.6791996955871582,
        0.6791960597038269
      ],
      "average_accuracy": [
        58.333333333333336,
        58.333333333333336,
        58.333333333333336,
        58.333333333333336,
        58.333333333333336,
        58.333333333333336,
        58.333333333333336,
        58.333333333333336,
        58.333333333333336,
        58.333333333333336
      ]
    },
    "test": {
      "average_loss": [
        0.6979701519012451,
        0.703007698059082,
        0.7055383324623108,
        0.7066373825073242,
        0.7070915699005127,
        0.7072749733924866,
        0.7073475122451782,
        0.7073752284049988,
        0.7073851227760315,
        0.7073880434036255
      ],
      "average_accuracy": [
        50.0,
        50.0,
        50.0,
        50.0,
        50.0,
        50.0,
        50.0,
        50.0,
        50.0,
        50.0
      ]
    },
    "average_loss_intra_epoch": [
      0.6791960597038269
    ],
    "average_accuracy_intra_epoch": [
      58.333333333333336
    ],
    "runtime": 2.9586565494537354
  }
}