{
  "hyperparameters": {
    "architecture": "classification",
    "batch_size": 100,
    "clipping_threshold": 0.0,
    "dataset_name": "miniboone_classification",
    "epochs": 10,
    "initialization_scale": "\\sqrt{\frac{6}{n+m}}",
    "inner_ISGD_iterations": 0,
    "intra_epoch": false,
    "lr": 3.0,
    "momentum": 0.0,
    "mu": 0.0,
    "nodes": 50,
    "seed": 1,
    "sgdtype": "explicit",
    "data_type": "classification"
  },
  "results": {
    "train": {
      "average_loss": [
        2.891517510732473,
        1.9009236816771322,
        2.5080647854479774,
        1.6401525613611188,
        2.1980487198696816,
        1.5472510349395525,
        1.8106375764787026,
        1.3819805046151625,
        1.2460351289177491,
        1.3984727524256728
      ],
      "average_accuracy": [
        81.76375046852024,
        84.45089427300074,
        81.97518524569682,
        84.0770391442658,
        80.61143093290791,
        85.65318930140027,
        87.5042046688643,
        84.95929880539352,
        83.53403619378959,
        86.2942211031129
      ]
    },
    "test": {
      "average_loss": [
        2.816328409759478,
        1.869494438399757,
        2.504906357476538,
        1.6318774611913953,
        2.1996743277114925,
        1.547609982134282,
        1.826553178472994,
        1.3894889031561855,
        1.2451866962215452,
        1.3979889651139576
      ],
      "average_accuracy": [
        81.87060315995848,
        84.77299811632645,
        81.83600507438588,
        84.22327297889517,
        80.57894129858148,
        85.72636758543806,
        87.41782954676508,
        84.88832506823512,
        83.92726713566294,
        86.37988697958713
      ]
    },
    "average_loss_intra_epoch": [
      1.3984727524256728
    ],
    "average_accuracy_intra_epoch": [
      86.2942211031129
    ],
    "runtime": 128.25261545181274
  }
}