{
  "hyperparameters": {
    "architecture": "music",
    "batch_size": 100,
    "clipping_threshold": 8.0,
    "dataset_name": "Nottingham",
    "epochs": 5,
    "initialization_scale": "\\sqrt{\frac{6}{n+m}}",
    "inner_ISGD_iterations": 0,
    "intra_epoch": false,
    "lr": 2.0,
    "momentum": 0.0,
    "mu": 0.0,
    "nodes": 300,
    "seed": 4,
    "sgdtype": "implicit",
    "data_type": "sequential_many"
  },
  "results": {
    "train": {
      "average_loss": [
        0.0008551997719666389,
        0.0007135831628873594,
        0.0006473267705838822,
        0.0006041910788338727,
        0.0005715163210421157
      ],
      "average_accuracy": [
        0,
        0,
        0,
        0,
        0
      ]
    },
    "test": {
      "average_loss": [
        0.0008501501886177507,
        0.0007130587532575352,
        0.0006499592367189881,
        0.0006093921239131733,
        0.0005789822350112338
      ],
      "average_accuracy": [
        0,
        0,
        0,
        0,
        0
      ]
    },
    "average_loss_intra_epoch": [
      0.0005715163210421157
    ],
    "average_accuracy_intra_epoch": [
      0
    ],
    "runtime": 6531.118794441223
  }
}