{
  "hyperparameters": {
    "architecture": "classification",
    "batch_size": 100,
    "clipping_threshold": 0.0,
    "dataset_name": "post-operative_classification",
    "epochs": 10,
    "initialization_scale": "\\sqrt{\frac{6}{n+m}}",
    "inner_ISGD_iterations": 0,
    "intra_epoch": false,
    "lr": 3.0,
    "momentum": 0.0,
    "mu": 0.0,
    "nodes": 50,
    "seed": 1,
    "sgdtype": "explicit",
    "data_type": "classification"
  },
  "results": {
    "train": {
      "average_loss": [
        0.7428273558616638,
        0.7036053538322449,
        0.6909245252609253,
        0.6836812496185303,
        0.6804904937744141,
        0.6781699657440186,
        0.6771904230117798,
        0.6762815117835999,
        0.6761289238929749,
        0.6757764220237732
      ],
      "average_accuracy": [
        69.44444444444444,
        69.44444444444444,
        69.44444444444444,
        69.44444444444444,
        69.44444444444444,
        69.44444444444444,
        69.44444444444444,
        69.44444444444444,
        69.44444444444444,
        69.44444444444444
      ]
    },
    "test": {
      "average_loss": [
        0.655762791633606,
        0.7278337478637695,
        0.6692020893096924,
        0.7195099592208862,
        0.6827281713485718,
        0.723067045211792,
        0.6912027597427368,
        0.7283751964569092,
        0.6962931156158447,
        0.7338373064994812
      ],
      "average_accuracy": [
        77.77777777777777,
        77.77777777777777,
        77.77777777777777,
        77.77777777777777,
        77.77777777777777,
        77.77777777777777,
        77.77777777777777,
        77.77777777777777,
        77.77777777777777,
        77.77777777777777
      ]
    },
    "average_loss_intra_epoch": [
      0.6757764220237732
    ],
    "average_accuracy_intra_epoch": [
      69.44444444444444
    ],
    "runtime": 3.460618734359741
  }
}