{
  "hyperparameters": {
    "architecture": "music",
    "batch_size": 100,
    "clipping_threshold": 0.0,
    "dataset_name": "Piano-midi.de",
    "epochs": 5,
    "initialization_scale": "\\sqrt{\frac{6}{n+m}}",
    "inner_ISGD_iterations": 0,
    "intra_epoch": false,
    "lr": 0.5,
    "momentum": 0.0,
    "mu": 0.0,
    "nodes": 300,
    "seed": 1,
    "sgdtype": "implicit",
    "data_type": "sequential_many"
  },
  "results": {
    "train": {
      "average_loss": [
        0.0014462669988178872,
        0.0014163279412822776,
        0.0013696877018216699,
        0.0013064809348273638,
        0.0012437311795957643
      ],
      "average_accuracy": [
        0,
        0,
        0,
        0,
        0
      ]
    },
    "test": {
      "average_loss": [
        0.0016742065909784287,
        0.0016394666768610477,
        0.001584554286673665,
        0.0015094923519063741,
        0.0014363220887025818
      ],
      "average_accuracy": [
        0,
        0,
        0,
        0,
        0
      ]
    },
    "average_loss_intra_epoch": [
      0.0012437311795957643
    ],
    "average_accuracy_intra_epoch": [
      0
    ],
    "runtime": 7085.23428106308
  }
}