{
  "hyperparameters": {
    "architecture": "convffnn",
    "batch_size": 100,
    "clipping_threshold": 0.0,
    "dataset_name": "mnist",
    "epochs": 1,
    "initialization_scale": "\\sqrt{\frac{6}{n+m}}",
    "inner_ISGD_iterations": 0,
    "intra_epoch": true,
    "lr": 0.5,
    "momentum": 0.0,
    "mu": 0.0,
    "nodes": 50,
    "seed": 1,
    "sgdtype": "explicit",
    "data_type": "classification"
  },
  "results": {
    "train": {
      "average_loss": [
        0.09788483762492736
      ],
      "average_accuracy": [
        97.135
      ]
    },
    "test": {
      "average_loss": [
        0.08578226691111922
      ],
      "average_accuracy": [
        97.45
      ]
    },
    "average_loss_intra_epoch": [
      0.29156492464244366,
      0.19878301180278263,
      0.1341133642848581,
      0.11744801676211258,
      0.15152370197388032,
      0.09788483762492736
    ],
    "average_accuracy_intra_epoch": [
      91.18833333333333,
      93.845,
      96.09166666666667,
      96.51,
      95.61833333333334,
      97.135
    ],
    "runtime": 187.5823037624359
  }
}