{
  "hyperparameters": {
    "architecture": "classification",
    "batch_size": 100,
    "clipping_threshold": 0.0,
    "dataset_name": "echocardiogram_classification",
    "epochs": 10,
    "initialization_scale": "\\sqrt{\frac{6}{n+m}}",
    "inner_ISGD_iterations": 0,
    "intra_epoch": false,
    "lr": 3.0,
    "momentum": 0.0,
    "mu": 0.0,
    "nodes": 50,
    "seed": 1,
    "sgdtype": "explicit",
    "data_type": "classification"
  },
  "results": {
    "train": {
      "average_loss": [
        0.5860953629016876,
        0.5321687459945679,
        0.3595441095530987,
        0.3315251696621999,
        0.2725291920360178,
        0.2590134721249342,
        0.23484611022286117,
        0.20746044954285026,
        0.1943369684740901,
        0.18576416466385126
      ],
      "average_accuracy": [
        69.23076923076923,
        69.23076923076923,
        83.65384615384616,
        83.65384615384616,
        86.53846153846153,
        87.5,
        91.34615384615384,
        91.34615384615384,
        90.38461538461539,
        90.38461538461539
      ]
    },
    "test": {
      "average_loss": [
        0.6942622065544128,
        0.7583253383636475,
        1.1498862504959106,
        1.3385114669799805,
        1.2928332090377808,
        1.2476744651794434,
        1.1254264116287231,
        0.9967866539955139,
        1.0010309219360352,
        0.9631416201591492
      ],
      "average_accuracy": [
        59.25925925925926,
        59.25925925925926,
        62.96296296296296,
        66.66666666666667,
        77.77777777777777,
        70.37037037037037,
        74.07407407407408,
        74.07407407407408,
        74.07407407407408,
        70.37037037037037
      ]
    },
    "average_loss_intra_epoch": [
      0.18576416466385126
    ],
    "average_accuracy_intra_epoch": [
      90.38461538461539
    ],
    "runtime": 3.781822681427002
  }
}