{
  "hyperparameters": {
    "architecture": "classification",
    "batch_size": 100,
    "clipping_threshold": 0.0,
    "dataset_name": "oocytes-trisopterus-states-5b_classification",
    "epochs": 10,
    "initialization_scale": "\\sqrt{\frac{6}{n+m}}",
    "inner_ISGD_iterations": 0,
    "intra_epoch": false,
    "lr": 3.0,
    "momentum": 0.0,
    "mu": 0.0,
    "nodes": 50,
    "seed": 1,
    "sgdtype": "explicit",
    "data_type": "classification"
  },
  "results": {
    "train": {
      "average_loss": [
        0.7861972525715828,
        17.187942147254944,
        21.815753936767578,
        2.8028435707092285,
        8.797072529792786,
        7.264221966266632,
        10.517312049865723,
        8.96798574924469,
        10.027947902679443,
        7.3333606123924255
      ],
      "average_accuracy": [
        72.15363511659808,
        34.15637860082305,
        74.89711934156378,
        29.766803840877916,
        45.130315500685874,
        54.1838134430727,
        83.2647462277092,
        82.03017832647463,
        38.54595336076817,
        82.99039780521262
      ]
    },
    "test": {
      "average_loss": [
        0.8460766077041626,
        17.386070251464844,
        26.628169059753418,
        3.0870730876922607,
        8.757145881652832,
        7.712086915969849,
        17.056670665740967,
        14.037900924682617,
        10.729347229003906,
        8.826072931289673
      ],
      "average_accuracy": [
        69.39890710382514,
        34.97267759562842,
        69.94535519125684,
        35.51912568306011,
        44.80874316939891,
        50.27322404371585,
        78.14207650273224,
        74.86338797814207,
        36.612021857923494,
        78.68852459016394
      ]
    },
    "average_loss_intra_epoch": [
      7.3333606123924255
    ],
    "average_accuracy_intra_epoch": [
      82.99039780521262
    ],
    "runtime": 4.088745832443237
  }
}