{
  "hyperparameters": {
    "architecture": "classification",
    "batch_size": 100,
    "clipping_threshold": 0.0,
    "dataset_name": "conn-bench-vowel-deterding_classification",
    "epochs": 10,
    "initialization_scale": "\\sqrt{\frac{6}{n+m}}",
    "inner_ISGD_iterations": 0,
    "intra_epoch": false,
    "lr": 3.0,
    "momentum": 0.0,
    "mu": 0.0,
    "nodes": 50,
    "seed": 1,
    "sgdtype": "explicit",
    "data_type": "classification"
  },
  "results": {
    "train": {
      "average_loss": [
        2.369047671556473,
        1.9396449774503708,
        2.358834743499756,
        2.508865460753441,
        3.873979866504669,
        3.022035002708435,
        1.4653686434030533,
        1.3614786714315414,
        1.4937237799167633,
        1.004484698176384
      ],
      "average_accuracy": [
        20.328282828282827,
        25.0,
        24.873737373737374,
        24.62121212121212,
        18.434343434343436,
        25.37878787878788,
        44.31818181818182,
        43.813131313131315,
        38.38383838383838,
        54.92424242424242
      ]
    },
    "test": {
      "average_loss": [
        2.395673632621765,
        1.98858642578125,
        2.66519558429718,
        2.7887446880340576,
        4.007289290428162,
        3.2719210386276245,
        1.4750131368637085,
        1.5350815653800964,
        1.7301861643791199,
        1.106319010257721
      ],
      "average_accuracy": [
        12.626262626262626,
        28.78787878787879,
        16.161616161616163,
        21.717171717171716,
        16.666666666666668,
        27.77777777777778,
        41.91919191919192,
        37.878787878787875,
        30.80808080808081,
        52.02020202020202
      ]
    },
    "average_loss_intra_epoch": [
      1.004484698176384
    ],
    "average_accuracy_intra_epoch": [
      54.92424242424242
    ],
    "runtime": 4.153310298919678
  }
}