{
  "hyperparameters": {
    "architecture": "music",
    "batch_size": 100,
    "clipping_threshold": 0.0,
    "dataset_name": "MuseData",
    "epochs": 5,
    "initialization_scale": "\\sqrt{\frac{6}{n+m}}",
    "inner_ISGD_iterations": 0,
    "intra_epoch": false,
    "lr": 5.0,
    "momentum": 0.0,
    "mu": 0.0,
    "nodes": 300,
    "seed": 3,
    "sgdtype": "explicit",
    "data_type": "sequential_many"
  },
  "results": {
    "train": {
      "average_loss": [
        0.0009266593059976891,
        0.000826270044694345,
        0.0007774377087491497,
        0.0007455332986392855,
        0.0007217776302511729
      ],
      "average_accuracy": [
        0,
        0,
        0,
        0,
        0
      ]
    },
    "test": {
      "average_loss": [
        0.0008629541517885011,
        0.0007658145334150299,
        0.0007182989161265141,
        0.000687170469665298,
        0.0006639679748097419
      ],
      "average_accuracy": [
        0,
        0,
        0,
        0,
        0
      ]
    },
    "average_loss_intra_epoch": [
      0.0007217776302511729
    ],
    "average_accuracy_intra_epoch": [
      0
    ],
    "runtime": 1816.8518810272217
  }
}