{
  "hyperparameters": {
    "architecture": "classification",
    "batch_size": 100,
    "clipping_threshold": 0.0,
    "dataset_name": "car_classification",
    "epochs": 10,
    "initialization_scale": "\\sqrt{\frac{6}{n+m}}",
    "inner_ISGD_iterations": 0,
    "intra_epoch": false,
    "lr": 3.0,
    "momentum": 0.0,
    "mu": 0.0,
    "nodes": 50,
    "seed": 1,
    "sgdtype": "implicit",
    "data_type": "classification"
  },
  "results": {
    "train": {
      "average_loss": [
        0.6080146368060794,
        4.147341864449637,
        2.834001064300537,
        1.9609008516584123,
        3.6441530329840526,
        3.5321467093058994,
        3.096717732293265,
        2.4929109641483853,
        1.9509319577898299,
        2.3963324087006703
      ],
      "average_accuracy": [
        78.4370477568741,
        63.38639652677279,
        52.749638205499274,
        68.7409551374819,
        13.748191027496382,
        70.33285094066571,
        71.20115774240232,
        21.1287988422576,
        68.7409551374819,
        61.72214182344428
      ]
    },
    "test": {
      "average_loss": [
        0.5908783078193665,
        4.20221883058548,
        2.5456653833389282,
        1.4946399927139282,
        3.625867545604706,
        2.733802616596222,
        2.5779519081115723,
        2.0861619412899017,
        1.4355731457471848,
        2.11701962351799
      ],
      "average_accuracy": [
        80.34682080924856,
        60.69364161849711,
        57.80346820809248,
        75.14450867052022,
        12.427745664739884,
        75.14450867052022,
        76.878612716763,
        23.69942196531792,
        75.14450867052022,
        66.47398843930635
      ]
    },
    "average_loss_intra_epoch": [
      2.3963324087006703
    ],
    "average_accuracy_intra_epoch": [
      61.72214182344428
    ],
    "runtime": 16.67619276046753
  }
}