{
  "hyperparameters": {
    "architecture": "music",
    "batch_size": 100,
    "clipping_threshold": 0.0,
    "dataset_name": "JSB Chorales",
    "epochs": 10,
    "initialization_scale": "\\sqrt{\frac{6}{n+m}}",
    "inner_ISGD_iterations": 0,
    "intra_epoch": false,
    "lr": 0.1,
    "momentum": 0.0,
    "mu": 0.0,
    "nodes": 50,
    "seed": 1,
    "sgdtype": "explicit",
    "data_type": "sequential_many"
  },
  "results": {
    "train": {
      "average_loss": [
        9.001973216710653,
        8.535124362295893,
        8.273038854765579,
        8.100371552346575,
        7.974356849120694,
        7.875162227705577,
        7.79365874586147,
        7.724720057441678,
        7.6652461639137766,
        7.613322136183493
      ],
      "average_accuracy": [
        0,
        0,
        0,
        0,
        0,
        0,
        0,
        0,
        0,
        0
      ]
    },
    "test": {
      "average_loss": [
        9.133333224754828,
        8.669399329594203,
        8.410915932097993,
        8.240481909219321,
        8.116124979861372,
        8.018609452557254,
        7.9388680365178494,
        7.871714381428508,
        7.81400220425098,
        7.763789437033913
      ],
      "average_accuracy": [
        0,
        0,
        0,
        0,
        0,
        0,
        0,
        0,
        0,
        0
      ]
    },
    "average_loss_intra_epoch": [
      7.613322136183493
    ],
    "average_accuracy_intra_epoch": [
      0
    ],
    "runtime": 245.30844402313232
  }
}