{
  "hyperparameters": {
    "architecture": "music",
    "batch_size": 100,
    "clipping_threshold": 8.0,
    "dataset_name": "Nottingham",
    "epochs": 5,
    "initialization_scale": "\\sqrt{\frac{6}{n+m}}",
    "inner_ISGD_iterations": 0,
    "intra_epoch": false,
    "lr": 200.0,
    "momentum": 0.0,
    "mu": 0.0,
    "nodes": 300,
    "seed": 1,
    "sgdtype": "implicit",
    "data_type": "sequential_many"
  },
  "results": {
    "train": {
      "average_loss": [
        0.0011427081883047918,
        0.0008350708863264492,
        0.0006964252455668626,
        0.0005829919743076033,
        0.0005230470857400479
      ],
      "average_accuracy": [
        0,
        0,
        0,
        0,
        0
      ]
    },
    "test": {
      "average_loss": [
        0.0011912289225352545,
        0.0008861448137288201,
        0.0007255709905139691,
        0.0006209435317406828,
        0.0005568328295339597
      ],
      "average_accuracy": [
        0,
        0,
        0,
        0,
        0
      ]
    },
    "average_loss_intra_epoch": [
      0.0005230470857400479
    ],
    "average_accuracy_intra_epoch": [
      0
    ],
    "runtime": 6747.306041479111
  }
}