{
  "hyperparameters": {
    "architecture": "classification",
    "batch_size": 100,
    "clipping_threshold": 0.0,
    "dataset_name": "seeds_classification",
    "epochs": 10,
    "initialization_scale": "\\sqrt{\frac{6}{n+m}}",
    "inner_ISGD_iterations": 0,
    "intra_epoch": false,
    "lr": 0.1,
    "momentum": 0.0,
    "mu": 0.0,
    "nodes": 50,
    "seed": 1,
    "sgdtype": "implicit",
    "data_type": "classification"
  },
  "results": {
    "train": {
      "average_loss": [
        1.1029384136199951,
        1.1010863184928894,
        1.0996302366256714,
        1.09846830368042,
        1.0975245833396912,
        1.096740961074829,
        1.0960724353790283,
        1.0954846739768982,
        1.0949501991271973,
        1.0944467186927795
      ],
      "average_accuracy": [
        36.30952380952381,
        36.30952380952381,
        36.30952380952381,
        36.30952380952381,
        36.30952380952381,
        36.30952380952381,
        36.30952380952381,
        36.30952380952381,
        36.30952380952381,
        36.30952380952381
      ]
    },
    "test": {
      "average_loss": [
        1.1628663539886475,
        1.1567460298538208,
        1.1515567302703857,
        1.14712393283844,
        1.143310785293579,
        1.1400060653686523,
        1.137122392654419,
        1.1345860958099365,
        1.1323373317718506,
        1.1303256750106812
      ],
      "average_accuracy": [
        21.428571428571427,
        21.428571428571427,
        21.428571428571427,
        21.428571428571427,
        21.428571428571427,
        21.428571428571427,
        21.428571428571427,
        21.428571428571427,
        21.428571428571427,
        21.428571428571427
      ]
    },
    "average_loss_intra_epoch": [
      1.0944467186927795
    ],
    "average_accuracy_intra_epoch": [
      36.30952380952381
    ],
    "runtime": 5.238051176071167
  }
}