{
  "hyperparameters": {
    "architecture": "classification",
    "batch_size": 100,
    "clipping_threshold": 0.0,
    "dataset_name": "breast-cancer-wisc-prog_classification",
    "epochs": 10,
    "initialization_scale": "\\sqrt{\frac{6}{n+m}}",
    "inner_ISGD_iterations": 0,
    "intra_epoch": false,
    "lr": 5.0,
    "momentum": 0.0,
    "mu": 0.0,
    "nodes": 50,
    "seed": 1,
    "sgdtype": "explicit",
    "data_type": "classification"
  },
  "results": {
    "train": {
      "average_loss": [
        0.7206123471260071,
        0.8495699763298035,
        0.8472112417221069,
        87.74586486816406,
        59.87485694885254,
        56.164777755737305,
        53.84382438659668,
        85.28798294067383,
        121.29043960571289,
        125.74438858032227
      ],
      "average_accuracy": [
        48.734177215189874,
        22.78481012658228,
        77.21518987341773,
        56.962025316455694,
        48.734177215189874,
        48.10126582278481,
        55.063291139240505,
        55.063291139240505,
        53.164556962025316,
        52.53164556962025
      ]
    },
    "test": {
      "average_loss": [
        0.7344390153884888,
        0.8271735906600952,
        0.6631775498390198,
        60.478736877441406,
        55.54814529418945,
        46.59828567504883,
        35.067264556884766,
        56.494239807128906,
        94.8448715209961,
        97.14851379394531
      ],
      "average_accuracy": [
        45.0,
        27.5,
        75.0,
        70.0,
        52.5,
        57.5,
        70.0,
        70.0,
        60.0,
        62.5
      ]
    },
    "average_loss_intra_epoch": [
      125.74438858032227
    ],
    "average_accuracy_intra_epoch": [
      52.53164556962025
    ],
    "runtime": 1.146101951599121
  }
}