{
  "hyperparameters": {
    "architecture": "classification",
    "batch_size": 100,
    "clipping_threshold": 0.0,
    "dataset_name": "wall-following_classification",
    "epochs": 10,
    "initialization_scale": "\\sqrt{\frac{6}{n+m}}",
    "inner_ISGD_iterations": 0,
    "intra_epoch": false,
    "lr": 0.1,
    "momentum": 0.0,
    "mu": 0.0,
    "nodes": 50,
    "seed": 1,
    "sgdtype": "implicit",
    "data_type": "classification"
  },
  "results": {
    "train": {
      "average_loss": [
        1.1824585605751385,
        1.0760721428827806,
        0.9674168676137924,
        0.9275599975477565,
        0.8810496939854189,
        0.8354430699890311,
        0.7979573580351743,
        0.7530824501406063,
        0.7108896469528024,
        0.6759641780094667
      ],
      "average_accuracy": [
        46.608615948670945,
        59.074243813015585,
        62.32813932172319,
        63.56553620531622,
        64.04674610449129,
        65.35288725939505,
        67.07149404216315,
        70.05041246562786,
        72.25022914757103,
        73.16681943171402
      ]
    },
    "test": {
      "average_loss": [
        1.1969924514943904,
        1.0949057774110273,
        0.9839849742976102,
        0.939252192323858,
        0.8834421363743868,
        0.8291060545227744,
        0.7898520447991111,
        0.7470106428319757,
        0.7084722193804655,
        0.6775902618061412
      ],
      "average_accuracy": [
        42.857142857142854,
        58.97435897435897,
        61.63003663003663,
        63.18681318681319,
        63.64468864468864,
        65.65934065934066,
        67.3076923076923,
        69.68864468864469,
        71.33699633699634,
        72.61904761904762
      ]
    },
    "average_loss_intra_epoch": [
      0.6759641780094667
    ],
    "average_accuracy_intra_epoch": [
      73.16681943171402
    ],
    "runtime": 163.03552436828613
  }
}