{
  "hyperparameters": {
    "architecture": "classification",
    "batch_size": 100,
    "clipping_threshold": 0.0,
    "dataset_name": "balance-scale_classification",
    "epochs": 10,
    "initialization_scale": "\\sqrt{\frac{6}{n+m}}",
    "inner_ISGD_iterations": 0,
    "intra_epoch": false,
    "lr": 0.001,
    "momentum": 0.0,
    "mu": 0.0,
    "nodes": 50,
    "seed": 1,
    "sgdtype": "explicit",
    "data_type": "classification"
  },
  "results": {
    "train": {
      "average_loss": [
        1.1362057447433471,
        1.1353697299957275,
        1.1345378875732421,
        1.1337097883224487,
        1.1328858613967896,
        1.1320655584335326,
        1.131248688697815,
        1.1304362058639525,
        1.1296270847320558,
        1.1288217306137085
      ],
      "average_accuracy": [
        7.6,
        7.6,
        7.6,
        7.6,
        7.6,
        7.6,
        7.6,
        7.6,
        7.6,
        7.6
      ]
    },
    "test": {
      "average_loss": [
        1.1274436116218567,
        1.1267223358154297,
        1.1260046362876892,
        1.12529057264328,
        1.1245799660682678,
        1.1238731145858765,
        1.123169720172882,
        1.1224700808525085,
        1.1217738389968872,
        1.1210809350013733
      ],
      "average_accuracy": [
        8.8,
        8.8,
        8.8,
        8.8,
        8.8,
        8.8,
        8.8,
        8.8,
        8.8,
        8.8
      ]
    },
    "average_loss_intra_epoch": [
      1.1288217306137085
    ],
    "average_accuracy_intra_epoch": [
      7.6
    ],
    "runtime": 3.6629960536956787
  }
}