{
  "hyperparameters": {
    "architecture": "classification",
    "batch_size": 100,
    "clipping_threshold": 0.0,
    "dataset_name": "echocardiogram_classification",
    "epochs": 10,
    "initialization_scale": "\\sqrt{\frac{6}{n+m}}",
    "inner_ISGD_iterations": 0,
    "intra_epoch": false,
    "lr": 0.5,
    "momentum": 0.0,
    "mu": 0.0,
    "nodes": 50,
    "seed": 1,
    "sgdtype": "implicit",
    "data_type": "classification"
  },
  "results": {
    "train": {
      "average_loss": [
        0.6031588315963745,
        0.5903235971927643,
        0.585071325302124,
        0.5787888169288635,
        0.5676662921905518,
        0.5458002090454102,
        0.501033753156662,
        0.4175731986761093,
        0.3155967816710472,
        0.2500394992530346
      ],
      "average_accuracy": [
        69.23076923076923,
        69.23076923076923,
        69.23076923076923,
        69.23076923076923,
        69.23076923076923,
        69.23076923076923,
        69.23076923076923,
        73.07692307692308,
        82.6923076923077,
        86.53846153846153
      ]
    },
    "test": {
      "average_loss": [
        0.6814819574356079,
        0.6966605186462402,
        0.7054391503334045,
        0.708533763885498,
        0.707371175289154,
        0.7012072801589966,
        0.6859806776046753,
        0.655762791633606,
        0.6230827569961548,
        0.6188912391662598
      ],
      "average_accuracy": [
        59.25925925925926,
        59.25925925925926,
        59.25925925925926,
        59.25925925925926,
        59.25925925925926,
        59.25925925925926,
        59.25925925925926,
        59.25925925925926,
        62.96296296296296,
        66.66666666666667
      ]
    },
    "average_loss_intra_epoch": [
      0.2500394992530346
    ],
    "average_accuracy_intra_epoch": [
      86.53846153846153
    ],
    "runtime": 4.911373853683472
  }
}