{
  "hyperparameters": {
    "architecture": "classification",
    "batch_size": 100,
    "clipping_threshold": 0.0,
    "dataset_name": "low-res-spect_classification",
    "epochs": 10,
    "initialization_scale": "\\sqrt{\frac{6}{n+m}}",
    "inner_ISGD_iterations": 0,
    "intra_epoch": false,
    "lr": 3.0,
    "momentum": 0.0,
    "mu": 0.0,
    "nodes": 50,
    "seed": 1,
    "sgdtype": "explicit",
    "data_type": "classification"
  },
  "results": {
    "train": {
      "average_loss": [
        22.53838768005371,
        139.58832702636718,
        24.62754669189453,
        33.93297691345215,
        47.9265251159668,
        38.17660903930664,
        45.56434211730957,
        24.53036575317383,
        34.11583709716797,
        14.482137107849121
      ],
      "average_accuracy": [
        23.349056603773583,
        56.839622641509436,
        43.160377358490564,
        63.679245283018865,
        61.556603773584904,
        62.5,
        65.56603773584905,
        64.62264150943396,
        66.27358490566037,
        67.68867924528301
      ]
    },
    "test": {
      "average_loss": [
        28.640331268310547,
        102.33695793151855,
        18.520646572113037,
        22.870933532714844,
        21.308331079781055,
        17.785242080688477,
        29.628511428833008,
        9.634580612182802,
        18.343915939331055,
        8.146421194076538
      ],
      "average_accuracy": [
        20.560747663551403,
        54.205607476635514,
        44.85981308411215,
        62.61682242990654,
        64.48598130841121,
        65.42056074766356,
        64.48598130841121,
        67.28971962616822,
        69.1588785046729,
        69.1588785046729
      ]
    },
    "average_loss_intra_epoch": [
      14.482137107849121
    ],
    "average_accuracy_intra_epoch": [
      67.68867924528301
    ],
    "runtime": 4.683998346328735
  }
}