{
  "hyperparameters": {
    "architecture": "classification",
    "batch_size": 1,
    "clipping_threshold": 0.0,
    "dataset_name": "classification_abalone",
    "epochs": 10,
    "initialization_scale": "\\sqrt{\frac{6}{n+m}}",
    "inner_ISGD_iterations": 0,
    "intra_epoch": false,
    "lr": 0.003,
    "momentum": 0.0,
    "mu": 0.0,
    "nodes": 50,
    "seed": 1,
    "sgdtype": "explicit",
    "data_type": "classification"
  },
  "results": {
    "train": {
      "average_loss": [
        1.0944301523658482,
        0.9094053000363359,
        0.8413813133300047,
        0.7997330703338582,
        0.7775605546666794,
        0.7723980341558238,
        0.7703779819696045,
        0.7690531980002115,
        0.7679391980206884,
        0.7668997383403567
      ],
      "average_accuracy": [
        34.72014366956001,
        56.48009577970667,
        58.87458844657288,
        60.909907213409156,
        62.61598323855133,
        63.244537563603714,
        63.30439988027537,
        63.30439988027537,
        63.42412451361868,
        63.75336725531278
      ]
    },
    "test": {
      "average_loss": [
        1.0957303303850896,
        0.919497675587686,
        0.8522379890476403,
        0.8062621942458398,
        0.7850536360498963,
        0.7797304076993722,
        0.7776686271706053,
        0.7764123007164974,
        0.775411169771016,
        0.774487907459077
      ],
      "average_accuracy": [
        34.33014354066986,
        55.02392344497608,
        56.33971291866029,
        60.047846889952154,
        60.88516746411483,
        61.36363636363637,
        61.8421052631579,
        61.72248803827751,
        62.32057416267943,
        62.55980861244019
      ]
    },
    "average_loss_intra_epoch": [
      0.7668997383403567
    ],
    "average_accuracy_intra_epoch": [
      63.75336725531278
    ],
    "runtime": 236.33449459075928
  }
}