{
  "hyperparameters": {
    "architecture": "classification",
    "batch_size": 100,
    "clipping_threshold": 0.0,
    "dataset_name": "hayes-roth_classification",
    "epochs": 10,
    "initialization_scale": "\\sqrt{\frac{6}{n+m}}",
    "inner_ISGD_iterations": 0,
    "intra_epoch": false,
    "lr": 30.0,
    "momentum": 0.0,
    "mu": 0.0,
    "nodes": 50,
    "seed": 1,
    "sgdtype": "explicit",
    "data_type": "classification"
  },
  "results": {
    "train": {
      "average_loss": [
        34.10112762451172,
        52.2783317565918,
        65.61528778076172,
        56.4606819152832,
        35.71191215515137,
        119.96370315551758,
        84.10612487792969,
        95.65162658691406,
        107.26891326904297,
        104.4136734008789
      ],
      "average_accuracy": [
        42.96875,
        42.96875,
        20.3125,
        36.71875,
        20.3125,
        36.71875,
        36.71875,
        42.96875,
        42.96875,
        42.96875
      ]
    },
    "test": {
      "average_loss": [
        44.59319305419922,
        66.71675109863281,
        88.13884735107422,
        48.376853942871094,
        24.815160751342773,
        91.3814926147461,
        60.20564651489258,
        114.97894287109375,
        134.24911499023438,
        136.03553771972656
      ],
      "average_accuracy": [
        31.25,
        31.25,
        15.625,
        53.125,
        15.625,
        53.125,
        53.125,
        31.25,
        31.25,
        31.25
      ]
    },
    "average_loss_intra_epoch": [
      104.4136734008789
    ],
    "average_accuracy_intra_epoch": [
      42.96875
    ],
    "runtime": 3.8495659828186035
  }
}