{
  "hyperparameters": {
    "architecture": "classification",
    "batch_size": 100,
    "clipping_threshold": 0.0,
    "dataset_name": "glass_classification",
    "epochs": 10,
    "initialization_scale": "\\sqrt{\frac{6}{n+m}}",
    "inner_ISGD_iterations": 0,
    "intra_epoch": false,
    "lr": 50.0,
    "momentum": 0.0,
    "mu": 0.0,
    "nodes": 50,
    "seed": 1,
    "sgdtype": "explicit",
    "data_type": "classification"
  },
  "results": {
    "train": {
      "average_loss": [
        185.31165313720703,
        246.99966430664062,
        404.63250732421875,
        360.4872131347656,
        316.9436340332031,
        587.808349609375,
        574.3103332519531,
        441.64561462402344,
        310.42596435546875,
        224.49585723876953
      ],
      "average_accuracy": [
        29.82456140350877,
        29.82456140350877,
        6.432748538011696,
        35.67251461988304,
        4.678362573099415,
        29.82456140350877,
        36.8421052631579,
        36.8421052631579,
        36.8421052631579,
        29.82456140350877
      ]
    },
    "test": {
      "average_loss": [
        138.52920532226562,
        206.24087524414062,
        379.14373779296875,
        407.28607177734375,
        394.5791320800781,
        483.28802490234375,
        640.798828125,
        532.4254150390625,
        433.61419677734375,
        169.20623779296875
      ],
      "average_accuracy": [
        44.18604651162791,
        44.18604651162791,
        13.953488372093023,
        23.25581395348837,
        2.3255813953488373,
        44.18604651162791,
        23.25581395348837,
        23.25581395348837,
        23.25581395348837,
        44.18604651162791
      ]
    },
    "average_loss_intra_epoch": [
      224.49585723876953
    ],
    "average_accuracy_intra_epoch": [
      29.82456140350877
    ],
    "runtime": 3.8125221729278564
  }
}