{
  "hyperparameters": {
    "architecture": "classification",
    "batch_size": 100,
    "clipping_threshold": 0.0,
    "dataset_name": "synthetic-control_classification",
    "epochs": 10,
    "initialization_scale": "\\sqrt{\frac{6}{n+m}}",
    "inner_ISGD_iterations": 0,
    "intra_epoch": false,
    "lr": 30.0,
    "momentum": 0.0,
    "mu": 0.0,
    "nodes": 50,
    "seed": 1,
    "sgdtype": "implicit",
    "data_type": "classification"
  },
  "results": {
    "train": {
      "average_loss": [
        494.933984375,
        696.3053466796875,
        515.9200622558594,
        348.77092895507815,
        394.4143920898438,
        288.7289184570312,
        321.6403015136719,
        273.20274963378904,
        251.43654174804686,
        164.12952880859376
      ],
      "average_accuracy": [
        16.875,
        33.541666666666664,
        46.666666666666664,
        47.291666666666664,
        45.416666666666664,
        62.291666666666664,
        51.25,
        43.541666666666664,
        68.75,
        68.75
      ]
    },
    "test": {
      "average_loss": [
        464.5334777832031,
        814.2115173339844,
        432.45025634765625,
        279.53074645996094,
        353.5678253173828,
        300.61148834228516,
        250.13963317871094,
        203.80290985107422,
        275.38385009765625,
        182.14414978027344
      ],
      "average_accuracy": [
        16.666666666666668,
        33.333333333333336,
        54.166666666666664,
        53.333333333333336,
        51.666666666666664,
        55.833333333333336,
        58.333333333333336,
        54.166666666666664,
        62.5,
        62.5
      ]
    },
    "average_loss_intra_epoch": [
      164.12952880859376
    ],
    "average_accuracy_intra_epoch": [
      68.75
    ],
    "runtime": 40.717058181762695
  }
}