{
  "hyperparameters": {
    "architecture": "classification",
    "batch_size": 100,
    "clipping_threshold": 0.0,
    "dataset_name": "primary-tumor_classification",
    "epochs": 10,
    "initialization_scale": "\\sqrt{\frac{6}{n+m}}",
    "inner_ISGD_iterations": 0,
    "intra_epoch": false,
    "lr": 0.1,
    "momentum": 0.0,
    "mu": 0.0,
    "nodes": 50,
    "seed": 1,
    "sgdtype": "implicit",
    "data_type": "classification"
  },
  "results": {
    "train": {
      "average_loss": [
        2.680344740549723,
        2.655933380126953,
        2.632565895716349,
        2.6101898352305093,
        2.58878493309021,
        2.5683578650156655,
        2.5489349365234375,
        2.5305583477020264,
        2.513275225957235,
        2.4971348444620767
      ],
      "average_accuracy": [
        12.878787878787879,
        13.257575757575758,
        26.515151515151516,
        27.272727272727273,
        27.272727272727273,
        27.272727272727273,
        27.272727272727273,
        27.272727272727273,
        27.272727272727273,
        27.272727272727273
      ]
    },
    "test": {
      "average_loss": [
        2.7275266647338867,
        2.71479868888855,
        2.702932596206665,
        2.691913366317749,
        2.6817429065704346,
        2.672437906265259,
        2.6640243530273438,
        2.6565301418304443,
        2.649977684020996,
        2.6443817615509033
      ],
      "average_accuracy": [
        3.0303030303030303,
        6.0606060606060606,
        18.181818181818183,
        18.181818181818183,
        18.181818181818183,
        18.181818181818183,
        18.181818181818183,
        18.181818181818183,
        18.181818181818183,
        18.181818181818183
      ]
    },
    "average_loss_intra_epoch": [
      2.4971348444620767
    ],
    "average_accuracy_intra_epoch": [
      27.272727272727273
    ],
    "runtime": 10.012785911560059
  }
}