{
  "hyperparameters": {
    "architecture": "classification",
    "batch_size": 100,
    "clipping_threshold": 0.0,
    "dataset_name": "hepatitis_classification",
    "epochs": 10,
    "initialization_scale": "\\sqrt{\frac{6}{n+m}}",
    "inner_ISGD_iterations": 0,
    "intra_epoch": false,
    "lr": 5.0,
    "momentum": 0.0,
    "mu": 0.0,
    "nodes": 50,
    "seed": 1,
    "sgdtype": "explicit",
    "data_type": "classification"
  },
  "results": {
    "train": {
      "average_loss": [
        0.7923527657985687,
        6.137540102005005,
        19.313331604003906,
        77.23724365234375,
        2.476746082305908,
        27.963342666625977,
        27.389604568481445,
        4.145638942718506,
        35.45387554168701,
        21.86425495147705
      ],
      "average_accuracy": [
        20.161290322580644,
        21.774193548387096,
        74.19354838709677,
        73.38709677419355,
        74.19354838709677,
        26.612903225806452,
        70.16129032258064,
        69.35483870967742,
        62.096774193548384,
        79.83870967741936
      ]
    },
    "test": {
      "average_loss": [
        0.794378399848938,
        6.488709449768066,
        19.49605369567871,
        67.18726348876953,
        2.0393147468566895,
        26.40846824645996,
        23.546768188476562,
        5.567996978759766,
        50.955413818359375,
        30.5418643951416
      ],
      "average_accuracy": [
        19.35483870967742,
        16.129032258064516,
        74.19354838709677,
        77.41935483870968,
        80.64516129032258,
        22.580645161290324,
        74.19354838709677,
        54.83870967741935,
        51.61290322580645,
        70.96774193548387
      ]
    },
    "average_loss_intra_epoch": [
      21.86425495147705
    ],
    "average_accuracy_intra_epoch": [
      79.83870967741936
    ],
    "runtime": 3.753298759460449
  }
}