{
  "hyperparameters": {
    "architecture": "music",
    "batch_size": 100,
    "clipping_threshold": 0.01,
    "dataset_name": "Piano-midi.de",
    "epochs": 5,
    "initialization_scale": "\\sqrt{\frac{6}{n+m}}",
    "inner_ISGD_iterations": 0,
    "intra_epoch": false,
    "lr": 500.0,
    "momentum": 0.0,
    "mu": 0.0,
    "nodes": 300,
    "seed": 4,
    "sgdtype": "explicit",
    "data_type": "sequential_many"
  },
  "results": {
    "train": {
      "average_loss": [
        0.0003522244368541996,
        0.00033176076776099167,
        0.0003246357354610468,
        0.0003219718261486075,
        0.0003062870886445115
      ],
      "average_accuracy": [
        0,
        0,
        0,
        0,
        0
      ]
    },
    "test": {
      "average_loss": [
        0.00045598461307235996,
        0.0004400482200435363,
        0.0004331174839171581,
        0.00043714989282307216,
        0.0004129695387382526
      ],
      "average_accuracy": [
        0,
        0,
        0,
        0,
        0
      ]
    },
    "average_loss_intra_epoch": [
      0.0003062870886445115
    ],
    "average_accuracy_intra_epoch": [
      0
    ],
    "runtime": 589.6490247249603
  }
}