{
  "hyperparameters": {
    "architecture": "classification",
    "batch_size": 100,
    "clipping_threshold": 0.0,
    "dataset_name": "wine-quality-red_classification",
    "epochs": 10,
    "initialization_scale": "\\sqrt{\frac{6}{n+m}}",
    "inner_ISGD_iterations": 0,
    "intra_epoch": false,
    "lr": 3.0,
    "momentum": 0.0,
    "mu": 0.0,
    "nodes": 50,
    "seed": 1,
    "sgdtype": "explicit",
    "data_type": "classification"
  },
  "results": {
    "train": {
      "average_loss": [
        1.2183840366510243,
        1.052354748432453,
        0.9935367336639991,
        1.0494343179922838,
        0.9816500086050767,
        0.9835560596906222,
        0.9694584974875817,
        0.9903663901182321,
        0.971749117741218,
        1.0131163322008574
      ],
      "average_accuracy": [
        42.298670836591086,
        55.82486317435497,
        58.1704456606724,
        53.47928068803753,
        59.73416731821736,
        58.71774824081314,
        60.203283815480845,
        57.77951524628616,
        57.46677091477717,
        56.76309616888194
      ]
    },
    "test": {
      "average_loss": [
        1.1249825358390808,
        0.9602102786302567,
        0.9658618569374084,
        1.0545316338539124,
        0.9519446492195129,
        0.954815223813057,
        0.9545527249574661,
        1.0140973776578903,
        0.9809022843837738,
        1.0177376866340637
      ],
      "average_accuracy": [
        43.75,
        60.3125,
        55.625,
        51.5625,
        56.25,
        60.625,
        59.375,
        52.5,
        53.75,
        54.0625
      ]
    },
    "average_loss_intra_epoch": [
      1.0131163322008574
    ],
    "average_accuracy_intra_epoch": [
      56.76309616888194
    ],
    "runtime": 4.680969476699829
  }
}