{
  "hyperparameters": {
    "architecture": "classification",
    "batch_size": 100,
    "clipping_threshold": 0.0,
    "dataset_name": "parkinsons_classification",
    "epochs": 10,
    "initialization_scale": "\\sqrt{\frac{6}{n+m}}",
    "inner_ISGD_iterations": 0,
    "intra_epoch": false,
    "lr": 30.0,
    "momentum": 0.0,
    "mu": 0.0,
    "nodes": 50,
    "seed": 1,
    "sgdtype": "implicit",
    "data_type": "classification"
  },
  "results": {
    "train": {
      "average_loss": [
        66.89988708496094,
        579.0642700195312,
        37.058359146118164,
        425.49732971191406,
        178.8997344970703,
        271.6792755126953,
        503.76622009277344,
        117.87089920043945,
        506.2774963378906,
        37.16363525390625
      ],
      "average_accuracy": [
        28.205128205128204,
        71.7948717948718,
        71.7948717948718,
        71.7948717948718,
        28.205128205128204,
        71.7948717948718,
        28.205128205128204,
        71.7948717948718,
        71.7948717948718,
        75.64102564102564
      ]
    },
    "test": {
      "average_loss": [
        59.891056060791016,
        829.087158203125,
        54.54536819458008,
        611.0072021484375,
        156.59080505371094,
        392.5921325683594,
        429.7214050292969,
        174.1906280517578,
        730.6069946289062,
        43.359561920166016
      ],
      "average_accuracy": [
        41.02564102564103,
        58.97435897435897,
        58.97435897435897,
        58.97435897435897,
        41.02564102564103,
        58.97435897435897,
        41.02564102564103,
        58.97435897435897,
        58.97435897435897,
        74.35897435897436
      ]
    },
    "average_loss_intra_epoch": [
      37.16363525390625
    ],
    "average_accuracy_intra_epoch": [
      75.64102564102564
    ],
    "runtime": 8.026609659194946
  }
}