{
  "hyperparameters": {
    "architecture": "classification",
    "batch_size": 100,
    "clipping_threshold": 0.0,
    "dataset_name": "soybean_classification",
    "epochs": 10,
    "initialization_scale": "\\sqrt{\frac{6}{n+m}}",
    "inner_ISGD_iterations": 0,
    "intra_epoch": false,
    "lr": 5.0,
    "momentum": 0.0,
    "mu": 0.0,
    "nodes": 50,
    "seed": 1,
    "sgdtype": "implicit",
    "data_type": "classification"
  },
  "results": {
    "train": {
      "average_loss": [
        10.539462089538574,
        64.54174168904622,
        88.60157648722331,
        118.37386322021484,
        58.36706415812174,
        39.732882817586265,
        17.149704138437908,
        17.095167477925617,
        16.601665655771892,
        20.48412322998047
      ],
      "average_accuracy": [
        24.90842490842491,
        14.102564102564102,
        12.820512820512821,
        6.227106227106227,
        22.344322344322343,
        25.274725274725274,
        35.34798534798535,
        39.010989010989015,
        38.64468864468864,
        32.967032967032964
      ]
    },
    "test": {
      "average_loss": [
        11.878312587738037,
        55.45598220825195,
        87.66031646728516,
        118.40152740478516,
        62.98080825805664,
        34.35069274902344,
        18.88193702697754,
        18.560080528259277,
        16.352675914764404,
        20.9507474899292
      ],
      "average_accuracy": [
        18.978102189781023,
        22.62773722627737,
        9.489051094890511,
        5.839416058394161,
        19.708029197080293,
        24.817518248175183,
        23.357664233576642,
        44.52554744525548,
        34.306569343065696,
        27.00729927007299
      ]
    },
    "average_loss_intra_epoch": [
      20.48412322998047
    ],
    "average_accuracy_intra_epoch": [
      32.967032967032964
    ],
    "runtime": 28.88758683204651
  }
}