{
  "hyperparameters": {
    "architecture": "classification",
    "batch_size": 100,
    "clipping_threshold": 0.0,
    "dataset_name": "conn-bench-sonar-mines-rocks_classification",
    "epochs": 10,
    "initialization_scale": "\\sqrt{\frac{6}{n+m}}",
    "inner_ISGD_iterations": 0,
    "intra_epoch": false,
    "lr": 0.1,
    "momentum": 0.0,
    "mu": 0.0,
    "nodes": 50,
    "seed": 1,
    "sgdtype": "explicit",
    "data_type": "classification"
  },
  "results": {
    "train": {
      "average_loss": [
        0.6863804459571838,
        0.6792687475681305,
        0.6720138490200043,
        0.6642839312553406,
        0.6557680368423462,
        0.646166980266571,
        0.6352003216743469,
        0.6226291656494141,
        0.608298271894455,
        0.5921908318996429
      ],
      "average_accuracy": [
        54.81927710843374,
        64.4578313253012,
        65.06024096385542,
        69.27710843373494,
        73.49397590361446,
        74.09638554216868,
        75.90361445783132,
        77.71084337349397,
        75.90361445783132,
        76.50602409638554
      ]
    },
    "test": {
      "average_loss": [
        0.6916678547859192,
        0.6868355870246887,
        0.6817256212234497,
        0.6760817766189575,
        0.6696589589118958,
        0.6622187495231628,
        0.6535356044769287,
        0.6434214115142822,
        0.6317641735076904,
        0.6185826063156128
      ],
      "average_accuracy": [
        57.142857142857146,
        57.142857142857146,
        61.904761904761905,
        69.04761904761905,
        66.66666666666667,
        69.04761904761905,
        76.19047619047619,
        73.80952380952381,
        69.04761904761905,
        69.04761904761905
      ]
    },
    "average_loss_intra_epoch": [
      0.5921908318996429
    ],
    "average_accuracy_intra_epoch": [
      76.50602409638554
    ],
    "runtime": 0.9820919036865234
  }
}