{
  "hyperparameters": {
    "architecture": "classification",
    "batch_size": 100,
    "clipping_threshold": 0.0,
    "dataset_name": "breast-cancer-wisc-diag_classification",
    "epochs": 10,
    "initialization_scale": "\\sqrt{\frac{6}{n+m}}",
    "inner_ISGD_iterations": 0,
    "intra_epoch": false,
    "lr": 0.01,
    "momentum": 0.0,
    "mu": 0.0,
    "nodes": 50,
    "seed": 1,
    "sgdtype": "explicit",
    "data_type": "classification"
  },
  "results": {
    "train": {
      "average_loss": [
        0.7062867641448974,
        0.7012980103492736,
        0.6965340614318848,
        0.691966450214386,
        0.6875682353973389,
        0.683314299583435,
        0.6791803717613221,
        0.6751433730125427,
        0.6711809635162354,
        0.6672712326049804
      ],
      "average_accuracy": [
        37.362637362637365,
        37.362637362637365,
        37.362637362637365,
        37.362637362637365,
        55.824175824175825,
        87.47252747252747,
        87.6923076923077,
        82.41758241758242,
        77.14285714285714,
        74.94505494505495
      ]
    },
    "test": {
      "average_loss": [
        0.7140823900699615,
        0.7078374326229095,
        0.7018870711326599,
        0.6962007582187653,
        0.6907501816749573,
        0.6855091750621796,
        0.680452287197113,
        0.6755557656288147,
        0.6707965135574341,
        0.666152685880661
      ],
      "average_accuracy": [
        36.8421052631579,
        36.8421052631579,
        36.8421052631579,
        36.8421052631579,
        56.14035087719298,
        85.96491228070175,
        84.21052631578948,
        77.19298245614036,
        71.05263157894737,
        67.54385964912281
      ]
    },
    "average_loss_intra_epoch": [
      0.6672712326049804
    ],
    "average_accuracy_intra_epoch": [
      74.94505494505495
    ],
    "runtime": 1.0883049964904785
  }
}