{
  "hyperparameters": {
    "architecture": "classification",
    "batch_size": 100,
    "clipping_threshold": 0.0,
    "dataset_name": "connect-4_classification",
    "epochs": 10,
    "initialization_scale": "\\sqrt{\frac{6}{n+m}}",
    "inner_ISGD_iterations": 0,
    "intra_epoch": false,
    "lr": 0.0003,
    "momentum": 0.0,
    "mu": 0.0,
    "nodes": 50,
    "seed": 1,
    "sgdtype": "implicit",
    "data_type": "classification"
  },
  "results": {
    "train": {
      "average_loss": [
        0.6266315863665723,
        0.6119823505389271,
        0.6005156522757906,
        0.5915165025733976,
        0.5844391898945828,
        0.5788637106608111,
        0.5744648057409664,
        0.5709894471930929,
        0.5682399873923022,
        0.5660618350267851
      ],
      "average_accuracy": [
        75.36127301322972,
        75.36127301322972,
        75.36127301322972,
        75.36127301322972,
        75.36127301322972,
        75.36127301322972,
        75.36127301322972,
        75.36127301322972,
        75.36127301322972,
        75.36127301322972
      ]
    },
    "test": {
      "average_loss": [
        0.6259468920967158,
        0.6110840027823168,
        0.5994277252432179,
        0.5902600774870199,
        0.5830328238799292,
        0.5773238191271529,
        0.5728060215273324,
        0.569224731229684,
        0.5663809719331124,
        0.5641188494422856
      ],
      "average_accuracy": [
        75.43664890467733,
        75.43664890467733,
        75.43664890467733,
        75.43664890467733,
        75.43664890467733,
        75.43664890467733,
        75.43664890467733,
        75.43664890467733,
        75.43664890467733,
        75.43664890467733
      ]
    },
    "average_loss_intra_epoch": [
      0.5660618350267851
    ],
    "average_accuracy_intra_epoch": [
      75.36127301322972
    ],
    "runtime": 3017.425628185272
  }
}