{
  "hyperparameters": {
    "architecture": "classification",
    "batch_size": 100,
    "clipping_threshold": 0.0,
    "dataset_name": "statlog-australian-credit_classification",
    "epochs": 10,
    "initialization_scale": "\\sqrt{\frac{6}{n+m}}",
    "inner_ISGD_iterations": 0,
    "intra_epoch": false,
    "lr": 30.0,
    "momentum": 0.0,
    "mu": 0.0,
    "nodes": 50,
    "seed": 1,
    "sgdtype": "implicit",
    "data_type": "classification"
  },
  "results": {
    "train": {
      "average_loss": [
        343.952631632487,
        201.04671478271484,
        182.4511947631836,
        55.614684422810875,
        122.8073247273763,
        89.78394190470378,
        112.21553293863933,
        18.191972096761067,
        119.31693267822266,
        228.3672866821289
      ],
      "average_accuracy": [
        52.17391304347826,
        40.39855072463768,
        55.79710144927536,
        49.63768115942029,
        48.731884057971016,
        40.57971014492754,
        41.84782608695652,
        62.31884057971015,
        49.094202898550726,
        57.427536231884055
      ]
    },
    "test": {
      "average_loss": [
        235.63192749023438,
        253.02642059326172,
        142.94904327392578,
        54.69500732421875,
        104.68798828125,
        102.56880187988281,
        114.96269226074219,
        12.127665519714355,
        135.2025604248047,
        154.7645492553711
      ],
      "average_accuracy": [
        63.04347826086956,
        29.71014492753623,
        63.768115942028984,
        42.7536231884058,
        47.82608695652174,
        31.159420289855074,
        39.130434782608695,
        72.46376811594203,
        39.130434782608695,
        66.66666666666667
      ]
    },
    "average_loss_intra_epoch": [
      228.3672866821289
    ],
    "average_accuracy_intra_epoch": [
      57.427536231884055
    ],
    "runtime": 14.87082815170288
  }
}