{
  "hyperparameters": {
    "architecture": "classification",
    "batch_size": 100,
    "clipping_threshold": 0.0,
    "dataset_name": "cylinder-bands_classification",
    "epochs": 10,
    "initialization_scale": "\\sqrt{\frac{6}{n+m}}",
    "inner_ISGD_iterations": 0,
    "intra_epoch": false,
    "lr": 0.01,
    "momentum": 0.0,
    "mu": 0.0,
    "nodes": 50,
    "seed": 1,
    "sgdtype": "explicit",
    "data_type": "classification"
  },
  "results": {
    "train": {
      "average_loss": [
        0.7053572773933411,
        0.7015365958213806,
        0.6979941844940185,
        0.694709038734436,
        0.6916615843772889,
        0.6888340473175049,
        0.6862098574638367,
        0.6837738633155823,
        0.6815119385719299,
        0.6794110059738159
      ],
      "average_accuracy": [
        38.87530562347188,
        39.36430317848411,
        39.85330073349633,
        49.38875305623472,
        59.168704156479215,
        60.391198044009776,
        60.391198044009776,
        60.391198044009776,
        60.63569682151589,
        60.63569682151589
      ]
    },
    "test": {
      "average_loss": [
        0.708890825510025,
        0.7050532102584839,
        0.7014943659305573,
        0.6981938779354095,
        0.6951324343681335,
        0.692292332649231,
        0.6896569132804871,
        0.6872114837169647,
        0.6849416494369507,
        0.6828348338603973
      ],
      "average_accuracy": [
        37.86407766990291,
        35.922330097087375,
        38.83495145631068,
        50.48543689320388,
        55.33980582524272,
        63.10679611650485,
        61.16504854368932,
        61.16504854368932,
        61.16504854368932,
        62.13592233009709
      ]
    },
    "average_loss_intra_epoch": [
      0.6794110059738159
    ],
    "average_accuracy_intra_epoch": [
      60.63569682151589
    ],
    "runtime": 3.662773370742798
  }
}