{
  "hyperparameters": {
    "architecture": "classification",
    "batch_size": 100,
    "clipping_threshold": 0.0,
    "dataset_name": "miniboone_classification",
    "epochs": 10,
    "initialization_scale": "\\sqrt{\frac{6}{n+m}}",
    "inner_ISGD_iterations": 0,
    "intra_epoch": false,
    "lr": 50.0,
    "momentum": 0.0,
    "mu": 0.0,
    "nodes": 50,
    "seed": 1,
    "sgdtype": "explicit",
    "data_type": "classification"
  },
  "results": {
    "train": {
      "average_loss": [
        703.4697553797712,
        365.4145612176168,
        437.455595238179,
        1206.296296661113,
        997.7805745677233,
        565.2834134646955,
        1088.0594144705738,
        285.60941957442606,
        117.12842218287282,
        190.86980695477138
      ],
      "average_accuracy": [
        33.369213174308754,
        72.85946314787941,
        81.47446925065593,
        71.73501456016761,
        79.33032839665164,
        79.29188570989227,
        29.075165063286274,
        71.25736417718234,
        76.78446146601186,
        62.94317209829795
      ]
    },
    "test": {
      "average_loss": [
        700.7603935154006,
        370.9466601843121,
        439.92844800108696,
        1212.4179551866318,
        1010.5410124680092,
        579.0618714080459,
        1090.0785440613026,
        281.9192727041427,
        117.03537855477168,
        191.3583264698014
      ],
      "average_accuracy": [
        33.88305847076462,
        72.5752508361204,
        81.3208780225272,
        71.06062353438665,
        78.93361011801791,
        78.88747933725445,
        29.765886287625417,
        70.99142736324146,
        76.81928266635913,
        63.16457156037366
      ]
    },
    "average_loss_intra_epoch": [
      190.86980695477138
    ],
    "average_accuracy_intra_epoch": [
      62.94317209829795
    ],
    "runtime": 124.57566261291504
  }
}