{
  "hyperparameters": {
    "architecture": "classification",
    "batch_size": 100,
    "clipping_threshold": 0.0,
    "dataset_name": "cardiotocography-10clases_classification",
    "epochs": 10,
    "initialization_scale": "\\sqrt{\frac{6}{n+m}}",
    "inner_ISGD_iterations": 0,
    "intra_epoch": false,
    "lr": 0.1,
    "momentum": 0.0,
    "mu": 0.0,
    "nodes": 50,
    "seed": 1,
    "sgdtype": "implicit",
    "data_type": "classification"
  },
  "results": {
    "train": {
      "average_loss": [
        2.1766123210682586,
        2.093720323899213,
        2.0430416219374714,
        2.0026512566734764,
        1.942641068907345,
        1.8139565271489761,
        1.635713682455175,
        1.4924137241700117,
        1.363331626443302,
        1.2398186010472916
      ],
      "average_accuracy": [
        26.88235294117647,
        26.88235294117647,
        26.88235294117647,
        26.88235294117647,
        26.88235294117647,
        31.529411764705884,
        38.411764705882355,
        47.8235294117647,
        53.64705882352941,
        59.64705882352941
      ]
    },
    "test": {
      "average_loss": [
        2.167241096496582,
        2.082174873352051,
        2.0307660341262816,
        1.9916407585144043,
        1.9364051580429078,
        1.8192634105682373,
        1.6522392511367798,
        1.5101866006851197,
        1.382753849029541,
        1.2642186164855957
      ],
      "average_accuracy": [
        28.63849765258216,
        28.63849765258216,
        28.63849765258216,
        28.63849765258216,
        28.63849765258216,
        34.27230046948357,
        38.967136150234744,
        48.35680751173709,
        54.225352112676056,
        58.92018779342723
      ]
    },
    "average_loss_intra_epoch": [
      1.2398186010472916
    ],
    "average_accuracy_intra_epoch": [
      59.64705882352941
    ],
    "runtime": 13.906660795211792
  }
}