{
  "hyperparameters": {
    "architecture": "classification",
    "batch_size": 1,
    "clipping_threshold": 0.0,
    "dataset_name": "classification_annealing",
    "epochs": 10,
    "initialization_scale": "\\sqrt{\frac{6}{n+m}}",
    "inner_ISGD_iterations": 0,
    "intra_epoch": false,
    "lr": 0.0005,
    "momentum": 0.0,
    "mu": 0.0,
    "nodes": 50,
    "seed": 1,
    "sgdtype": "explicit",
    "data_type": "classification"
  },
  "results": {
    "train": {
      "average_loss": [
        1.3717817793649552,
        1.2212629456041915,
        1.1050899694556977,
        1.0188244865133238,
        0.957967904782893,
        0.9166677461361155,
        0.8891406384683253,
        0.8698750603165799,
        0.8558859215805458,
        0.8446990215014615
      ],
      "average_accuracy": [
        75.6267409470752,
        75.6267409470752,
        75.6267409470752,
        75.6267409470752,
        75.6267409470752,
        75.6267409470752,
        75.6267409470752,
        75.6267409470752,
        75.6267409470752,
        75.6267409470752
      ]
    },
    "test": {
      "average_loss": [
        1.3587499817212423,
        1.2003835674789216,
        1.0765422450171576,
        0.9833330280250974,
        0.9163996623622046,
        0.8704012135664622,
        0.8390234549840291,
        0.8178321659564972,
        0.8028579692045847,
        0.7911104758580526
      ],
      "average_accuracy": [
        78.33333333333333,
        78.33333333333333,
        78.33333333333333,
        78.33333333333333,
        78.33333333333333,
        78.33333333333333,
        78.33333333333333,
        78.33333333333333,
        78.33333333333333,
        78.33333333333333
      ]
    },
    "average_loss_intra_epoch": [
      0.8446990215014615
    ],
    "average_accuracy_intra_epoch": [
      75.6267409470752
    ],
    "runtime": 35.34758710861206
  }
}