{
  "hyperparameters": {
    "architecture": "classification",
    "batch_size": 100,
    "clipping_threshold": 0.0,
    "dataset_name": "teaching_classification",
    "epochs": 10,
    "initialization_scale": "\\sqrt{\frac{6}{n+m}}",
    "inner_ISGD_iterations": 0,
    "intra_epoch": false,
    "lr": 50.0,
    "momentum": 0.0,
    "mu": 0.0,
    "nodes": 50,
    "seed": 1,
    "sgdtype": "explicit",
    "data_type": "classification"
  },
  "results": {
    "train": {
      "average_loss": [
        78.51663970947266,
        178.16484832763672,
        245.65133666992188,
        144.85560989379883,
        199.43763732910156,
        265.2819595336914,
        124.20539093017578,
        306.59710693359375,
        194.0215606689453,
        92.09654998779297
      ],
      "average_accuracy": [
        34.166666666666664,
        34.166666666666664,
        34.166666666666664,
        34.166666666666664,
        33.333333333333336,
        32.5,
        32.5,
        34.166666666666664,
        34.166666666666664,
        34.166666666666664
      ]
    },
    "test": {
      "average_loss": [
        86.35539245605469,
        196.32151794433594,
        330.79412841796875,
        178.03797912597656,
        185.3404541015625,
        294.1075439453125,
        96.96456146240234,
        363.7999572753906,
        266.6621398925781,
        112.24098205566406
      ],
      "average_accuracy": [
        29.032258064516128,
        29.032258064516128,
        29.032258064516128,
        29.032258064516128,
        38.70967741935484,
        32.25806451612903,
        32.25806451612903,
        29.032258064516128,
        29.032258064516128,
        29.032258064516128
      ]
    },
    "average_loss_intra_epoch": [
      92.09654998779297
    ],
    "average_accuracy_intra_epoch": [
      34.166666666666664
    ],
    "runtime": 3.712858200073242
  }
}