{
  "hyperparameters": {
    "architecture": "music",
    "batch_size": 100,
    "clipping_threshold": 8.0,
    "dataset_name": "MuseData",
    "epochs": 5,
    "initialization_scale": "\\sqrt{\frac{6}{n+m}}",
    "inner_ISGD_iterations": 0,
    "intra_epoch": false,
    "lr": 5.0,
    "momentum": 0.0,
    "mu": 0.0,
    "nodes": 300,
    "seed": 5,
    "sgdtype": "explicit",
    "data_type": "sequential_many"
  },
  "results": {
    "train": {
      "average_loss": [
        0.0009360044890410291,
        0.0008360384200796381,
        0.0007871373083117197,
        0.0007551141516923685,
        0.0007312451196704033
      ],
      "average_accuracy": [
        0,
        0,
        0,
        0,
        0
      ]
    },
    "test": {
      "average_loss": [
        0.0008735379974055949,
        0.0007768144097949957,
        0.000729318506684297,
        0.0006981358197487181,
        0.0006748532613997786
      ],
      "average_accuracy": [
        0,
        0,
        0,
        0,
        0
      ]
    },
    "average_loss_intra_epoch": [
      0.0007312451196704033
    ],
    "average_accuracy_intra_epoch": [
      0
    ],
    "runtime": 1832.1382539272308
  }
}