{
  "hyperparameters": {
    "architecture": "music",
    "batch_size": 100,
    "clipping_threshold": 0.0,
    "dataset_name": "MuseData",
    "epochs": 5,
    "initialization_scale": "\\sqrt{\frac{6}{n+m}}",
    "inner_ISGD_iterations": 0,
    "intra_epoch": false,
    "lr": 500.0,
    "momentum": 0.0,
    "mu": 0.0,
    "nodes": 300,
    "seed": 2,
    "sgdtype": "implicit",
    "data_type": "sequential_many"
  },
  "results": {
    "train": {
      "average_loss": [
        0.0013003132361386598,
        0.001539558273582541,
        0.0008733629882475072,
        0.0007552470201794989,
        0.0006605810785566355
      ],
      "average_accuracy": [
        0,
        0,
        0,
        0,
        0
      ]
    },
    "test": {
      "average_loss": [
        0.0011258534887899933,
        0.0009011021082539716,
        0.0007744906449055809,
        0.0006583407962499487,
        0.0005655372073922462
      ],
      "average_accuracy": [
        0,
        0,
        0,
        0,
        0
      ]
    },
    "average_loss_intra_epoch": [
      0.0006605810785566355
    ],
    "average_accuracy_intra_epoch": [
      0
    ],
    "runtime": 9493.831790208817
  }
}