{
  "hyperparameters": {
    "architecture": "classification",
    "batch_size": 100,
    "clipping_threshold": 0.0,
    "dataset_name": "breast-cancer-wisc-prog_classification",
    "epochs": 10,
    "initialization_scale": "\\sqrt{\frac{6}{n+m}}",
    "inner_ISGD_iterations": 0,
    "intra_epoch": false,
    "lr": 0.1,
    "momentum": 0.0,
    "mu": 0.0,
    "nodes": 50,
    "seed": 1,
    "sgdtype": "explicit",
    "data_type": "classification"
  },
  "results": {
    "train": {
      "average_loss": [
        0.651180624961853,
        0.6188974380493164,
        0.5948186814785004,
        0.5766783356666565,
        0.5628919899463654,
        0.5523259043693542,
        0.5441552102565765,
        0.5377717316150665,
        0.53272345662117,
        0.5286721587181091
      ],
      "average_accuracy": [
        77.21518987341773,
        77.21518987341773,
        77.21518987341773,
        77.21518987341773,
        77.21518987341773,
        77.21518987341773,
        77.21518987341773,
        77.21518987341773,
        77.21518987341773,
        77.21518987341773
      ]
    },
    "test": {
      "average_loss": [
        0.6609813570976257,
        0.636279821395874,
        0.6187458038330078,
        0.6062866449356079,
        0.5974480509757996,
        0.5911990404129028,
        0.5867971777915955,
        0.583703875541687,
        0.5815256834030151,
        0.5799745917320251
      ],
      "average_accuracy": [
        72.5,
        72.5,
        72.5,
        72.5,
        72.5,
        72.5,
        72.5,
        72.5,
        72.5,
        72.5
      ]
    },
    "average_loss_intra_epoch": [
      0.5286721587181091
    ],
    "average_accuracy_intra_epoch": [
      77.21518987341773
    ],
    "runtime": 0.9161920547485352
  }
}