{
  "hyperparameters": {
    "architecture": "classification",
    "batch_size": 100,
    "clipping_threshold": 0.0,
    "dataset_name": "congressional-voting_classification",
    "epochs": 10,
    "initialization_scale": "\\sqrt{\frac{6}{n+m}}",
    "inner_ISGD_iterations": 0,
    "intra_epoch": false,
    "lr": 30.0,
    "momentum": 0.0,
    "mu": 0.0,
    "nodes": 50,
    "seed": 1,
    "sgdtype": "implicit",
    "data_type": "classification"
  },
  "results": {
    "train": {
      "average_loss": [
        340.00279998779297,
        76.99102020263672,
        195.5147590637207,
        440.5271682739258,
        317.00233459472656,
        92.56516647338867,
        118.08688354492188,
        34.89946699142456,
        143.84316635131836,
        166.97032165527344
      ],
      "average_accuracy": [
        41.666666666666664,
        42.81609195402299,
        58.04597701149425,
        57.47126436781609,
        43.96551724137931,
        46.264367816091955,
        44.54022988505747,
        50.0,
        57.18390804597701,
        48.5632183908046
      ]
    },
    "test": {
      "average_loss": [
        358.5578308105469,
        82.01507568359375,
        177.45941162109375,
        393.8193359375,
        362.90716552734375,
        104.02030944824219,
        135.46653747558594,
        39.833412170410156,
        123.080322265625,
        171.5718994140625
      ],
      "average_accuracy": [
        36.7816091954023,
        39.08045977011494,
        60.91954022988506,
        62.06896551724138,
        37.93103448275862,
        40.229885057471265,
        36.7816091954023,
        44.827586206896555,
        63.2183908045977,
        48.275862068965516
      ]
    },
    "average_loss_intra_epoch": [
      166.97032165527344
    ],
    "average_accuracy_intra_epoch": [
      48.5632183908046
    ],
    "runtime": 11.461610078811646
  }
}