{
  "hyperparameters": {
    "architecture": "classification",
    "batch_size": 100,
    "clipping_threshold": 0.0,
    "dataset_name": "audiology-std_classification",
    "epochs": 10,
    "initialization_scale": "\\sqrt{\frac{6}{n+m}}",
    "inner_ISGD_iterations": 0,
    "intra_epoch": false,
    "lr": 10.0,
    "momentum": 0.0,
    "mu": 0.0,
    "nodes": 50,
    "seed": 1,
    "sgdtype": "implicit",
    "data_type": "classification"
  },
  "results": {
    "train": {
      "average_loss": [
        3.7587826251983643,
        347.4304504394531,
        230.11505126953125,
        179.16399383544922,
        114.48629760742188,
        175.4088363647461,
        95.39050674438477,
        115.21421813964844,
        85.72414779663086,
        136.41870880126953
      ],
      "average_accuracy": [
        37.17948717948718,
        6.410256410256411,
        17.94871794871795,
        35.8974358974359,
        33.333333333333336,
        20.512820512820515,
        43.58974358974359,
        8.333333333333334,
        35.256410256410255,
        38.46153846153846
      ]
    },
    "test": {
      "average_loss": [
        2.797252893447876,
        314.24755859375,
        158.98797607421875,
        133.53958129882812,
        150.1730499267578,
        186.4912872314453,
        109.62432861328125,
        121.13490295410156,
        98.01876831054688,
        188.18563842773438
      ],
      "average_accuracy": [
        45.0,
        7.5,
        27.5,
        42.5,
        37.5,
        20.0,
        32.5,
        7.5,
        30.0,
        35.0
      ]
    },
    "average_loss_intra_epoch": [
      136.41870880126953
    ],
    "average_accuracy_intra_epoch": [
      38.46153846153846
    ],
    "runtime": 14.874473571777344
  }
}