{
  "hyperparameters": {
    "architecture": "music",
    "batch_size": 100,
    "clipping_threshold": 0.01,
    "dataset_name": "Piano-midi.de",
    "epochs": 5,
    "initialization_scale": "\\sqrt{\frac{6}{n+m}}",
    "inner_ISGD_iterations": 0,
    "intra_epoch": false,
    "lr": 50.0,
    "momentum": 0.0,
    "mu": 0.0,
    "nodes": 300,
    "seed": 2,
    "sgdtype": "implicit",
    "data_type": "sequential_many"
  },
  "results": {
    "train": {
      "average_loss": [
        0.0011393696103337348,
        0.0004745424405140428,
        0.0003843230175940941,
        0.00035866125840218683,
        0.0003465451803188851
      ],
      "average_accuracy": [
        0,
        0,
        0,
        0,
        0
      ]
    },
    "test": {
      "average_loss": [
        0.0011993714387062938,
        0.0006891016880399548,
        0.00047672696877270937,
        0.00045141292866901495,
        0.000443857209320413
      ],
      "average_accuracy": [
        0,
        0,
        0,
        0,
        0
      ]
    },
    "average_loss_intra_epoch": [
      0.0003465451803188851
    ],
    "average_accuracy_intra_epoch": [
      0
    ],
    "runtime": 2757.564675092697
  }
}