{
  "hyperparameters": {
    "architecture": "music",
    "batch_size": 100,
    "clipping_threshold": 0.0,
    "dataset_name": "JSB Chorales",
    "epochs": 10,
    "initialization_scale": "\\sqrt{\frac{6}{n+m}}",
    "inner_ISGD_iterations": 0,
    "intra_epoch": false,
    "lr": 0.15,
    "momentum": 0.0,
    "mu": 0.0,
    "nodes": 50,
    "seed": 1,
    "sgdtype": "explicit",
    "data_type": "sequential_many"
  },
  "results": {
    "train": {
      "average_loss": [
        9.041821327792505,
        8.57102364015371,
        8.26078087794208,
        8.081115816357874,
        7.9628984584558475,
        7.871271220877701,
        7.791916361021683,
        7.720683234227276,
        7.656676568318662,
        7.60023498847495
      ],
      "average_accuracy": [
        0,
        0,
        0,
        0,
        0,
        0,
        0,
        0,
        0,
        0
      ]
    },
    "test": {
      "average_loss": [
        9.172246338485124,
        8.70665320483121,
        8.406115203708797,
        8.231884176080877,
        8.117222649710518,
        8.028250341291551,
        7.9511105054384705,
        7.881899753174224,
        7.819848627239079,
        7.765327122304346
      ],
      "average_accuracy": [
        0,
        0,
        0,
        0,
        0,
        0,
        0,
        0,
        0,
        0
      ]
    },
    "average_loss_intra_epoch": [
      7.60023498847495
    ],
    "average_accuracy_intra_epoch": [
      0
    ],
    "runtime": 246.3852994441986
  }
}