{
  "hyperparameters": {
    "architecture": "classification",
    "batch_size": 100,
    "clipping_threshold": 0.0,
    "dataset_name": "chess-krvkp_classification",
    "epochs": 10,
    "initialization_scale": "\\sqrt{\frac{6}{n+m}}",
    "inner_ISGD_iterations": 0,
    "intra_epoch": false,
    "lr": 0.5,
    "momentum": 0.0,
    "mu": 0.0,
    "nodes": 50,
    "seed": 1,
    "sgdtype": "implicit",
    "data_type": "classification"
  },
  "results": {
    "train": {
      "average_loss": [
        0.18599656453499427,
        0.11606624679496655,
        0.10171060865888229,
        0.09539486095309258,
        0.09423624459080972,
        0.08809094625310256,
        0.08770522382110357,
        0.08167092344508721,
        0.07994222053541587,
        0.0739989556515446
      ],
      "average_accuracy": [
        92.4491392801252,
        96.04851330203442,
        96.79186228482003,
        97.0266040688576,
        97.14397496087636,
        97.22222222222223,
        97.26134585289515,
        97.49608763693271,
        97.49608763693271,
        97.69170579029733
      ]
    },
    "test": {
      "average_loss": [
        0.17151505925825664,
        0.11977998459977764,
        0.10936652815767697,
        0.10275428742170334,
        0.09888329756047044,
        0.09501844059143748,
        0.09163681098393031,
        0.08798822627535888,
        0.08408270935927119,
        0.07901526947638818
      ],
      "average_accuracy": [
        92.5,
        96.09375,
        96.71875,
        96.71875,
        96.875,
        97.03125,
        97.1875,
        97.1875,
        97.5,
        97.5
      ]
    },
    "average_loss_intra_epoch": [
      0.0739989556515446
    ],
    "average_accuracy_intra_epoch": [
      97.69170579029733
    ],
    "runtime": 136.0991427898407
  }
}