{
  "hyperparameters": {
    "architecture": "classification",
    "batch_size": 100,
    "clipping_threshold": 0.0,
    "dataset_name": "iris_classification",
    "epochs": 10,
    "initialization_scale": "\\sqrt{\frac{6}{n+m}}",
    "inner_ISGD_iterations": 0,
    "intra_epoch": false,
    "lr": 0.5,
    "momentum": 0.0,
    "mu": 0.0,
    "nodes": 50,
    "seed": 1,
    "sgdtype": "explicit",
    "data_type": "classification"
  },
  "results": {
    "train": {
      "average_loss": [
        1.100688636302948,
        1.0969481468200684,
        1.0954917073249817,
        1.0949620008468628,
        1.0947946906089783,
        1.0947582125663757,
        1.0947608947753906,
        1.0947680473327637,
        1.0947678685188293,
        1.0947579741477966
      ],
      "average_accuracy": [
        36.666666666666664,
        36.666666666666664,
        30.833333333333332,
        30.833333333333332,
        30.833333333333332,
        30.833333333333332,
        30.833333333333332,
        30.833333333333332,
        30.833333333333332,
        30.833333333333332
      ]
    },
    "test": {
      "average_loss": [
        1.1090564727783203,
        1.1046581268310547,
        1.1022288799285889,
        1.1007918119430542,
        1.0998893976211548,
        1.0992951393127441,
        1.098889708518982,
        1.0986052751541138,
        1.098400354385376,
        1.09824800491333
      ],
      "average_accuracy": [
        20.0,
        20.0,
        43.333333333333336,
        43.333333333333336,
        43.333333333333336,
        43.333333333333336,
        43.333333333333336,
        43.333333333333336,
        43.333333333333336,
        43.333333333333336
      ]
    },
    "average_loss_intra_epoch": [
      1.0947579741477966
    ],
    "average_accuracy_intra_epoch": [
      30.833333333333332
    ],
    "runtime": 3.186922073364258
  }
}