{
  "hyperparameters": {
    "architecture": "classification",
    "batch_size": 100,
    "clipping_threshold": 0.0,
    "dataset_name": "pittsburg-bridges-T-OR-D_classification",
    "epochs": 10,
    "initialization_scale": "\\sqrt{\frac{6}{n+m}}",
    "inner_ISGD_iterations": 0,
    "intra_epoch": false,
    "lr": 0.1,
    "momentum": 0.0,
    "mu": 0.0,
    "nodes": 50,
    "seed": 1,
    "sgdtype": "explicit",
    "data_type": "classification"
  },
  "results": {
    "train": {
      "average_loss": [
        0.772892415523529,
        0.7153103947639465,
        0.6664578914642334,
        0.6248279213905334,
        0.5892151594161987,
        0.5586463809013367,
        0.5323277711868286,
        0.5096067786216736,
        0.4899430572986603,
        0.47288626432418823
      ],
      "average_accuracy": [
        11.11111111111111,
        11.11111111111111,
        88.88888888888889,
        88.88888888888889,
        88.88888888888889,
        88.88888888888889,
        88.88888888888889,
        88.88888888888889,
        88.88888888888889,
        88.88888888888889
      ]
    },
    "test": {
      "average_loss": [
        0.7490900754928589,
        0.7088812589645386,
        0.6760166883468628,
        0.6491655707359314,
        0.6272639036178589,
        0.6094533205032349,
        0.5950351357460022,
        0.5834363698959351,
        0.5741847157478333,
        0.5668883323669434
      ],
      "average_accuracy": [
        23.80952380952381,
        23.80952380952381,
        76.19047619047619,
        76.19047619047619,
        76.19047619047619,
        76.19047619047619,
        76.19047619047619,
        76.19047619047619,
        76.19047619047619,
        76.19047619047619
      ]
    },
    "average_loss_intra_epoch": [
      0.47288626432418823
    ],
    "average_accuracy_intra_epoch": [
      88.88888888888889
    ],
    "runtime": 3.177774429321289
  }
}