{
  "hyperparameters": {
    "architecture": "classification",
    "batch_size": 100,
    "clipping_threshold": 0.0,
    "dataset_name": "parkinsons_classification",
    "epochs": 10,
    "initialization_scale": "\\sqrt{\frac{6}{n+m}}",
    "inner_ISGD_iterations": 0,
    "intra_epoch": false,
    "lr": 50.0,
    "momentum": 0.0,
    "mu": 0.0,
    "nodes": 50,
    "seed": 1,
    "sgdtype": "explicit",
    "data_type": "classification"
  },
  "results": {
    "train": {
      "average_loss": [
        241.88985443115234,
        518.6925048828125,
        21.380244255065918,
        685.545166015625,
        363.982177734375,
        864.6420593261719,
        81.28022766113281,
        805.0074157714844,
        365.12030029296875,
        52.80253028869629
      ],
      "average_accuracy": [
        30.128205128205128,
        29.487179487179485,
        74.35897435897436,
        30.76923076923077,
        69.87179487179488,
        72.43589743589743,
        53.84615384615385,
        46.15384615384615,
        44.87179487179487,
        75.0
      ]
    },
    "test": {
      "average_loss": [
        208.56324768066406,
        520.2222900390625,
        13.384923934936523,
        677.866455078125,
        363.63348388671875,
        1096.45947265625,
        81.94920349121094,
        756.4300537109375,
        336.9289855957031,
        65.77862548828125
      ],
      "average_accuracy": [
        41.02564102564103,
        28.205128205128204,
        76.92307692307692,
        30.76923076923077,
        71.7948717948718,
        66.66666666666667,
        58.97435897435897,
        51.282051282051285,
        51.282051282051285,
        69.23076923076923
      ]
    },
    "average_loss_intra_epoch": [
      52.80253028869629
    ],
    "average_accuracy_intra_epoch": [
      75.0
    ],
    "runtime": 3.619798183441162
  }
}