{
  "hyperparameters": {
    "architecture": "classification",
    "batch_size": 100,
    "clipping_threshold": 0.0,
    "dataset_name": "cardiotocography-10clases_classification",
    "epochs": 10,
    "initialization_scale": "\\sqrt{\frac{6}{n+m}}",
    "inner_ISGD_iterations": 0,
    "intra_epoch": false,
    "lr": 10.0,
    "momentum": 0.0,
    "mu": 0.0,
    "nodes": 50,
    "seed": 1,
    "sgdtype": "explicit",
    "data_type": "classification"
  },
  "results": {
    "train": {
      "average_loss": [
        36.97164299908806,
        38.25464675005745,
        26.73159184175379,
        20.966218499576343,
        18.875210201039035,
        16.273501732770136,
        13.237756448633531,
        8.436653585994945,
        16.1736182605519,
        13.907356206108542
      ],
      "average_accuracy": [
        31.294117647058822,
        29.11764705882353,
        28.88235294117647,
        33.64705882352941,
        37.11764705882353,
        41.1764705882353,
        42.470588235294116,
        42.705882352941174,
        41.470588235294116,
        42.294117647058826
      ]
    },
    "test": {
      "average_loss": [
        36.27147216796875,
        37.88664093017578,
        28.305072021484374,
        20.393979263305663,
        18.77855224609375,
        16.997076988220215,
        14.754400634765625,
        10.0982027053833,
        17.134235763549803,
        15.053335571289063
      ],
      "average_accuracy": [
        30.046948356807512,
        27.464788732394368,
        30.281690140845072,
        33.568075117370896,
        35.2112676056338,
        41.31455399061033,
        42.25352112676056,
        39.201877934272304,
        43.1924882629108,
        40.140845070422536
      ]
    },
    "average_loss_intra_epoch": [
      13.907356206108542
    ],
    "average_accuracy_intra_epoch": [
      42.294117647058826
    ],
    "runtime": 1.4303791522979736
  }
}