{
  "hyperparameters": {
    "architecture": "classification",
    "batch_size": 100,
    "clipping_threshold": 0.0,
    "dataset_name": "seeds_classification",
    "epochs": 10,
    "initialization_scale": "\\sqrt{\frac{6}{n+m}}",
    "inner_ISGD_iterations": 0,
    "intra_epoch": false,
    "lr": 3.0,
    "momentum": 0.0,
    "mu": 0.0,
    "nodes": 50,
    "seed": 1,
    "sgdtype": "implicit",
    "data_type": "classification"
  },
  "results": {
    "train": {
      "average_loss": [
        1.1159783005714417,
        0.934538334608078,
        0.6750076711177826,
        1.530263066291809,
        1.0287924706935883,
        2.1672943830490112,
        4.724133491516113,
        10.53883981704712,
        4.7811126708984375,
        7.197177171707153
      ],
      "average_accuracy": [
        36.30952380952381,
        59.523809523809526,
        61.30952380952381,
        36.30952380952381,
        70.23809523809524,
        36.30952380952381,
        54.76190476190476,
        38.69047619047619,
        66.07142857142857,
        36.30952380952381
      ]
    },
    "test": {
      "average_loss": [
        1.121320366859436,
        0.9555918574333191,
        0.6506973505020142,
        1.779325008392334,
        1.4772928953170776,
        2.869309663772583,
        6.019614219665527,
        14.411931037902832,
        6.3488450050354,
        10.37106990814209
      ],
      "average_accuracy": [
        21.428571428571427,
        52.38095238095238,
        69.04761904761905,
        21.428571428571427,
        52.38095238095238,
        21.428571428571427,
        47.61904761904762,
        26.19047619047619,
        52.38095238095238,
        21.428571428571427
      ]
    },
    "average_loss_intra_epoch": [
      7.197177171707153
    ],
    "average_accuracy_intra_epoch": [
      36.30952380952381
    ],
    "runtime": 5.273668527603149
  }
}