{
  "hyperparameters": {
    "architecture": "classification",
    "batch_size": 100,
    "clipping_threshold": 0.0,
    "dataset_name": "wall-following_classification",
    "epochs": 10,
    "initialization_scale": "\\sqrt{\frac{6}{n+m}}",
    "inner_ISGD_iterations": 0,
    "intra_epoch": false,
    "lr": 30.0,
    "momentum": 0.0,
    "mu": 0.0,
    "nodes": 50,
    "seed": 1,
    "sgdtype": "implicit",
    "data_type": "classification"
  },
  "results": {
    "train": {
      "average_loss": [
        155.93781453912908,
        66.85679869218306,
        55.417372183366254,
        37.813112172213465,
        42.70652250810103,
        33.57459475777366,
        34.21430917219682,
        38.55314263430509,
        57.87443273717707,
        33.438838568600744
      ],
      "average_accuracy": [
        51.351970669110905,
        51.09990834097159,
        44.34005499541705,
        42.919340054995416,
        29.995417048579284,
        42.896425297891845,
        49.793767186067825,
        54.468377635197065,
        54.83501374885426,
        45.94408799266728
      ]
    },
    "test": {
      "average_loss": [
        158.26583792946556,
        68.14089827104048,
        55.33695463700728,
        39.6138468655673,
        42.1373440135609,
        33.391752589832656,
        33.96112979542125,
        40.81333299116655,
        59.372497905384414,
        35.316431912508875
      ],
      "average_accuracy": [
        50.45787545787546,
        48.9010989010989,
        44.688644688644686,
        41.75824175824176,
        29.67032967032967,
        43.498168498168496,
        48.717948717948715,
        52.1978021978022,
        55.494505494505496,
        43.13186813186813
      ]
    },
    "average_loss_intra_epoch": [
      33.438838568600744
    ],
    "average_accuracy_intra_epoch": [
      45.94408799266728
    ],
    "runtime": 151.2576925754547
  }
}