{
  "hyperparameters": {
    "architecture": "classification",
    "batch_size": 100,
    "clipping_threshold": 0.0,
    "dataset_name": "wine_classification",
    "epochs": 10,
    "initialization_scale": "\\sqrt{\frac{6}{n+m}}",
    "inner_ISGD_iterations": 0,
    "intra_epoch": false,
    "lr": 5.0,
    "momentum": 0.0,
    "mu": 0.0,
    "nodes": 50,
    "seed": 1,
    "sgdtype": "implicit",
    "data_type": "classification"
  },
  "results": {
    "train": {
      "average_loss": [
        1.1494901180267334,
        3.385550379753113,
        46.463754653930664,
        25.040738105773926,
        4.910417556762695,
        36.335487365722656,
        12.918893814086914,
        35.12648963928223,
        3.9636682271957397,
        37.861016273498535
      ],
      "average_accuracy": [
        27.464788732394368,
        52.11267605633803,
        26.056338028169016,
        31.690140845070424,
        52.11267605633803,
        46.478873239436616,
        63.38028169014085,
        58.45070422535211,
        58.45070422535211,
        57.04225352112676
      ]
    },
    "test": {
      "average_loss": [
        1.1897940635681152,
        2.9455928802490234,
        43.62767028808594,
        19.12613296508789,
        6.7697672843933105,
        40.69378662109375,
        14.28927230834961,
        37.13224792480469,
        3.973585844039917,
        38.84471130371094
      ],
      "average_accuracy": [
        25.0,
        63.888888888888886,
        27.77777777777778,
        38.888888888888886,
        52.77777777777778,
        41.666666666666664,
        58.333333333333336,
        52.77777777777778,
        61.111111111111114,
        61.111111111111114
      ]
    },
    "average_loss_intra_epoch": [
      37.861016273498535
    ],
    "average_accuracy_intra_epoch": [
      57.04225352112676
    ],
    "runtime": 6.184591770172119
  }
}