{
  "hyperparameters": {
    "architecture": "classification",
    "batch_size": 100,
    "clipping_threshold": 0.0,
    "dataset_name": "pittsburg-bridges-MATERIAL_classification",
    "epochs": 10,
    "initialization_scale": "\\sqrt{\frac{6}{n+m}}",
    "inner_ISGD_iterations": 0,
    "intra_epoch": false,
    "lr": 0.1,
    "momentum": 0.0,
    "mu": 0.0,
    "nodes": 50,
    "seed": 1,
    "sgdtype": "implicit",
    "data_type": "classification"
  },
  "results": {
    "train": {
      "average_loss": [
        1.1456880569458008,
        1.102692723274231,
        1.0647244453430176,
        1.031110167503357,
        1.001297950744629,
        0.9748271703720093,
        0.9513088464736938,
        0.9304094910621643,
        0.9118399024009705,
        0.8953467011451721
      ],
      "average_accuracy": [
        10.714285714285714,
        10.714285714285714,
        10.714285714285714,
        72.61904761904762,
        72.61904761904762,
        72.61904761904762,
        72.61904761904762,
        72.61904761904762,
        72.61904761904762,
        72.61904761904762
      ]
    },
    "test": {
      "average_loss": [
        1.139985203742981,
        1.089546799659729,
        1.0445165634155273,
        1.004188060760498,
        0.9679826498031616,
        0.9354187250137329,
        0.906090497970581,
        0.8796508312225342,
        0.85579913854599,
        0.8342733383178711
      ],
      "average_accuracy": [
        9.090909090909092,
        9.090909090909092,
        9.090909090909092,
        81.81818181818181,
        81.81818181818181,
        81.81818181818181,
        81.81818181818181,
        81.81818181818181,
        81.81818181818181,
        81.81818181818181
      ]
    },
    "average_loss_intra_epoch": [
      0.8953467011451721
    ],
    "average_accuracy_intra_epoch": [
      72.61904761904762
    ],
    "runtime": 4.039499998092651
  }
}