{
  "hyperparameters": {
    "architecture": "music",
    "batch_size": 100,
    "clipping_threshold": 0.0,
    "dataset_name": "Nottingham",
    "epochs": 10,
    "initialization_scale": "\\sqrt{\frac{6}{n+m}}",
    "inner_ISGD_iterations": 0,
    "intra_epoch": false,
    "lr": 0.05,
    "momentum": 0.0,
    "mu": 0.0,
    "nodes": 50,
    "seed": 1,
    "sgdtype": "implicit",
    "data_type": "sequential_many"
  },
  "results": {
    "train": {
      "average_loss": [
        21.86179136096229,
        19.45252071402602,
        18.676248106557974,
        18.050085046449382,
        17.78211975028948,
        17.514179483270784,
        17.350521642467818,
        17.20886944247254,
        17.076952742911896,
        16.946693638559722
      ],
      "average_accuracy": [
        0,
        0,
        0,
        0,
        0,
        0,
        0,
        0,
        0,
        0
      ]
    },
    "test": {
      "average_loss": [
        22.942484827602613,
        20.46062812244191,
        19.661357719757977,
        19.0244282245636,
        18.724898963816024,
        18.460795200572296,
        18.297289250878727,
        18.161668076234704,
        18.0260130405426,
        17.897710135403802
      ],
      "average_accuracy": [
        0,
        0,
        0,
        0,
        0,
        0,
        0,
        0,
        0,
        0
      ]
    },
    "average_loss_intra_epoch": [
      16.946693638559722
    ],
    "average_accuracy_intra_epoch": [
      0
    ],
    "runtime": 7488.638746023178
  }
}