{
  "hyperparameters": {
    "architecture": "classification",
    "batch_size": 100,
    "clipping_threshold": 0.0,
    "dataset_name": "spectf_classification",
    "epochs": 10,
    "initialization_scale": "\\sqrt{\frac{6}{n+m}}",
    "inner_ISGD_iterations": 0,
    "intra_epoch": false,
    "lr": 10.0,
    "momentum": 0.0,
    "mu": 0.0,
    "nodes": 50,
    "seed": 1,
    "sgdtype": "explicit",
    "data_type": "classification"
  },
  "results": {
    "train": {
      "average_loss": [
        74.06803639729817,
        211.07251485188803,
        73.18394978841145,
        248.50867716471353,
        126.26804606119792,
        104.44558715820312,
        118.32212575276692,
        149.08775329589844,
        202.36066691080728,
        28.35234260559082
      ],
      "average_accuracy": [
        42.25352112676056,
        56.33802816901409,
        59.624413145539904,
        50.70422535211268,
        47.417840375586856,
        52.11267605633803,
        63.84976525821596,
        50.70422535211268,
        64.31924882629107,
        53.521126760563384
      ]
    },
    "test": {
      "average_loss": [
        78.88212585449219,
        211.1789093017578,
        64.54318237304688,
        251.4039306640625,
        117.42288970947266,
        59.62275695800781,
        103.09658813476562,
        135.1389617919922,
        177.89801025390625,
        41.00328063964844
      ],
      "average_accuracy": [
        37.03703703703704,
        53.7037037037037,
        55.55555555555556,
        55.55555555555556,
        42.592592592592595,
        57.407407407407405,
        68.51851851851852,
        50.0,
        68.51851851851852,
        55.55555555555556
      ]
    },
    "average_loss_intra_epoch": [
      28.35234260559082
    ],
    "average_accuracy_intra_epoch": [
      53.521126760563384
    ],
    "runtime": 3.9812440872192383
  }
}