{
  "hyperparameters": {
    "architecture": "classification",
    "batch_size": 100,
    "clipping_threshold": 0.0,
    "dataset_name": "arrhythmia_classification",
    "epochs": 10,
    "initialization_scale": "\\sqrt{\frac{6}{n+m}}",
    "inner_ISGD_iterations": 0,
    "intra_epoch": false,
    "lr": 5.0,
    "momentum": 0.0,
    "mu": 0.0,
    "nodes": 50,
    "seed": 1,
    "sgdtype": "explicit",
    "data_type": "classification"
  },
  "results": {
    "train": {
      "average_loss": [
        148.58358001708984,
        480.87076568603516,
        147.9126148223877,
        239.79995346069336,
        167.3804931640625,
        174.7523307800293,
        100.70907020568848,
        131.77788734436035,
        181.20742797851562,
        162.62873077392578
      ],
      "average_accuracy": [
        33.795013850415515,
        19.94459833795014,
        39.05817174515236,
        39.335180055401665,
        42.38227146814405,
        42.38227146814405,
        33.51800554016621,
        39.05817174515236,
        49.58448753462604,
        46.53739612188366
      ]
    },
    "test": {
      "average_loss": [
        192.8693084716797,
        553.0259399414062,
        165.4084014892578,
        281.51385498046875,
        201.69149780273438,
        184.1740264892578,
        120.74878692626953,
        127.05963134765625,
        169.32064819335938,
        202.716064453125
      ],
      "average_accuracy": [
        26.373626373626372,
        17.582417582417584,
        34.065934065934066,
        32.967032967032964,
        28.571428571428573,
        30.76923076923077,
        20.87912087912088,
        37.362637362637365,
        52.747252747252745,
        31.86813186813187
      ]
    },
    "average_loss_intra_epoch": [
      162.62873077392578
    ],
    "average_accuracy_intra_epoch": [
      46.53739612188366
    ],
    "runtime": 6.219890594482422
  }
}