{
  "hyperparameters": {
    "architecture": "classification",
    "batch_size": 100,
    "clipping_threshold": 0.0,
    "dataset_name": "contrac_classification",
    "epochs": 10,
    "initialization_scale": "\\sqrt{\frac{6}{n+m}}",
    "inner_ISGD_iterations": 0,
    "intra_epoch": false,
    "lr": 1.0,
    "momentum": 0.0,
    "mu": 0.0,
    "nodes": 50,
    "seed": 1,
    "sgdtype": "explicit",
    "data_type": "classification"
  },
  "results": {
    "train": {
      "average_loss": [
        1.0714148382345836,
        1.0699063340822856,
        1.0653912723064423,
        1.0419617295265198,
        0.9963359187046686,
        0.9830429454644521,
        0.9743687957525253,
        0.9693151563405991,
        0.9656637609004974,
        0.9626660843690237
      ],
      "average_accuracy": [
        42.52971137521222,
        44.906621392190154,
        46.6044142614601,
        47.62308998302207,
        47.45331069609507,
        49.235993208828525,
        50.50933786078099,
        50.0848896434635,
        50.50933786078099,
        50.84889643463497
      ]
    },
    "test": {
      "average_loss": [
        1.074593146642049,
        1.0729848543802898,
        1.0682017803192139,
        1.0441871484120686,
        0.9967381556828817,
        0.9812388022740682,
        0.9695112307866415,
        0.9608128666877747,
        0.9539675315221151,
        0.9483578006426493
      ],
      "average_accuracy": [
        43.728813559322035,
        48.47457627118644,
        46.779661016949156,
        46.779661016949156,
        47.11864406779661,
        50.16949152542373,
        50.50847457627118,
        51.186440677966104,
        52.20338983050848,
        52.54237288135593
      ]
    },
    "average_loss_intra_epoch": [
      0.9626660843690237
    ],
    "average_accuracy_intra_epoch": [
      50.84889643463497
    ],
    "runtime": 4.555211782455444
  }
}