{
  "hyperparameters": {
    "architecture": "classification",
    "batch_size": 100,
    "clipping_threshold": 0.0,
    "dataset_name": "wine_classification",
    "epochs": 10,
    "initialization_scale": "\\sqrt{\frac{6}{n+m}}",
    "inner_ISGD_iterations": 0,
    "intra_epoch": false,
    "lr": 0.001,
    "momentum": 0.0,
    "mu": 0.0,
    "nodes": 50,
    "seed": 1,
    "sgdtype": "implicit",
    "data_type": "classification"
  },
  "results": {
    "train": {
      "average_loss": [
        1.1217721104621887,
        1.1217171549797058,
        1.12166166305542,
        1.1216068267822266,
        1.1215518116950989,
        1.121496856212616,
        1.121442198753357,
        1.1213876605033875,
        1.1213329434394836,
        1.1212783455848694
      ],
      "average_accuracy": [
        27.464788732394368,
        27.464788732394368,
        27.464788732394368,
        27.464788732394368,
        27.464788732394368,
        27.464788732394368,
        27.464788732394368,
        27.464788732394368,
        27.464788732394368,
        27.464788732394368
      ]
    },
    "test": {
      "average_loss": [
        1.1394639015197754,
        1.1393942832946777,
        1.1393251419067383,
        1.1392560005187988,
        1.1391868591308594,
        1.1391178369522095,
        1.1390489339828491,
        1.1389800310134888,
        1.1389111280441284,
        1.1388427019119263
      ],
      "average_accuracy": [
        25.0,
        25.0,
        25.0,
        25.0,
        25.0,
        25.0,
        25.0,
        25.0,
        25.0,
        25.0
      ]
    },
    "average_loss_intra_epoch": [
      1.1212783455848694
    ],
    "average_accuracy_intra_epoch": [
      27.464788732394368
    ],
    "runtime": 6.274388551712036
  }
}