{
  "hyperparameters": {
    "architecture": "classification",
    "batch_size": 100,
    "clipping_threshold": 0.0,
    "dataset_name": "pittsburg-bridges-TYPE_classification",
    "epochs": 10,
    "initialization_scale": "\\sqrt{\frac{6}{n+m}}",
    "inner_ISGD_iterations": 0,
    "intra_epoch": false,
    "lr": 5.0,
    "momentum": 0.0,
    "mu": 0.0,
    "nodes": 50,
    "seed": 1,
    "sgdtype": "explicit",
    "data_type": "classification"
  },
  "results": {
    "train": {
      "average_loss": [
        1.7229048013687134,
        2.060643434524536,
        1.6338170766830444,
        1.7245771884918213,
        2.0196022987365723,
        1.728823184967041,
        2.2373266220092773,
        1.5817676782608032,
        2.1777241230010986,
        2.5100443363189697
      ],
      "average_accuracy": [
        42.857142857142854,
        16.666666666666668,
        42.857142857142854,
        16.666666666666668,
        42.857142857142854,
        42.857142857142854,
        42.857142857142854,
        42.857142857142854,
        42.857142857142854,
        36.904761904761905
      ]
    },
    "test": {
      "average_loss": [
        1.854609727859497,
        2.1384637355804443,
        1.7661906480789185,
        1.8381414413452148,
        2.213223695755005,
        1.7721097469329834,
        2.465440273284912,
        1.7588979005813599,
        2.5223305225372314,
        2.5969812870025635
      ],
      "average_accuracy": [
        38.095238095238095,
        9.523809523809524,
        38.095238095238095,
        9.523809523809524,
        38.095238095238095,
        38.095238095238095,
        38.095238095238095,
        38.095238095238095,
        38.095238095238095,
        33.333333333333336
      ]
    },
    "average_loss_intra_epoch": [
      2.5100443363189697
    ],
    "average_accuracy_intra_epoch": [
      36.904761904761905
    ],
    "runtime": 3.553056478500366
  }
}