{
  "hyperparameters": {
    "architecture": "classification",
    "batch_size": 100,
    "clipping_threshold": 0.0,
    "dataset_name": "cardiotocography-3clases_classification",
    "epochs": 10,
    "initialization_scale": "\\sqrt{\frac{6}{n+m}}",
    "inner_ISGD_iterations": 0,
    "intra_epoch": false,
    "lr": 3.0,
    "momentum": 0.0,
    "mu": 0.0,
    "nodes": 50,
    "seed": 1,
    "sgdtype": "implicit",
    "data_type": "classification"
  },
  "results": {
    "train": {
      "average_loss": [
        0.4598693146425135,
        0.766588964883019,
        0.3639338945641237,
        0.348953713389004,
        56.141926036161536,
        2.726349522085751,
        4.0159218732048485,
        2.7332243428510776,
        3.3638897643369785,
        3.258702649789698
      ],
      "average_accuracy": [
        78.41176470588235,
        79.3529411764706,
        86.82352941176471,
        87.23529411764706,
        35.94117647058823,
        78.23529411764706,
        81.23529411764706,
        82.05882352941177,
        82.41176470588235,
        83.29411764705883
      ]
    },
    "test": {
      "average_loss": [
        0.4670433223247528,
        0.7481749355792999,
        0.3658834666013718,
        0.35124408900737764,
        54.30722885131836,
        2.8650513172149656,
        4.378793525695801,
        2.9364459037780763,
        3.898916149139404,
        3.088971757888794
      ],
      "average_accuracy": [
        76.99530516431925,
        78.16901408450704,
        85.21126760563381,
        85.68075117370893,
        36.61971830985915,
        76.52582159624413,
        79.10798122065728,
        79.34272300469483,
        80.28169014084507,
        80.0469483568075
      ]
    },
    "average_loss_intra_epoch": [
      3.258702649789698
    ],
    "average_accuracy_intra_epoch": [
      83.29411764705883
    ],
    "runtime": 52.766690731048584
  }
}