{
  "hyperparameters": {
    "architecture": "music",
    "batch_size": 100,
    "clipping_threshold": 0.01,
    "dataset_name": "Piano-midi.de",
    "epochs": 5,
    "initialization_scale": "\\sqrt{\frac{6}{n+m}}",
    "inner_ISGD_iterations": 0,
    "intra_epoch": false,
    "lr": 0.5,
    "momentum": 0.0,
    "mu": 0.0,
    "nodes": 300,
    "seed": 4,
    "sgdtype": "implicit",
    "data_type": "sequential_many"
  },
  "results": {
    "train": {
      "average_loss": [
        0.0013935394871487528,
        0.0013451032325807403,
        0.001278479241173254,
        0.0012091457490520231,
        0.0011440682027224
      ],
      "average_accuracy": [
        0,
        0,
        0,
        0,
        0
      ]
    },
    "test": {
      "average_loss": [
        0.0015806666458956897,
        0.0015282006113557145,
        0.0014574960235040635,
        0.0013846112682949752,
        0.001315049136755988
      ],
      "average_accuracy": [
        0,
        0,
        0,
        0,
        0
      ]
    },
    "average_loss_intra_epoch": [
      0.0011440682027224
    ],
    "average_accuracy_intra_epoch": [
      0
    ],
    "runtime": 3050.9790625572205
  }
}