{
  "hyperparameters": {
    "architecture": "classification",
    "batch_size": 100,
    "clipping_threshold": 0.0,
    "dataset_name": "wine-quality-red_classification",
    "epochs": 10,
    "initialization_scale": "\\sqrt{\frac{6}{n+m}}",
    "inner_ISGD_iterations": 0,
    "intra_epoch": false,
    "lr": 5.0,
    "momentum": 0.0,
    "mu": 0.0,
    "nodes": 50,
    "seed": 1,
    "sgdtype": "implicit",
    "data_type": "classification"
  },
  "results": {
    "train": {
      "average_loss": [
        18.646817720853367,
        30.44988852280837,
        23.165308732252853,
        10.866523009080153,
        22.404190356914814,
        21.759101134080154,
        25.67013637836163,
        5.6241230597862835,
        23.231520139254055,
        7.272353465740498
      ],
      "average_accuracy": [
        39.405785770132916,
        24.472243940578576,
        42.61141516810008,
        44.409695074276776,
        54.65207193119625,
        34.6364347146208,
        51.915559030492574,
        42.45504300234558,
        49.648162627052386,
        41.04769351055512
      ]
    },
    "test": {
      "average_loss": [
        19.143183708190918,
        30.014697074890137,
        23.912657737731934,
        11.363236904144287,
        22.587178230285645,
        21.72070837020874,
        24.093608379364014,
        5.96650767326355,
        23.967193126678467,
        6.7493656873703
      ],
      "average_accuracy": [
        41.875,
        21.25,
        43.125,
        43.4375,
        53.125,
        33.125,
        55.9375,
        38.75,
        50.0,
        40.9375
      ]
    },
    "average_loss_intra_epoch": [
      7.272353465740498
    ],
    "average_accuracy_intra_epoch": [
      41.04769351055512
    ],
    "runtime": 25.104203939437866
  }
}