{
  "hyperparameters": {
    "architecture": "classification",
    "batch_size": 100,
    "clipping_threshold": 0.0,
    "dataset_name": "low-res-spect_classification",
    "epochs": 10,
    "initialization_scale": "\\sqrt{\frac{6}{n+m}}",
    "inner_ISGD_iterations": 0,
    "intra_epoch": false,
    "lr": 5.0,
    "momentum": 0.0,
    "mu": 0.0,
    "nodes": 50,
    "seed": 1,
    "sgdtype": "explicit",
    "data_type": "classification"
  },
  "results": {
    "train": {
      "average_loss": [
        124.38654327392578,
        212.1061584472656,
        161.57527770996094,
        32.30958366394043,
        30.26162338256836,
        85.91339492797852,
        53.98338088989258,
        45.71337051391602,
        31.410423278808594,
        53.18206367492676
      ],
      "average_accuracy": [
        11.556603773584905,
        43.632075471698116,
        43.39622641509434,
        65.56603773584905,
        57.783018867924525,
        59.66981132075472,
        56.60377358490566,
        59.43396226415094,
        67.21698113207547,
        60.37735849056604
      ]
    },
    "test": {
      "average_loss": [
        159.60935974121094,
        175.44602966308594,
        96.37894821166992,
        22.324405431747437,
        17.44262933731079,
        49.10142183303833,
        25.093050003051758,
        30.1342556476593,
        16.24704621732235,
        29.615135355852544
      ],
      "average_accuracy": [
        12.149532710280374,
        50.467289719626166,
        51.401869158878505,
        60.74766355140187,
        67.28971962616822,
        64.48598130841121,
        63.55140186915888,
        54.205607476635514,
        68.22429906542057,
        67.28971962616822
      ]
    },
    "average_loss_intra_epoch": [
      53.18206367492676
    ],
    "average_accuracy_intra_epoch": [
      60.37735849056604
    ],
    "runtime": 4.505603790283203
  }
}