{
  "hyperparameters": {
    "architecture": "classification",
    "batch_size": 100,
    "clipping_threshold": 0.0,
    "dataset_name": "soybean_classification",
    "epochs": 10,
    "initialization_scale": "\\sqrt{\frac{6}{n+m}}",
    "inner_ISGD_iterations": 0,
    "intra_epoch": false,
    "lr": 3.0,
    "momentum": 0.0,
    "mu": 0.0,
    "nodes": 50,
    "seed": 1,
    "sgdtype": "explicit",
    "data_type": "classification"
  },
  "results": {
    "train": {
      "average_loss": [
        3.803196390469869,
        13.515563488006592,
        20.8915007909139,
        5.719360113143921,
        10.347909291585287,
        11.05838934580485,
        7.637562115987142,
        7.100948890050252,
        3.0100830793380737,
        2.115615804990133
      ],
      "average_accuracy": [
        22.71062271062271,
        21.978021978021978,
        22.52747252747253,
        50.91575091575091,
        39.56043956043956,
        34.43223443223443,
        60.43956043956044,
        61.72161172161172,
        58.97435897435897,
        67.76556776556777
      ]
    },
    "test": {
      "average_loss": [
        3.5950151681900024,
        14.69235897064209,
        17.39469623565674,
        6.511408567428589,
        9.382263660430908,
        10.844405174255371,
        8.95659613609314,
        8.428642749786377,
        4.258056402206421,
        2.3585950136184692
      ],
      "average_accuracy": [
        27.00729927007299,
        24.817518248175183,
        16.05839416058394,
        49.63503649635037,
        34.306569343065696,
        32.11678832116788,
        58.394160583941606,
        61.31386861313869,
        55.47445255474452,
        68.61313868613139
      ]
    },
    "average_loss_intra_epoch": [
      2.115615804990133
    ],
    "average_accuracy_intra_epoch": [
      67.76556776556777
    ],
    "runtime": 4.100321054458618
  }
}