{
  "hyperparameters": {
    "architecture": "convffnn",
    "batch_size": 100,
    "clipping_threshold": 0.0,
    "dataset_name": "mnist",
    "epochs": 10,
    "initialization_scale": "\\sqrt{\frac{6}{n+m}}",
    "lr": 0.1,
    "momentum": 0.0,
    "mu": 0.0,
    "seed": 1,
    "sgdtype": "explicit",
    "data_type": "classification"
  },
  "results": {
    "train": {
      "average_loss": [
        0.12574300539835045,
        0.08367656412146364,
        0.06483753048426782,
        0.05712135898143363,
        0.05007238323373409,
        0.047763643675037507,
        0.047277220965867554,
        0.04292016985884402,
        0.039225280108318356,
        0.038508527435575764
      ],
      "average_accuracy": [
        96.14166666666667,
        97.46333333333334,
        98.02,
        98.29333333333334,
        98.48833333333333,
        98.59833333333333,
        98.55666666666667,
        98.70833333333333,
        98.80833333333334,
        98.85166666666667
      ]
    },
    "test": {
      "average_loss": [
        0.11858145006000996,
        0.07919909857213497,
        0.05943904710933566,
        0.05329158149659634,
        0.04367534947581589,
        0.04552786653512157,
        0.04180302768247202,
        0.04038841668516398,
        0.038254286483861505,
        0.038514321155380456
      ],
      "average_accuracy": [
        96.51,
        97.36,
        98.1,
        98.36,
        98.67,
        98.6,
        98.85,
        98.81,
        98.75,
        98.81
      ]
    },
    "runtime": 142.6488389968872
  }
}