{
  "hyperparameters": {
    "architecture": "classification",
    "batch_size": 100,
    "clipping_threshold": 0.0,
    "dataset_name": "spambase_classification",
    "epochs": 10,
    "initialization_scale": "\\sqrt{\frac{6}{n+m}}",
    "inner_ISGD_iterations": 0,
    "intra_epoch": false,
    "lr": 0.5,
    "momentum": 0.0,
    "mu": 0.0,
    "nodes": 50,
    "seed": 1,
    "sgdtype": "explicit",
    "data_type": "classification"
  },
  "results": {
    "train": {
      "average_loss": [
        0.21484180278069265,
        0.1994423354799683,
        0.18979085216651093,
        0.18271601884751706,
        0.17756317253853823,
        0.17329999844770175,
        0.16951536065017855,
        0.16630259357594154,
        0.16346624090864853,
        0.16096104661355148
      ],
      "average_accuracy": [
        92.47282608695652,
        92.63586956521739,
        92.82608695652173,
        92.93478260869566,
        93.04347826086956,
        93.28804347826087,
        93.61413043478261,
        93.83152173913044,
        94.07608695652173,
        94.07608695652173
      ]
    },
    "test": {
      "average_loss": [
        0.22950823307037355,
        0.2208285316824913,
        0.21622265875339508,
        0.2135165363550186,
        0.21231006234884262,
        0.21111492663621903,
        0.2099953591823578,
        0.20945718586444856,
        0.20912696570158004,
        0.20892706960439683
      ],
      "average_accuracy": [
        92.18241042345277,
        92.61672095548317,
        93.05103148751357,
        92.72529858849077,
        92.39956568946796,
        92.72529858849077,
        92.94245385450597,
        92.72529858849077,
        92.94245385450597,
        92.94245385450597
      ]
    },
    "average_loss_intra_epoch": [
      0.16096104661355148
    ],
    "average_accuracy_intra_epoch": [
      94.07608695652173
    ],
    "runtime": 8.807519435882568
  }
}