{
  "hyperparameters": {
    "architecture": "classification",
    "batch_size": 100,
    "clipping_threshold": 0.0,
    "dataset_name": "pendigits_classification",
    "epochs": 10,
    "initialization_scale": "\\sqrt{\frac{6}{n+m}}",
    "inner_ISGD_iterations": 0,
    "intra_epoch": false,
    "lr": 10.0,
    "momentum": 0.0,
    "mu": 0.0,
    "nodes": 50,
    "seed": 1,
    "sgdtype": "explicit",
    "data_type": "classification"
  },
  "results": {
    "train": {
      "average_loss": [
        8.459281747991389,
        10.358460491353815,
        9.824642463163896,
        9.318893524733456,
        6.399031804366545,
        9.78174329887737,
        7.294661744074388,
        7.625688168135556,
        5.213359789414839,
        4.348577504808253
      ],
      "average_accuracy": [
        57.57989309678153,
        49.08449903332196,
        40.36165131354487,
        48.470374161264644,
        58.2167633344706,
        50.43784828841124,
        46.514272716933924,
        61.59445013078585,
        53.826907767542366,
        59.21755942226771
      ]
    },
    "test": {
      "average_loss": [
        8.311366428028453,
        10.16536563093012,
        9.88175543871793,
        9.067574782805009,
        6.656958124854348,
        10.216908606615933,
        7.311248432506215,
        7.951222874901512,
        5.505878665230491,
        4.6662396951155225
      ],
      "average_accuracy": [
        57.1168713051387,
        50.25011368804002,
        40.01819008640291,
        48.2037289677126,
        57.298772169167805,
        49.06775807185084,
        46.293769895407,
        60.61846293769895,
        52.70577535243292,
        57.98090040927694
      ]
    },
    "average_loss_intra_epoch": [
      4.348577504808253
    ],
    "average_accuracy_intra_epoch": [
      59.21755942226771
    ],
    "runtime": 12.053749322891235
  }
}