{
  "hyperparameters": {
    "architecture": "music",
    "batch_size": 100,
    "clipping_threshold": 1.0,
    "dataset_name": "Piano-midi.de",
    "epochs": 10,
    "initialization_scale": "\\sqrt{\frac{6}{n+m}}",
    "inner_ISGD_iterations": 0,
    "intra_epoch": false,
    "lr": 0.5,
    "momentum": 0.0,
    "mu": 0.0,
    "nodes": 50,
    "seed": 1,
    "sgdtype": "implicit",
    "data_type": "sequential_many"
  },
  "results": {
    "train": {
      "average_loss": [
        120.11151017813847,
        123.31649153259978,
        124.04354932938499,
        122.96795716778985,
        114.3699382365435,
        113.22886987664234,
        113.37676810122085,
        108.06510002311619,
        106.98761389721399,
        105.39774489128726
      ],
      "average_accuracy": [
        0,
        0,
        0,
        0,
        0,
        0,
        0,
        0,
        0,
        0
      ]
    },
    "test": {
      "average_loss": [
        102.7326927947998,
        106.05628669738769,
        106.9417495727539,
        106.00368419647216,
        99.08259349822998,
        97.89968578338623,
        97.94944850921631,
        93.14828357696533,
        92.27784168243409,
        90.66489940643311
      ],
      "average_accuracy": [
        0,
        0,
        0,
        0,
        0,
        0,
        0,
        0,
        0,
        0
      ]
    },
    "average_loss_intra_epoch": [
      105.39774489128726
    ],
    "average_accuracy_intra_epoch": [
      0
    ],
    "runtime": 5319.430913686752
  }
}