{
  "hyperparameters": {
    "architecture": "classification",
    "batch_size": 100,
    "clipping_threshold": 0.0,
    "dataset_name": "libras_classification",
    "epochs": 10,
    "initialization_scale": "\\sqrt{\frac{6}{n+m}}",
    "inner_ISGD_iterations": 0,
    "intra_epoch": false,
    "lr": 0.5,
    "momentum": 0.0,
    "mu": 0.0,
    "nodes": 50,
    "seed": 1,
    "sgdtype": "implicit",
    "data_type": "classification"
  },
  "results": {
    "train": {
      "average_loss": [
        2.4840484460194907,
        2.135357220967611,
        1.8376404841740925,
        1.586426059405009,
        1.403146783510844,
        1.2716187238693237,
        1.164446234703064,
        1.0756964683532715,
        0.9991463422775269,
        0.9356167912483215
      ],
      "average_accuracy": [
        34.02777777777778,
        43.40277777777778,
        44.09722222222222,
        46.875,
        52.083333333333336,
        57.291666666666664,
        63.19444444444444,
        64.93055555555556,
        66.66666666666667,
        69.09722222222223
      ]
    },
    "test": {
      "average_loss": [
        2.4837141036987305,
        2.132821798324585,
        1.8373665809631348,
        1.603987216949463,
        1.428999662399292,
        1.321549892425537,
        1.2569189071655273,
        1.220158576965332,
        1.197454571723938,
        1.1850148439407349
      ],
      "average_accuracy": [
        34.72222222222222,
        44.44444444444444,
        44.44444444444444,
        51.388888888888886,
        54.166666666666664,
        58.333333333333336,
        55.55555555555556,
        58.333333333333336,
        61.111111111111114,
        61.111111111111114
      ]
    },
    "average_loss_intra_epoch": [
      0.9356167912483215
    ],
    "average_accuracy_intra_epoch": [
      69.09722222222223
    ],
    "runtime": 37.912158489227295
  }
}