{
  "hyperparameters": {
    "architecture": "classification",
    "batch_size": 100,
    "clipping_threshold": 0.0,
    "dataset_name": "heart-hungarian_classification",
    "epochs": 10,
    "initialization_scale": "\\sqrt{\frac{6}{n+m}}",
    "inner_ISGD_iterations": 0,
    "intra_epoch": false,
    "lr": 0.1,
    "momentum": 0.0,
    "mu": 0.0,
    "nodes": 50,
    "seed": 1,
    "sgdtype": "explicit",
    "data_type": "classification"
  },
  "results": {
    "train": {
      "average_loss": [
        0.6615060170491537,
        0.6609120567639669,
        0.6603839000066122,
        0.6598943074544271,
        0.6594226956367493,
        0.6589524547259012,
        0.6584694782892863,
        0.6579608122507731,
        0.65741366147995,
        0.656814436117808
      ],
      "average_accuracy": [
        64.25531914893617,
        64.25531914893617,
        64.25531914893617,
        64.25531914893617,
        64.25531914893617,
        64.25531914893617,
        64.25531914893617,
        64.25531914893617,
        64.25531914893617,
        64.25531914893617
      ]
    },
    "test": {
      "average_loss": [
        0.6607154607772827,
        0.6602773070335388,
        0.6598994731903076,
        0.6595574617385864,
        0.6592328548431396,
        0.658911943435669,
        0.6585829854011536,
        0.6582361459732056,
        0.657861053943634,
        0.657447874546051
      ],
      "average_accuracy": [
        62.71186440677966,
        62.71186440677966,
        62.71186440677966,
        62.71186440677966,
        62.71186440677966,
        62.71186440677966,
        62.71186440677966,
        62.71186440677966,
        62.71186440677966,
        62.71186440677966
      ]
    },
    "average_loss_intra_epoch": [
      0.656814436117808
    ],
    "average_accuracy_intra_epoch": [
      64.25531914893617
    ],
    "runtime": 0.7593362331390381
  }
}