{
  "hyperparameters": {
    "architecture": "classification",
    "batch_size": 100,
    "clipping_threshold": 0.0,
    "dataset_name": "statlog-landsat_classification",
    "epochs": 10,
    "initialization_scale": "\\sqrt{\frac{6}{n+m}}",
    "inner_ISGD_iterations": 0,
    "intra_epoch": false,
    "lr": 10.0,
    "momentum": 0.0,
    "mu": 0.0,
    "nodes": 50,
    "seed": 1,
    "sgdtype": "implicit",
    "data_type": "classification"
  },
  "results": {
    "train": {
      "average_loss": [
        15.240535002488356,
        20.133217408106876,
        13.32612233895522,
        10.703462797861834,
        11.256110328894396,
        13.20592139317439,
        18.473635508463932,
        15.162064900765053,
        14.776824914492094,
        6.215598771205316
      ],
      "average_accuracy": [
        79.77855477855478,
        81.0994560994561,
        81.17715617715618,
        78.92385392385393,
        79.97280497280498,
        77.7000777000777,
        74.1064491064491,
        72.84382284382285,
        77.27272727272727,
        84.38228438228438
      ]
    },
    "test": {
      "average_loss": [
        16.306798421419582,
        21.53538703918457,
        13.634781250586876,
        11.30828178845919,
        12.39091836489164,
        12.430053050701435,
        18.994340089651253,
        16.338206951434795,
        14.509250714228703,
        7.096739438863901
      ],
      "average_accuracy": [
        78.24397824397825,
        79.17637917637917,
        80.8080808080808,
        79.48717948717949,
        81.11888111888112,
        77.15617715617715,
        74.12587412587412,
        71.63947163947164,
        78.01087801087802,
        84.07148407148406
      ]
    },
    "average_loss_intra_epoch": [
      6.215598771205316
    ],
    "average_accuracy_intra_epoch": [
      84.38228438228438
    ],
    "runtime": 254.28050994873047
  }
}