{
  "hyperparameters": {
    "architecture": "classification",
    "batch_size": 100,
    "clipping_threshold": 0.0,
    "dataset_name": "energy-y1_classification",
    "epochs": 10,
    "initialization_scale": "\\sqrt{\frac{6}{n+m}}",
    "inner_ISGD_iterations": 0,
    "intra_epoch": false,
    "lr": 30.0,
    "momentum": 0.0,
    "mu": 0.0,
    "nodes": 50,
    "seed": 1,
    "sgdtype": "explicit",
    "data_type": "classification"
  },
  "results": {
    "train": {
      "average_loss": [
        36.6465219770159,
        36.56092003413609,
        22.401635442461288,
        46.106682368687224,
        36.96793583461216,
        35.11811774117606,
        51.48228563581194,
        9.08701389176505,
        41.226413181849885,
        63.23371015276228
      ],
      "average_accuracy": [
        81.43322475570032,
        77.1986970684039,
        78.17589576547232,
        81.75895765472313,
        81.43322475570032,
        82.08469055374593,
        81.43322475570032,
        58.306188925081436,
        81.43322475570032,
        81.43322475570032
      ]
    },
    "test": {
      "average_loss": [
        17.704425811767578,
        39.99417209625244,
        32.650217056274414,
        55.96442413330078,
        23.77302360534668,
        43.826629638671875,
        56.88029861450195,
        6.179873466491699,
        45.61802673339844,
        70.59293746948242
      ],
      "average_accuracy": [
        82.46753246753246,
        78.57142857142857,
        73.37662337662337,
        79.87012987012987,
        80.51948051948052,
        80.51948051948052,
        80.51948051948052,
        53.246753246753244,
        80.51948051948052,
        80.51948051948052
      ]
    },
    "average_loss_intra_epoch": [
      63.23371015276228
    ],
    "average_accuracy_intra_epoch": [
      81.43322475570032
    ],
    "runtime": 0.7500271797180176
  }
}