{
  "hyperparameters": {
    "architecture": "classification",
    "batch_size": 100,
    "clipping_threshold": 0.0,
    "dataset_name": "haberman-survival_classification",
    "epochs": 10,
    "initialization_scale": "\\sqrt{\frac{6}{n+m}}",
    "inner_ISGD_iterations": 0,
    "intra_epoch": false,
    "lr": 0.001,
    "momentum": 0.0,
    "mu": 0.0,
    "nodes": 50,
    "seed": 1,
    "sgdtype": "implicit",
    "data_type": "classification"
  },
  "results": {
    "train": {
      "average_loss": [
        0.6182719270388285,
        0.6180742581685384,
        0.6178774436314901,
        0.6176817814509074,
        0.6174869139989217,
        0.6172929207483927,
        0.6171000599861145,
        0.6169079144795736,
        0.6167168815930685,
        0.6165266831715902
      ],
      "average_accuracy": [
        72.54098360655738,
        72.54098360655738,
        72.54098360655738,
        72.54098360655738,
        72.54098360655738,
        72.54098360655738,
        72.54098360655738,
        72.54098360655738,
        72.54098360655738,
        72.54098360655738
      ]
    },
    "test": {
      "average_loss": [
        0.6041669249534607,
        0.6039187908172607,
        0.6036720871925354,
        0.6034263968467712,
        0.6031816005706787,
        0.6029379963874817,
        0.6026954054832458,
        0.6024540066719055,
        0.602213442325592,
        0.601973831653595
      ],
      "average_accuracy": [
        77.41935483870968,
        77.41935483870968,
        77.41935483870968,
        77.41935483870968,
        77.41935483870968,
        77.41935483870968,
        77.41935483870968,
        77.41935483870968,
        77.41935483870968,
        77.41935483870968
      ]
    },
    "average_loss_intra_epoch": [
      0.6165266831715902
    ],
    "average_accuracy_intra_epoch": [
      72.54098360655738
    ],
    "runtime": 4.666259288787842
  }
}