{
  "hyperparameters": {
    "architecture": "classification",
    "batch_size": 100,
    "clipping_threshold": 0.0,
    "dataset_name": "connect-4_classification",
    "epochs": 10,
    "initialization_scale": "\\sqrt{\frac{6}{n+m}}",
    "inner_ISGD_iterations": 0,
    "intra_epoch": false,
    "lr": 10.0,
    "momentum": 0.0,
    "mu": 0.0,
    "nodes": 50,
    "seed": 1,
    "sgdtype": "implicit",
    "data_type": "classification"
  },
  "results": {
    "train": {
      "average_loss": [
        16.929893706951034,
        19.241562765759593,
        13.818783173940098,
        13.96117913480607,
        16.322898917630067,
        10.097563547039208,
        10.371161515523237,
        10.238200393049201,
        7.204614600500646,
        11.314006201661227
      ],
      "average_accuracy": [
        67.50300675363124,
        60.12767138495698,
        62.73660838190397,
        63.519289480988064,
        61.05282634841336,
        56.46960865945046,
        60.481080580997315,
        59.592931816079194,
        62.82172263854196,
        58.107132944768246
      ]
    },
    "test": {
      "average_loss": [
        16.701885244425604,
        18.988465323167688,
        13.782258755143951,
        13.506235504851622,
        16.08754786147791,
        10.147377480478848,
        10.366594887541021,
        10.39869879624423,
        7.24798972291105,
        11.250942700049457
      ],
      "average_accuracy": [
        67.19212551805802,
        60.235346358792185,
        62.82563647128478,
        63.898756660746,
        61.26406157489639,
        56.705150976909415,
        60.73860272350503,
        58.955002960331555,
        63.29188869153345,
        58.5923623445826
      ]
    },
    "average_loss_intra_epoch": [
      11.314006201661227
    ],
    "average_accuracy_intra_epoch": [
      58.107132944768246
    ],
    "runtime": 2979.1264424324036
  }
}