{
  "hyperparameters": {
    "architecture": "classification",
    "batch_size": 100,
    "clipping_threshold": 0.0,
    "dataset_name": "contrac_classification",
    "epochs": 10,
    "initialization_scale": "\\sqrt{\frac{6}{n+m}}",
    "inner_ISGD_iterations": 0,
    "intra_epoch": false,
    "lr": 10.0,
    "momentum": 0.0,
    "mu": 0.0,
    "nodes": 50,
    "seed": 1,
    "sgdtype": "implicit",
    "data_type": "classification"
  },
  "results": {
    "train": {
      "average_loss": [
        42.337066332499184,
        23.38222312927246,
        53.3679396311442,
        26.249632994333904,
        34.3265274365743,
        36.074983755747475,
        37.53464317321777,
        28.715671221415203,
        13.25014821688334,
        11.716996351877848
      ],
      "average_accuracy": [
        42.10526315789474,
        44.906621392190154,
        31.154499151103565,
        30.64516129032258,
        36.078098471986415,
        45.840407470288625,
        32.173174872665534,
        45.58573853989813,
        31.494057724957557,
        29.117147707979626
      ]
    },
    "test": {
      "average_loss": [
        47.697811126708984,
        25.150454839070637,
        57.997703552246094,
        26.77914873758952,
        36.00593948364258,
        35.609761555989586,
        37.223426818847656,
        29.16122563680013,
        12.148751576741537,
        11.99837557474772
      ],
      "average_accuracy": [
        36.94915254237288,
        44.40677966101695,
        27.11864406779661,
        28.47457627118644,
        35.25423728813559,
        45.76271186440678,
        30.508474576271187,
        44.40677966101695,
        33.220338983050844,
        28.47457627118644
      ]
    },
    "average_loss_intra_epoch": [
      11.716996351877848
    ],
    "average_accuracy_intra_epoch": [
      29.117147707979626
    ],
    "runtime": 19.849743127822876
  }
}