{
  "hyperparameters": {
    "architecture": "classification",
    "batch_size": 100,
    "clipping_threshold": 0.0,
    "dataset_name": "letter_classification",
    "epochs": 10,
    "initialization_scale": "\\sqrt{\frac{6}{n+m}}",
    "inner_ISGD_iterations": 0,
    "intra_epoch": false,
    "lr": 5.0,
    "momentum": 0.0,
    "mu": 0.0,
    "nodes": 50,
    "seed": 1,
    "sgdtype": "explicit",
    "data_type": "classification"
  },
  "results": {
    "train": {
      "average_loss": [
        3.9410128608345985,
        3.644576612114906,
        3.2121646404266357,
        2.9061995565891268,
        2.896853394061327,
        2.6110440872609617,
        2.76536757722497,
        2.5882726430892946,
        2.2441867597401144,
        2.4699573159217834
      ],
      "average_accuracy": [
        20.36875,
        24.33125,
        32.3875,
        34.3875,
        33.95,
        37.625,
        36.71875,
        40.29375,
        44.46875,
        42.125
      ]
    },
    "test": {
      "average_loss": [
        3.9587385594844817,
        3.6807212829589844,
        3.210446673631668,
        2.9644348561763763,
        2.906597626209259,
        2.6629305839538575,
        2.7828730821609495,
        2.620065313577652,
        2.3151451855897904,
        2.5264716535806655
      ],
      "average_accuracy": [
        20.275,
        24.4,
        32.15,
        33.825,
        33.9,
        37.35,
        36.825,
        39.775,
        42.85,
        42.525
      ]
    },
    "average_loss_intra_epoch": [
      2.4699573159217834
    ],
    "average_accuracy_intra_epoch": [
      42.125
    ],
    "runtime": 18.813567638397217
  }
}