{
  "hyperparameters": {
    "architecture": "classification",
    "batch_size": 100,
    "clipping_threshold": 0.0,
    "dataset_name": "optical_classification",
    "epochs": 10,
    "initialization_scale": "\\sqrt{\frac{6}{n+m}}",
    "inner_ISGD_iterations": 0,
    "intra_epoch": false,
    "lr": 0.5,
    "momentum": 0.0,
    "mu": 0.0,
    "nodes": 50,
    "seed": 1,
    "sgdtype": "implicit",
    "data_type": "classification"
  },
  "results": {
    "train": {
      "average_loss": [
        0.20673014836178885,
        0.1179503737224473,
        0.08875775254435009,
        0.07081931709415383,
        0.05894332292179267,
        0.049797520144946046,
        0.04224648732278082,
        0.035780213835338755,
        0.030480200238525868,
        0.02614485715619392
      ],
      "average_accuracy": [
        94.63967971530249,
        96.66370106761566,
        97.50889679715303,
        98.10943060498221,
        98.2873665480427,
        98.68772241992883,
        98.97686832740213,
        99.15480427046263,
        99.28825622775801,
        99.39946619217082
      ]
    },
    "test": {
      "average_loss": [
        0.22497188796599707,
        0.14918168261647224,
        0.12729910699029764,
        0.11900901763389508,
        0.11323168346037467,
        0.10786684462800622,
        0.10326653067022562,
        0.09919533863042791,
        0.0970440028856198,
        0.095909236309429
      ],
      "average_accuracy": [
        94.9288256227758,
        95.90747330960853,
        96.17437722419929,
        96.26334519572954,
        96.44128113879003,
        96.79715302491103,
        96.61921708185054,
        96.70818505338079,
        96.88612099644128,
        96.97508896797153
      ]
    },
    "average_loss_intra_epoch": [
      0.02614485715619392
    ],
    "average_accuracy_intra_epoch": [
      99.39946619217082
    ],
    "runtime": 373.66566228866577
  }
}