{
  "hyperparameters": {
    "architecture": "classification",
    "batch_size": 100,
    "clipping_threshold": 0.0,
    "dataset_name": "plant-shape_classification",
    "epochs": 10,
    "initialization_scale": "\\sqrt{\frac{6}{n+m}}",
    "inner_ISGD_iterations": 0,
    "intra_epoch": false,
    "lr": 3.0,
    "momentum": 0.0,
    "mu": 0.0,
    "nodes": 50,
    "seed": 1,
    "sgdtype": "explicit",
    "data_type": "classification"
  },
  "results": {
    "train": {
      "average_loss": [
        4.765879997840295,
        67.65559915395883,
        25.59572586646447,
        34.95263011638935,
        30.94690249516414,
        22.70168451162485,
        25.74073263315054,
        23.541687305157,
        21.42539303119366,
        23.000667865459736
      ],
      "average_accuracy": [
        1.484375,
        0.546875,
        4.609375,
        2.265625,
        4.53125,
        6.484375,
        6.875,
        5.234375,
        6.40625,
        6.953125
      ]
    },
    "test": {
      "average_loss": [
        4.621988892555237,
        66.56484508514404,
        25.342308521270752,
        34.68459749221802,
        28.82753324508667,
        24.07317066192627,
        25.63745927810669,
        22.68588161468506,
        20.07544755935669,
        23.036582469940186
      ],
      "average_accuracy": [
        1.25,
        0.3125,
        3.75,
        3.4375,
        4.6875,
        5.625,
        5.3125,
        5.0,
        4.375,
        3.75
      ]
    },
    "average_loss_intra_epoch": [
      23.000667865459736
    ],
    "average_accuracy_intra_epoch": [
      6.953125
    ],
    "runtime": 5.8558080196380615
  }
}