{
  "hyperparameters": {
    "architecture": "classification",
    "batch_size": 100,
    "clipping_threshold": 0.0,
    "dataset_name": "ionosphere_classification",
    "epochs": 10,
    "initialization_scale": "\\sqrt{\frac{6}{n+m}}",
    "inner_ISGD_iterations": 0,
    "intra_epoch": false,
    "lr": 0.5,
    "momentum": 0.0,
    "mu": 0.0,
    "nodes": 50,
    "seed": 1,
    "sgdtype": "explicit",
    "data_type": "classification"
  },
  "results": {
    "train": {
      "average_loss": [
        0.6397937734921774,
        0.618138829867045,
        0.5727494160334269,
        0.4669586618741353,
        0.3566206693649292,
        0.2933801511923472,
        0.2568170428276062,
        0.23330760498841605,
        0.21542095641295114,
        0.20450895527998605
      ],
      "average_accuracy": [
        65.0,
        65.0,
        65.35714285714286,
        83.57142857142857,
        87.14285714285714,
        89.28571428571429,
        90.71428571428571,
        91.78571428571429,
        92.14285714285714,
        92.85714285714286
      ]
    },
    "test": {
      "average_loss": [
        0.6599261164665222,
        0.6405704021453857,
        0.589722216129303,
        0.47292348742485046,
        0.3589886426925659,
        0.3132576048374176,
        0.3097827136516571,
        0.32054364681243896,
        0.3303227424621582,
        0.3379395306110382
      ],
      "average_accuracy": [
        60.563380281690144,
        60.563380281690144,
        61.971830985915496,
        84.50704225352112,
        88.73239436619718,
        88.73239436619718,
        88.73239436619718,
        87.32394366197182,
        87.32394366197182,
        87.32394366197182
      ]
    },
    "average_loss_intra_epoch": [
      0.20450895527998605
    ],
    "average_accuracy_intra_epoch": [
      92.85714285714286
    ],
    "runtime": 3.5420267581939697
  }
}