{
  "hyperparameters": {
    "architecture": "classification",
    "batch_size": 100,
    "clipping_threshold": 0.0,
    "dataset_name": "statlog-heart_classification",
    "epochs": 10,
    "initialization_scale": "\\sqrt{\frac{6}{n+m}}",
    "inner_ISGD_iterations": 0,
    "intra_epoch": false,
    "lr": 0.5,
    "momentum": 0.0,
    "mu": 0.0,
    "nodes": 50,
    "seed": 1,
    "sgdtype": "explicit",
    "data_type": "classification"
  },
  "results": {
    "train": {
      "average_loss": [
        0.6897460619608561,
        0.6873782674471537,
        0.682639479637146,
        0.6724861860275269,
        0.6471852461496989,
        0.5764130353927612,
        0.4426839550336202,
        0.36551526188850403,
        0.33700254559516907,
        0.3229249467452367
      ],
      "average_accuracy": [
        44.907407407407405,
        44.907407407407405,
        44.907407407407405,
        44.907407407407405,
        54.629629629629626,
        76.38888888888889,
        82.87037037037037,
        84.25925925925925,
        82.4074074074074,
        83.33333333333333
      ]
    },
    "test": {
      "average_loss": [
        0.6990741491317749,
        0.7002570629119873,
        0.6967721581459045,
        0.6873965263366699,
        0.6632476449012756,
        0.5947118401527405,
        0.46559885144233704,
        0.4039188623428345,
        0.38773977756500244,
        0.3843225836753845
      ],
      "average_accuracy": [
        42.592592592592595,
        42.592592592592595,
        42.592592592592595,
        42.592592592592595,
        50.0,
        74.07407407407408,
        83.33333333333333,
        83.33333333333333,
        83.33333333333333,
        83.33333333333333
      ]
    },
    "average_loss_intra_epoch": [
      0.3229249467452367
    ],
    "average_accuracy_intra_epoch": [
      83.33333333333333
    ],
    "runtime": 3.533430337905884
  }
}