{
  "hyperparameters": {
    "architecture": "classification",
    "batch_size": 100,
    "clipping_threshold": 0.0,
    "dataset_name": "balloons_classification",
    "epochs": 10,
    "initialization_scale": "\\sqrt{\frac{6}{n+m}}",
    "inner_ISGD_iterations": 0,
    "intra_epoch": false,
    "lr": 0.01,
    "momentum": 0.0,
    "mu": 0.0,
    "nodes": 50,
    "seed": 1,
    "sgdtype": "explicit",
    "data_type": "classification"
  },
  "results": {
    "train": {
      "average_loss": [
        0.6951438784599304,
        0.6949521899223328,
        0.6947627663612366,
        0.6945756077766418,
        0.6943908333778381,
        0.6942082047462463,
        0.694027841091156,
        0.6938496232032776,
        0.6936736702919006,
        0.6934996247291565
      ],
      "average_accuracy": [
        41.666666666666664,
        41.666666666666664,
        41.666666666666664,
        41.666666666666664,
        41.666666666666664,
        41.666666666666664,
        41.666666666666664,
        41.666666666666664,
        41.666666666666664,
        41.666666666666664
      ]
    },
    "test": {
      "average_loss": [
        0.6934250593185425,
        0.693413257598877,
        0.6934027671813965,
        0.693393349647522,
        0.6933851838111877,
        0.693378210067749,
        0.693372368812561,
        0.693367600440979,
        0.6933639645576477,
        0.6933614015579224
      ],
      "average_accuracy": [
        50.0,
        50.0,
        50.0,
        50.0,
        50.0,
        50.0,
        50.0,
        50.0,
        50.0,
        50.0
      ]
    },
    "average_loss_intra_epoch": [
      0.6934996247291565
    ],
    "average_accuracy_intra_epoch": [
      41.666666666666664
    ],
    "runtime": 2.9875311851501465
  }
}