{
  "hyperparameters": {
    "architecture": "classification",
    "batch_size": 100,
    "clipping_threshold": 0.0,
    "dataset_name": "twonorm_classification",
    "epochs": 10,
    "initialization_scale": "\\sqrt{\frac{6}{n+m}}",
    "inner_ISGD_iterations": 0,
    "intra_epoch": false,
    "lr": 0.001,
    "momentum": 0.0,
    "mu": 0.0,
    "nodes": 50,
    "seed": 1,
    "sgdtype": "explicit",
    "data_type": "classification"
  },
  "results": {
    "train": {
      "average_loss": [
        0.6945817152659098,
        0.6943672140439351,
        0.6941579500834147,
        0.69395332634449,
        0.6937528769175212,
        0.6935561150312424,
        0.6933624982833863,
        0.6931716839472453,
        0.6929831812779109,
        0.6927966147661209
      ],
      "average_accuracy": [
        49.763513513513516,
        49.763513513513516,
        49.763513513513516,
        49.763513513513516,
        49.763513513513516,
        49.763513513513516,
        49.763513513513516,
        49.763513513513516,
        49.763513513513516,
        49.763513513513516
      ]
    },
    "test": {
      "average_loss": [
        0.6940701246261597,
        0.6938835263252259,
        0.6937009731928507,
        0.6935220082600911,
        0.6933462182680766,
        0.693173098564148,
        0.6930023272832234,
        0.6928333719571431,
        0.6926658829053243,
        0.6924995024998982
      ],
      "average_accuracy": [
        50.74324324324324,
        50.74324324324324,
        50.74324324324324,
        50.74324324324324,
        50.74324324324324,
        50.74324324324324,
        50.74324324324324,
        50.74324324324324,
        50.74324324324324,
        50.74324324324324
      ]
    },
    "average_loss_intra_epoch": [
      0.6927966147661209
    ],
    "average_accuracy_intra_epoch": [
      49.763513513513516
    ],
    "runtime": 10.980330228805542
  }
}