{
  "hyperparameters": {
    "architecture": "classification",
    "batch_size": 100,
    "clipping_threshold": 0.0,
    "dataset_name": "pittsburg-bridges-T-OR-D_classification",
    "epochs": 10,
    "initialization_scale": "\\sqrt{\frac{6}{n+m}}",
    "inner_ISGD_iterations": 0,
    "intra_epoch": false,
    "lr": 10.0,
    "momentum": 0.0,
    "mu": 0.0,
    "nodes": 50,
    "seed": 1,
    "sgdtype": "explicit",
    "data_type": "classification"
  },
  "results": {
    "train": {
      "average_loss": [
        1.0483946800231934,
        8.000741958618164,
        4.414361953735352,
        39.51789855957031,
        20.973161697387695,
        1.8837559223175049,
        11.773215293884277,
        27.252681732177734,
        7.204424858093262,
        5.0467610359191895
      ],
      "average_accuracy": [
        88.88888888888889,
        11.11111111111111,
        88.88888888888889,
        74.07407407407408,
        69.1358024691358,
        88.88888888888889,
        41.97530864197531,
        59.25925925925926,
        88.88888888888889,
        88.88888888888889
      ]
    },
    "test": {
      "average_loss": [
        2.246305227279663,
        6.846776962280273,
        9.351592063903809,
        65.46770477294922,
        27.444332122802734,
        3.0082058906555176,
        11.823100090026855,
        47.41413497924805,
        17.391916275024414,
        11.998138427734375
      ],
      "average_accuracy": [
        76.19047619047619,
        23.80952380952381,
        76.19047619047619,
        57.142857142857146,
        66.66666666666667,
        76.19047619047619,
        42.857142857142854,
        57.142857142857146,
        76.19047619047619,
        76.19047619047619
      ]
    },
    "average_loss_intra_epoch": [
      5.0467610359191895
    ],
    "average_accuracy_intra_epoch": [
      88.88888888888889
    ],
    "runtime": 3.5650177001953125
  }
}