{
  "hyperparameters": {
    "architecture": "classification",
    "batch_size": 100,
    "clipping_threshold": 0.0,
    "dataset_name": "libras_classification",
    "epochs": 10,
    "initialization_scale": "\\sqrt{\frac{6}{n+m}}",
    "inner_ISGD_iterations": 0,
    "intra_epoch": false,
    "lr": 0.5,
    "momentum": 0.0,
    "mu": 0.0,
    "nodes": 50,
    "seed": 1,
    "sgdtype": "explicit",
    "data_type": "classification"
  },
  "results": {
    "train": {
      "average_loss": [
        2.4837350845336914,
        2.1342270374298096,
        1.8363320430119832,
        1.585221529006958,
        1.4024511973063152,
        1.2712286313374836,
        1.164056658744812,
        1.0748924016952515,
        0.9975686073303223,
        0.9329560597737631
      ],
      "average_accuracy": [
        34.02777777777778,
        43.40277777777778,
        44.09722222222222,
        46.875,
        52.083333333333336,
        57.291666666666664,
        63.19444444444444,
        64.58333333333333,
        66.66666666666667,
        68.75
      ]
    },
    "test": {
      "average_loss": [
        2.4833731651306152,
        2.1315784454345703,
        1.83598792552948,
        1.6027860641479492,
        1.4281991720199585,
        1.321060299873352,
        1.2564972639083862,
        1.2194088697433472,
        1.1961445808410645,
        1.182849407196045
      ],
      "average_accuracy": [
        34.72222222222222,
        44.44444444444444,
        44.44444444444444,
        51.388888888888886,
        54.166666666666664,
        58.333333333333336,
        55.55555555555556,
        56.94444444444444,
        61.111111111111114,
        61.111111111111114
      ]
    },
    "average_loss_intra_epoch": [
      0.9329560597737631
    ],
    "average_accuracy_intra_epoch": [
      68.75
    ],
    "runtime": 3.7834970951080322
  }
}