{
  "hyperparameters": {
    "architecture": "classification",
    "batch_size": 100,
    "clipping_threshold": 0.0,
    "dataset_name": "connect-4_classification",
    "epochs": 10,
    "initialization_scale": "\\sqrt{\frac{6}{n+m}}",
    "inner_ISGD_iterations": 0,
    "intra_epoch": false,
    "lr": 5.0,
    "momentum": 0.0,
    "mu": 0.0,
    "nodes": 50,
    "seed": 1,
    "sgdtype": "implicit",
    "data_type": "classification"
  },
  "results": {
    "train": {
      "average_loss": [
        13.486335630998594,
        7.002261946690501,
        6.63441548550195,
        7.242175642531813,
        5.136037675818763,
        2.9825103029526097,
        4.777680546430916,
        6.731393907074567,
        5.984466702131599,
        4.641604103574911
      ],
      "average_accuracy": [
        60.11286890554168,
        69.35886761032472,
        56.1273013229716,
        52.65982051993709,
        65.82477564992136,
        64.00962161161995,
        60.8122860579147,
        57.01915070774355,
        62.5386252197243,
        61.996484411138866
      ]
    },
    "test": {
      "average_loss": [
        13.03461180539692,
        6.966312132337514,
        6.605722942773034,
        7.206776089528027,
        5.032900949611383,
        3.041074240908903,
        4.633862843408304,
        6.620803825995502,
        5.943673768464257,
        4.625267489868052
      ],
      "average_accuracy": [
        60.886619301361755,
        69.19775014801658,
        56.03167554766134,
        53.167554766133804,
        66.36323268206039,
        63.75074008288929,
        61.301065719360565,
        57.31201894612197,
        62.44819419775015,
        62.34458259325044
      ]
    },
    "average_loss_intra_epoch": [
      4.641604103574911
    ],
    "average_accuracy_intra_epoch": [
      61.996484411138866
    ],
    "runtime": 2953.6231095790863
  }
}