{
  "hyperparameters": {
    "architecture": "classification",
    "batch_size": 100,
    "clipping_threshold": 0.0,
    "dataset_name": "car_classification",
    "epochs": 10,
    "initialization_scale": "\\sqrt{\frac{6}{n+m}}",
    "inner_ISGD_iterations": 0,
    "intra_epoch": false,
    "lr": 50.0,
    "momentum": 0.0,
    "mu": 0.0,
    "nodes": 50,
    "seed": 1,
    "sgdtype": "explicit",
    "data_type": "classification"
  },
  "results": {
    "train": {
      "average_loss": [
        152.25672912597656,
        54.09246826171875,
        90.79471615382603,
        103.1890640258789,
        98.60781587873187,
        49.974037170410156,
        40.39412362234933,
        81.91678646632603,
        87.80091149466378,
        106.930846623012
      ],
      "average_accuracy": [
        66.06367583212734,
        61.43270622286541,
        66.28075253256151,
        36.54124457308249,
        65.05065123010131,
        68.7409551374819,
        58.10419681620839,
        52.532561505065125,
        52.532561505065125,
        45.224312590448626
      ]
    },
    "test": {
      "average_loss": [
        142.4217071533203,
        44.514126777648926,
        85.67644882202148,
        89.57309913635254,
        79.13786602020264,
        41.97722148895264,
        37.70968055725098,
        80.6245174407959,
        75.16026592254639,
        107.11262321472168
      ],
      "average_accuracy": [
        71.96531791907515,
        65.3179190751445,
        70.8092485549133,
        41.040462427745666,
        71.96531791907515,
        75.14450867052022,
        60.69364161849711,
        50.578034682080926,
        56.358381502890175,
        45.95375722543353
      ]
    },
    "average_loss_intra_epoch": [
      106.930846623012
    ],
    "average_accuracy_intra_epoch": [
      45.224312590448626
    ],
    "runtime": 4.643181562423706
  }
}