{
  "hyperparameters": {
    "architecture": "classification",
    "batch_size": 100,
    "clipping_threshold": 0.0,
    "dataset_name": "abalone_classification",
    "epochs": 10,
    "initialization_scale": "\\sqrt{\frac{6}{n+m}}",
    "inner_ISGD_iterations": 0,
    "intra_epoch": false,
    "lr": 1.0,
    "momentum": 0.0,
    "mu": 0.0,
    "nodes": 50,
    "seed": 1,
    "sgdtype": "implicit",
    "data_type": "classification"
  },
  "results": {
    "train": {
      "average_loss": [
        0.8453634644255918,
        0.8277017000843497,
        0.8021026025800144,
        0.7897042702226078,
        0.7870822531335494,
        0.7852766198270461,
        0.783435583114624,
        0.7809072189471301,
        0.7765187673708972,
        0.7705173509962419
      ],
      "average_accuracy": [
        58.2460341215205,
        61.08949416342413,
        62.795570188566295,
        63.39419335528285,
        63.54384914696199,
        63.603711463633644,
        63.45405567195451,
        63.6635737803053,
        63.63364262196947,
        63.63364262196947
      ]
    },
    "test": {
      "average_loss": [
        0.8548423184288872,
        0.8353317975997925,
        0.8142466810014513,
        0.8005415201187134,
        0.7982843915621439,
        0.7967789702945285,
        0.7952590584754944,
        0.7932295666800605,
        0.7899604439735413,
        0.7861568397945828
      ],
      "average_accuracy": [
        57.057416267942585,
        60.16746411483253,
        60.88516746411483,
        61.60287081339713,
        61.8421052631579,
        61.8421052631579,
        61.8421052631579,
        61.961722488038276,
        62.44019138755981,
        62.91866028708134
      ]
    },
    "average_loss_intra_epoch": [
      0.7705173509962419
    ],
    "average_accuracy_intra_epoch": [
      63.63364262196947
    ],
    "runtime": 15.465191841125488
  }
}