{
  "hyperparameters": {
    "architecture": "classification",
    "batch_size": 100,
    "clipping_threshold": 0.0,
    "dataset_name": "adult_classification",
    "epochs": 10,
    "initialization_scale": "\\sqrt{\frac{6}{n+m}}",
    "inner_ISGD_iterations": 0,
    "intra_epoch": false,
    "lr": 0.0003,
    "momentum": 0.0,
    "mu": 0.0,
    "nodes": 50,
    "seed": 1,
    "sgdtype": "implicit",
    "data_type": "classification"
  },
  "results": {
    "train": {
      "average_loss": [
        0.6986711438354629,
        0.6789271073877964,
        0.6618923691227613,
        0.6471797982445153,
        0.6344606364169694,
        0.6234550494367205,
        0.6139241938700761,
        0.60566400948083,
        0.598499736060267,
        0.5922813842363674
      ],
      "average_accuracy": [
        23.911652547795153,
        76.07555089192026,
        76.07555089192026,
        76.07555089192026,
        76.07555089192026,
        76.07555089192026,
        76.07555089192026,
        76.07555089192026,
        76.07555089192026,
        76.07555089192026
      ]
    },
    "test": {
      "average_loss": [
        0.6986125616394744,
        0.6788842933518546,
        0.6618642137975109,
        0.6471652418983226,
        0.6344587620423765,
        0.6234650155719446,
        0.6139451976941557,
        0.6056953115122659,
        0.5985406667602305,
        0.5923313224802211
      ],
      "average_accuracy": [
        23.94308526973078,
        76.05691473026921,
        76.05691473026921,
        76.05691473026921,
        76.05691473026921,
        76.05691473026921,
        76.05691473026921,
        76.05691473026921,
        76.05691473026921,
        76.05691473026921
      ]
    },
    "average_loss_intra_epoch": [
      0.5922813842363674
    ],
    "average_accuracy_intra_epoch": [
      76.07555089192026
    ],
    "runtime": 827.0764758586884
  }
}