{
  "hyperparameters": {
    "architecture": "classification",
    "batch_size": 100,
    "clipping_threshold": 0.0,
    "dataset_name": "wine-quality-red_classification",
    "epochs": 10,
    "initialization_scale": "\\sqrt{\frac{6}{n+m}}",
    "inner_ISGD_iterations": 0,
    "intra_epoch": false,
    "lr": 1.0,
    "momentum": 0.0,
    "mu": 0.0,
    "nodes": 50,
    "seed": 1,
    "sgdtype": "explicit",
    "data_type": "classification"
  },
  "results": {
    "train": {
      "average_loss": [
        1.2043688572370088,
        1.1717652540940504,
        1.0069687916682317,
        0.9765262695459219,
        0.9671699588115399,
        0.9626622979457562,
        0.9593811677052424,
        0.9562457387263958,
        0.9527958310567416,
        0.9487937734677241
      ],
      "average_accuracy": [
        42.298670836591086,
        42.61141516810008,
        56.137607505863954,
        58.874120406567634,
        59.34323690383112,
        58.639562157935885,
        59.18686473807662,
        59.49960906958562,
        59.49960906958562,
        60.1250977326036
      ]
    },
    "test": {
      "average_loss": [
        1.1101985275745392,
        1.0758952498435974,
        0.9414950758218765,
        0.9312011003494263,
        0.9326179474592209,
        0.9349785447120667,
        0.9370241612195969,
        0.9384259432554245,
        0.9389260113239288,
        0.9383824467658997
      ],
      "average_accuracy": [
        43.75,
        43.75,
        60.625,
        57.8125,
        58.75,
        58.125,
        57.5,
        57.1875,
        56.875,
        56.875
      ]
    },
    "average_loss_intra_epoch": [
      0.9487937734677241
    ],
    "average_accuracy_intra_epoch": [
      60.1250977326036
    ],
    "runtime": 4.530205965042114
  }
}