{
  "hyperparameters": {
    "architecture": "music",
    "batch_size": 100,
    "clipping_threshold": 1.0,
    "dataset_name": "JSB Chorales",
    "epochs": 10,
    "initialization_scale": "\\sqrt{\frac{6}{n+m}}",
    "inner_ISGD_iterations": 0,
    "intra_epoch": false,
    "lr": 0.15,
    "momentum": 0.0,
    "mu": 0.0,
    "nodes": 50,
    "seed": 1,
    "sgdtype": "explicit",
    "data_type": "sequential_many"
  },
  "results": {
    "train": {
      "average_loss": [
        8.981297168148657,
        8.536277023465352,
        8.288676553418021,
        8.124338425923643,
        8.004029560297337,
        7.908700391194706,
        7.829220034670101,
        7.761322273437633,
        7.702284794186921,
        7.650185966075248
      ],
      "average_accuracy": [
        0,
        0,
        0,
        0,
        0,
        0,
        0,
        0,
        0,
        0
      ]
    },
    "test": {
      "average_loss": [
        9.113133170387961,
        8.669240165066409,
        8.424364319095364,
        8.262282105235311,
        8.14369686547812,
        8.049784093708187,
        7.971582846208052,
        7.904901507612947,
        7.847052230463399,
        7.796147690190898
      ],
      "average_accuracy": [
        0,
        0,
        0,
        0,
        0,
        0,
        0,
        0,
        0,
        0
      ]
    },
    "average_loss_intra_epoch": [
      7.650185966075248
    ],
    "average_accuracy_intra_epoch": [
      0
    ],
    "runtime": 253.80708837509155
  }
}