{
  "hyperparameters": {
    "architecture": "music",
    "batch_size": 100,
    "clipping_threshold": 0.1,
    "dataset_name": "JSB Chorales",
    "epochs": 5,
    "initialization_scale": "\\sqrt{\frac{6}{n+m}}",
    "inner_ISGD_iterations": 0,
    "intra_epoch": false,
    "lr": 0.5,
    "momentum": 0.0,
    "mu": 0.0,
    "nodes": 300,
    "seed": 2,
    "sgdtype": "implicit",
    "data_type": "sequential_many"
  },
  "results": {
    "train": {
      "average_loss": [
        0.004706873885847986,
        0.0036439402074671013,
        0.003222955617541244,
        0.0029764547933901634,
        0.0028072835589803787
      ],
      "average_accuracy": [
        0,
        0,
        0,
        0,
        0
      ]
    },
    "test": {
      "average_loss": [
        0.004638147930457414,
        0.0035780983804664635,
        0.003159085207001923,
        0.0029143686995950417,
        0.002746850905286801
      ],
      "average_accuracy": [
        0,
        0,
        0,
        0,
        0
      ]
    },
    "average_loss_intra_epoch": [
      0.0028072835589803787
    ],
    "average_accuracy_intra_epoch": [
      0
    ],
    "runtime": 734.2458548545837
  }
}