{
  "hyperparameters": {
    "architecture": "classification",
    "batch_size": 100,
    "clipping_threshold": 0.0,
    "dataset_name": "dermatology_classification",
    "epochs": 10,
    "initialization_scale": "\\sqrt{\frac{6}{n+m}}",
    "inner_ISGD_iterations": 0,
    "intra_epoch": false,
    "lr": 0.5,
    "momentum": 0.0,
    "mu": 0.0,
    "nodes": 50,
    "seed": 1,
    "sgdtype": "explicit",
    "data_type": "classification"
  },
  "results": {
    "train": {
      "average_loss": [
        1.6701481739679973,
        1.4109744628270466,
        0.9751037955284119,
        0.7417229413986206,
        0.5976579387982687,
        0.46584286292394,
        0.3628663122653961,
        0.29924102624257404,
        0.2605406741301219,
        0.23303388059139252
      ],
      "average_accuracy": [
        36.986301369863014,
        58.9041095890411,
        65.41095890410959,
        68.83561643835617,
        77.3972602739726,
        83.9041095890411,
        86.64383561643835,
        87.32876712328768,
        87.67123287671232,
        92.8082191780822
      ]
    },
    "test": {
      "average_loss": [
        1.6529147624969482,
        1.3572587966918945,
        0.8825998902320862,
        0.6445096135139465,
        0.5178334712982178,
        0.4164370894432068,
        0.34173384308815,
        0.2976219654083252,
        0.26877593994140625,
        0.24456565082073212
      ],
      "average_accuracy": [
        40.54054054054054,
        64.86486486486487,
        70.27027027027027,
        70.27027027027027,
        79.72972972972973,
        82.43243243243244,
        83.78378378378379,
        83.78378378378379,
        85.13513513513513,
        90.54054054054055
      ]
    },
    "average_loss_intra_epoch": [
      0.23303388059139252
    ],
    "average_accuracy_intra_epoch": [
      92.8082191780822
    ],
    "runtime": 3.3712925910949707
  }
}