{
  "hyperparameters": {
    "architecture": "classification",
    "batch_size": 100,
    "clipping_threshold": 0.0,
    "dataset_name": "molec-biol-splice_classification",
    "epochs": 10,
    "initialization_scale": "\\sqrt{\frac{6}{n+m}}",
    "inner_ISGD_iterations": 0,
    "intra_epoch": false,
    "lr": 50.0,
    "momentum": 0.0,
    "mu": 0.0,
    "nodes": 50,
    "seed": 1,
    "sgdtype": "explicit",
    "data_type": "classification"
  },
  "results": {
    "train": {
      "average_loss": [
        606.6671917255109,
        628.7445490910457,
        335.72970815805286,
        146.54563757089468,
        204.53663693941556,
        108.75626197228065,
        207.82447932316705,
        180.4979729285607,
        148.28241759080154,
        227.4217329758864
      ],
      "average_accuracy": [
        35.658307210031346,
        40.86990595611285,
        44.08307210031348,
        45.84639498432602,
        47.5705329153605,
        49.373040752351095,
        41.02664576802508,
        45.807210031347964,
        45.376175548589345,
        46.39498432601881
      ]
    },
    "test": {
      "average_loss": [
        651.5098092215402,
        643.4461975097656,
        369.04566737583707,
        149.9544198172433,
        231.16703578404017,
        119.32344709123883,
        220.78182329450334,
        192.0571027483259,
        161.06927708217077,
        238.53375462123327
      ],
      "average_accuracy": [
        35.26645768025078,
        40.28213166144201,
        41.692789968652036,
        44.827586206896555,
        43.73040752351097,
        45.924764890282134,
        39.18495297805643,
        44.98432601880878,
        41.53605015673981,
        45.45454545454545
      ]
    },
    "average_loss_intra_epoch": [
      227.4217329758864
    ],
    "average_accuracy_intra_epoch": [
      46.39498432601881
    ],
    "runtime": 6.993439197540283
  }
}