{
  "hyperparameters": {
    "architecture": "classification",
    "batch_size": 100,
    "clipping_threshold": 0.0,
    "dataset_name": "abalone_classification",
    "epochs": 10,
    "initialization_scale": "\\sqrt{\frac{6}{n+m}}",
    "inner_ISGD_iterations": 0,
    "intra_epoch": false,
    "lr": 30.0,
    "momentum": 0.0,
    "mu": 0.0,
    "nodes": 50,
    "seed": 1,
    "sgdtype": "explicit",
    "data_type": "classification"
  },
  "results": {
    "train": {
      "average_loss": [
        113.38627041087432,
        67.54611823138069,
        81.64065652735093,
        62.84467102499569,
        78.2489969590131,
        18.68979885998894,
        48.625624263987824,
        30.61171593385584,
        22.79915203767664,
        57.086064282585596
      ],
      "average_accuracy": [
        37.50374139479198,
        49.506135887458846,
        51.66117928763843,
        51.72104160431009,
        45.196049087099674,
        41.99341514516612,
        36.276563903023046,
        50.91290032924274,
        46.961987428913496,
        31.427716252618975
      ]
    },
    "test": {
      "average_loss": [
        116.64798397488065,
        65.16603342692058,
        81.28682708740234,
        61.31236690945096,
        74.96194288465712,
        17.717044830322266,
        48.39829762776693,
        30.557968351576065,
        23.154163996378582,
        57.70495139227973
      ],
      "average_accuracy": [
        38.8755980861244,
        49.52153110047847,
        50.95693779904306,
        51.07655502392345,
        44.01913875598086,
        43.421052631578945,
        35.047846889952154,
        51.07655502392345,
        46.17224880382775,
        31.45933014354067
      ]
    },
    "average_loss_intra_epoch": [
      57.086064282585596
    ],
    "average_accuracy_intra_epoch": [
      31.427716252618975
    ],
    "runtime": 1.5556318759918213
  }
}