{
  "hyperparameters": {
    "architecture": "classification",
    "batch_size": 100,
    "clipping_threshold": 0.0,
    "dataset_name": "hepatitis_classification",
    "epochs": 10,
    "initialization_scale": "\\sqrt{\frac{6}{n+m}}",
    "inner_ISGD_iterations": 0,
    "intra_epoch": false,
    "lr": 0.001,
    "momentum": 0.0,
    "mu": 0.0,
    "nodes": 50,
    "seed": 1,
    "sgdtype": "explicit",
    "data_type": "classification"
  },
  "results": {
    "train": {
      "average_loss": [
        0.7261310815811157,
        0.7255450189113617,
        0.7249606549739838,
        0.7243779599666595,
        0.7237970530986786,
        0.7232177257537842,
        0.7226403057575226,
        0.722064346075058,
        0.721490204334259,
        0.7209178805351257
      ],
      "average_accuracy": [
        21.774193548387096,
        21.774193548387096,
        21.774193548387096,
        21.774193548387096,
        21.774193548387096,
        21.774193548387096,
        21.774193548387096,
        21.774193548387096,
        21.774193548387096,
        21.774193548387096
      ]
    },
    "test": {
      "average_loss": [
        0.7338382005691528,
        0.733151912689209,
        0.7324675917625427,
        0.7317849397659302,
        0.7311044931411743,
        0.7304257750511169,
        0.7297488451004028,
        0.7290739417076111,
        0.7284008860588074,
        0.7277294397354126
      ],
      "average_accuracy": [
        16.129032258064516,
        16.129032258064516,
        16.129032258064516,
        16.129032258064516,
        16.129032258064516,
        16.129032258064516,
        16.129032258064516,
        16.129032258064516,
        16.129032258064516,
        16.129032258064516
      ]
    },
    "average_loss_intra_epoch": [
      0.7209178805351257
    ],
    "average_accuracy_intra_epoch": [
      21.774193548387096
    ],
    "runtime": 3.3364992141723633
  }
}