{
  "hyperparameters": {
    "architecture": "classification",
    "batch_size": 100,
    "clipping_threshold": 0.0,
    "dataset_name": "monks-2_classification",
    "epochs": 10,
    "initialization_scale": "\\sqrt{\frac{6}{n+m}}",
    "inner_ISGD_iterations": 0,
    "intra_epoch": false,
    "lr": 0.1,
    "momentum": 0.0,
    "mu": 0.0,
    "nodes": 50,
    "seed": 1,
    "sgdtype": "explicit",
    "data_type": "classification"
  },
  "results": {
    "train": {
      "average_loss": [
        0.6643608093261719,
        0.6566161036491394,
        0.6530377507209778,
        0.6513800501823426,
        0.6506119966506958,
        0.6502567052841186,
        0.6500929951667785,
        0.6500176191329956,
        0.6499829888343811,
        0.649966561794281
      ],
      "average_accuracy": [
        64.58333333333333,
        64.58333333333333,
        64.58333333333333,
        64.58333333333333,
        64.58333333333333,
        64.58333333333333,
        64.58333333333333,
        64.58333333333333,
        64.58333333333333,
        64.58333333333333
      ]
    },
    "test": {
      "average_loss": [
        0.6342001557350159,
        0.6133928596973419,
        0.6008739471435547,
        0.5930848121643066,
        0.5881073176860809,
        0.5848602950572968,
        0.5827093124389648,
        0.5812680721282959,
        0.5802944302558899,
        0.5796327888965607
      ],
      "average_accuracy": [
        70.24793388429752,
        70.24793388429752,
        70.24793388429752,
        70.24793388429752,
        70.24793388429752,
        70.24793388429752,
        70.24793388429752,
        70.24793388429752,
        70.24793388429752,
        70.24793388429752
      ]
    },
    "average_loss_intra_epoch": [
      0.649966561794281
    ],
    "average_accuracy_intra_epoch": [
      64.58333333333333
    ],
    "runtime": 1.017806053161621
  }
}