{
  "hyperparameters": {
    "architecture": "classification",
    "batch_size": 100,
    "clipping_threshold": 0.0,
    "dataset_name": "monks-3_classification",
    "epochs": 10,
    "initialization_scale": "\\sqrt{\frac{6}{n+m}}",
    "inner_ISGD_iterations": 0,
    "intra_epoch": false,
    "lr": 10.0,
    "momentum": 0.0,
    "mu": 0.0,
    "nodes": 50,
    "seed": 1,
    "sgdtype": "implicit",
    "data_type": "classification"
  },
  "results": {
    "train": {
      "average_loss": [
        3.0699649333953856,
        56.7839973449707,
        44.896829986572264,
        27.09778175354004,
        36.23318977355957,
        48.020928955078126,
        11.171879005432128,
        87.76320343017578,
        1.8901884317398072,
        63.565634155273436
      ],
      "average_accuracy": [
        52.59593679458239,
        58.01354401805869,
        49.887133182844245,
        52.59593679458239,
        47.40406320541761,
        52.59593679458239,
        47.40406320541761,
        47.40406320541761,
        52.59593679458239,
        47.40406320541761
      ]
    },
    "test": {
      "average_loss": [
        2.714162588119507,
        47.473854064941406,
        46.73645782470703,
        24.61978244781494,
        39.36427116394043,
        43.63007164001465,
        12.040463924407959,
        95.35963821411133,
        1.723993957042694,
        69.06770133972168
      ],
      "average_accuracy": [
        49.549549549549546,
        66.66666666666667,
        51.351351351351354,
        49.549549549549546,
        50.450450450450454,
        49.549549549549546,
        50.450450450450454,
        50.450450450450454,
        49.549549549549546,
        50.450450450450454
      ]
    },
    "average_loss_intra_epoch": [
      63.565634155273436
    ],
    "average_accuracy_intra_epoch": [
      47.40406320541761
    ],
    "runtime": 7.823885679244995
  }
}