{
  "hyperparameters": {
    "architecture": "music",
    "batch_size": 100,
    "clipping_threshold": 0.0,
    "dataset_name": "Nottingham",
    "epochs": 5,
    "initialization_scale": "\\sqrt{\frac{6}{n+m}}",
    "inner_ISGD_iterations": 0,
    "intra_epoch": false,
    "lr": 1.0,
    "momentum": 0.0,
    "mu": 0.0,
    "nodes": 300,
    "seed": 1,
    "sgdtype": "explicit",
    "data_type": "sequential_many"
  },
  "results": {
    "train": {
      "average_loss": [
        0.0010893312543285045,
        0.0008553524385206401,
        0.0007631852745611263,
        0.0007087432740308023,
        0.0006707826852927626
      ],
      "average_accuracy": [
        0,
        0,
        0,
        0,
        0
      ]
    },
    "test": {
      "average_loss": [
        0.0010786855727714924,
        0.0008493513224975152,
        0.0007599935253143913,
        0.0007077414383649524,
        0.0006715968500322882
      ],
      "average_accuracy": [
        0,
        0,
        0,
        0,
        0
      ]
    },
    "average_loss_intra_epoch": [
      0.0006707826852927626
    ],
    "average_accuracy_intra_epoch": [
      0
    ],
    "runtime": 1362.690880537033
  }
}