{
  "hyperparameters": {
    "architecture": "classification",
    "batch_size": 100,
    "clipping_threshold": 0.0,
    "dataset_name": "waveform-noise_classification",
    "epochs": 10,
    "initialization_scale": "\\sqrt{\frac{6}{n+m}}",
    "inner_ISGD_iterations": 0,
    "intra_epoch": false,
    "lr": 50.0,
    "momentum": 0.0,
    "mu": 0.0,
    "nodes": 50,
    "seed": 1,
    "sgdtype": "implicit",
    "data_type": "classification"
  },
  "results": {
    "train": {
      "average_loss": [
        134.0804256439209,
        336.4733669281006,
        139.4197202682495,
        72.61704940795899,
        159.68313426971434,
        179.69406814575194,
        101.07215785980225,
        57.23306360244751,
        107.53883380889893,
        35.449391674995425
      ],
      "average_accuracy": [
        67.45,
        54.85,
        68.9,
        58.675,
        54.225,
        44.5,
        57.4,
        60.825,
        51.425,
        65.475
      ]
    },
    "test": {
      "average_loss": [
        137.22369079589845,
        329.1367431640625,
        152.5725212097168,
        76.70119743347168,
        170.58949432373046,
        199.28888092041015,
        105.92071990966797,
        56.582222366333006,
        118.51142654418945,
        35.20356044769287
      ],
      "average_accuracy": [
        64.8,
        55.6,
        65.7,
        55.6,
        48.7,
        43.3,
        57.1,
        60.9,
        47.9,
        64.9
      ]
    },
    "average_loss_intra_epoch": [
      35.449391674995425
    ],
    "average_accuracy_intra_epoch": [
      65.475
    ],
    "runtime": 219.77720618247986
  }
}