{
  "hyperparameters": {
    "architecture": "classification",
    "batch_size": 100,
    "clipping_threshold": 0.0,
    "dataset_name": "thyroid_classification",
    "epochs": 10,
    "initialization_scale": "\\sqrt{\frac{6}{n+m}}",
    "inner_ISGD_iterations": 0,
    "intra_epoch": false,
    "lr": 1.0,
    "momentum": 0.0,
    "mu": 0.0,
    "nodes": 50,
    "seed": 1,
    "sgdtype": "explicit",
    "data_type": "classification"
  },
  "results": {
    "train": {
      "average_loss": [
        0.1589052590445198,
        0.133273982025426,
        0.11175648424902866,
        0.10096916537089594,
        0.091942787106181,
        0.08725586241303847,
        0.0866152551346298,
        0.0894706755362708,
        0.06652840824219687,
        0.05718536850803628
      ],
      "average_accuracy": [
        94.75694444444444,
        94.98263888888889,
        95.67708333333333,
        95.90277777777777,
        96.23263888888889,
        96.70138888888889,
        96.90972222222223,
        96.94444444444444,
        97.82986111111111,
        98.21180555555556
      ]
    },
    "test": {
      "average_loss": [
        0.17006547823548318,
        0.13232499783237775,
        0.11145761956771215,
        0.1017357570429643,
        0.09650374054908753,
        0.09610513399044672,
        0.09872915968298912,
        0.10779337560137113,
        0.08020924826463063,
        0.06873762036363283
      ],
      "average_accuracy": [
        94.02777777777777,
        94.86111111111111,
        95.34722222222223,
        95.76388888888889,
        95.97222222222223,
        96.04166666666667,
        96.31944444444444,
        96.25,
        97.43055555555556,
        97.84722222222223
      ]
    },
    "average_loss_intra_epoch": [
      0.05718536850803628
    ],
    "average_accuracy_intra_epoch": [
      98.21180555555556
    ],
    "runtime": 9.757764339447021
  }
}