{
  "hyperparameters": {
    "architecture": "classification",
    "batch_size": 100,
    "clipping_threshold": 0.0,
    "dataset_name": "pittsburg-bridges-REL-L_classification",
    "epochs": 10,
    "initialization_scale": "\\sqrt{\frac{6}{n+m}}",
    "inner_ISGD_iterations": 0,
    "intra_epoch": false,
    "lr": 0.1,
    "momentum": 0.0,
    "mu": 0.0,
    "nodes": 50,
    "seed": 1,
    "sgdtype": "implicit",
    "data_type": "classification"
  },
  "results": {
    "train": {
      "average_loss": [
        1.168077826499939,
        1.1488776206970215,
        1.1321525573730469,
        1.117530107498169,
        1.1047048568725586,
        1.0934231281280518,
        1.0834746360778809,
        1.0746809244155884,
        1.0668917894363403,
        1.0599790811538696
      ],
      "average_accuracy": [
        14.634146341463415,
        14.634146341463415,
        14.634146341463415,
        14.634146341463415,
        42.68292682926829,
        48.78048780487805,
        48.78048780487805,
        48.78048780487805,
        48.78048780487805,
        48.78048780487805
      ]
    },
    "test": {
      "average_loss": [
        1.1599762439727783,
        1.1381980180740356,
        1.1190600395202637,
        1.1021788120269775,
        1.0872390270233154,
        1.0739786624908447,
        1.062178611755371,
        1.0516536235809326,
        1.0422464609146118,
        1.0338236093521118
      ],
      "average_accuracy": [
        14.285714285714286,
        14.285714285714286,
        14.285714285714286,
        14.285714285714286,
        47.61904761904762,
        61.904761904761905,
        61.904761904761905,
        61.904761904761905,
        61.904761904761905,
        61.904761904761905
      ]
    },
    "average_loss_intra_epoch": [
      1.0599790811538696
    ],
    "average_accuracy_intra_epoch": [
      48.78048780487805
    ],
    "runtime": 3.9840736389160156
  }
}