{
  "hyperparameters": {
    "architecture": "classification",
    "batch_size": 100,
    "clipping_threshold": 0.0,
    "dataset_name": "optical_classification",
    "epochs": 10,
    "initialization_scale": "\\sqrt{\frac{6}{n+m}}",
    "inner_ISGD_iterations": 0,
    "intra_epoch": false,
    "lr": 1.0,
    "momentum": 0.0,
    "mu": 0.0,
    "nodes": 50,
    "seed": 1,
    "sgdtype": "explicit",
    "data_type": "classification"
  },
  "results": {
    "train": {
      "average_loss": [
        0.19223923914962346,
        0.10044272736542754,
        0.07926403221984704,
        0.05676521827570266,
        0.043682541098031734,
        0.03289880464888281,
        0.02596352412365377,
        0.01677070967853069,
        0.013430013378254241,
        0.010780906400436328
      ],
      "average_accuracy": [
        94.15035587188612,
        97.08629893238434,
        97.57562277580071,
        98.08718861209964,
        98.6432384341637,
        99.04359430604983,
        99.17704626334519,
        99.44395017793595,
        99.55516014234875,
        99.62188612099644
      ]
    },
    "test": {
      "average_loss": [
        0.22733297385275364,
        0.1532027069479227,
        0.143370914272964,
        0.1231101369485259,
        0.11225157665709655,
        0.1071886516486605,
        0.10384048769871394,
        0.09009805251844227,
        0.08913157251663506,
        0.09120749825766931
      ],
      "average_accuracy": [
        93.68327402135232,
        95.55160142348754,
        95.8185053380783,
        96.08540925266904,
        96.44128113879003,
        96.88612099644128,
        96.97508896797153,
        97.33096085409252,
        97.24199288256227,
        97.33096085409252
      ]
    },
    "average_loss_intra_epoch": [
      0.010780906400436328
    ],
    "average_accuracy_intra_epoch": [
      99.62188612099644
    ],
    "runtime": 10.546998023986816
  }
}