{
  "hyperparameters": {
    "architecture": "classification",
    "batch_size": 100,
    "clipping_threshold": 0.0,
    "dataset_name": "oocytes-trisopterus-nucleus-2f_classification",
    "epochs": 10,
    "initialization_scale": "\\sqrt{\frac{6}{n+m}}",
    "inner_ISGD_iterations": 0,
    "intra_epoch": false,
    "lr": 0.01,
    "momentum": 0.0,
    "mu": 0.0,
    "nodes": 50,
    "seed": 1,
    "sgdtype": "implicit",
    "data_type": "classification"
  },
  "results": {
    "train": {
      "average_loss": [
        0.6877398788928986,
        0.6859915629029274,
        0.6844388097524643,
        0.6830575689673424,
        0.6818269267678261,
        0.6807282865047455,
        0.6797455102205276,
        0.6788643524050713,
        0.6780722662806511,
        0.6773582920432091
      ],
      "average_accuracy": [
        57.47599451303155,
        57.8875171467764,
        57.8875171467764,
        57.8875171467764,
        57.8875171467764,
        57.8875171467764,
        57.8875171467764,
        57.8875171467764,
        57.8875171467764,
        57.8875171467764
      ]
    },
    "test": {
      "average_loss": [
        0.687242329120636,
        0.6857926547527313,
        0.6845192015171051,
        0.6833996176719666,
        0.682413786649704,
        0.6815440356731415,
        0.6807756423950195,
        0.6800951659679413,
        0.6794906258583069,
        0.6789518296718597
      ],
      "average_accuracy": [
        57.377049180327866,
        57.377049180327866,
        57.377049180327866,
        57.377049180327866,
        57.377049180327866,
        57.377049180327866,
        57.377049180327866,
        57.377049180327866,
        57.377049180327866,
        57.377049180327866
      ]
    },
    "average_loss_intra_epoch": [
      0.6773582920432091
    ],
    "average_accuracy_intra_epoch": [
      57.8875171467764
    ],
    "runtime": 30.069902181625366
  }
}