{
  "hyperparameters": {
    "architecture": "classification",
    "batch_size": 100,
    "clipping_threshold": 0.0,
    "dataset_name": "pima_classification",
    "epochs": 10,
    "initialization_scale": "\\sqrt{\frac{6}{n+m}}",
    "inner_ISGD_iterations": 0,
    "intra_epoch": false,
    "lr": 3.0,
    "momentum": 0.0,
    "mu": 0.0,
    "nodes": 50,
    "seed": 1,
    "sgdtype": "explicit",
    "data_type": "classification"
  },
  "results": {
    "train": {
      "average_loss": [
        0.803487207208361,
        0.7540032948766436,
        0.7568878361157009,
        0.7753839918545314,
        0.6559725488935199,
        0.6414956109864371,
        0.6203428293977465,
        0.646090064729963,
        0.545326692717416,
        0.5268726561750684
      ],
      "average_accuracy": [
        34.69055374592834,
        34.69055374592834,
        34.69055374592834,
        34.69055374592834,
        65.30944625407166,
        70.19543973941369,
        71.49837133550488,
        65.30944625407166,
        73.7785016286645,
        73.7785016286645
      ]
    },
    "test": {
      "average_loss": [
        0.8087144196033478,
        0.7572942674160004,
        0.7600577771663666,
        0.7740731835365295,
        0.6446649730205536,
        0.593205451965332,
        0.5544547438621521,
        0.627534806728363,
        0.5308009088039398,
        0.5124218761920929
      ],
      "average_accuracy": [
        35.714285714285715,
        35.714285714285715,
        35.714285714285715,
        35.714285714285715,
        64.28571428571429,
        74.67532467532467,
        75.97402597402598,
        64.28571428571429,
        76.62337662337663,
        76.62337662337663
      ]
    },
    "average_loss_intra_epoch": [
      0.5268726561750684
    ],
    "average_accuracy_intra_epoch": [
      73.7785016286645
    ],
    "runtime": 4.21359395980835
  }
}