{
  "hyperparameters": {
    "architecture": "classification",
    "batch_size": 100,
    "clipping_threshold": 0.0,
    "dataset_name": "monks-2_classification",
    "epochs": 10,
    "initialization_scale": "\\sqrt{\frac{6}{n+m}}",
    "inner_ISGD_iterations": 0,
    "intra_epoch": false,
    "lr": 0.5,
    "momentum": 0.0,
    "mu": 0.0,
    "nodes": 50,
    "seed": 1,
    "sgdtype": "explicit",
    "data_type": "classification"
  },
  "results": {
    "train": {
      "average_loss": [
        0.6501158714294434,
        0.6499855399131775,
        0.6499922871589661,
        0.6499806642532349,
        0.6499671220779419,
        0.6499539613723755,
        0.6499411344528199,
        0.6499284029006958,
        0.6499159216880799,
        0.6499033212661743
      ],
      "average_accuracy": [
        64.58333333333333,
        64.58333333333333,
        64.58333333333333,
        64.58333333333333,
        64.58333333333333,
        64.58333333333333,
        64.58333333333333,
        64.58333333333333,
        64.58333333333333,
        64.58333333333333
      ]
    },
    "test": {
      "average_loss": [
        0.5829905271530151,
        0.5769611299037933,
        0.5763388872146606,
        0.5762649178504944,
        0.5762495696544647,
        0.5762397646903992,
        0.5762297213077545,
        0.5762187540531158,
        0.5762064754962921,
        0.57619309425354
      ],
      "average_accuracy": [
        70.24793388429752,
        70.24793388429752,
        70.24793388429752,
        70.24793388429752,
        70.24793388429752,
        70.24793388429752,
        70.24793388429752,
        70.24793388429752,
        70.24793388429752,
        70.24793388429752
      ]
    },
    "average_loss_intra_epoch": [
      0.6499033212661743
    ],
    "average_accuracy_intra_epoch": [
      64.58333333333333
    ],
    "runtime": 0.9662790298461914
  }
}