{
  "hyperparameters": {
    "architecture": "classification",
    "batch_size": 100,
    "clipping_threshold": 0.0,
    "dataset_name": "nursery_classification",
    "epochs": 10,
    "initialization_scale": "\\sqrt{\frac{6}{n+m}}",
    "inner_ISGD_iterations": 0,
    "intra_epoch": false,
    "lr": 0.01,
    "momentum": 0.0,
    "mu": 0.0,
    "nodes": 50,
    "seed": 1,
    "sgdtype": "implicit",
    "data_type": "classification"
  },
  "results": {
    "train": {
      "average_loss": [
        1.4718091166936433,
        1.389558467727441,
        1.3350874277261586,
        1.297818077298311,
        1.2715793229066408,
        1.2525272816419601,
        1.2381903620866628,
        1.2268950171195543,
        1.2173990251926274,
        1.2086249188734934
      ],
      "average_accuracy": [
        31.510416666666668,
        31.510416666666668,
        31.510416666666668,
        31.510416666666668,
        32.995756172839506,
        32.995756172839506,
        32.995756172839506,
        32.995756172839506,
        33.12114197530864,
        40.31635802469136
      ]
    },
    "test": {
      "average_loss": [
        1.474608485515301,
        1.3931575325819163,
        1.3389953099764311,
        1.3017702377759492,
        1.2754633747614348,
        1.2563208387448237,
        1.2419126950777495,
        1.2305750525914705,
        1.2210567960372338,
        1.212261901451991
      ],
      "average_accuracy": [
        29.97685185185185,
        29.97685185185185,
        29.97685185185185,
        29.97685185185185,
        32.60030864197531,
        32.60030864197531,
        32.60030864197531,
        32.60030864197531,
        32.83179012345679,
        40.97222222222222
      ]
    },
    "average_loss_intra_epoch": [
      1.2086249188734934
    ],
    "average_accuracy_intra_epoch": [
      40.31635802469136
    ],
    "runtime": 136.71279454231262
  }
}