{
  "hyperparameters": {
    "architecture": "classification",
    "batch_size": 100,
    "clipping_threshold": 0.0,
    "dataset_name": "acute-inflammation_classification",
    "epochs": 10,
    "initialization_scale": "\\sqrt{\frac{6}{n+m}}",
    "inner_ISGD_iterations": 0,
    "intra_epoch": false,
    "lr": 3.0,
    "momentum": 0.0,
    "mu": 0.0,
    "nodes": 50,
    "seed": 1,
    "sgdtype": "implicit",
    "data_type": "classification"
  },
  "results": {
    "train": {
      "average_loss": [
        0.6921555995941162,
        0.6904916167259216,
        0.6863346099853516,
        0.6720691323280334,
        0.6055707931518555,
        0.3006714880466461,
        0.06131749972701073,
        0.04503876343369484,
        0.3766602575778961,
        0.4549502432346344
      ],
      "average_accuracy": [
        48.958333333333336,
        51.041666666666664,
        48.958333333333336,
        51.041666666666664,
        79.16666666666667,
        91.66666666666667,
        100.0,
        96.875,
        87.5,
        82.29166666666667
      ]
    },
    "test": {
      "average_loss": [
        0.6923500895500183,
        0.6926727890968323,
        0.6881350874900818,
        0.6806457042694092,
        0.6321815848350525,
        0.3574395179748535,
        0.10873746126890182,
        0.0429907888174057,
        1.5152605772018433,
        0.18980281054973602
      ],
      "average_accuracy": [
        50.0,
        50.0,
        50.0,
        50.0,
        54.166666666666664,
        91.66666666666667,
        100.0,
        100.0,
        66.66666666666667,
        91.66666666666667
      ]
    },
    "average_loss_intra_epoch": [
      0.4549502432346344
    ],
    "average_accuracy_intra_epoch": [
      82.29166666666667
    ],
    "runtime": 1.1949479579925537
  }
}