{
  "hyperparameters": {
    "architecture": "classification",
    "batch_size": 100,
    "clipping_threshold": 0.0,
    "dataset_name": "breast-tissue_classification",
    "epochs": 10,
    "initialization_scale": "\\sqrt{\frac{6}{n+m}}",
    "inner_ISGD_iterations": 0,
    "intra_epoch": false,
    "lr": 30.0,
    "momentum": 0.0,
    "mu": 0.0,
    "nodes": 50,
    "seed": 1,
    "sgdtype": "explicit",
    "data_type": "classification"
  },
  "results": {
    "train": {
      "average_loss": [
        2.0017740726470947,
        2.1922414302825928,
        8.856298446655273,
        98.68224334716797,
        64.83784484863281,
        78.06414794921875,
        119.54478454589844,
        46.35673141479492,
        81.78538513183594,
        69.65616607666016
      ],
      "average_accuracy": [
        25.0,
        16.666666666666668,
        27.38095238095238,
        23.80952380952381,
        30.952380952380953,
        10.714285714285714,
        23.80952380952381,
        39.285714285714285,
        23.80952380952381,
        47.61904761904762
      ]
    },
    "test": {
      "average_loss": [
        2.3219544887542725,
        2.5111210346221924,
        6.460338115692139,
        70.64507293701172,
        55.17976379394531,
        86.59048461914062,
        156.83580017089844,
        58.23219299316406,
        91.5764389038086,
        68.06108856201172
      ],
      "average_accuracy": [
        4.545454545454546,
        18.181818181818183,
        36.36363636363637,
        36.36363636363637,
        22.727272727272727,
        13.636363636363637,
        4.545454545454546,
        40.90909090909091,
        18.181818181818183,
        40.90909090909091
      ]
    },
    "average_loss_intra_epoch": [
      69.65616607666016
    ],
    "average_accuracy_intra_epoch": [
      47.61904761904762
    ],
    "runtime": 3.4718239307403564
  }
}