{
  "hyperparameters": {
    "architecture": "classification",
    "batch_size": 100,
    "clipping_threshold": 0.0,
    "dataset_name": "statlog-heart_classification",
    "epochs": 10,
    "initialization_scale": "\\sqrt{\frac{6}{n+m}}",
    "inner_ISGD_iterations": 0,
    "intra_epoch": false,
    "lr": 3.0,
    "momentum": 0.0,
    "mu": 0.0,
    "nodes": 50,
    "seed": 1,
    "sgdtype": "implicit",
    "data_type": "classification"
  },
  "results": {
    "train": {
      "average_loss": [
        0.9088319738705953,
        0.7210729718208313,
        1.0560599565505981,
        0.6753761967023214,
        0.7202148834864298,
        15.115989685058594,
        1.7753944794336955,
        6.683401743570964,
        1.1639830072720845,
        15.30335807800293
      ],
      "average_accuracy": [
        44.907407407407405,
        44.907407407407405,
        44.907407407407405,
        55.55555555555556,
        74.07407407407408,
        19.444444444444443,
        20.37037037037037,
        17.59259259259259,
        82.4074074074074,
        79.62962962962963
      ]
    },
    "test": {
      "average_loss": [
        1.0317949056625366,
        0.7731830477714539,
        1.2035200595855713,
        0.649694561958313,
        0.8624044060707092,
        13.780104637145996,
        1.957911491394043,
        6.430141925811768,
        1.4678618907928467,
        10.122124671936035
      ],
      "average_accuracy": [
        42.592592592592595,
        42.592592592592595,
        42.592592592592595,
        57.407407407407405,
        75.92592592592592,
        27.77777777777778,
        22.22222222222222,
        20.37037037037037,
        81.48148148148148,
        87.03703703703704
      ]
    },
    "average_loss_intra_epoch": [
      15.30335807800293
    ],
    "average_accuracy_intra_epoch": [
      79.62962962962963
    ],
    "runtime": 7.997701406478882
  }
}