{
  "hyperparameters": {
    "architecture": "classification",
    "batch_size": 100,
    "clipping_threshold": 0.0,
    "dataset_name": "audiology-std_classification",
    "epochs": 10,
    "initialization_scale": "\\sqrt{\frac{6}{n+m}}",
    "inner_ISGD_iterations": 0,
    "intra_epoch": false,
    "lr": 5.0,
    "momentum": 0.0,
    "mu": 0.0,
    "nodes": 50,
    "seed": 1,
    "sgdtype": "explicit",
    "data_type": "classification"
  },
  "results": {
    "train": {
      "average_loss": [
        1.9065686464309692,
        5.658370733261108,
        51.32804870605469,
        89.3968620300293,
        33.36945819854736,
        127.80752182006836,
        71.35758209228516,
        64.13992309570312,
        31.06188678741455,
        27.097169876098633
      ],
      "average_accuracy": [
        29.487179487179485,
        16.025641025641026,
        19.23076923076923,
        28.205128205128204,
        29.487179487179485,
        19.871794871794872,
        19.23076923076923,
        16.025641025641026,
        30.128205128205128,
        36.53846153846154
      ]
    },
    "test": {
      "average_loss": [
        1.9708064794540405,
        5.155498504638672,
        54.467567443847656,
        71.11036682128906,
        37.730064392089844,
        128.8800506591797,
        86.83247375488281,
        75.72968292236328,
        33.41077423095703,
        33.25444030761719
      ],
      "average_accuracy": [
        32.5,
        25.0,
        17.5,
        35.0,
        32.5,
        20.0,
        20.0,
        12.5,
        30.0,
        45.0
      ]
    },
    "average_loss_intra_epoch": [
      27.097169876098633
    ],
    "average_accuracy_intra_epoch": [
      36.53846153846154
    ],
    "runtime": 3.929661750793457
  }
}