{
  "hyperparameters": {
    "architecture": "classification",
    "batch_size": 100,
    "clipping_threshold": 0.0,
    "dataset_name": "flags_classification",
    "epochs": 10,
    "initialization_scale": "\\sqrt{\frac{6}{n+m}}",
    "inner_ISGD_iterations": 0,
    "intra_epoch": false,
    "lr": 1.0,
    "momentum": 0.0,
    "mu": 0.0,
    "nodes": 50,
    "seed": 1,
    "sgdtype": "implicit",
    "data_type": "classification"
  },
  "results": {
    "train": {
      "average_loss": [
        1.9170360565185547,
        1.834103763103485,
        1.7881209254264832,
        1.742785930633545,
        1.6643890142440796,
        1.5529680848121643,
        1.4925951957702637,
        1.4612677097320557,
        1.4340300559997559,
        1.4027066826820374
      ],
      "average_accuracy": [
        30.322580645161292,
        30.322580645161292,
        30.322580645161292,
        30.322580645161292,
        30.322580645161292,
        40.0,
        45.806451612903224,
        33.54838709677419,
        34.83870967741935,
        36.12903225806452
      ]
    },
    "test": {
      "average_loss": [
        1.8933724164962769,
        1.7977306842803955,
        1.749361276626587,
        1.7065247297286987,
        1.6310539245605469,
        1.5275884866714478,
        1.4896113872528076,
        1.4711138010025024,
        1.4523696899414062,
        1.4304254055023193
      ],
      "average_accuracy": [
        33.333333333333336,
        33.333333333333336,
        33.333333333333336,
        33.333333333333336,
        35.8974358974359,
        58.97435897435897,
        48.717948717948715,
        38.46153846153846,
        38.46153846153846,
        38.46153846153846
      ]
    },
    "average_loss_intra_epoch": [
      1.4027066826820374
    ],
    "average_accuracy_intra_epoch": [
      36.12903225806452
    ],
    "runtime": 8.830172538757324
  }
}