{
  "hyperparameters": {
    "architecture": "classification",
    "batch_size": 100,
    "clipping_threshold": 0.0,
    "dataset_name": "oocytes-trisopterus-states-5b_classification",
    "epochs": 10,
    "initialization_scale": "\\sqrt{\frac{6}{n+m}}",
    "inner_ISGD_iterations": 0,
    "intra_epoch": false,
    "lr": 30.0,
    "momentum": 0.0,
    "mu": 0.0,
    "nodes": 50,
    "seed": 1,
    "sgdtype": "explicit",
    "data_type": "classification"
  },
  "results": {
    "train": {
      "average_loss": [
        355.1605987548828,
        272.8091678619385,
        93.2631983757019,
        53.50853490829468,
        67.61448287963867,
        172.56312370300293,
        97.4999794960022,
        59.78936243057251,
        256.96070671081543,
        42.36689627170563
      ],
      "average_accuracy": [
        74.89711934156378,
        72.8395061728395,
        74.62277091906722,
        54.59533607681756,
        75.99451303155007,
        76.40603566529492,
        75.7201646090535,
        65.56927297668038,
        76.54320987654322,
        70.50754458161866
      ]
    },
    "test": {
      "average_loss": [
        462.86431884765625,
        383.07301330566406,
        142.9262809753418,
        55.37944221496582,
        93.42630767822266,
        265.2825927734375,
        148.13019180297852,
        79.1303825378418,
        371.0581817626953,
        56.10356903076172
      ],
      "average_accuracy": [
        68.85245901639344,
        67.75956284153006,
        71.03825136612022,
        54.09836065573771,
        68.85245901639344,
        67.75956284153006,
        68.85245901639344,
        59.56284153005465,
        68.85245901639344,
        65.57377049180327
      ]
    },
    "average_loss_intra_epoch": [
      42.36689627170563
    ],
    "average_accuracy_intra_epoch": [
      70.50754458161866
    ],
    "runtime": 4.196800470352173
  }
}