{
  "hyperparameters": {
    "architecture": "classification",
    "batch_size": 100,
    "clipping_threshold": 0.0,
    "dataset_name": "fertility_classification",
    "epochs": 10,
    "initialization_scale": "\\sqrt{\frac{6}{n+m}}",
    "inner_ISGD_iterations": 0,
    "intra_epoch": false,
    "lr": 50.0,
    "momentum": 0.0,
    "mu": 0.0,
    "nodes": 50,
    "seed": 1,
    "sgdtype": "implicit",
    "data_type": "classification"
  },
  "results": {
    "train": {
      "average_loss": [
        5.8633527755737305,
        0.8634468913078308,
        18.722774505615234,
        112.31500244140625,
        386.78045654296875,
        32.93352508544922,
        179.15174865722656,
        184.303466796875,
        272.2681884765625,
        17.91629409790039
      ],
      "average_accuracy": [
        88.75,
        88.75,
        88.75,
        11.25,
        61.25,
        86.25,
        67.5,
        37.5,
        63.75,
        88.75
      ]
    },
    "test": {
      "average_loss": [
        7.816623687744141,
        1.2801668643951416,
        24.950176239013672,
        107.58876037597656,
        391.4891052246094,
        35.59449005126953,
        345.81732177734375,
        95.5594711303711,
        455.56561279296875,
        51.521751403808594
      ],
      "average_accuracy": [
        85.0,
        85.0,
        85.0,
        15.0,
        65.0,
        85.0,
        45.0,
        65.0,
        45.0,
        85.0
      ]
    },
    "average_loss_intra_epoch": [
      17.91629409790039
    ],
    "average_accuracy_intra_epoch": [
      88.75
    ],
    "runtime": 4.240282773971558
  }
}