{
  "hyperparameters": {
    "architecture": "music",
    "batch_size": 100,
    "clipping_threshold": 0.1,
    "dataset_name": "JSB Chorales",
    "epochs": 5,
    "initialization_scale": "\\sqrt{\frac{6}{n+m}}",
    "inner_ISGD_iterations": 0,
    "intra_epoch": false,
    "lr": 2.0,
    "momentum": 0.0,
    "mu": 0.0,
    "nodes": 300,
    "seed": 4,
    "sgdtype": "explicit",
    "data_type": "sequential_many"
  },
  "results": {
    "train": {
      "average_loss": [
        0.003024131678325413,
        0.002516119024618712,
        0.002276397818815386,
        0.0021211857539926975,
        0.0020063004759445333
      ],
      "average_accuracy": [
        0,
        0,
        0,
        0,
        0
      ]
    },
    "test": {
      "average_loss": [
        0.0029568538075772587,
        0.002452715172269079,
        0.0022176837740623236,
        0.0020668619590533243,
        0.0019559166915775216
      ],
      "average_accuracy": [
        0,
        0,
        0,
        0,
        0
      ]
    },
    "average_loss_intra_epoch": [
      0.0020063004759445333
    ],
    "average_accuracy_intra_epoch": [
      0
    ],
    "runtime": 110.25352573394775
  }
}