{
  "hyperparameters": {
    "architecture": "classification",
    "batch_size": 100,
    "clipping_threshold": 0.0,
    "dataset_name": "miniboone_classification",
    "epochs": 10,
    "initialization_scale": "\\sqrt{\frac{6}{n+m}}",
    "inner_ISGD_iterations": 0,
    "intra_epoch": false,
    "lr": 0.1,
    "momentum": 0.0,
    "mu": 0.0,
    "nodes": 50,
    "seed": 1,
    "sgdtype": "implicit",
    "data_type": "classification"
  },
  "results": {
    "train": {
      "average_loss": [
        0.3114790113984565,
        0.2691346240461617,
        0.25854953864408614,
        0.2496086748014495,
        0.2424637774984271,
        0.23722046303789165,
        0.2326952433437252,
        0.2289709083013072,
        0.2260096919983196,
        0.22357537320436593
      ],
      "average_accuracy": [
        86.52776042517611,
        88.65267993580072,
        88.98424810910035,
        89.34368723030053,
        89.7031263515007,
        89.93954887507088,
        90.09428068927737,
        90.24420716763895,
        90.40374431769037,
        90.51138384061662
      ]
    },
    "test": {
      "average_loss": [
        0.3152669396436991,
        0.2701293015388693,
        0.25975757449066045,
        0.25143785543482877,
        0.24454751114050546,
        0.23944974405212877,
        0.23508419227782795,
        0.23141359669152806,
        0.2283949671006294,
        0.22584152786896147
      ],
      "average_accuracy": [
        86.5605658709107,
        88.7018029446815,
        88.99012032445316,
        89.42451850997578,
        89.68977049936571,
        90.02421865990082,
        90.14723407527006,
        90.29331488102103,
        90.46246107715373,
        90.62391880982585
      ]
    },
    "average_loss_intra_epoch": [
      0.22357537320436593
    ],
    "average_accuracy_intra_epoch": [
      90.51138384061662
    ],
    "runtime": 7111.4797739982605
  }
}