{
  "hyperparameters": {
    "architecture": "classification",
    "batch_size": 100,
    "clipping_threshold": 0.0,
    "dataset_name": "conn-bench-sonar-mines-rocks_classification",
    "epochs": 10,
    "initialization_scale": "\\sqrt{\frac{6}{n+m}}",
    "inner_ISGD_iterations": 0,
    "intra_epoch": false,
    "lr": 5.0,
    "momentum": 0.0,
    "mu": 0.0,
    "nodes": 50,
    "seed": 1,
    "sgdtype": "implicit",
    "data_type": "classification"
  },
  "results": {
    "train": {
      "average_loss": [
        1.4332647919654846,
        34.26473140716553,
        161.99124908447266,
        12.542737007141113,
        70.46794509887695,
        145.61107635498047,
        106.89148330688477,
        113.19220733642578,
        19.875006675720215,
        51.401254653930664
      ],
      "average_accuracy": [
        66.86746987951807,
        73.49397590361446,
        40.963855421686745,
        65.06024096385542,
        65.66265060240964,
        59.036144578313255,
        65.66265060240964,
        66.26506024096386,
        68.07228915662651,
        69.27710843373494
      ]
    },
    "test": {
      "average_loss": [
        1.637036681175232,
        46.44856262207031,
        149.8851776123047,
        16.475393295288086,
        79.56349182128906,
        102.611083984375,
        77.49980163574219,
        88.01565551757812,
        16.72386932373047,
        38.71772766113281
      ],
      "average_accuracy": [
        61.904761904761905,
        64.28571428571429,
        42.857142857142854,
        54.76190476190476,
        66.66666666666667,
        73.80952380952381,
        76.19047619047619,
        73.80952380952381,
        73.80952380952381,
        78.57142857142857
      ]
    },
    "average_loss_intra_epoch": [
      51.401254653930664
    ],
    "average_accuracy_intra_epoch": [
      69.27710843373494
    ],
    "runtime": 5.838403701782227
  }
}