{
  "hyperparameters": {
    "architecture": "classification",
    "batch_size": 100,
    "clipping_threshold": 0.0,
    "dataset_name": "post-operative_classification",
    "epochs": 10,
    "initialization_scale": "\\sqrt{\frac{6}{n+m}}",
    "inner_ISGD_iterations": 0,
    "intra_epoch": false,
    "lr": 10.0,
    "momentum": 0.0,
    "mu": 0.0,
    "nodes": 50,
    "seed": 1,
    "sgdtype": "implicit",
    "data_type": "classification"
  },
  "results": {
    "train": {
      "average_loss": [
        1.877543330192566,
        7.247923851013184,
        4.4668684005737305,
        85.7357177734375,
        1.951723575592041,
        78.25928497314453,
        42.816734313964844,
        16.674131393432617,
        43.105674743652344,
        50.13456726074219
      ],
      "average_accuracy": [
        69.44444444444444,
        29.166666666666668,
        69.44444444444444,
        29.166666666666668,
        69.44444444444444,
        29.166666666666668,
        69.44444444444444,
        69.44444444444444,
        29.166666666666668,
        69.44444444444444
      ]
    },
    "test": {
      "average_loss": [
        1.4748421907424927,
        8.47494888305664,
        3.100497245788574,
        98.66397857666016,
        1.9287109375,
        90.1199722290039,
        28.02757453918457,
        10.92789363861084,
        49.406028747558594,
        32.36370849609375
      ],
      "average_accuracy": [
        77.77777777777777,
        16.666666666666668,
        77.77777777777777,
        16.666666666666668,
        77.77777777777777,
        16.666666666666668,
        77.77777777777777,
        77.77777777777777,
        16.666666666666668,
        77.77777777777777
      ]
    },
    "average_loss_intra_epoch": [
      50.13456726074219
    ],
    "average_accuracy_intra_epoch": [
      69.44444444444444
    ],
    "runtime": 4.050991535186768
  }
}