{
  "hyperparameters": {
    "architecture": "classification",
    "batch_size": 100,
    "clipping_threshold": 0.0,
    "dataset_name": "car_classification",
    "epochs": 10,
    "initialization_scale": "\\sqrt{\frac{6}{n+m}}",
    "inner_ISGD_iterations": 0,
    "intra_epoch": false,
    "lr": 10.0,
    "momentum": 0.0,
    "mu": 0.0,
    "nodes": 50,
    "seed": 1,
    "sgdtype": "explicit",
    "data_type": "classification"
  },
  "results": {
    "train": {
      "average_loss": [
        10.129253693989344,
        8.992476224899292,
        3.7945221832820346,
        13.989361354282924,
        7.875436748777117,
        2.594616949558258,
        5.643841879708426,
        10.746024370193481,
        3.685735855783735,
        4.55406379699707
      ],
      "average_accuracy": [
        58.75542691751085,
        62.22865412445731,
        62.37337192474674,
        61.505065123010134,
        72.06946454413892,
        71.27351664254704,
        61.21562952243126,
        70.62228654124458,
        68.7409551374819,
        66.57018813314038
      ]
    },
    "test": {
      "average_loss": [
        9.795715093612671,
        9.969845056533813,
        3.362717390060425,
        14.800738334655762,
        7.635929465293884,
        2.3909846544265747,
        5.255836844444275,
        11.030455589294434,
        3.2658275961875916,
        3.605972945690155
      ],
      "average_accuracy": [
        57.80346820809248,
        57.80346820809248,
        64.73988439306359,
        58.38150289017341,
        71.67630057803468,
        72.25433526011561,
        62.138728323699425,
        69.36416184971098,
        75.14450867052022,
        72.54335260115607
      ]
    },
    "average_loss_intra_epoch": [
      4.55406379699707
    ],
    "average_accuracy_intra_epoch": [
      66.57018813314038
    ],
    "runtime": 4.7986578941345215
  }
}