{
  "hyperparameters": {
    "architecture": "classification",
    "batch_size": 100,
    "clipping_threshold": 0.0,
    "dataset_name": "musk-2_classification",
    "epochs": 10,
    "initialization_scale": "\\sqrt{\frac{6}{n+m}}",
    "inner_ISGD_iterations": 0,
    "intra_epoch": false,
    "lr": 50.0,
    "momentum": 0.0,
    "mu": 0.0,
    "nodes": 50,
    "seed": 1,
    "sgdtype": "explicit",
    "data_type": "classification"
  },
  "results": {
    "train": {
      "average_loss": [
        224.20029291116967,
        1240.2558582233933,
        2007.1533848024765,
        254.69356320938974,
        803.5634719560732,
        397.5311929954673,
        420.98480454930717,
        365.1610749442622,
        538.9846331038565,
        288.5798740027086
      ],
      "average_accuracy": [
        82.07654414550966,
        58.222811671087534,
        54.16824554755589,
        83.74384236453201,
        82.03865100416824,
        83.78173550587344,
        83.97120121258052,
        80.99658961727927,
        77.20727548313755,
        72.62220538082607
      ]
    },
    "test": {
      "average_loss": [
        183.66557421003068,
        1098.7455095563616,
        1889.1681169782366,
        197.41451154436385,
        691.8580736432757,
        315.8145261492048,
        333.07374899727955,
        312.5297197614397,
        401.0053544725691,
        239.69880022321428
      ],
      "average_accuracy": [
        84.62121212121212,
        59.77272727272727,
        54.92424242424242,
        85.9090909090909,
        85.0,
        86.21212121212122,
        86.28787878787878,
        81.5909090909091,
        78.63636363636364,
        73.25757575757575
      ]
    },
    "average_loss_intra_epoch": [
      288.5798740027086
    ],
    "average_accuracy_intra_epoch": [
      72.62220538082607
    ],
    "runtime": 14.194150686264038
  }
}