{
  "hyperparameters": {
    "architecture": "classification",
    "batch_size": 1,
    "clipping_threshold": 0.0,
    "dataset_name": "classification_abalone",
    "epochs": 10,
    "initialization_scale": "\\sqrt{\frac{6}{n+m}}",
    "inner_ISGD_iterations": 0,
    "intra_epoch": false,
    "lr": 0.01,
    "momentum": 0.0,
    "mu": 0.0,
    "nodes": 50,
    "seed": 1,
    "sgdtype": "explicit",
    "data_type": "classification"
  },
  "results": {
    "train": {
      "average_loss": [
        0.8357565142961363,
        0.7771531695138192,
        0.7735335623850476,
        0.771136221502381,
        0.7685811313990346,
        0.7648652729892473,
        0.7584356063744402,
        0.7459331135973847,
        0.7354035136579522,
        0.72953688002514
      ],
      "average_accuracy": [
        59.503142771625264,
        63.42412451361868,
        63.54384914696199,
        63.63364262196947,
        63.63364262196947,
        63.57378030529782,
        63.9928165219994,
        64.80095779706674,
        65.42951212211912,
        65.8485483388207
      ]
    },
    "test": {
      "average_loss": [
        0.8433960692769888,
        0.7860972722323888,
        0.7815323982869039,
        0.7787716817645508,
        0.7762801800698541,
        0.773078672556679,
        0.7670460978977418,
        0.7558723808328608,
        0.7481666288369794,
        0.7448497591361973
      ],
      "average_accuracy": [
        57.29665071770335,
        61.36363636363637,
        61.483253588516746,
        62.55980861244019,
        62.91866028708134,
        63.516746411483254,
        64.5933014354067,
        63.75598086124402,
        64.95215311004785,
        65.55023923444976
      ]
    },
    "average_loss_intra_epoch": [
      0.72953688002514
    ],
    "average_accuracy_intra_epoch": [
      65.8485483388207
    ],
    "runtime": 239.10678124427795
  }
}