{
  "hyperparameters": {
    "architecture": "classification",
    "batch_size": 100,
    "clipping_threshold": 0.0,
    "dataset_name": "spambase_classification",
    "epochs": 10,
    "initialization_scale": "\\sqrt{\frac{6}{n+m}}",
    "inner_ISGD_iterations": 0,
    "intra_epoch": false,
    "lr": 50.0,
    "momentum": 0.0,
    "mu": 0.0,
    "nodes": 50,
    "seed": 1,
    "sgdtype": "implicit",
    "data_type": "classification"
  },
  "results": {
    "train": {
      "average_loss": [
        451.6064733556799,
        423.7091695424673,
        150.44608038824958,
        134.01465720099372,
        62.3244086922826,
        58.48063610695504,
        55.528168085459114,
        34.39765486846099,
        142.66636039115286,
        161.6563400062355
      ],
      "average_accuracy": [
        82.85326086956522,
        82.85326086956522,
        90.67934782608695,
        89.80978260869566,
        89.10326086956522,
        87.33695652173913,
        92.63586956521739,
        91.9836956521739,
        48.72282608695652,
        88.34239130434783
      ]
    },
    "test": {
      "average_loss": [
        393.68668270111084,
        385.9159393310547,
        160.24449005126954,
        165.4371208190918,
        86.2961498260498,
        73.194535446167,
        57.168857383728025,
        34.39400939941406,
        145.72177734375,
        159.74591941833495
      ],
      "average_accuracy": [
        82.84473398479913,
        82.51900108577632,
        91.42236699239956,
        88.16503800217156,
        86.64495114006515,
        85.77633007600434,
        92.39956568946796,
        92.61672095548317,
        48.42562432138979,
        87.40499457111835
      ]
    },
    "average_loss_intra_epoch": [
      161.6563400062355
    ],
    "average_accuracy_intra_epoch": [
      88.34239130434783
    ],
    "runtime": 268.73361134529114
  }
}