{
  "hyperparameters": {
    "architecture": "classification",
    "batch_size": 100,
    "clipping_threshold": 0.0,
    "dataset_name": "credit-approval_classification",
    "epochs": 10,
    "initialization_scale": "\\sqrt{\frac{6}{n+m}}",
    "inner_ISGD_iterations": 0,
    "intra_epoch": false,
    "lr": 0.01,
    "momentum": 0.0,
    "mu": 0.0,
    "nodes": 50,
    "seed": 1,
    "sgdtype": "implicit",
    "data_type": "classification"
  },
  "results": {
    "train": {
      "average_loss": [
        0.6903989215691885,
        0.6901032229264578,
        0.6898256440957388,
        0.6895646651585897,
        0.6893189946810404,
        0.6890872319539388,
        0.6888682842254639,
        0.68866099913915,
        0.6884645521640778,
        0.6882778207461039
      ],
      "average_accuracy": [
        55.79710144927536,
        55.79710144927536,
        55.79710144927536,
        55.79710144927536,
        55.79710144927536,
        55.79710144927536,
        55.79710144927536,
        55.79710144927536,
        55.79710144927536,
        55.79710144927536
      ]
    },
    "test": {
      "average_loss": [
        0.6913333237171173,
        0.69114550948143,
        0.6909708976745605,
        0.6908082962036133,
        0.6906561851501465,
        0.69051393866539,
        0.6903800964355469,
        0.6902541518211365,
        0.6901350617408752,
        0.6900220215320587
      ],
      "average_accuracy": [
        54.34782608695652,
        54.34782608695652,
        54.34782608695652,
        54.34782608695652,
        54.34782608695652,
        54.34782608695652,
        54.34782608695652,
        54.34782608695652,
        54.34782608695652,
        54.34782608695652
      ]
    },
    "average_loss_intra_epoch": [
      0.6882778207461039
    ],
    "average_accuracy_intra_epoch": [
      55.79710144927536
    ],
    "runtime": 15.512453079223633
  }
}