{
  "hyperparameters": {
    "architecture": "classification",
    "batch_size": 100,
    "clipping_threshold": 0.0,
    "dataset_name": "monks-1_classification",
    "epochs": 10,
    "initialization_scale": "\\sqrt{\frac{6}{n+m}}",
    "inner_ISGD_iterations": 0,
    "intra_epoch": false,
    "lr": 10.0,
    "momentum": 0.0,
    "mu": 0.0,
    "nodes": 50,
    "seed": 1,
    "sgdtype": "implicit",
    "data_type": "classification"
  },
  "results": {
    "train": {
      "average_loss": [
        11.161538124084473,
        10.458730316162109,
        11.655108642578124,
        5.170738983154297,
        13.660696601867675,
        19.489675331115723,
        7.490105247497558,
        5.987945508956909,
        7.775208568572998,
        14.637851524353028
      ],
      "average_accuracy": [
        50.9009009009009,
        48.1981981981982,
        50.67567567567568,
        41.666666666666664,
        49.0990990990991,
        49.0990990990991,
        61.03603603603604,
        61.711711711711715,
        53.153153153153156,
        48.1981981981982
      ]
    },
    "test": {
      "average_loss": [
        10.475581169128418,
        13.695244789123535,
        14.664383888244629,
        4.433166027069092,
        13.114120960235596,
        20.760159492492676,
        7.095840692520142,
        5.104891061782837,
        8.310765981674194,
        19.789794921875
      ],
      "average_accuracy": [
        46.42857142857143,
        53.57142857142857,
        56.25,
        44.642857142857146,
        53.57142857142857,
        53.57142857142857,
        65.17857142857143,
        65.17857142857143,
        60.714285714285715,
        39.285714285714285
      ]
    },
    "average_loss_intra_epoch": [
      14.637851524353028
    ],
    "average_accuracy_intra_epoch": [
      48.1981981981982
    ],
    "runtime": 1.8651089668273926
  }
}