{
  "hyperparameters": {
    "architecture": "classification",
    "batch_size": 100,
    "clipping_threshold": 0.0,
    "dataset_name": "spectf_classification",
    "epochs": 10,
    "initialization_scale": "\\sqrt{\frac{6}{n+m}}",
    "inner_ISGD_iterations": 0,
    "intra_epoch": false,
    "lr": 3.0,
    "momentum": 0.0,
    "mu": 0.0,
    "nodes": 50,
    "seed": 1,
    "sgdtype": "implicit",
    "data_type": "classification"
  },
  "results": {
    "train": {
      "average_loss": [
        0.43557052810986835,
        2.2178871631622314,
        21.10556983947754,
        90.40687561035156,
        8.645450433095297,
        46.48105239868164,
        89.53621927897136,
        13.249493598937988,
        2.7097145716349282,
        80.29042053222656
      ],
      "average_accuracy": [
        78.87323943661971,
        43.1924882629108,
        51.64319248826291,
        55.39906103286385,
        47.417840375586856,
        43.66197183098591,
        56.8075117370892,
        68.54460093896714,
        57.74647887323944,
        46.009389671361504
      ]
    },
    "test": {
      "average_loss": [
        0.41847842931747437,
        2.2691004276275635,
        21.860973358154297,
        108.19122314453125,
        6.500894546508789,
        46.716854095458984,
        85.90780639648438,
        11.600702285766602,
        3.842633008956909,
        105.13153076171875
      ],
      "average_accuracy": [
        81.48148148148148,
        38.888888888888886,
        50.0,
        48.148148148148145,
        48.148148148148145,
        37.03703703703704,
        53.7037037037037,
        66.66666666666667,
        57.407407407407405,
        35.18518518518518
      ]
    },
    "average_loss_intra_epoch": [
      80.29042053222656
    ],
    "average_accuracy_intra_epoch": [
      46.009389671361504
    ],
    "runtime": 15.68191647529602
  }
}