{
  "hyperparameters": {
    "architecture": "classification",
    "batch_size": 1,
    "clipping_threshold": 0.0,
    "dataset_name": "classification_adult",
    "epochs": 10,
    "initialization_scale": "\\sqrt{\frac{6}{n+m}}",
    "inner_ISGD_iterations": 0,
    "intra_epoch": false,
    "lr": 3.0000000000000004e-05,
    "momentum": 0.0,
    "mu": 0.0,
    "nodes": 50,
    "seed": 1,
    "sgdtype": "explicit",
    "data_type": "classification"
  },
  "results": {
    "train": {
      "average_loss": [
        0.5925235203317265,
        0.561171235952141,
        0.552886323565863,
        0.5503140883187264,
        0.5491633252462268,
        0.5483100712345111,
        0.5474142701259772,
        0.5463164520831757,
        0.5448671467551722,
        0.5428531470080747
      ],
      "average_accuracy": [
        76.07555089192026,
        76.07555089192026,
        76.07555089192026,
        76.07555089192026,
        76.07555089192026,
        76.07555089192026,
        76.07555089192026,
        76.07555089192026,
        76.07555089192026,
        76.07555089192026
      ]
    },
    "test": {
      "average_loss": [
        0.5925636018679493,
        0.561269192319649,
        0.5530153868178627,
        0.5504605947539999,
        0.5493201375044238,
        0.5484733855404621,
        0.5475819380369508,
        0.5464871582751607,
        0.5450399477286109,
        0.5430273056542791
      ],
      "average_accuracy": [
        76.05691473026921,
        76.05691473026921,
        76.05691473026921,
        76.05691473026921,
        76.05691473026921,
        76.05691473026921,
        76.05691473026921,
        76.05691473026921,
        76.05691473026921,
        76.05691473026921
      ]
    },
    "average_loss_intra_epoch": [
      0.5428531470080747
    ],
    "average_accuracy_intra_epoch": [
      76.07555089192026
    ],
    "runtime": 1702.2679512500763
  }
}