{
  "hyperparameters": {
    "architecture": "classification",
    "batch_size": 100,
    "clipping_threshold": 0.0,
    "dataset_name": "balloons_classification",
    "epochs": 10,
    "initialization_scale": "\\sqrt{\frac{6}{n+m}}",
    "inner_ISGD_iterations": 0,
    "intra_epoch": false,
    "lr": 0.001,
    "momentum": 0.0,
    "mu": 0.0,
    "nodes": 50,
    "seed": 1,
    "sgdtype": "implicit",
    "data_type": "classification"
  },
  "results": {
    "train": {
      "average_loss": [
        0.6953184604644775,
        0.6952990889549255,
        0.695279598236084,
        0.695260226726532,
        0.6952409148216248,
        0.695221483707428,
        0.6952021718025208,
        0.6951829791069031,
        0.6951635479927063,
        0.6951444149017334
      ],
      "average_accuracy": [
        41.666666666666664,
        41.666666666666664,
        41.666666666666664,
        41.666666666666664,
        41.666666666666664,
        41.666666666666664,
        41.666666666666664,
        41.666666666666664,
        41.666666666666664,
        41.666666666666664
      ]
    },
    "test": {
      "average_loss": [
        0.6934367418289185,
        0.6934354305267334,
        0.6934340000152588,
        0.6934326887130737,
        0.6934314370155334,
        0.6934301257133484,
        0.6934288740158081,
        0.693427562713623,
        0.6934263110160828,
        0.6934250593185425
      ],
      "average_accuracy": [
        50.0,
        50.0,
        50.0,
        50.0,
        50.0,
        50.0,
        50.0,
        50.0,
        50.0,
        50.0
      ]
    },
    "average_loss_intra_epoch": [
      0.6951444149017334
    ],
    "average_accuracy_intra_epoch": [
      41.666666666666664
    ],
    "runtime": 3.0504472255706787
  }
}