{
  "hyperparameters": {
    "architecture": "classification",
    "batch_size": 100,
    "clipping_threshold": 0.0,
    "dataset_name": "ringnorm_classification",
    "epochs": 10,
    "initialization_scale": "\\sqrt{\frac{6}{n+m}}",
    "inner_ISGD_iterations": 0,
    "intra_epoch": false,
    "lr": 30.0,
    "momentum": 0.0,
    "mu": 0.0,
    "nodes": 50,
    "seed": 1,
    "sgdtype": "explicit",
    "data_type": "classification"
  },
  "results": {
    "train": {
      "average_loss": [
        54.04498132069906,
        43.4891614596049,
        30.403940137227377,
        47.528487078348796,
        41.20315591494242,
        54.102818306287126,
        47.29271132151286,
        30.582416280110678,
        54.57339585622152,
        33.76351601282756
      ],
      "average_accuracy": [
        59.54391891891892,
        63.07432432432432,
        52.347972972972975,
        48.5472972972973,
        53.37837837837838,
        61.891891891891895,
        59.814189189189186,
        49.23986486486486,
        50.979729729729726,
        54.358108108108105
      ]
    },
    "test": {
      "average_loss": [
        50.526604970296226,
        43.71259536743164,
        28.71157913208008,
        47.159846496582034,
        40.688851547241214,
        54.74306030273438,
        44.958169301350914,
        30.30321324666341,
        51.77415974934896,
        33.34587364196777
      ],
      "average_accuracy": [
        60.33783783783784,
        63.78378378378378,
        53.17567567567568,
        48.445945945945944,
        52.229729729729726,
        60.608108108108105,
        62.83783783783784,
        51.75675675675676,
        51.41891891891892,
        55.67567567567568
      ]
    },
    "average_loss_intra_epoch": [
      33.76351601282756
    ],
    "average_accuracy_intra_epoch": [
      54.358108108108105
    ],
    "runtime": 10.075743913650513
  }
}