{
  "hyperparameters": {
    "architecture": "classification",
    "batch_size": 100,
    "clipping_threshold": 0.0,
    "dataset_name": "statlog-heart_classification",
    "epochs": 10,
    "initialization_scale": "\\sqrt{\frac{6}{n+m}}",
    "inner_ISGD_iterations": 0,
    "intra_epoch": false,
    "lr": 1.0,
    "momentum": 0.0,
    "mu": 0.0,
    "nodes": 50,
    "seed": 1,
    "sgdtype": "implicit",
    "data_type": "classification"
  },
  "results": {
    "train": {
      "average_loss": [
        0.6966093381245931,
        0.6877148946126302,
        0.6535112063090006,
        0.4846677879492442,
        0.3984774549802144,
        0.33670790990193683,
        0.3401007403930028,
        0.3408674697081248,
        0.3370947415630023,
        0.333005428314209
      ],
      "average_accuracy": [
        44.907407407407405,
        44.907407407407405,
        44.907407407407405,
        76.85185185185185,
        79.62962962962963,
        82.4074074074074,
        81.01851851851852,
        81.48148148148148,
        83.33333333333333,
        84.72222222222223
      ]
    },
    "test": {
      "average_loss": [
        0.7266551852226257,
        0.7178282141685486,
        0.686116635799408,
        0.532728374004364,
        0.4856143295764923,
        0.4118154048919678,
        0.42086729407310486,
        0.4237965941429138,
        0.4238440692424774,
        0.42383232712745667
      ],
      "average_accuracy": [
        42.592592592592595,
        42.592592592592595,
        42.592592592592595,
        74.07407407407408,
        79.62962962962963,
        81.48148148148148,
        79.62962962962963,
        81.48148148148148,
        81.48148148148148,
        81.48148148148148
      ]
    },
    "average_loss_intra_epoch": [
      0.333005428314209
    ],
    "average_accuracy_intra_epoch": [
      84.72222222222223
    ],
    "runtime": 8.061800241470337
  }
}