{
  "hyperparameters": {
    "architecture": "classification",
    "batch_size": 100,
    "clipping_threshold": 0.0,
    "dataset_name": "contrac_classification",
    "epochs": 10,
    "initialization_scale": "\\sqrt{\frac{6}{n+m}}",
    "inner_ISGD_iterations": 0,
    "intra_epoch": false,
    "lr": 5.0,
    "momentum": 0.0,
    "mu": 0.0,
    "nodes": 50,
    "seed": 1,
    "sgdtype": "implicit",
    "data_type": "classification"
  },
  "results": {
    "train": {
      "average_loss": [
        4.293977200984955,
        21.60623836517334,
        13.775172233581543,
        15.034007787704468,
        20.75356690088908,
        7.138232032457988,
        13.05844783782959,
        8.237362662951151,
        10.880928675333658,
        14.077690601348877
      ],
      "average_accuracy": [
        41.76570458404075,
        36.8421052631579,
        26.91001697792869,
        39.38879456706282,
        30.050933786078097,
        39.13412563667232,
        43.54838709677419,
        39.81324278438031,
        33.95585738539898,
        42.444821731748725
      ]
    },
    "test": {
      "average_loss": [
        4.438159465789795,
        21.637887318929035,
        13.47326628367106,
        16.087621688842773,
        20.002360661824543,
        7.740219910939534,
        13.496012687683105,
        8.868744850158691,
        10.32386302947998,
        15.184646288553873
      ],
      "average_accuracy": [
        42.3728813559322,
        36.610169491525426,
        29.152542372881356,
        37.6271186440678,
        29.491525423728813,
        35.59322033898305,
        40.33898305084746,
        32.20338983050848,
        36.610169491525426,
        41.016949152542374
      ]
    },
    "average_loss_intra_epoch": [
      14.077690601348877
    ],
    "average_accuracy_intra_epoch": [
      42.444821731748725
    ],
    "runtime": 19.81924605369568
  }
}