{
  "hyperparameters": {
    "architecture": "classification",
    "batch_size": 100,
    "clipping_threshold": 0.0,
    "dataset_name": "yeast_classification",
    "epochs": 10,
    "initialization_scale": "\\sqrt{\frac{6}{n+m}}",
    "inner_ISGD_iterations": 0,
    "intra_epoch": false,
    "lr": 30.0,
    "momentum": 0.0,
    "mu": 0.0,
    "nodes": 50,
    "seed": 1,
    "sgdtype": "explicit",
    "data_type": "classification"
  },
  "results": {
    "train": {
      "average_loss": [
        232.64332962036133,
        215.58649190266928,
        127.71321233113606,
        69.01761118570964,
        43.91338602701823,
        45.89074166615804,
        55.037858645121254,
        31.6188325881958,
        54.905259132385254,
        40.726966857910156
      ],
      "average_accuracy": [
        28.89637742207245,
        10.783487784330244,
        21.22999157540017,
        22.493681550126368,
        26.95871946082561,
        23.08340353833193,
        21.819713563605728,
        27.127211457455772,
        27.96967144060657,
        16.343723673125528
      ]
    },
    "test": {
      "average_loss": [
        224.65553283691406,
        232.04808553059897,
        132.67856089274088,
        74.03556315104167,
        42.112603505452476,
        45.57777786254883,
        60.381591796875,
        32.59251848856608,
        60.51060104370117,
        38.145730336507164
      ],
      "average_accuracy": [
        28.956228956228955,
        11.784511784511784,
        20.53872053872054,
        21.885521885521886,
        29.966329966329965,
        25.589225589225588,
        21.21212121212121,
        28.61952861952862,
        21.885521885521886,
        24.242424242424242
      ]
    },
    "average_loss_intra_epoch": [
      40.726966857910156
    ],
    "average_accuracy_intra_epoch": [
      16.343723673125528
    ],
    "runtime": 4.6018970012664795
  }
}