{
  "hyperparameters": {
    "architecture": "classification",
    "batch_size": 1,
    "clipping_threshold": 0.0,
    "dataset_name": "classification_annealing",
    "epochs": 10,
    "initialization_scale": "\\sqrt{\frac{6}{n+m}}",
    "inner_ISGD_iterations": 0,
    "intra_epoch": false,
    "lr": 5e-05,
    "momentum": 0.0,
    "mu": 0.0,
    "nodes": 50,
    "seed": 1,
    "sgdtype": "explicit",
    "data_type": "classification"
  },
  "results": {
    "train": {
      "average_loss": [
        1.543004343436621,
        1.5216923701397889,
        1.5011900271545877,
        1.4812762471626728,
        1.4618954631943557,
        1.4429800928801215,
        1.4245641060526324,
        1.4066028075297894,
        1.3890804493991777,
        1.3719795892497624
      ],
      "average_accuracy": [
        16.15598885793872,
        25.348189415041784,
        67.13091922005572,
        75.06963788300835,
        75.20891364902506,
        75.4874651810585,
        75.4874651810585,
        75.4874651810585,
        75.6267409470752,
        75.6267409470752
      ]
    },
    "test": {
      "average_loss": [
        1.5377360396915012,
        1.5157051212257808,
        1.4943641053305732,
        1.4735817637708453,
        1.4533174435297649,
        1.4335385839144388,
        1.4142351296212938,
        1.3953911721706391,
        1.3769938654369778,
        1.3590339687135484
      ],
      "average_accuracy": [
        13.88888888888889,
        23.333333333333332,
        63.888888888888886,
        76.66666666666667,
        77.22222222222223,
        78.33333333333333,
        78.33333333333333,
        78.33333333333333,
        78.33333333333333,
        78.33333333333333
      ]
    },
    "average_loss_intra_epoch": [
      1.3719795892497624
    ],
    "average_accuracy_intra_epoch": [
      75.6267409470752
    ],
    "runtime": 35.34773850440979
  }
}