{
  "hyperparameters": {
    "architecture": "classification",
    "batch_size": 100,
    "clipping_threshold": 0.0,
    "dataset_name": "ringnorm_classification",
    "epochs": 10,
    "initialization_scale": "\\sqrt{\frac{6}{n+m}}",
    "inner_ISGD_iterations": 0,
    "intra_epoch": false,
    "lr": 5.0,
    "momentum": 0.0,
    "mu": 0.0,
    "nodes": 50,
    "seed": 1,
    "sgdtype": "implicit",
    "data_type": "classification"
  },
  "results": {
    "train": {
      "average_loss": [
        11.566949089368185,
        17.200607760747275,
        4.428447159131368,
        10.805286852518718,
        34.52766094207764,
        10.25241362253825,
        4.926242939631144,
        17.398130162556967,
        14.528918600082397,
        5.098556653658549
      ],
      "average_accuracy": [
        59.222972972972975,
        46.554054054054056,
        77.04391891891892,
        74.22297297297297,
        74.7804054054054,
        77.01013513513513,
        76.21621621621621,
        78.5641891891892,
        72.46621621621621,
        77.78716216216216
      ]
    },
    "test": {
      "average_loss": [
        11.239349555969238,
        17.26993204752604,
        4.212470738093058,
        11.05441157023112,
        35.5242867787679,
        10.059576161702473,
        5.176040013631185,
        17.719527689615884,
        14.511891682942709,
        4.959578323364258
      ],
      "average_accuracy": [
        60.270270270270274,
        46.21621621621622,
        76.6891891891892,
        74.66216216216216,
        74.5945945945946,
        76.89189189189189,
        76.95945945945945,
        79.1891891891892,
        73.78378378378379,
        78.17567567567568
      ]
    },
    "average_loss_intra_epoch": [
      5.098556653658549
    ],
    "average_accuracy_intra_epoch": [
      77.78716216216216
    ],
    "runtime": 169.60751461982727
  }
}