{
  "hyperparameters": {
    "architecture": "classification",
    "batch_size": 100,
    "clipping_threshold": 0.0,
    "dataset_name": "vertebral-column-2clases_classification",
    "epochs": 10,
    "initialization_scale": "\\sqrt{\frac{6}{n+m}}",
    "inner_ISGD_iterations": 0,
    "intra_epoch": false,
    "lr": 30.0,
    "momentum": 0.0,
    "mu": 0.0,
    "nodes": 50,
    "seed": 1,
    "sgdtype": "explicit",
    "data_type": "classification"
  },
  "results": {
    "train": {
      "average_loss": [
        60.784698486328125,
        11.282754898071289,
        32.759332021077476,
        38.03522491455078,
        27.812280019124348,
        35.14730135599772,
        19.719632466634113,
        72.4224370320638,
        23.651641845703125,
        23.021921157836914
      ],
      "average_accuracy": [
        70.96774193548387,
        67.33870967741936,
        66.53225806451613,
        66.53225806451613,
        31.85483870967742,
        64.91935483870968,
        70.56451612903226,
        29.43548387096774,
        64.91935483870968,
        67.74193548387096
      ]
    },
    "test": {
      "average_loss": [
        54.41487503051758,
        12.965213775634766,
        31.40604591369629,
        34.32582473754883,
        31.321006774902344,
        38.846229553222656,
        19.49814796447754,
        71.57669830322266,
        23.54855728149414,
        21.635080337524414
      ],
      "average_accuracy": [
        72.58064516129032,
        64.51612903225806,
        67.74193548387096,
        69.35483870967742,
        32.25806451612903,
        64.51612903225806,
        67.74193548387096,
        32.25806451612903,
        62.903225806451616,
        67.74193548387096
      ]
    },
    "average_loss_intra_epoch": [
      23.021921157836914
    ],
    "average_accuracy_intra_epoch": [
      67.74193548387096
    ],
    "runtime": 3.941366672515869
  }
}