{
  "hyperparameters": {
    "architecture": "music",
    "batch_size": 100,
    "clipping_threshold": 0.0,
    "dataset_name": "JSB Chorales",
    "epochs": 10,
    "initialization_scale": "\\sqrt{\frac{6}{n+m}}",
    "inner_ISGD_iterations": 0,
    "intra_epoch": false,
    "lr": 10.0,
    "momentum": 0.0,
    "mu": 0.0,
    "nodes": 50,
    "seed": 1,
    "sgdtype": "implicit",
    "data_type": "sequential_many"
  },
  "results": {
    "train": {
      "average_loss": [
        19.669803034270174,
        16.371414753026837,
        29.694468664810646,
        16.35257682841938,
        17.00170772252645,
        15.540539562441896,
        49.79291183771525,
        15.107451366024767,
        17.814245829936198,
        15.222942849954663
      ],
      "average_accuracy": [
        0,
        0,
        0,
        0,
        0,
        0,
        0,
        0,
        0,
        0
      ]
    },
    "test": {
      "average_loss": [
        20.085229749803418,
        16.623072277415883,
        30.15906437960538,
        16.692917836176886,
        16.06335144538384,
        15.781121031030432,
        50.648454022097894,
        14.190059513240666,
        18.271300353013075,
        15.525939829937823
      ],
      "average_accuracy": [
        0,
        0,
        0,
        0,
        0,
        0,
        0,
        0,
        0,
        0
      ]
    },
    "average_loss_intra_epoch": [
      15.222942849954663
    ],
    "average_accuracy_intra_epoch": [
      0
    ],
    "runtime": 726.1541357040405
  }
}