{
  "hyperparameters": {
    "architecture": "classification",
    "batch_size": 100,
    "clipping_threshold": 0.0,
    "dataset_name": "abalone_classification",
    "epochs": 10,
    "initialization_scale": "\\sqrt{\frac{6}{n+m}}",
    "inner_ISGD_iterations": 0,
    "intra_epoch": false,
    "lr": 10.0,
    "momentum": 0.0,
    "mu": 0.0,
    "nodes": 50,
    "seed": 1,
    "sgdtype": "implicit",
    "data_type": "classification"
  },
  "results": {
    "train": {
      "average_loss": [
        123.67212452607997,
        22.57914638519287,
        81.78606998219209,
        62.42329406738281,
        40.39203767215504,
        101.31778559965245,
        96.5064385358025,
        60.71760570301729,
        68.2651507433723,
        22.94698776918299
      ],
      "average_accuracy": [
        33.91200239449267,
        33.91200239449267,
        34.72014366956001,
        31.36785393594732,
        31.36785393594732,
        33.91200239449267,
        31.36785393594732,
        34.72014366956001,
        33.91200239449267,
        33.91200239449267
      ]
    },
    "test": {
      "average_loss": [
        124.41696082221137,
        22.835853576660156,
        83.04091898600261,
        61.41008207533095,
        39.73520957099067,
        102.00738610161676,
        94.93663194444444,
        60.90320248074002,
        69.98830837673611,
        22.984705395168728
      ],
      "average_accuracy": [
        32.77511961722488,
        32.77511961722488,
        34.33014354066986,
        32.89473684210526,
        32.89473684210526,
        32.77511961722488,
        32.89473684210526,
        34.33014354066986,
        32.77511961722488,
        32.77511961722488
      ]
    },
    "average_loss_intra_epoch": [
      22.94698776918299
    ],
    "average_accuracy_intra_epoch": [
      33.91200239449267
    ],
    "runtime": 14.77863621711731
  }
}