{
  "hyperparameters": {
    "architecture": "classification",
    "batch_size": 100,
    "clipping_threshold": 0.0,
    "dataset_name": "statlog-image_classification",
    "epochs": 10,
    "initialization_scale": "\\sqrt{\frac{6}{n+m}}",
    "inner_ISGD_iterations": 0,
    "intra_epoch": false,
    "lr": 0.1,
    "momentum": 0.0,
    "mu": 0.0,
    "nodes": 50,
    "seed": 1,
    "sgdtype": "implicit",
    "data_type": "classification"
  },
  "results": {
    "train": {
      "average_loss": [
        1.939636556725753,
        1.9251831644459774,
        1.8903004432979382,
        1.770808872423674,
        1.5494034541280646,
        1.4090295528110706,
        1.3161037532906783,
        1.2116349684564691,
        1.0825322552731163,
        0.9752961710879677
      ],
      "average_accuracy": [
        14.448051948051948,
        14.448051948051948,
        32.52164502164502,
        37.878787878787875,
        32.25108225108225,
        34.09090909090909,
        42.74891774891775,
        53.46320346320346,
        57.52164502164502,
        59.46969696969697
      ]
    },
    "test": {
      "average_loss": [
        1.9402770519256591,
        1.925594687461853,
        1.887924313545227,
        1.757641649246216,
        1.520172905921936,
        1.3752785205841065,
        1.2829428911209106,
        1.1782376527786256,
        1.0493272542953491,
        0.9439604997634887
      ],
      "average_accuracy": [
        13.636363636363637,
        13.636363636363637,
        34.41558441558441,
        38.96103896103896,
        35.28138528138528,
        36.58008658008658,
        47.83549783549783,
        58.65800865800866,
        63.41991341991342,
        64.06926406926407
      ]
    },
    "average_loss_intra_epoch": [
      0.9752961710879677
    ],
    "average_accuracy_intra_epoch": [
      59.46969696969697
    ],
    "runtime": 52.16838240623474
  }
}