{
  "hyperparameters": {
    "architecture": "classification",
    "batch_size": 100,
    "clipping_threshold": 0.0,
    "dataset_name": "breast-cancer_classification",
    "epochs": 10,
    "initialization_scale": "\\sqrt{\frac{6}{n+m}}",
    "inner_ISGD_iterations": 0,
    "intra_epoch": false,
    "lr": 3.0,
    "momentum": 0.0,
    "mu": 0.0,
    "nodes": 50,
    "seed": 1,
    "sgdtype": "explicit",
    "data_type": "classification"
  },
  "results": {
    "train": {
      "average_loss": [
        0.6456297636032104,
        0.6563207308451334,
        0.6541156570116679,
        0.6523971358935038,
        0.6480032205581665,
        0.630089541276296,
        0.5952517588933309,
        0.5990070303281149,
        0.6032498677571615,
        0.6116271615028381
      ],
      "average_accuracy": [
        70.6140350877193,
        70.6140350877193,
        70.6140350877193,
        70.6140350877193,
        70.6140350877193,
        71.05263157894737,
        66.66666666666667,
        67.98245614035088,
        66.66666666666667,
        64.03508771929825
      ]
    },
    "test": {
      "average_loss": [
        0.6431569457054138,
        0.6545484662055969,
        0.652212381362915,
        0.6503943800926208,
        0.6458503007888794,
        0.6291826963424683,
        0.6011711359024048,
        0.6040180325508118,
        0.6144983172416687,
        0.6291725635528564
      ],
      "average_accuracy": [
        68.96551724137932,
        68.96551724137932,
        68.96551724137932,
        68.96551724137932,
        68.96551724137932,
        67.24137931034483,
        74.13793103448276,
        72.41379310344827,
        67.24137931034483,
        63.793103448275865
      ]
    },
    "average_loss_intra_epoch": [
      0.6116271615028381
    ],
    "average_accuracy_intra_epoch": [
      64.03508771929825
    ],
    "runtime": 0.8451488018035889
  }
}