{
  "hyperparameters": {
    "architecture": "classification",
    "batch_size": 100,
    "clipping_threshold": 0.0,
    "dataset_name": "mushroom_classification",
    "epochs": 10,
    "initialization_scale": "\\sqrt{\frac{6}{n+m}}",
    "inner_ISGD_iterations": 0,
    "intra_epoch": false,
    "lr": 5.0,
    "momentum": 0.0,
    "mu": 0.0,
    "nodes": 50,
    "seed": 1,
    "sgdtype": "explicit",
    "data_type": "classification"
  },
  "results": {
    "train": {
      "average_loss": [
        1.4370844662189484,
        7.144864399616535,
        1.922893330684075,
        0.28816133508315456,
        0.6624553633423952,
        0.35882397365684693,
        0.30639414986284325,
        0.11689414773808005,
        0.07100884791943826,
        0.05873830711313461
      ],
      "average_accuracy": [
        90.47545776273273,
        90.50623172795815,
        92.84505308509002,
        95.5531620249269,
        95.64548392060317,
        96.76873365133098,
        96.72257270349284,
        97.95353131250961,
        98.81520233882135,
        99.16910293891368
      ]
    },
    "test": {
      "average_loss": [
        1.3008038918761646,
        7.603735026191263,
        1.69202549974708,
        0.35987651479594845,
        0.7820703957010718,
        0.39423274029703703,
        0.28534726798534393,
        0.14619138694423087,
        0.10120188955325456,
        0.09926240503880442
      ],
      "average_accuracy": [
        90.83076923076923,
        89.72307692307692,
        93.41538461538461,
        95.13846153846154,
        95.50769230769231,
        96.36923076923077,
        96.55384615384615,
        97.16923076923077,
        98.58461538461539,
        98.33846153846154
      ]
    },
    "average_loss_intra_epoch": [
      0.05873830711313461
    ],
    "average_accuracy_intra_epoch": [
      99.16910293891368
    ],
    "runtime": 10.12477970123291
  }
}