{
  "hyperparameters": {
    "architecture": "classification",
    "batch_size": 100,
    "clipping_threshold": 0.0,
    "dataset_name": "classification_annealing",
    "epochs": 10,
    "initialization_scale": "\\sqrt{\frac{6}{n+m}}",
    "inner_ISGD_iterations": 0,
    "intra_epoch": false,
    "lr": 0.01,
    "momentum": 0.0,
    "mu": 0.0,
    "nodes": 50,
    "seed": 1,
    "sgdtype": "explicit",
    "data_type": "classification"
  },
  "results": {
    "train": {
      "average_loss": [
        1.518474593758583,
        1.4743588417768478,
        1.432850405573845,
        1.3935705423355103,
        1.3559818714857101,
        1.320817157626152,
        1.2874989807605743,
        1.25593701004982,
        1.2260731160640717,
        1.1978786438703537
      ],
      "average_accuracy": [
        30.64066852367688,
        75.06963788300835,
        75.4874651810585,
        75.6267409470752,
        75.6267409470752,
        75.6267409470752,
        75.6267409470752,
        75.6267409470752,
        75.6267409470752,
        75.6267409470752
      ]
    },
    "test": {
      "average_loss": [
        1.5111824870109558,
        1.4651529788970947,
        1.4216769337654114,
        1.3804625272750854,
        1.341546356678009,
        1.3045580983161926,
        1.2694302201271057,
        1.2360609769821167,
        1.2044299840927124,
        1.1744863390922546
      ],
      "average_accuracy": [
        27.77777777777778,
        76.66666666666667,
        78.33333333333333,
        78.33333333333333,
        78.33333333333333,
        78.33333333333333,
        78.33333333333333,
        78.33333333333333,
        78.33333333333333,
        78.33333333333333
      ]
    },
    "average_loss_intra_epoch": [
      1.1978786438703537
    ],
    "average_accuracy_intra_epoch": [
      75.6267409470752
    ],
    "runtime": 3.8452203273773193
  }
}