{
  "hyperparameters": {
    "architecture": "classification",
    "batch_size": 100,
    "clipping_threshold": 0.0,
    "dataset_name": "abalone_classification",
    "epochs": 10,
    "initialization_scale": "\\sqrt{\frac{6}{n+m}}",
    "inner_ISGD_iterations": 0,
    "intra_epoch": false,
    "lr": 0.03,
    "momentum": 0.0,
    "mu": 0.0,
    "nodes": 50,
    "seed": 1,
    "sgdtype": "explicit",
    "data_type": "classification"
  },
  "results": {
    "train": {
      "average_loss": [
        1.1059179130722494,
        1.1013137698173523,
        1.0991253116551567,
        1.0980157186003292,
        1.0973642573637121,
        1.0968781253870796,
        1.0964096784591675,
        1.0958670307608211,
        1.0951692426905912,
        1.0942143447258894
      ],
      "average_accuracy": [
        34.72014366956001,
        34.72014366956001,
        34.72014366956001,
        34.72014366956001,
        34.72014366956001,
        34.72014366956001,
        34.72014366956001,
        34.72014366956001,
        34.75007482789584,
        37.89284645315774
      ]
    },
    "test": {
      "average_loss": [
        1.1061749590767755,
        1.1017643345726862,
        1.0997322797775269,
        1.09874251153734,
        1.098181380165948,
        1.0977645185258653,
        1.0973512066735163,
        1.096856329176161,
        1.0962049166361492,
        1.0953011512756348
      ],
      "average_accuracy": [
        34.33014354066986,
        34.33014354066986,
        34.33014354066986,
        34.33014354066986,
        34.33014354066986,
        34.33014354066986,
        34.33014354066986,
        34.33014354066986,
        34.33014354066986,
        37.20095693779904
      ]
    },
    "average_loss_intra_epoch": [
      1.0942143447258894
    ],
    "average_accuracy_intra_epoch": [
      37.89284645315774
    ],
    "runtime": 1.632868766784668
  }
}