{
  "hyperparameters": {
    "architecture": "classification",
    "batch_size": 100,
    "clipping_threshold": 0.0,
    "dataset_name": "acute-nephritis_classification",
    "epochs": 10,
    "initialization_scale": "\\sqrt{\frac{6}{n+m}}",
    "inner_ISGD_iterations": 0,
    "intra_epoch": false,
    "lr": 1.0,
    "momentum": 0.0,
    "mu": 0.0,
    "nodes": 50,
    "seed": 1,
    "sgdtype": "explicit",
    "data_type": "classification"
  },
  "results": {
    "train": {
      "average_loss": [
        0.6520510911941528,
        0.649703323841095,
        0.6491703391075134,
        0.6487199664115906,
        0.6481714248657227,
        0.6474466323852539,
        0.6464407444000244,
        0.6449832320213318,
        0.6427753567695618,
        0.6392623782157898
      ],
      "average_accuracy": [
        64.58333333333333,
        64.58333333333333,
        64.58333333333333,
        64.58333333333333,
        64.58333333333333,
        64.58333333333333,
        64.58333333333333,
        64.58333333333333,
        64.58333333333333,
        64.58333333333333
      ]
    },
    "test": {
      "average_loss": [
        0.7954939007759094,
        0.8236779570579529,
        0.8316789269447327,
        0.8335521817207336,
        0.833495557308197,
        0.8326540589332581,
        0.8312358856201172,
        0.8290957808494568,
        0.8258297443389893,
        0.8206409811973572
      ],
      "average_accuracy": [
        33.333333333333336,
        33.333333333333336,
        33.333333333333336,
        33.333333333333336,
        33.333333333333336,
        33.333333333333336,
        33.333333333333336,
        33.333333333333336,
        33.333333333333336,
        33.333333333333336
      ]
    },
    "average_loss_intra_epoch": [
      0.6392623782157898
    ],
    "average_accuracy_intra_epoch": [
      64.58333333333333
    ],
    "runtime": 3.0026931762695312
  }
}