{
  "hyperparameters": {
    "architecture": "classification",
    "batch_size": 100,
    "clipping_threshold": 0.0,
    "dataset_name": "wall-following_classification",
    "epochs": 10,
    "initialization_scale": "\\sqrt{\frac{6}{n+m}}",
    "inner_ISGD_iterations": 0,
    "intra_epoch": false,
    "lr": 30.0,
    "momentum": 0.0,
    "mu": 0.0,
    "nodes": 50,
    "seed": 1,
    "sgdtype": "explicit",
    "data_type": "classification"
  },
  "results": {
    "train": {
      "average_loss": [
        382.91812758012253,
        96.82630504261364,
        90.44509029388428,
        120.93721927296032,
        140.5531212199818,
        115.63907744667746,
        107.81690684231845,
        178.9078214818781,
        119.33494845303622,
        63.007525964216754
      ],
      "average_accuracy": [
        52.77268560953254,
        41.15490375802017,
        52.81851512373969,
        34.48670944087993,
        28.758020164986252,
        38.42804766269477,
        44.77543538038497,
        48.39596700274977,
        47.22731439046746,
        43.74427131072411
      ]
    },
    "test": {
      "average_loss": [
        368.89746648615056,
        90.85726859352805,
        88.32735165682706,
        118.30646861683239,
        138.73683235862038,
        115.01577065207742,
        108.14618752219461,
        183.84729281338778,
        120.63879117098722,
        60.93873526833274
      ],
      "average_accuracy": [
        53.84615384615385,
        42.94871794871795,
        54.67032967032967,
        33.6996336996337,
        28.296703296703296,
        40.56776556776557,
        45.879120879120876,
        48.443223443223445,
        46.88644688644688,
        44.413919413919416
      ]
    },
    "average_loss_intra_epoch": [
      63.007525964216754
    ],
    "average_accuracy_intra_epoch": [
      43.74427131072411
    ],
    "runtime": 7.614181756973267
  }
}