{
  "hyperparameters": {
    "architecture": "classification",
    "batch_size": 100,
    "clipping_threshold": 0.0,
    "dataset_name": "chess-krvk_classification",
    "epochs": 10,
    "initialization_scale": "\\sqrt{\frac{6}{n+m}}",
    "inner_ISGD_iterations": 0,
    "intra_epoch": false,
    "lr": 50.0,
    "momentum": 0.0,
    "mu": 0.0,
    "nodes": 50,
    "seed": 1,
    "sgdtype": "implicit",
    "data_type": "classification"
  },
  "results": {
    "train": {
      "average_loss": [
        204.7055827501085,
        234.19398966471354,
        145.25274871826173,
        120.81425818549262,
        100.17319610595703,
        152.7894963921441,
        189.77871222601996,
        231.98980685763888,
        109.7338803100586,
        136.72482906765407
      ],
      "average_accuracy": [
        2.2366779540188912,
        10.715558723935127,
        11.321511317055784,
        18.080556050614863,
        10.653181251113883,
        14.908216004277312,
        13.054713954731778,
        14.939404740687934,
        15.465157725895562,
        11.989841382997684
      ]
    },
    "test": {
      "average_loss": [
        209.67333904065583,
        233.92738422594573,
        146.90884198640524,
        118.45772067287513,
        100.77686557435153,
        155.34467409368148,
        187.69960316440515,
        230.1383739270662,
        111.18486049719024,
        137.47380547774466
      ],
      "average_accuracy": [
        1.8888096935138987,
        10.067712045616537,
        10.994297933000713,
        17.997148966500358,
        11.065573770491802,
        14.059158945117606,
        13.560228082679972,
        14.896650035637919,
        14.665003563791874,
        11.279401282965075
      ]
    },
    "average_loss_intra_epoch": [
      136.72482906765407
    ],
    "average_accuracy_intra_epoch": [
      11.989841382997684
    ],
    "runtime": 55.027422189712524
  }
}