{
  "hyperparameters": {
    "architecture": "classification",
    "batch_size": 100,
    "clipping_threshold": 0.0,
    "dataset_name": "mushroom_classification",
    "epochs": 10,
    "initialization_scale": "\\sqrt{\frac{6}{n+m}}",
    "inner_ISGD_iterations": 0,
    "intra_epoch": false,
    "lr": 0.01,
    "momentum": 0.0,
    "mu": 0.0,
    "nodes": 50,
    "seed": 1,
    "sgdtype": "explicit",
    "data_type": "classification"
  },
  "results": {
    "train": {
      "average_loss": [
        0.69429788681177,
        0.68872230052948,
        0.6835383222653315,
        0.6769756353818454,
        0.6669524715496944,
        0.6497408234156095,
        0.6176539402741652,
        0.556668734550476,
        0.4590096079386198,
        0.3618416891648219
      ],
      "average_accuracy": [
        47.86890290813972,
        58.91675642406524,
        71.54946914909986,
        71.22634251423295,
        72.53423603631327,
        74.98076627173411,
        85.02846591783351,
        88.8444376057855,
        89.39836897984306,
        89.82920449299893
      ]
    },
    "test": {
      "average_loss": [
        0.6933005452156067,
        0.6883973584455603,
        0.6836170063299292,
        0.677282568286447,
        0.6673606458832236,
        0.6501320986186757,
        0.6178581539322349,
        0.5563188475721023,
        0.4572649720837088,
        0.3576633719836964
      ],
      "average_accuracy": [
        49.53846153846154,
        60.8,
        71.63076923076923,
        70.8923076923077,
        72.12307692307692,
        74.0923076923077,
        84.55384615384615,
        89.16923076923077,
        89.96923076923076,
        90.27692307692308
      ]
    },
    "average_loss_intra_epoch": [
      0.3618416891648219
    ],
    "average_accuracy_intra_epoch": [
      89.82920449299893
    ],
    "runtime": 11.24714994430542
  }
}