{
  "hyperparameters": {
    "architecture": "classification",
    "batch_size": 100,
    "clipping_threshold": 0.0,
    "dataset_name": "ozone_classification",
    "epochs": 10,
    "initialization_scale": "\\sqrt{\frac{6}{n+m}}",
    "inner_ISGD_iterations": 0,
    "intra_epoch": false,
    "lr": 0.001,
    "momentum": 0.0,
    "mu": 0.0,
    "nodes": 50,
    "seed": 1,
    "sgdtype": "implicit",
    "data_type": "classification"
  },
  "results": {
    "train": {
      "average_loss": [
        0.6219754219055176,
        0.6077848587717328,
        0.5941202498617626,
        0.5809546794210162,
        0.5682629687445504,
        0.5560219742002941,
        0.5442099145480565,
        0.5328064873105004,
        0.5217927438872201,
        0.511150849717004
      ],
      "average_accuracy": [
        97.23865877712032,
        97.33727810650888,
        97.33727810650888,
        97.33727810650888,
        97.33727810650888,
        97.33727810650888,
        97.33727810650888,
        97.33727810650888,
        97.33727810650888,
        97.33727810650888
      ]
    },
    "test": {
      "average_loss": [
        0.6213775674502054,
        0.6073152422904968,
        0.593774288892746,
        0.5807282129923502,
        0.5681521495183309,
        0.5560232500235239,
        0.5443199376265208,
        0.5330220957597097,
        0.5221109886964163,
        0.5115690926710764
      ],
      "average_accuracy": [
        96.25984251968504,
        96.25984251968504,
        96.25984251968504,
        96.25984251968504,
        96.25984251968504,
        96.25984251968504,
        96.25984251968504,
        96.25984251968504,
        96.25984251968504,
        96.25984251968504
      ]
    },
    "average_loss_intra_epoch": [
      0.511150849717004
    ],
    "average_accuracy_intra_epoch": [
      97.33727810650888
    ],
    "runtime": 197.48929381370544
  }
}