{
  "hyperparameters": {
    "architecture": "music",
    "batch_size": 100,
    "clipping_threshold": 0.0,
    "dataset_name": "MuseData",
    "epochs": 10,
    "initialization_scale": "\\sqrt{\frac{6}{n+m}}",
    "inner_ISGD_iterations": 0,
    "intra_epoch": false,
    "lr": 0.05,
    "momentum": 0.0,
    "mu": 0.0,
    "nodes": 50,
    "seed": 1,
    "sgdtype": "explicit",
    "data_type": "sequential_many"
  },
  "results": {
    "train": {
      "average_loss": [
        72.51988601923443,
        91.44299148569125,
        63.92734121605185,
        59.18869882435289,
        57.3049340568881,
        56.11615878150209,
        55.185774746741956,
        54.474182084089016,
        53.92684826914591,
        53.48073071503002
      ],
      "average_accuracy": [
        0,
        0,
        0,
        0,
        0,
        0,
        0,
        0,
        0,
        0
      ]
    },
    "test": {
      "average_loss": [
        77.3135177089322,
        101.12185940819401,
        70.59561375841018,
        65.41952844204441,
        63.29050905858317,
        61.94146095360479,
        60.88597043868034,
        60.0907056427771,
        59.487750726361426,
        59.00003406886132
      ],
      "average_accuracy": [
        0,
        0,
        0,
        0,
        0,
        0,
        0,
        0,
        0,
        0
      ]
    },
    "average_loss_intra_epoch": [
      53.48073071503002
    ],
    "average_accuracy_intra_epoch": [
      0
    ],
    "runtime": 3628.4813504219055
  }
}