{
  "hyperparameters": {
    "architecture": "classification",
    "batch_size": 100,
    "clipping_threshold": 0.0,
    "dataset_name": "energy-y1_classification",
    "epochs": 10,
    "initialization_scale": "\\sqrt{\frac{6}{n+m}}",
    "inner_ISGD_iterations": 0,
    "intra_epoch": false,
    "lr": 10.0,
    "momentum": 0.0,
    "mu": 0.0,
    "nodes": 50,
    "seed": 1,
    "sgdtype": "explicit",
    "data_type": "classification"
  },
  "results": {
    "train": {
      "average_loss": [
        14.706937653677803,
        5.85359069279262,
        18.292905807495117,
        9.422609737941197,
        6.6071427549634665,
        14.116824967520577,
        11.540954317365374,
        5.901188441685268,
        11.009320395333427,
        16.757068634033203
      ],
      "average_accuracy": [
        59.77198697068404,
        59.77198697068404,
        81.43322475570032,
        39.413680781758956,
        81.43322475570032,
        81.43322475570032,
        81.43322475570032,
        81.43322475570032,
        81.43322475570032,
        81.43322475570032
      ]
    },
    "test": {
      "average_loss": [
        12.1889009475708,
        3.085615038871765,
        20.232346534729004,
        9.771580219268799,
        9.4915189743042,
        16.44653081893921,
        9.922801971435547,
        7.173129558563232,
        12.176740169525146,
        17.2322940826416
      ],
      "average_accuracy": [
        59.74025974025974,
        59.74025974025974,
        80.51948051948052,
        38.96103896103896,
        80.51948051948052,
        80.51948051948052,
        80.51948051948052,
        80.51948051948052,
        80.51948051948052,
        80.51948051948052
      ]
    },
    "average_loss_intra_epoch": [
      16.757068634033203
    ],
    "average_accuracy_intra_epoch": [
      81.43322475570032
    ],
    "runtime": 0.7685322761535645
  }
}