{
  "hyperparameters": {
    "architecture": "classification",
    "batch_size": 100,
    "clipping_threshold": 0.0,
    "dataset_name": "statlog-australian-credit_classification",
    "epochs": 10,
    "initialization_scale": "\\sqrt{\frac{6}{n+m}}",
    "inner_ISGD_iterations": 0,
    "intra_epoch": false,
    "lr": 5.0,
    "momentum": 0.0,
    "mu": 0.0,
    "nodes": 50,
    "seed": 1,
    "sgdtype": "implicit",
    "data_type": "classification"
  },
  "results": {
    "train": {
      "average_loss": [
        0.8129699925581614,
        48.90157000223795,
        19.816775798797607,
        8.878668944040934,
        3.427413821220398,
        8.377379735310873,
        27.705252011617024,
        42.947556813557945,
        59.661106745402016,
        73.70911026000977
      ],
      "average_accuracy": [
        34.05797101449275,
        65.76086956521739,
        65.94202898550725,
        65.94202898550725,
        65.94202898550725,
        34.05797101449275,
        34.05797101449275,
        34.05797101449275,
        34.05797101449275,
        34.05797101449275
      ]
    },
    "test": {
      "average_loss": [
        0.8720175325870514,
        33.33399772644043,
        13.549366474151611,
        6.073678731918335,
        2.3552143573760986,
        9.76720905303955,
        32.304009437561035,
        50.076637268066406,
        69.56631851196289,
        85.9435920715332
      ],
      "average_accuracy": [
        24.63768115942029,
        75.3623188405797,
        75.3623188405797,
        75.3623188405797,
        75.3623188405797,
        24.63768115942029,
        24.63768115942029,
        24.63768115942029,
        24.63768115942029,
        24.63768115942029
      ]
    },
    "average_loss_intra_epoch": [
      73.70911026000977
    ],
    "average_accuracy_intra_epoch": [
      34.05797101449275
    ],
    "runtime": 14.652480602264404
  }
}