{
  "hyperparameters": {
    "architecture": "classification",
    "batch_size": 100,
    "clipping_threshold": 0.0,
    "dataset_name": "primary-tumor_classification",
    "epochs": 10,
    "initialization_scale": "\\sqrt{\frac{6}{n+m}}",
    "inner_ISGD_iterations": 0,
    "intra_epoch": false,
    "lr": 5.0,
    "momentum": 0.0,
    "mu": 0.0,
    "nodes": 50,
    "seed": 1,
    "sgdtype": "implicit",
    "data_type": "classification"
  },
  "results": {
    "train": {
      "average_loss": [
        2.439410368601481,
        2.174584070841471,
        2.336223602294922,
        8.08584213256836,
        42.66055425008138,
        34.32853126525879,
        19.31840705871582,
        15.42171573638916,
        12.789177258809408,
        15.552581469217936
      ],
      "average_accuracy": [
        27.272727272727273,
        32.95454545454545,
        31.439393939393938,
        9.848484848484848,
        14.015151515151516,
        11.363636363636363,
        21.21212121212121,
        7.575757575757576,
        24.62121212121212,
        21.59090909090909
      ]
    },
    "test": {
      "average_loss": [
        2.78497314453125,
        2.5677318572998047,
        2.8382649421691895,
        8.509029388427734,
        43.79806900024414,
        42.19472885131836,
        26.928449630737305,
        14.749024391174316,
        14.889484405517578,
        18.105026245117188
      ],
      "average_accuracy": [
        18.181818181818183,
        24.242424242424242,
        22.727272727272727,
        4.545454545454546,
        13.636363636363637,
        6.0606060606060606,
        10.606060606060606,
        6.0606060606060606,
        16.666666666666668,
        12.121212121212121
      ]
    },
    "average_loss_intra_epoch": [
      15.552581469217936
    ],
    "average_accuracy_intra_epoch": [
      21.59090909090909
    ],
    "runtime": 9.311692476272583
  }
}