{
  "hyperparameters": {
    "architecture": "classification",
    "batch_size": 100,
    "clipping_threshold": 0.0,
    "dataset_name": "hill-valley_classification",
    "epochs": 10,
    "initialization_scale": "\\sqrt{\frac{6}{n+m}}",
    "inner_ISGD_iterations": 0,
    "intra_epoch": false,
    "lr": 50.0,
    "momentum": 0.0,
    "mu": 0.0,
    "nodes": 50,
    "seed": 1,
    "sgdtype": "implicit",
    "data_type": "classification"
  },
  "results": {
    "train": {
      "average_loss": [
        5136.036181640625,
        442.55177307128906,
        1848.7999755859375,
        3403.3101318359377,
        4363.925610351563,
        5647.851220703125,
        4889.576416015625,
        3266.4536865234377,
        1633.7676513671875,
        90.32884826660157
      ],
      "average_accuracy": [
        49.12280701754386,
        50.98039215686274,
        50.98039215686274,
        50.87719298245614,
        50.98039215686274,
        50.98039215686274,
        49.12280701754386,
        49.12280701754386,
        49.01960784313726,
        49.01960784313726
      ]
    },
    "test": {
      "average_loss": [
        4928.547200520833,
        461.6585998535156,
        1920.2455647786458,
        3519.3788248697915,
        4517.723470052083,
        5846.74658203125,
        4727.50634765625,
        3153.9855143229165,
        1576.0120849609375,
        84.53407796223958
      ],
      "average_accuracy": [
        49.382716049382715,
        51.02880658436214,
        51.02880658436214,
        51.02880658436214,
        51.02880658436214,
        51.02880658436214,
        48.559670781893004,
        48.559670781893004,
        48.97119341563786,
        48.97119341563786
      ]
    },
    "average_loss_intra_epoch": [
      90.32884826660157
    ],
    "average_accuracy_intra_epoch": [
      49.01960784313726
    ],
    "runtime": 127.8641107082367
  }
}