{
  "hyperparameters": {
    "architecture": "music",
    "batch_size": 100,
    "clipping_threshold": 8.0,
    "dataset_name": "Nottingham",
    "epochs": 5,
    "initialization_scale": "\\sqrt{\frac{6}{n+m}}",
    "inner_ISGD_iterations": 0,
    "intra_epoch": false,
    "lr": 200.0,
    "momentum": 0.0,
    "mu": 0.0,
    "nodes": 300,
    "seed": 3,
    "sgdtype": "implicit",
    "data_type": "sequential_many"
  },
  "results": {
    "train": {
      "average_loss": [
        0.00041049447627668505,
        0.0003177427052159479,
        0.00026317122949690556,
        0.00028774856146320503,
        0.0003620179154560943
      ],
      "average_accuracy": [
        0,
        0,
        0,
        0,
        0
      ]
    },
    "test": {
      "average_loss": [
        0.0004146044327011195,
        0.00033593515416963354,
        0.00028152831520642126,
        0.0003045462206928813,
        0.0003538756940328954
      ],
      "average_accuracy": [
        0,
        0,
        0,
        0,
        0
      ]
    },
    "average_loss_intra_epoch": [
      0.0003620179154560943
    ],
    "average_accuracy_intra_epoch": [
      0
    ],
    "runtime": 6789.540340423584
  }
}