{
  "hyperparameters": {
    "architecture": "classification",
    "batch_size": 100,
    "clipping_threshold": 0.0,
    "dataset_name": "wine-quality-white_classification",
    "epochs": 10,
    "initialization_scale": "\\sqrt{\frac{6}{n+m}}",
    "inner_ISGD_iterations": 0,
    "intra_epoch": false,
    "lr": 30.0,
    "momentum": 0.0,
    "mu": 0.0,
    "nodes": 50,
    "seed": 1,
    "sgdtype": "implicit",
    "data_type": "classification"
  },
  "results": {
    "train": {
      "average_loss": [
        134.39381008148194,
        272.3896995544434,
        133.86453189849854,
        224.97327404022218,
        227.02182006835938,
        61.67421731948853,
        127.1787483215332,
        96.35397577285767,
        135.37680778503417,
        267.5451202392578
      ],
      "average_accuracy": [
        41.168963757018886,
        43.3129147524247,
        44.64012251148545,
        47.192445125063806,
        46.043899948953545,
        42.62378764675855,
        44.43593670239918,
        34.76263399693721,
        42.98111281265952,
        44.58907605921389
      ]
    },
    "test": {
      "average_loss": [
        142.11675949096679,
        275.5821868896484,
        136.04162063598633,
        235.33810577392578,
        250.6879455566406,
        64.16070442199707,
        135.818701171875,
        98.30502548217774,
        138.69090881347657,
        275.7299499511719
      ],
      "average_accuracy": [
        39.285714285714285,
        42.55102040816327,
        43.87755102040816,
        46.326530612244895,
        42.857142857142854,
        41.02040816326531,
        43.36734693877551,
        36.02040816326531,
        42.3469387755102,
        44.08163265306123
      ]
    },
    "average_loss_intra_epoch": [
      267.5451202392578
    ],
    "average_accuracy_intra_epoch": [
      44.58907605921389
    ],
    "runtime": 71.51524424552917
  }
}