{
  "hyperparameters": {
    "architecture": "classification",
    "batch_size": 100,
    "clipping_threshold": 0.0,
    "dataset_name": "vertebral-column-3clases_classification",
    "epochs": 10,
    "initialization_scale": "\\sqrt{\frac{6}{n+m}}",
    "inner_ISGD_iterations": 0,
    "intra_epoch": false,
    "lr": 0.1,
    "momentum": 0.0,
    "mu": 0.0,
    "nodes": 50,
    "seed": 1,
    "sgdtype": "explicit",
    "data_type": "classification"
  },
  "results": {
    "train": {
      "average_loss": [
        1.0892735719680786,
        1.0796245336532593,
        1.0721380313237507,
        1.0662833452224731,
        1.0616710583368938,
        1.0580108165740967,
        1.0550843874613445,
        1.0527258316675823,
        1.0508089860280354,
        1.049235423405965
      ],
      "average_accuracy": [
        47.983870967741936,
        47.983870967741936,
        47.983870967741936,
        47.983870967741936,
        47.983870967741936,
        47.983870967741936,
        47.983870967741936,
        47.983870967741936,
        47.983870967741936,
        47.983870967741936
      ]
    },
    "test": {
      "average_loss": [
        1.0869981050491333,
        1.0750170946121216,
        1.0654857158660889,
        1.0578324794769287,
        1.0516331195831299,
        1.0465693473815918,
        1.0423989295959473,
        1.0389362573623657,
        1.0360373258590698,
        1.033589243888855
      ],
      "average_accuracy": [
        50.0,
        50.0,
        50.0,
        50.0,
        50.0,
        50.0,
        50.0,
        50.0,
        50.0,
        50.0
      ]
    },
    "average_loss_intra_epoch": [
      1.049235423405965
    ],
    "average_accuracy_intra_epoch": [
      47.983870967741936
    ],
    "runtime": 3.749162197113037
  }
}