{
  "hyperparameters": {
    "architecture": "classification",
    "batch_size": 100,
    "clipping_threshold": 0.0,
    "dataset_name": "planning_classification",
    "epochs": 10,
    "initialization_scale": "\\sqrt{\frac{6}{n+m}}",
    "inner_ISGD_iterations": 0,
    "intra_epoch": false,
    "lr": 50.0,
    "momentum": 0.0,
    "mu": 0.0,
    "nodes": 50,
    "seed": 1,
    "sgdtype": "implicit",
    "data_type": "classification"
  },
  "results": {
    "train": {
      "average_loss": [
        10.628113269805908,
        479.26710510253906,
        72.55089282989502,
        150.59986877441406,
        156.85926055908203,
        118.99930953979492,
        143.75235748291016,
        130.45092010498047,
        55.04714584350586,
        261.2431411743164
      ],
      "average_accuracy": [
        71.72413793103448,
        28.275862068965516,
        71.72413793103448,
        69.65517241379311,
        53.793103448275865,
        71.72413793103448,
        44.827586206896555,
        55.172413793103445,
        71.72413793103448,
        71.72413793103448
      ]
    },
    "test": {
      "average_loss": [
        11.885675430297852,
        460.90631103515625,
        139.3848419189453,
        136.613037109375,
        221.17111206054688,
        131.778076171875,
        119.2078628540039,
        179.69664001464844,
        51.7231330871582,
        285.58856201171875
      ],
      "average_accuracy": [
        70.27027027027027,
        29.72972972972973,
        64.86486486486487,
        67.56756756756756,
        45.945945945945944,
        70.27027027027027,
        56.75675675675676,
        43.24324324324324,
        70.27027027027027,
        70.27027027027027
      ]
    },
    "average_loss_intra_epoch": [
      261.2431411743164
    ],
    "average_accuracy_intra_epoch": [
      71.72413793103448
    ],
    "runtime": 6.014671564102173
  }
}