{
  "hyperparameters": {
    "architecture": "classification",
    "batch_size": 100,
    "clipping_threshold": 0.0,
    "dataset_name": "flags_classification",
    "epochs": 10,
    "initialization_scale": "\\sqrt{\frac{6}{n+m}}",
    "inner_ISGD_iterations": 0,
    "intra_epoch": false,
    "lr": 5.0,
    "momentum": 0.0,
    "mu": 0.0,
    "nodes": 50,
    "seed": 1,
    "sgdtype": "explicit",
    "data_type": "classification"
  },
  "results": {
    "train": {
      "average_loss": [
        2.172629415988922,
        2.017434298992157,
        44.37043380737305,
        26.965478897094727,
        104.98330688476562,
        41.16517639160156,
        14.317643642425537,
        83.23686981201172,
        45.30215644836426,
        57.369632720947266
      ],
      "average_accuracy": [
        20.64516129032258,
        32.25806451612903,
        22.580645161290324,
        16.129032258064516,
        10.96774193548387,
        12.258064516129032,
        31.612903225806452,
        29.032258064516128,
        38.70967741935484,
        14.838709677419354
      ]
    },
    "test": {
      "average_loss": [
        2.31866717338562,
        2.142982006072998,
        42.20899200439453,
        22.046249389648438,
        103.1054458618164,
        42.21010971069336,
        20.46978759765625,
        73.33218383789062,
        45.35642623901367,
        53.86198043823242
      ],
      "average_accuracy": [
        20.512820512820515,
        33.333333333333336,
        20.512820512820515,
        28.205128205128204,
        12.820512820512821,
        10.256410256410257,
        35.8974358974359,
        35.8974358974359,
        46.15384615384615,
        17.94871794871795
      ]
    },
    "average_loss_intra_epoch": [
      57.369632720947266
    ],
    "average_accuracy_intra_epoch": [
      14.838709677419354
    ],
    "runtime": 3.755486488342285
  }
}