{
  "hyperparameters": {
    "architecture": "music",
    "batch_size": 100,
    "clipping_threshold": 1.0,
    "dataset_name": "JSB Chorales",
    "epochs": 5,
    "initialization_scale": "\\sqrt{\frac{6}{n+m}}",
    "inner_ISGD_iterations": 0,
    "intra_epoch": false,
    "lr": 5.0,
    "momentum": 0.0,
    "mu": 0.0,
    "nodes": 300,
    "seed": 4,
    "sgdtype": "explicit",
    "data_type": "sequential_many"
  },
  "results": {
    "train": {
      "average_loss": [
        0.0024215769237232714,
        0.002042124397375552,
        0.0018366083640536073,
        0.001695733565448755,
        0.001589632373482119
      ],
      "average_accuracy": [
        0,
        0,
        0,
        0,
        0
      ]
    },
    "test": {
      "average_loss": [
        0.0023548741493821627,
        0.0019869898814804756,
        0.0017906055050938355,
        0.0016564713540039473,
        0.0015553213023223806
      ],
      "average_accuracy": [
        0,
        0,
        0,
        0,
        0
      ]
    },
    "average_loss_intra_epoch": [
      0.001589632373482119
    ],
    "average_accuracy_intra_epoch": [
      0
    ],
    "runtime": 110.64852571487427
  }
}