{
  "hyperparameters": {
    "architecture": "classification",
    "batch_size": 100,
    "clipping_threshold": 0.0,
    "dataset_name": "plant-margin_classification",
    "epochs": 10,
    "initialization_scale": "\\sqrt{\frac{6}{n+m}}",
    "inner_ISGD_iterations": 0,
    "intra_epoch": false,
    "lr": 30.0,
    "momentum": 0.0,
    "mu": 0.0,
    "nodes": 50,
    "seed": 1,
    "sgdtype": "implicit",
    "data_type": "classification"
  },
  "results": {
    "train": {
      "average_loss": [
        407.5948275052584,
        418.14407818134015,
        198.30448091947116,
        158.15697772686298,
        141.92524014986478,
        159.01590259258563,
        155.55785663311298,
        124.86423081618089,
        117.85154430682843,
        117.15691669170673
      ],
      "average_accuracy": [
        1.484375,
        1.5625,
        5.0,
        7.34375,
        6.484375,
        6.25,
        5.390625,
        11.953125,
        10.9375,
        9.21875
      ]
    },
    "test": {
      "average_loss": [
        387.93865966796875,
        394.76707458496094,
        175.01085662841797,
        163.58048248291016,
        142.00401496887207,
        159.22608757019043,
        147.93634033203125,
        132.69965744018555,
        125.44901275634766,
        118.57123756408691
      ],
      "average_accuracy": [
        0.625,
        1.875,
        6.875,
        6.25,
        5.625,
        5.9375,
        4.6875,
        13.125,
        10.3125,
        7.8125
      ]
    },
    "average_loss_intra_epoch": [
      117.15691669170673
    ],
    "average_accuracy_intra_epoch": [
      9.21875
    ],
    "runtime": 112.38081312179565
  }
}