{
  "hyperparameters": {
    "architecture": "classification",
    "batch_size": 100,
    "clipping_threshold": 0.0,
    "dataset_name": "blood_classification",
    "epochs": 10,
    "initialization_scale": "\\sqrt{\frac{6}{n+m}}",
    "inner_ISGD_iterations": 0,
    "intra_epoch": false,
    "lr": 10.0,
    "momentum": 0.0,
    "mu": 0.0,
    "nodes": 50,
    "seed": 1,
    "sgdtype": "explicit",
    "data_type": "classification"
  },
  "results": {
    "train": {
      "average_loss": [
        3.9734444618225098,
        16.422054449717205,
        6.3729744752248125,
        27.616824467976887,
        9.028319835662842,
        31.186463991800945,
        19.85040060679118,
        20.79112148284912,
        2.584036707878113,
        17.123976707458496
      ],
      "average_accuracy": [
        22.909698996655518,
        77.09030100334448,
        22.909698996655518,
        77.09030100334448,
        77.09030100334448,
        22.909698996655518,
        77.09030100334448,
        77.09030100334448,
        77.09030100334448,
        77.09030100334448
      ]
    },
    "test": {
      "average_loss": [
        3.7377878427505493,
        19.702003479003906,
        5.994452953338623,
        33.13267707824707,
        10.83153772354126,
        29.334067344665527,
        23.81510066986084,
        24.943693161010742,
        3.100776791572571,
        20.544099807739258
      ],
      "average_accuracy": [
        27.333333333333332,
        72.66666666666667,
        27.333333333333332,
        72.66666666666667,
        72.66666666666667,
        27.333333333333332,
        72.66666666666667,
        72.66666666666667,
        72.66666666666667,
        72.66666666666667
      ]
    },
    "average_loss_intra_epoch": [
      17.123976707458496
    ],
    "average_accuracy_intra_epoch": [
      77.09030100334448
    ],
    "runtime": 3.9473485946655273
  }
}