{
  "hyperparameters": {
    "architecture": "classification",
    "batch_size": 100,
    "clipping_threshold": 0.0,
    "dataset_name": "wine-quality-white_classification",
    "epochs": 10,
    "initialization_scale": "\\sqrt{\frac{6}{n+m}}",
    "inner_ISGD_iterations": 0,
    "intra_epoch": false,
    "lr": 0.5,
    "momentum": 0.0,
    "mu": 0.0,
    "nodes": 50,
    "seed": 1,
    "sgdtype": "implicit",
    "data_type": "classification"
  },
  "results": {
    "train": {
      "average_loss": [
        1.3091426521539689,
        1.2124237209558486,
        1.155576491355896,
        1.146797278523445,
        1.139209221303463,
        1.1326503127813339,
        1.1295581698417663,
        1.1276617392897605,
        1.1258327528834342,
        1.1239206522703171
      ],
      "average_accuracy": [
        44.99744767738642,
        47.80500255232261,
        51.93976518631955,
        52.552322613578355,
        52.782031648800405,
        52.62889229198571,
        52.75650842266462,
        52.88412455334354,
        52.75650842266462,
        52.96069423175089
      ]
    },
    "test": {
      "average_loss": [
        1.3076231479644775,
        1.2090646505355835,
        1.1579373955726624,
        1.1511698246002198,
        1.1433728694915772,
        1.1362888991832734,
        1.1336748719215393,
        1.132605826854706,
        1.1318687856197358,
        1.131510865688324
      ],
      "average_accuracy": [
        44.38775510204081,
        46.02040816326531,
        50.30612244897959,
        51.326530612244895,
        50.91836734693877,
        50.30612244897959,
        49.89795918367347,
        49.69387755102041,
        50.0,
        49.795918367346935
      ]
    },
    "average_loss_intra_epoch": [
      1.1239206522703171
    ],
    "average_accuracy_intra_epoch": [
      52.96069423175089
    ],
    "runtime": 70.80676984786987
  }
}