{
  "hyperparameters": {
    "architecture": "classification",
    "batch_size": 100,
    "clipping_threshold": 0.0,
    "dataset_name": "page-blocks_classification",
    "epochs": 10,
    "initialization_scale": "\\sqrt{\frac{6}{n+m}}",
    "inner_ISGD_iterations": 0,
    "intra_epoch": false,
    "lr": 0.1,
    "momentum": 0.0,
    "mu": 0.0,
    "nodes": 50,
    "seed": 1,
    "sgdtype": "implicit",
    "data_type": "classification"
  },
  "results": {
    "train": {
      "average_loss": [
        0.4702282358299602,
        0.4424380311234431,
        0.4242785596712069,
        0.3838038095696406,
        0.3224365416575562,
        0.28595315563407814,
        0.2632241452282125,
        0.2540806687690995,
        0.24940136955543,
        0.24654754302041096
      ],
      "average_accuracy": [
        89.94974874371859,
        89.94974874371859,
        89.94974874371859,
        89.94974874371859,
        91.00045682960256,
        92.27957971676565,
        92.7592507994518,
        93.03334856098675,
        93.1247144814984,
        93.07903152124257
      ]
    },
    "test": {
      "average_loss": [
        0.4970906674861908,
        0.46995422785932367,
        0.45046009800650855,
        0.4090701639652252,
        0.3453086831352927,
        0.3046030903404409,
        0.28164599294012244,
        0.27409459244121204,
        0.2698858813806014,
        0.26667786321856757
      ],
      "average_accuracy": [
        89.04109589041096,
        89.04109589041096,
        89.04109589041096,
        89.04109589041096,
        90.41095890410959,
        91.41552511415524,
        91.68949771689498,
        92.32876712328768,
        92.42009132420091,
        92.42009132420091
      ]
    },
    "average_loss_intra_epoch": [
      0.24654754302041096
    ],
    "average_accuracy_intra_epoch": [
      93.07903152124257
    ],
    "runtime": 71.59286618232727
  }
}