{
  "hyperparameters": {
    "architecture": "classification",
    "batch_size": 100,
    "clipping_threshold": 0.0,
    "dataset_name": "breast-cancer-wisc_classification",
    "epochs": 10,
    "initialization_scale": "\\sqrt{\frac{6}{n+m}}",
    "inner_ISGD_iterations": 0,
    "intra_epoch": false,
    "lr": 0.1,
    "momentum": 0.0,
    "mu": 0.0,
    "nodes": 50,
    "seed": 1,
    "sgdtype": "implicit",
    "data_type": "classification"
  },
  "results": {
    "train": {
      "average_loss": [
        0.6726643343766531,
        0.6564585367838541,
        0.648725559314092,
        0.6449245115121206,
        0.6429114441076914,
        0.6416661640008291,
        0.6406853497028351,
        0.6396932303905487,
        0.6384972929954529,
        0.6369048754374186
      ],
      "average_accuracy": [
        65.47406082289804,
        65.47406082289804,
        65.47406082289804,
        65.47406082289804,
        65.47406082289804,
        65.47406082289804,
        65.47406082289804,
        65.47406082289804,
        65.47406082289804,
        65.47406082289804
      ]
    },
    "test": {
      "average_loss": [
        0.6741633713245392,
        0.6595224738121033,
        0.6528657376766205,
        0.6498008668422699,
        0.648287445306778,
        0.6473769843578339,
        0.6466153264045715,
        0.6457595527172089,
        0.6446380913257599,
        0.6430706977844238
      ],
      "average_accuracy": [
        65.71428571428571,
        65.71428571428571,
        65.71428571428571,
        65.71428571428571,
        65.71428571428571,
        65.71428571428571,
        65.71428571428571,
        65.71428571428571,
        65.71428571428571,
        65.71428571428571
      ]
    },
    "average_loss_intra_epoch": [
      0.6369048754374186
    ],
    "average_accuracy_intra_epoch": [
      65.47406082289804
    ],
    "runtime": 3.116989850997925
  }
}