{
  "hyperparameters": {
    "architecture": "classification",
    "batch_size": 100,
    "clipping_threshold": 0.0,
    "dataset_name": "horse-colic_classification",
    "epochs": 10,
    "initialization_scale": "\\sqrt{\frac{6}{n+m}}",
    "inner_ISGD_iterations": 0,
    "intra_epoch": false,
    "lr": 0.01,
    "momentum": 0.0,
    "mu": 0.0,
    "nodes": 50,
    "seed": 1,
    "sgdtype": "explicit",
    "data_type": "classification"
  },
  "results": {
    "train": {
      "average_loss": [
        0.6952591935793558,
        0.6936161319414774,
        0.6920454104741415,
        0.6905430754025778,
        0.689106305440267,
        0.6877313653628031,
        0.6864155928293864,
        0.6851561268170675,
        0.6839500268300375,
        0.6827949086825053
      ],
      "average_accuracy": [
        41.156462585034014,
        43.53741496598639,
        50.68027210884354,
        56.12244897959184,
        60.8843537414966,
        62.585034013605444,
        62.244897959183675,
        62.244897959183675,
        62.585034013605444,
        62.585034013605444
      ]
    },
    "test": {
      "average_loss": [
        0.6947040557861328,
        0.6927974820137024,
        0.6909692883491516,
        0.6892169713973999,
        0.6875358819961548,
        0.6859235167503357,
        0.6843761205673218,
        0.6828908920288086,
        0.681465208530426,
        0.6800957322120667
      ],
      "average_accuracy": [
        44.5945945945946,
        56.75675675675676,
        51.351351351351354,
        56.75675675675676,
        62.16216216216216,
        63.513513513513516,
        64.86486486486487,
        64.86486486486487,
        64.86486486486487,
        64.86486486486487
      ]
    },
    "average_loss_intra_epoch": [
      0.6827949086825053
    ],
    "average_accuracy_intra_epoch": [
      62.585034013605444
    ],
    "runtime": 3.3964343070983887
  }
}