{
  "hyperparameters": {
    "architecture": "music",
    "batch_size": 100,
    "clipping_threshold": 1.0,
    "dataset_name": "JSB Chorales",
    "epochs": 5,
    "initialization_scale": "\\sqrt{\frac{6}{n+m}}",
    "inner_ISGD_iterations": 0,
    "intra_epoch": false,
    "lr": 20.0,
    "momentum": 0.0,
    "mu": 0.0,
    "nodes": 300,
    "seed": 5,
    "sgdtype": "explicit",
    "data_type": "sequential_many"
  },
  "results": {
    "train": {
      "average_loss": [
        0.001916421471848905,
        0.001573639684946451,
        0.0013662925147396557,
        0.001225526382212271,
        0.001128727885488803
      ],
      "average_accuracy": [
        0,
        0,
        0,
        0,
        0
      ]
    },
    "test": {
      "average_loss": [
        0.0018700835530875953,
        0.0015491442490284417,
        0.0013547075319696557,
        0.0012237215577171172,
        0.0011297239723173876
      ],
      "average_accuracy": [
        0,
        0,
        0,
        0,
        0
      ]
    },
    "average_loss_intra_epoch": [
      0.001128727885488803
    ],
    "average_accuracy_intra_epoch": [
      0
    ],
    "runtime": 111.06837749481201
  }
}