{
  "hyperparameters": {
    "architecture": "classification",
    "batch_size": 100,
    "clipping_threshold": 0.0,
    "dataset_name": "breast-tissue_classification",
    "epochs": 10,
    "initialization_scale": "\\sqrt{\frac{6}{n+m}}",
    "inner_ISGD_iterations": 0,
    "intra_epoch": false,
    "lr": 3.0,
    "momentum": 0.0,
    "mu": 0.0,
    "nodes": 50,
    "seed": 1,
    "sgdtype": "explicit",
    "data_type": "classification"
  },
  "results": {
    "train": {
      "average_loss": [
        1.7678453922271729,
        1.7635087966918945,
        1.758878469467163,
        1.747876524925232,
        1.7109160423278809,
        1.5661461353302002,
        1.3173174858093262,
        1.232088327407837,
        1.187791347503662,
        1.1812424659729004
      ],
      "average_accuracy": [
        23.80952380952381,
        23.80952380952381,
        23.80952380952381,
        23.80952380952381,
        34.523809523809526,
        42.857142857142854,
        44.04761904761905,
        42.857142857142854,
        47.61904761904762,
        45.23809523809524
      ]
    },
    "test": {
      "average_loss": [
        1.8329665660858154,
        1.837395191192627,
        1.836699366569519,
        1.8276203870773315,
        1.789764404296875,
        1.6230219602584839,
        1.3018994331359863,
        1.2554166316986084,
        1.1671192646026611,
        1.2564239501953125
      ],
      "average_accuracy": [
        4.545454545454546,
        4.545454545454546,
        4.545454545454546,
        4.545454545454546,
        4.545454545454546,
        31.818181818181817,
        31.818181818181817,
        31.818181818181817,
        31.818181818181817,
        36.36363636363637
      ]
    },
    "average_loss_intra_epoch": [
      1.1812424659729004
    ],
    "average_accuracy_intra_epoch": [
      45.23809523809524
    ],
    "runtime": 3.440094470977783
  }
}