{
  "hyperparameters": {
    "architecture": "classification",
    "batch_size": 100,
    "clipping_threshold": 0.0,
    "dataset_name": "lenses_classification",
    "epochs": 10,
    "initialization_scale": "\\sqrt{\frac{6}{n+m}}",
    "inner_ISGD_iterations": 0,
    "intra_epoch": false,
    "lr": 0.01,
    "momentum": 0.0,
    "mu": 0.0,
    "nodes": 50,
    "seed": 1,
    "sgdtype": "explicit",
    "data_type": "classification"
  },
  "results": {
    "train": {
      "average_loss": [
        1.089810848236084,
        1.0880647897720337,
        1.0863349437713623,
        1.0846211910247803,
        1.082923412322998,
        1.0812416076660156,
        1.0795756578445435,
        1.0779250860214233,
        1.0762898921966553,
        1.0746699571609497
      ],
      "average_accuracy": [
        15.789473684210526,
        15.789473684210526,
        15.789473684210526,
        15.789473684210526,
        15.789473684210526,
        15.789473684210526,
        15.789473684210526,
        63.1578947368421,
        63.1578947368421,
        63.1578947368421
      ]
    },
    "test": {
      "average_loss": [
        1.0862923860549927,
        1.0847851037979126,
        1.0832929611206055,
        1.0818158388137817,
        1.0803534984588623,
        1.0789059400558472,
        1.0774729251861572,
        1.0760544538497925,
        1.0746500492095947,
        1.0732600688934326
      ],
      "average_accuracy": [
        20.0,
        20.0,
        20.0,
        20.0,
        20.0,
        20.0,
        20.0,
        60.0,
        60.0,
        60.0
      ]
    },
    "average_loss_intra_epoch": [
      1.0746699571609497
    ],
    "average_accuracy_intra_epoch": [
      63.1578947368421
    ],
    "runtime": 2.97831392288208
  }
}