{
  "hyperparameters": {
    "architecture": "classification",
    "batch_size": 100,
    "clipping_threshold": 0.0,
    "dataset_name": "classification_annealing",
    "epochs": 10,
    "initialization_scale": "\\sqrt{\frac{6}{n+m}}",
    "inner_ISGD_iterations": 0,
    "intra_epoch": false,
    "lr": 0.1,
    "momentum": 0.0,
    "mu": 0.0,
    "nodes": 50,
    "seed": 1,
    "sgdtype": "explicit",
    "data_type": "classification"
  },
  "results": {
    "train": {
      "average_loss": [
        1.1945679485797882,
        0.9939670413732529,
        0.904241643846035,
        0.8662426173686981,
        0.8444209843873978,
        0.8260781019926071,
        0.806404210627079,
        0.7838271781802177,
        0.7586067765951157,
        0.7290597483515739
      ],
      "average_accuracy": [
        75.6267409470752,
        75.6267409470752,
        75.6267409470752,
        75.6267409470752,
        75.6267409470752,
        75.6267409470752,
        75.6267409470752,
        75.6267409470752,
        75.6267409470752,
        75.6267409470752
      ]
    },
    "test": {
      "average_loss": [
        1.170972228050232,
        0.9550731480121613,
        0.8555203676223755,
        0.8142183721065521,
        0.7934403419494629,
        0.7779788374900818,
        0.7625153362751007,
        0.7436724305152893,
        0.7170988321304321,
        0.6905288994312286
      ],
      "average_accuracy": [
        78.33333333333333,
        78.33333333333333,
        78.33333333333333,
        78.33333333333333,
        78.33333333333333,
        78.33333333333333,
        78.33333333333333,
        78.33333333333333,
        78.33333333333333,
        78.33333333333333
      ]
    },
    "average_loss_intra_epoch": [
      0.7290597483515739
    ],
    "average_accuracy_intra_epoch": [
      75.6267409470752
    ],
    "runtime": 3.931368589401245
  }
}