{
  "hyperparameters": {
    "architecture": "classification",
    "batch_size": 100,
    "clipping_threshold": 0.0,
    "dataset_name": "pittsburg-bridges-TYPE_classification",
    "epochs": 10,
    "initialization_scale": "\\sqrt{\frac{6}{n+m}}",
    "inner_ISGD_iterations": 0,
    "intra_epoch": false,
    "lr": 1.0,
    "momentum": 0.0,
    "mu": 0.0,
    "nodes": 50,
    "seed": 1,
    "sgdtype": "explicit",
    "data_type": "classification"
  },
  "results": {
    "train": {
      "average_loss": [
        1.786861777305603,
        1.6681451797485352,
        1.612783670425415,
        1.594835877418518,
        1.5897325277328491,
        1.5875331163406372,
        1.5861258506774902,
        1.5850924253463745,
        1.5842746496200562,
        1.5835775136947632
      ],
      "average_accuracy": [
        9.523809523809524,
        42.857142857142854,
        42.857142857142854,
        42.857142857142854,
        42.857142857142854,
        42.857142857142854,
        42.857142857142854,
        42.857142857142854,
        42.857142857142854,
        42.857142857142854
      ]
    },
    "test": {
      "average_loss": [
        1.7731690406799316,
        1.6915667057037354,
        1.66790771484375,
        1.6738947629928589,
        1.6855448484420776,
        1.6953728199005127,
        1.7031217813491821,
        1.709338903427124,
        1.7143772840499878,
        1.71845281124115
      ],
      "average_accuracy": [
        9.523809523809524,
        38.095238095238095,
        38.095238095238095,
        38.095238095238095,
        38.095238095238095,
        38.095238095238095,
        38.095238095238095,
        38.095238095238095,
        38.095238095238095,
        38.095238095238095
      ]
    },
    "average_loss_intra_epoch": [
      1.5835775136947632
    ],
    "average_accuracy_intra_epoch": [
      42.857142857142854
    ],
    "runtime": 3.2287895679473877
  }
}