{
  "hyperparameters": {
    "architecture": "classification",
    "batch_size": 100,
    "clipping_threshold": 0.0,
    "dataset_name": "spectf_classification",
    "epochs": 10,
    "initialization_scale": "\\sqrt{\frac{6}{n+m}}",
    "inner_ISGD_iterations": 0,
    "intra_epoch": false,
    "lr": 0.1,
    "momentum": 0.0,
    "mu": 0.0,
    "nodes": 50,
    "seed": 1,
    "sgdtype": "implicit",
    "data_type": "classification"
  },
  "results": {
    "train": {
      "average_loss": [
        0.6364038189252218,
        0.6000334024429321,
        0.5757116476694742,
        0.5582080880800883,
        0.5445558031400045,
        0.5329887370268503,
        0.5224373638629913,
        0.5122763911883036,
        0.5021926959355673,
        0.4921049078305562
      ],
      "average_accuracy": [
        78.87323943661971,
        78.87323943661971,
        78.87323943661971,
        78.87323943661971,
        78.87323943661971,
        78.87323943661971,
        78.87323943661971,
        78.87323943661971,
        78.87323943661971,
        78.87323943661971
      ]
    },
    "test": {
      "average_loss": [
        0.6283029913902283,
        0.583355188369751,
        0.5526700615882874,
        0.5305249691009521,
        0.5136304497718811,
        0.4999964237213135,
        0.48838865756988525,
        0.47805118560791016,
        0.4685525596141815,
        0.4596901535987854
      ],
      "average_accuracy": [
        81.48148148148148,
        81.48148148148148,
        81.48148148148148,
        81.48148148148148,
        81.48148148148148,
        81.48148148148148,
        81.48148148148148,
        81.48148148148148,
        81.48148148148148,
        81.48148148148148
      ]
    },
    "average_loss_intra_epoch": [
      0.4921049078305562
    ],
    "average_accuracy_intra_epoch": [
      78.87323943661971
    ],
    "runtime": 15.685777425765991
  }
}