{
  "hyperparameters": {
    "architecture": "classification",
    "batch_size": 100,
    "clipping_threshold": 0.0,
    "dataset_name": "congressional-voting_classification",
    "epochs": 10,
    "initialization_scale": "\\sqrt{\frac{6}{n+m}}",
    "inner_ISGD_iterations": 0,
    "intra_epoch": false,
    "lr": 50.0,
    "momentum": 0.0,
    "mu": 0.0,
    "nodes": 50,
    "seed": 1,
    "sgdtype": "implicit",
    "data_type": "classification"
  },
  "results": {
    "train": {
      "average_loss": [
        202.01065063476562,
        114.3791675567627,
        548.923583984375,
        879.8453826904297,
        566.7131423950195,
        66.5117597579956,
        285.44340896606445,
        708.0685272216797,
        614.5253143310547,
        265.8933296203613
      ],
      "average_accuracy": [
        42.81609195402299,
        57.18390804597701,
        57.47126436781609,
        43.10344827586207,
        43.39080459770115,
        43.39080459770115,
        57.18390804597701,
        57.18390804597701,
        42.81609195402299,
        42.81609195402299
      ]
    },
    "test": {
      "average_loss": [
        236.1890106201172,
        95.1143798828125,
        454.3143005371094,
        1052.0086669921875,
        679.9729614257812,
        78.32698059082031,
        233.98028564453125,
        557.6702880859375,
        730.3523559570312,
        314.6036682128906
      ],
      "average_accuracy": [
        34.48275862068966,
        65.51724137931035,
        64.36781609195403,
        33.333333333333336,
        33.333333333333336,
        33.333333333333336,
        66.66666666666667,
        66.66666666666667,
        33.333333333333336,
        33.333333333333336
      ]
    },
    "average_loss_intra_epoch": [
      265.8933296203613
    ],
    "average_accuracy_intra_epoch": [
      42.81609195402299
    ],
    "runtime": 11.512704133987427
  }
}