{
  "hyperparameters": {
    "architecture": "music",
    "batch_size": 100,
    "clipping_threshold": 0.01,
    "dataset_name": "Piano-midi.de",
    "epochs": 5,
    "initialization_scale": "\\sqrt{\frac{6}{n+m}}",
    "inner_ISGD_iterations": 0,
    "intra_epoch": false,
    "lr": 5.0,
    "momentum": 0.0,
    "mu": 0.0,
    "nodes": 300,
    "seed": 2,
    "sgdtype": "explicit",
    "data_type": "sequential_many"
  },
  "results": {
    "train": {
      "average_loss": [
        0.000868443982580666,
        0.0006284994261717992,
        0.00053901797026361,
        0.0004939383111429807,
        0.0004659827504472288
      ],
      "average_accuracy": [
        0,
        0,
        0,
        0,
        0
      ]
    },
    "test": {
      "average_loss": [
        0.0010260983172338456,
        0.0007587251465884038,
        0.0006585863541113213,
        0.0006081318904762156,
        0.0005771418238873594
      ],
      "average_accuracy": [
        0,
        0,
        0,
        0,
        0
      ]
    },
    "average_loss_intra_epoch": [
      0.0004659827504472288
    ],
    "average_accuracy_intra_epoch": [
      0
    ],
    "runtime": 569.4294748306274
  }
}