{
  "hyperparameters": {
    "architecture": "classification",
    "batch_size": 100,
    "clipping_threshold": 0.0,
    "dataset_name": "acute-inflammation_classification",
    "epochs": 10,
    "initialization_scale": "\\sqrt{\frac{6}{n+m}}",
    "inner_ISGD_iterations": 0,
    "intra_epoch": false,
    "lr": 50.0,
    "momentum": 0.0,
    "mu": 0.0,
    "nodes": 50,
    "seed": 1,
    "sgdtype": "explicit",
    "data_type": "classification"
  },
  "results": {
    "train": {
      "average_loss": [
        1.0242348909378052,
        10.43667221069336,
        349.6092529296875,
        145.82176208496094,
        151.1282501220703,
        189.7888641357422,
        114.5076904296875,
        56.11488342285156,
        45.95257568359375,
        30.870603561401367
      ],
      "average_accuracy": [
        48.958333333333336,
        48.958333333333336,
        22.916666666666668,
        77.08333333333333,
        50.0,
        14.583333333333334,
        85.41666666666667,
        85.41666666666667,
        71.875,
        91.66666666666667
      ]
    },
    "test": {
      "average_loss": [
        1.0068126916885376,
        10.265088081359863,
        316.0377502441406,
        198.77857971191406,
        109.9197769165039,
        154.2484893798828,
        163.581787109375,
        79.80231475830078,
        43.976654052734375,
        30.87060546875
      ],
      "average_accuracy": [
        50.0,
        50.0,
        29.166666666666668,
        70.83333333333333,
        62.5,
        20.833333333333332,
        79.16666666666667,
        79.16666666666667,
        87.5,
        91.66666666666667
      ]
    },
    "average_loss_intra_epoch": [
      30.870603561401367
    ],
    "average_accuracy_intra_epoch": [
      91.66666666666667
    ],
    "runtime": 0.9195380210876465
  }
}