{
  "hyperparameters": {
    "architecture": "music",
    "batch_size": 100,
    "clipping_threshold": 0.01,
    "dataset_name": "Piano-midi.de",
    "epochs": 5,
    "initialization_scale": "\\sqrt{\frac{6}{n+m}}",
    "inner_ISGD_iterations": 0,
    "intra_epoch": false,
    "lr": 500.0,
    "momentum": 0.0,
    "mu": 0.0,
    "nodes": 300,
    "seed": 4,
    "sgdtype": "implicit",
    "data_type": "sequential_many"
  },
  "results": {
    "train": {
      "average_loss": [
        0.00034013141222444,
        0.0003206507717968425,
        0.00030840618052317806,
        0.0003047387057366037,
        0.0003067822832946703
      ],
      "average_accuracy": [
        0,
        0,
        0,
        0,
        0
      ]
    },
    "test": {
      "average_loss": [
        0.00044666700647212566,
        0.00042889166943496095,
        0.0004221956596302334,
        0.00041847564847557805,
        0.000424366394727258
      ],
      "average_accuracy": [
        0,
        0,
        0,
        0,
        0
      ]
    },
    "average_loss_intra_epoch": [
      0.0003067822832946703
    ],
    "average_accuracy_intra_epoch": [
      0
    ],
    "runtime": 2942.7385790348053
  }
}