{
  "hyperparameters": {
    "architecture": "classification",
    "batch_size": 100,
    "clipping_threshold": 0.0,
    "dataset_name": "oocytes-trisopterus-states-5b_classification",
    "epochs": 10,
    "initialization_scale": "\\sqrt{\frac{6}{n+m}}",
    "inner_ISGD_iterations": 0,
    "intra_epoch": false,
    "lr": 0.01,
    "momentum": 0.0,
    "mu": 0.0,
    "nodes": 50,
    "seed": 1,
    "sgdtype": "explicit",
    "data_type": "classification"
  },
  "results": {
    "train": {
      "average_loss": [
        1.0040467008948326,
        0.9892429336905479,
        0.9751740172505379,
        0.9617390260100365,
        0.9488461017608643,
        0.9364107474684715,
        0.9243545606732368,
        0.9126037955284119,
        0.9010893031954765,
        0.8897450566291809
      ],
      "average_accuracy": [
        58.29903978052126,
        58.29903978052126,
        58.29903978052126,
        58.29903978052126,
        58.29903978052126,
        58.29903978052126,
        58.29903978052126,
        58.29903978052126,
        58.29903978052126,
        58.29903978052126
      ]
    },
    "test": {
      "average_loss": [
        1.0199946165084839,
        1.006143718957901,
        0.9930222034454346,
        0.9805360734462738,
        0.9685996174812317,
        0.9571349918842316,
        0.9460706114768982,
        0.9353402853012085,
        0.9248819947242737,
        0.9146380424499512
      ],
      "average_accuracy": [
        54.6448087431694,
        54.6448087431694,
        54.6448087431694,
        54.6448087431694,
        54.6448087431694,
        54.6448087431694,
        54.6448087431694,
        54.6448087431694,
        54.6448087431694,
        54.6448087431694
      ]
    },
    "average_loss_intra_epoch": [
      0.8897450566291809
    ],
    "average_accuracy_intra_epoch": [
      58.29903978052126
    ],
    "runtime": 3.967099905014038
  }
}