{
  "hyperparameters": {
    "architecture": "classification",
    "batch_size": 100,
    "clipping_threshold": 0.0,
    "dataset_name": "teaching_classification",
    "epochs": 10,
    "initialization_scale": "\\sqrt{\frac{6}{n+m}}",
    "inner_ISGD_iterations": 0,
    "intra_epoch": false,
    "lr": 0.5,
    "momentum": 0.0,
    "mu": 0.0,
    "nodes": 50,
    "seed": 1,
    "sgdtype": "explicit",
    "data_type": "classification"
  },
  "results": {
    "train": {
      "average_loss": [
        1.100426435470581,
        1.0934091210365295,
        1.0899648666381836,
        1.0883079171180725,
        1.0875221490859985,
        1.087152361869812,
        1.0869786143302917,
        1.0868960618972778,
        1.086855173110962,
        1.0868330001831055
      ],
      "average_accuracy": [
        34.166666666666664,
        34.166666666666664,
        34.166666666666664,
        34.166666666666664,
        34.166666666666664,
        34.166666666666664,
        34.166666666666664,
        34.166666666666664,
        34.166666666666664,
        34.166666666666664
      ]
    },
    "test": {
      "average_loss": [
        1.1479754447937012,
        1.1394747495651245,
        1.1357918977737427,
        1.1344417333602905,
        1.1341511011123657,
        1.1342912912368774,
        1.1345680952072144,
        1.1348516941070557,
        1.1350938081741333,
        1.1352814435958862
      ],
      "average_accuracy": [
        29.032258064516128,
        29.032258064516128,
        29.032258064516128,
        29.032258064516128,
        29.032258064516128,
        29.032258064516128,
        29.032258064516128,
        29.032258064516128,
        29.032258064516128,
        29.032258064516128
      ]
    },
    "average_loss_intra_epoch": [
      1.0868330001831055
    ],
    "average_accuracy_intra_epoch": [
      34.166666666666664
    ],
    "runtime": 3.357508420944214
  }
}