{
  "hyperparameters": {
    "architecture": "classification",
    "batch_size": 100,
    "clipping_threshold": 0.0,
    "dataset_name": "chess-krvkp_classification",
    "epochs": 10,
    "initialization_scale": "\\sqrt{\frac{6}{n+m}}",
    "inner_ISGD_iterations": 0,
    "intra_epoch": false,
    "lr": 30.0,
    "momentum": 0.0,
    "mu": 0.0,
    "nodes": 50,
    "seed": 1,
    "sgdtype": "implicit",
    "data_type": "classification"
  },
  "results": {
    "train": {
      "average_loss": [
        514.0371997539813,
        413.3066535362831,
        237.35224151611328,
        77.79712207500751,
        25.851504362546482,
        57.21325375483586,
        10.9773484147512,
        14.317356191002405,
        6.1982945295480585,
        26.88004394677969
      ],
      "average_accuracy": [
        35.250391236306726,
        65.41471048513301,
        71.08763693270735,
        84.11580594679187,
        88.41940532081377,
        82.78560250391236,
        95.4225352112676,
        92.21439749608764,
        95.50078247261345,
        95.1095461658842
      ]
    },
    "test": {
      "average_loss": [
        506.6509355817522,
        387.2244393484933,
        250.81488909040178,
        80.57710211617606,
        26.522946221487864,
        53.55912889753069,
        13.830957889556885,
        13.204165049961635,
        3.5792167697634016,
        30.405610493251256
      ],
      "average_accuracy": [
        36.40625,
        68.59375,
        71.5625,
        83.4375,
        86.875,
        83.28125,
        93.4375,
        92.1875,
        96.5625,
        94.21875
      ]
    },
    "average_loss_intra_epoch": [
      26.88004394677969
    ],
    "average_accuracy_intra_epoch": [
      95.1095461658842
    ],
    "runtime": 127.55241465568542
  }
}