{
  "hyperparameters": {
    "architecture": "music",
    "batch_size": 100,
    "clipping_threshold": 0.0,
    "dataset_name": "MuseData",
    "epochs": 5,
    "initialization_scale": "\\sqrt{\frac{6}{n+m}}",
    "inner_ISGD_iterations": 0,
    "intra_epoch": false,
    "lr": 500.0,
    "momentum": 0.0,
    "mu": 0.0,
    "nodes": 300,
    "seed": 5,
    "sgdtype": "explicit",
    "data_type": "sequential_many"
  },
  "results": {
    "train": {
      "average_loss": [
        0.007251869075372193,
        0.0070413000319756915,
        0.0038927126262086587,
        0.0037508914413363612,
        0.0031519323242337263
      ],
      "average_accuracy": [
        0,
        0,
        0,
        0,
        0
      ]
    },
    "test": {
      "average_loss": [
        0.006356812294994128,
        0.006940172691341309,
        0.003683369361873878,
        0.003579581320815534,
        0.003090812315173436
      ],
      "average_accuracy": [
        0,
        0,
        0,
        0,
        0
      ]
    },
    "average_loss_intra_epoch": [
      0.0031519323242337263
    ],
    "average_accuracy_intra_epoch": [
      0
    ],
    "runtime": 1941.1677055358887
  }
}