{
  "hyperparameters": {
    "architecture": "classification",
    "batch_size": 100,
    "clipping_threshold": 0.0,
    "dataset_name": "car_classification",
    "epochs": 10,
    "initialization_scale": "\\sqrt{\frac{6}{n+m}}",
    "inner_ISGD_iterations": 0,
    "intra_epoch": false,
    "lr": 5.0,
    "momentum": 0.0,
    "mu": 0.0,
    "nodes": 50,
    "seed": 1,
    "sgdtype": "explicit",
    "data_type": "classification"
  },
  "results": {
    "train": {
      "average_loss": [
        8.989342485155378,
        9.74150286402021,
        10.288538183484759,
        4.190144147191729,
        7.459337438855853,
        7.940274204526629,
        4.459509338651385,
        4.528521980558123,
        4.862219418798174,
        5.278521299362183
      ],
      "average_accuracy": [
        68.7409551374819,
        68.7409551374819,
        68.7409551374819,
        35.31114327062229,
        68.7409551374819,
        68.7409551374819,
        68.7409551374819,
        68.7409551374819,
        63.96526772793054,
        44.500723589001446
      ]
    },
    "test": {
      "average_loss": [
        7.777915596961975,
        8.135291337966919,
        8.64298951625824,
        4.160114586353302,
        6.268126606941223,
        6.545994520187378,
        3.59631210565567,
        3.463807761669159,
        5.551572680473328,
        5.57481849193573
      ],
      "average_accuracy": [
        75.14450867052022,
        75.14450867052022,
        75.14450867052022,
        34.104046242774565,
        75.14450867052022,
        75.14450867052022,
        75.14450867052022,
        75.14450867052022,
        60.69364161849711,
        42.19653179190752
      ]
    },
    "average_loss_intra_epoch": [
      5.278521299362183
    ],
    "average_accuracy_intra_epoch": [
      44.500723589001446
    ],
    "runtime": 4.69964861869812
  }
}