{
  "hyperparameters": {
    "architecture": "music",
    "batch_size": 100,
    "clipping_threshold": 8.0,
    "dataset_name": "MuseData",
    "epochs": 5,
    "initialization_scale": "\\sqrt{\frac{6}{n+m}}",
    "inner_ISGD_iterations": 0,
    "intra_epoch": false,
    "lr": 50.0,
    "momentum": 0.0,
    "mu": 0.0,
    "nodes": 300,
    "seed": 1,
    "sgdtype": "implicit",
    "data_type": "sequential_many"
  },
  "results": {
    "train": {
      "average_loss": [
        0.0006896936530689998,
        0.0006124720823299173,
        0.000569626769020519,
        0.000537786298738296,
        0.0005148467786119638
      ],
      "average_accuracy": [
        0,
        0,
        0,
        0,
        0
      ]
    },
    "test": {
      "average_loss": [
        0.0006313800447588296,
        0.0005548125484951484,
        0.0005116744406780438,
        0.000481928585515796,
        0.00046328241807068774
      ],
      "average_accuracy": [
        0,
        0,
        0,
        0,
        0
      ]
    },
    "average_loss_intra_epoch": [
      0.0005148467786119638
    ],
    "average_accuracy_intra_epoch": [
      0
    ],
    "runtime": 9816.475111722946
  }
}