{
  "hyperparameters": {
    "architecture": "classification",
    "batch_size": 100,
    "clipping_threshold": 0.0,
    "dataset_name": "molec-biol-promoter_classification",
    "epochs": 10,
    "initialization_scale": "\\sqrt{\frac{6}{n+m}}",
    "inner_ISGD_iterations": 0,
    "intra_epoch": false,
    "lr": 0.1,
    "momentum": 0.0,
    "mu": 0.0,
    "nodes": 50,
    "seed": 1,
    "sgdtype": "explicit",
    "data_type": "classification"
  },
  "results": {
    "train": {
      "average_loss": [
        0.6888742446899414,
        0.6847609281539917,
        0.6808366775512695,
        0.6770257949829102,
        0.6732613444328308,
        0.6694827079772949,
        0.6656315922737122,
        0.6616538166999817,
        0.6574939489364624,
        0.6530969142913818
      ],
      "average_accuracy": [
        57.142857142857146,
        59.523809523809526,
        61.904761904761905,
        65.47619047619048,
        61.904761904761905,
        66.66666666666667,
        66.66666666666667,
        69.04761904761905,
        69.04761904761905,
        69.04761904761905
      ]
    },
    "test": {
      "average_loss": [
        0.6771267652511597,
        0.6788153648376465,
        0.6802358031272888,
        0.6813759207725525,
        0.6822251677513123,
        0.6827727556228638,
        0.6830076575279236,
        0.6829168200492859,
        0.682485818862915,
        0.6816978454589844
      ],
      "average_accuracy": [
        63.63636363636363,
        68.18181818181819,
        63.63636363636363,
        63.63636363636363,
        63.63636363636363,
        63.63636363636363,
        54.54545454545455,
        54.54545454545455,
        54.54545454545455,
        59.09090909090909
      ]
    },
    "average_loss_intra_epoch": [
      0.6530969142913818
    ],
    "average_accuracy_intra_epoch": [
      69.04761904761905
    ],
    "runtime": 0.7739410400390625
  }
}