{
  "hyperparameters": {
    "architecture": "classification",
    "batch_size": 100,
    "clipping_threshold": 0.0,
    "dataset_name": "primary-tumor_classification",
    "epochs": 10,
    "initialization_scale": "\\sqrt{\frac{6}{n+m}}",
    "inner_ISGD_iterations": 0,
    "intra_epoch": false,
    "lr": 0.5,
    "momentum": 0.0,
    "mu": 0.0,
    "nodes": 50,
    "seed": 1,
    "sgdtype": "implicit",
    "data_type": "classification"
  },
  "results": {
    "train": {
      "average_loss": [
        2.5878096421559653,
        2.4961419900258384,
        2.433648427327474,
        2.3969760735829673,
        2.3723881244659424,
        2.3477180004119873,
        2.3141706784566245,
        2.264561573664347,
        2.2039190928141275,
        2.1526121298472085
      ],
      "average_accuracy": [
        27.272727272727273,
        27.272727272727273,
        27.272727272727273,
        27.272727272727273,
        27.272727272727273,
        27.272727272727273,
        27.272727272727273,
        27.272727272727273,
        29.924242424242426,
        31.818181818181817
      ]
    },
    "test": {
      "average_loss": [
        2.681257486343384,
        2.6439688205718994,
        2.630019426345825,
        2.630868673324585,
        2.6321280002593994,
        2.6263298988342285,
        2.609616279602051,
        2.5764808654785156,
        2.529397964477539,
        2.489187479019165
      ],
      "average_accuracy": [
        18.181818181818183,
        18.181818181818183,
        18.181818181818183,
        18.181818181818183,
        18.181818181818183,
        18.181818181818183,
        18.181818181818183,
        18.181818181818183,
        18.181818181818183,
        19.696969696969695
      ]
    },
    "average_loss_intra_epoch": [
      2.1526121298472085
    ],
    "average_accuracy_intra_epoch": [
      31.818181818181817
    ],
    "runtime": 9.682281494140625
  }
}