{
  "hyperparameters": {
    "architecture": "classification",
    "batch_size": 100,
    "clipping_threshold": 0.0,
    "dataset_name": "car_classification",
    "epochs": 10,
    "initialization_scale": "\\sqrt{\frac{6}{n+m}}",
    "inner_ISGD_iterations": 0,
    "intra_epoch": false,
    "lr": 0.5,
    "momentum": 0.0,
    "mu": 0.0,
    "nodes": 50,
    "seed": 1,
    "sgdtype": "implicit",
    "data_type": "classification"
  },
  "results": {
    "train": {
      "average_loss": [
        0.8737927419798714,
        0.8488616134439196,
        0.7946872115135193,
        0.55388933633055,
        0.5309097660439355,
        0.5213362510715213,
        0.5141753788505282,
        0.5083941242524556,
        0.5034717193671635,
        0.4988726569073541
      ],
      "average_accuracy": [
        68.7409551374819,
        68.7409551374819,
        68.7409551374819,
        78.50940665701881,
        78.65412445730824,
        78.72648335745296,
        78.58176555716354,
        78.50940665701881,
        78.4370477568741,
        78.58176555716354
      ]
    },
    "test": {
      "average_loss": [
        0.8016246557235718,
        0.7836268097162247,
        0.7386819124221802,
        0.538533017039299,
        0.5182335823774338,
        0.5068209692835808,
        0.49876604974269867,
        0.4925621747970581,
        0.48733072727918625,
        0.48237932473421097
      ],
      "average_accuracy": [
        75.14450867052022,
        75.14450867052022,
        75.14450867052022,
        79.47976878612717,
        78.90173410404624,
        78.61271676300578,
        78.61271676300578,
        79.1907514450867,
        79.76878612716763,
        79.76878612716763
      ]
    },
    "average_loss_intra_epoch": [
      0.4988726569073541
    ],
    "average_accuracy_intra_epoch": [
      78.58176555716354
    ],
    "runtime": 17.70519781112671
  }
}