{
  "hyperparameters": {
    "architecture": "classification",
    "batch_size": 100,
    "clipping_threshold": 0.0,
    "dataset_name": "cardiotocography-10clases_classification",
    "epochs": 10,
    "initialization_scale": "\\sqrt{\frac{6}{n+m}}",
    "inner_ISGD_iterations": 0,
    "intra_epoch": false,
    "lr": 0.001,
    "momentum": 0.0,
    "mu": 0.0,
    "nodes": 50,
    "seed": 1,
    "sgdtype": "implicit",
    "data_type": "classification"
  },
  "results": {
    "train": {
      "average_loss": [
        2.3102778967689064,
        2.3085795290329876,
        2.3068904035231648,
        2.3052104360917034,
        2.3035393602707805,
        2.3018772882573746,
        2.300223897485172,
        2.298579496495864,
        2.2969437346738926,
        2.2953166681177475
      ],
      "average_accuracy": [
        4.470588235294118,
        5.411764705882353,
        7.0,
        8.764705882352942,
        10.235294117647058,
        11.411764705882353,
        13.647058823529411,
        15.882352941176471,
        16.941176470588236,
        17.705882352941178
      ]
    },
    "test": {
      "average_loss": [
        2.304059553146362,
        2.3023250579833983,
        2.300599765777588,
        2.2988835334777833,
        2.2971765995025635,
        2.295478343963623,
        2.2937894821166993,
        2.2921093940734862,
        2.2904381275177004,
        2.2887754917144774
      ],
      "average_accuracy": [
        5.39906103286385,
        5.39906103286385,
        7.511737089201878,
        8.685446009389672,
        9.624413145539906,
        11.032863849765258,
        12.44131455399061,
        13.849765258215962,
        15.023474178403756,
        16.901408450704224
      ]
    },
    "average_loss_intra_epoch": [
      2.2953166681177475
    ],
    "average_accuracy_intra_epoch": [
      17.705882352941178
    ],
    "runtime": 14.149780035018921
  }
}