{
  "hyperparameters": {
    "architecture": "music",
    "batch_size": 100,
    "clipping_threshold": 1.0,
    "dataset_name": "Piano-midi.de",
    "epochs": 5,
    "initialization_scale": "\\sqrt{\frac{6}{n+m}}",
    "inner_ISGD_iterations": 0,
    "intra_epoch": false,
    "lr": 2.0,
    "momentum": 0.0,
    "mu": 0.0,
    "nodes": 300,
    "seed": 5,
    "sgdtype": "implicit",
    "data_type": "sequential_many"
  },
  "results": {
    "train": {
      "average_loss": [
        0.0012145794837082598,
        0.0009710376629948445,
        0.0008045984207968302,
        0.0007010648682233128,
        0.0006353472305619661
      ],
      "average_accuracy": [
        0,
        0,
        0,
        0,
        0
      ]
    },
    "test": {
      "average_loss": [
        0.0013903518475126475,
        0.001123242694302462,
        0.0009403533133445308,
        0.0008268755301833152,
        0.0007551533728837967
      ],
      "average_accuracy": [
        0,
        0,
        0,
        0,
        0
      ]
    },
    "average_loss_intra_epoch": [
      0.0006353472305619661
    ],
    "average_accuracy_intra_epoch": [
      0
    ],
    "runtime": 2951.322515964508
  }
}