{
  "hyperparameters": {
    "architecture": "music",
    "batch_size": 100,
    "clipping_threshold": 8.0,
    "dataset_name": "MuseData",
    "epochs": 5,
    "initialization_scale": "\\sqrt{\frac{6}{n+m}}",
    "inner_ISGD_iterations": 0,
    "intra_epoch": false,
    "lr": 5.0,
    "momentum": 0.0,
    "mu": 0.0,
    "nodes": 300,
    "seed": 4,
    "sgdtype": "implicit",
    "data_type": "sequential_many"
  },
  "results": {
    "train": {
      "average_loss": [
        0.0009280126123415961,
        0.0008280313985993999,
        0.0007786130699066811,
        0.0007463182625910649,
        0.000722335132875825
      ],
      "average_accuracy": [
        0,
        0,
        0,
        0,
        0
      ]
    },
    "test": {
      "average_loss": [
        0.000868027568216231,
        0.0007706320171388554,
        0.0007221898079684076,
        0.0006904326580972279,
        0.0006668074126331879
      ],
      "average_accuracy": [
        0,
        0,
        0,
        0,
        0
      ]
    },
    "average_loss_intra_epoch": [
      0.000722335132875825
    ],
    "average_accuracy_intra_epoch": [
      0
    ],
    "runtime": 9468.166145563126
  }
}