{
  "hyperparameters": {
    "architecture": "classification",
    "batch_size": 100,
    "clipping_threshold": 0.0,
    "dataset_name": "statlog-vehicle_classification",
    "epochs": 10,
    "initialization_scale": "\\sqrt{\frac{6}{n+m}}",
    "inner_ISGD_iterations": 0,
    "intra_epoch": false,
    "lr": 30.0,
    "momentum": 0.0,
    "mu": 0.0,
    "nodes": 50,
    "seed": 1,
    "sgdtype": "explicit",
    "data_type": "classification"
  },
  "results": {
    "train": {
      "average_loss": [
        291.0506373814174,
        323.12012154715404,
        253.5730961390904,
        378.7630920410156,
        133.1803490774972,
        357.3559352329799,
        147.90875026157923,
        133.34561484200614,
        105.75510515485492,
        163.61085619245256
      ],
      "average_accuracy": [
        28.550295857988164,
        17.899408284023668,
        18.93491124260355,
        19.526627218934912,
        38.46153846153846,
        10.650887573964496,
        28.106508875739646,
        35.35502958579882,
        30.325443786982248,
        33.13609467455621
      ]
    },
    "test": {
      "average_loss": [
        269.8745880126953,
        311.67510986328125,
        253.69759368896484,
        355.8229217529297,
        157.8650665283203,
        368.9031524658203,
        158.19874572753906,
        133.53559112548828,
        122.59368133544922,
        167.45771026611328
      ],
      "average_accuracy": [
        31.176470588235293,
        18.823529411764707,
        17.058823529411764,
        17.647058823529413,
        32.35294117647059,
        14.117647058823529,
        26.470588235294116,
        41.1764705882353,
        25.88235294117647,
        34.11764705882353
      ]
    },
    "average_loss_intra_epoch": [
      163.61085619245256
    ],
    "average_accuracy_intra_epoch": [
      33.13609467455621
    ],
    "runtime": 4.2588958740234375
  }
}