{
  "hyperparameters": {
    "architecture": "classification",
    "batch_size": 1,
    "clipping_threshold": 0.0,
    "dataset_name": "classification_abalone",
    "epochs": 10,
    "initialization_scale": "\\sqrt{\frac{6}{n+m}}",
    "inner_ISGD_iterations": 0,
    "intra_epoch": false,
    "lr": 10.0,
    "momentum": 0.0,
    "mu": 0.0,
    "nodes": 50,
    "seed": 1,
    "sgdtype": "explicit",
    "data_type": "classification"
  },
  "results": {
    "train": {
      "average_loss": [
        124.53310040334355,
        156.76037361078795,
        102.1089300654028,
        74.77246135139636,
        113.60277569704304,
        114.29100513772242,
        85.4879269010469,
        110.02251604052226,
        117.24515186116854,
        132.44713723605994
      ],
      "average_accuracy": [
        35.558216102963186,
        38.22208919485184,
        36.067045794672254,
        35.228973361269084,
        34.72014366956001,
        36.90511822807542,
        30.589643819215805,
        34.00179586950015,
        38.042502244836875,
        52.05028434600419
      ]
    },
    "test": {
      "average_loss": [
        124.07270362160422,
        152.61314015183152,
        101.89285393308795,
        75.22251665535155,
        112.97841888865786,
        118.70294050965012,
        85.11883998031252,
        111.28858958477039,
        117.42670397781299,
        139.03656828118284
      ],
      "average_accuracy": [
        36.004784688995215,
        38.995215311004785,
        34.21052631578947,
        34.569377990430624,
        34.21052631578947,
        37.32057416267943,
        31.9377990430622,
        34.21052631578947,
        38.39712918660287,
        50.239234449760765
      ]
    },
    "average_loss_intra_epoch": [
      132.44713723605994
    ],
    "average_accuracy_intra_epoch": [
      52.05028434600419
    ],
    "runtime": 150.55652403831482
  }
}