{
  "hyperparameters": {
    "architecture": "classification",
    "batch_size": 100,
    "clipping_threshold": 0.0,
    "dataset_name": "ozone_classification",
    "epochs": 10,
    "initialization_scale": "\\sqrt{\frac{6}{n+m}}",
    "inner_ISGD_iterations": 0,
    "intra_epoch": false,
    "lr": 0.001,
    "momentum": 0.0,
    "mu": 0.0,
    "nodes": 50,
    "seed": 1,
    "sgdtype": "explicit",
    "data_type": "classification"
  },
  "results": {
    "train": {
      "average_loss": [
        0.6219754190672011,
        0.6077848672866821,
        0.5941202441851298,
        0.5809546765826997,
        0.5682629630679176,
        0.5560219770386106,
        0.5442099230630058,
        0.5328064873105004,
        0.5217927410489037,
        0.5111508539744786
      ],
      "average_accuracy": [
        97.23865877712032,
        97.33727810650888,
        97.33727810650888,
        97.33727810650888,
        97.33727810650888,
        97.33727810650888,
        97.33727810650888,
        97.33727810650888,
        97.33727810650888,
        97.33727810650888
      ]
    },
    "test": {
      "average_loss": [
        0.621377577384313,
        0.6073152422904968,
        0.5937742789586385,
        0.5807282030582428,
        0.5681521495183309,
        0.5560232599576315,
        0.5443199574947357,
        0.5330220957597097,
        0.5221109886964163,
        0.511569082736969
      ],
      "average_accuracy": [
        96.25984251968504,
        96.25984251968504,
        96.25984251968504,
        96.25984251968504,
        96.25984251968504,
        96.25984251968504,
        96.25984251968504,
        96.25984251968504,
        96.25984251968504,
        96.25984251968504
      ]
    },
    "average_loss_intra_epoch": [
      0.5111508539744786
    ],
    "average_accuracy_intra_epoch": [
      97.33727810650888
    ],
    "runtime": 6.93558144569397
  }
}