{
  "hyperparameters": {
    "architecture": "classification",
    "batch_size": 100,
    "clipping_threshold": 0.0,
    "dataset_name": "heart-hungarian_classification",
    "epochs": 10,
    "initialization_scale": "\\sqrt{\frac{6}{n+m}}",
    "inner_ISGD_iterations": 0,
    "intra_epoch": false,
    "lr": 0.01,
    "momentum": 0.0,
    "mu": 0.0,
    "nodes": 50,
    "seed": 1,
    "sgdtype": "explicit",
    "data_type": "classification"
  },
  "results": {
    "train": {
      "average_loss": [
        0.6621260444323221,
        0.6620499094327291,
        0.6619753440221151,
        0.6619022091229757,
        0.6618303656578064,
        0.6617598334948221,
        0.6616906722386678,
        0.6616227428118387,
        0.6615559657414755,
        0.6614903211593628
      ],
      "average_accuracy": [
        64.25531914893617,
        64.25531914893617,
        64.25531914893617,
        64.25531914893617,
        64.25531914893617,
        64.25531914893617,
        64.25531914893617,
        64.25531914893617,
        64.25531914893617,
        64.25531914893617
      ]
    },
    "test": {
      "average_loss": [
        0.6611878275871277,
        0.6611284017562866,
        0.6610704064369202,
        0.6610136032104492,
        0.6609582901000977,
        0.6609043478965759,
        0.6608513593673706,
        0.6607996225357056,
        0.6607489585876465,
        0.6606994867324829
      ],
      "average_accuracy": [
        62.71186440677966,
        62.71186440677966,
        62.71186440677966,
        62.71186440677966,
        62.71186440677966,
        62.71186440677966,
        62.71186440677966,
        62.71186440677966,
        62.71186440677966,
        62.71186440677966
      ]
    },
    "average_loss_intra_epoch": [
      0.6614903211593628
    ],
    "average_accuracy_intra_epoch": [
      64.25531914893617
    ],
    "runtime": 0.7941555976867676
  }
}