{
  "hyperparameters": {
    "architecture": "classification",
    "batch_size": 100,
    "clipping_threshold": 0.0,
    "dataset_name": "hayes-roth_classification",
    "epochs": 10,
    "initialization_scale": "\\sqrt{\frac{6}{n+m}}",
    "inner_ISGD_iterations": 0,
    "intra_epoch": false,
    "lr": 30.0,
    "momentum": 0.0,
    "mu": 0.0,
    "nodes": 50,
    "seed": 1,
    "sgdtype": "implicit",
    "data_type": "classification"
  },
  "results": {
    "train": {
      "average_loss": [
        17.48784828186035,
        192.8160629272461,
        25.93626880645752,
        47.97907066345215,
        73.7977294921875,
        55.65199089050293,
        78.24523544311523,
        40.38680076599121,
        37.232961654663086,
        31.047602653503418
      ],
      "average_accuracy": [
        42.96875,
        20.3125,
        42.96875,
        45.3125,
        51.5625,
        36.71875,
        52.34375,
        43.75,
        32.8125,
        43.75
      ]
    },
    "test": {
      "average_loss": [
        22.785812377929688,
        181.55694580078125,
        22.56348419189453,
        63.13163375854492,
        98.5687484741211,
        37.817787170410156,
        106.24697875976562,
        26.96877670288086,
        27.133150100708008,
        20.212976455688477
      ],
      "average_accuracy": [
        31.25,
        15.625,
        31.25,
        34.375,
        43.75,
        53.125,
        43.75,
        62.5,
        50.0,
        62.5
      ]
    },
    "average_loss_intra_epoch": [
      31.047602653503418
    ],
    "average_accuracy_intra_epoch": [
      43.75
    ],
    "runtime": 4.405921459197998
  }
}