{
  "hyperparameters": {
    "architecture": "classification",
    "batch_size": 100,
    "clipping_threshold": 0.0,
    "dataset_name": "statlog-landsat_classification",
    "epochs": 10,
    "initialization_scale": "\\sqrt{\frac{6}{n+m}}",
    "inner_ISGD_iterations": 0,
    "intra_epoch": false,
    "lr": 0.01,
    "momentum": 0.0,
    "mu": 0.0,
    "nodes": 50,
    "seed": 1,
    "sgdtype": "implicit",
    "data_type": "classification"
  },
  "results": {
    "train": {
      "average_loss": [
        1.7251294988852282,
        1.6758929445193365,
        1.6079904253666217,
        1.510320259974553,
        1.388335081247183,
        1.2681527917201703,
        1.1624019283514757,
        1.067244596206225,
        0.9800548725403272,
        0.9024297434550065
      ],
      "average_accuracy": [
        39.25796425796426,
        57.45920745920746,
        54.623154623154626,
        49.902874902874906,
        52.85547785547786,
        56.56565656565657,
        58.13908313908314,
        60.52836052836053,
        66.66666666666667,
        70.45454545454545
      ]
    },
    "test": {
      "average_loss": [
        1.7219364092900202,
        1.6731486778992872,
        1.6059919412319477,
        1.5093325743308434,
        1.3884491278575017,
        1.2694917917251587,
        1.1651814717512865,
        1.07121159021671,
        0.9845005227969243,
        0.9067400923142066
      ],
      "average_accuracy": [
        41.95804195804196,
        59.51825951825952,
        55.63325563325564,
        50.660450660450664,
        53.69075369075369,
        56.48795648795649,
        58.27505827505828,
        60.83916083916084,
        67.52136752136752,
        71.63947163947164
      ]
    },
    "average_loss_intra_epoch": [
      0.9024297434550065
    ],
    "average_accuracy_intra_epoch": [
      70.45454545454545
    ],
    "runtime": 270.02405166625977
  }
}