{
  "hyperparameters": {
    "architecture": "classification",
    "batch_size": 100,
    "clipping_threshold": 0.0,
    "dataset_name": "statlog-heart_classification",
    "epochs": 10,
    "initialization_scale": "\\sqrt{\frac{6}{n+m}}",
    "inner_ISGD_iterations": 0,
    "intra_epoch": false,
    "lr": 30.0,
    "momentum": 0.0,
    "mu": 0.0,
    "nodes": 50,
    "seed": 1,
    "sgdtype": "explicit",
    "data_type": "classification"
  },
  "results": {
    "train": {
      "average_loss": [
        144.7455037434896,
        88.12976837158203,
        92.00426228841145,
        203.50475056966147,
        131.47317759195963,
        47.13769785563151,
        154.09514363606772,
        77.6305414835612,
        61.18476867675781,
        143.10779571533203
      ],
      "average_accuracy": [
        24.537037037037038,
        25.462962962962962,
        80.0925925925926,
        74.07407407407408,
        25.0,
        79.62962962962963,
        74.53703703703704,
        23.61111111111111,
        79.62962962962963,
        75.0
      ]
    },
    "test": {
      "average_loss": [
        146.52674865722656,
        76.85543823242188,
        101.93413543701172,
        273.1629943847656,
        106.38843536376953,
        48.09001541137695,
        172.56971740722656,
        62.35499572753906,
        68.805419921875,
        173.54527282714844
      ],
      "average_accuracy": [
        27.77777777777778,
        31.48148148148148,
        79.62962962962963,
        68.51851851851852,
        27.77777777777778,
        79.62962962962963,
        70.37037037037037,
        29.62962962962963,
        79.62962962962963,
        70.37037037037037
      ]
    },
    "average_loss_intra_epoch": [
      143.10779571533203
    ],
    "average_accuracy_intra_epoch": [
      75.0
    ],
    "runtime": 3.864384651184082
  }
}