{
  "hyperparameters": {
    "architecture": "classification",
    "batch_size": 100,
    "clipping_threshold": 0.0,
    "dataset_name": "hill-valley_classification",
    "epochs": 10,
    "initialization_scale": "\\sqrt{\frac{6}{n+m}}",
    "inner_ISGD_iterations": 0,
    "intra_epoch": false,
    "lr": 0.5,
    "momentum": 0.0,
    "mu": 0.0,
    "nodes": 50,
    "seed": 1,
    "sgdtype": "implicit",
    "data_type": "classification"
  },
  "results": {
    "train": {
      "average_loss": [
        0.6948597073554993,
        0.6938360452651977,
        0.6932480573654175,
        0.6928758680820465,
        0.6926928520202636,
        0.6926172375679016,
        0.692716407775879,
        0.6930370450019836,
        0.6934449732303619,
        0.693700760602951
      ],
      "average_accuracy": [
        50.67079463364293,
        51.59958720330237,
        51.80598555211558,
        52.01238390092879,
        52.01238390092879,
        52.01238390092879,
        51.80598555211558,
        51.18679050567595,
        51.083591331269346,
        50.87719298245614
      ]
    },
    "test": {
      "average_loss": [
        0.6947863499323527,
        0.6934070388476054,
        0.6925890644391378,
        0.6920697291692098,
        0.6917936007181803,
        0.69173530737559,
        0.691907008488973,
        0.6923030018806458,
        0.6927793025970459,
        0.693082869052887
      ],
      "average_accuracy": [
        51.440329218106996,
        51.851851851851855,
        53.08641975308642,
        52.674897119341566,
        53.08641975308642,
        53.08641975308642,
        52.26337448559671,
        51.440329218106996,
        51.440329218106996,
        52.26337448559671
      ]
    },
    "average_loss_intra_epoch": [
      0.693700760602951
    ],
    "average_accuracy_intra_epoch": [
      50.87719298245614
    ],
    "runtime": 135.66365146636963
  }
}