{
  "hyperparameters": {
    "architecture": "classification",
    "batch_size": 100,
    "clipping_threshold": 0.0,
    "dataset_name": "ecoli_classification",
    "epochs": 10,
    "initialization_scale": "\\sqrt{\frac{6}{n+m}}",
    "inner_ISGD_iterations": 0,
    "intra_epoch": false,
    "lr": 0.1,
    "momentum": 0.0,
    "mu": 0.0,
    "nodes": 50,
    "seed": 1,
    "sgdtype": "implicit",
    "data_type": "classification"
  },
  "results": {
    "train": {
      "average_loss": [
        2.0624934832255044,
        2.0188563664754233,
        1.979579011599223,
        1.9441611369450886,
        1.912188728650411,
        1.8833054304122925,
        1.8571957349777222,
        1.8335773547490437,
        1.8121920426686604,
        1.7928053935368855
      ],
      "average_accuracy": [
        6.7164179104477615,
        41.417910447761194,
        41.417910447761194,
        41.417910447761194,
        41.417910447761194,
        41.417910447761194,
        41.417910447761194,
        41.417910447761194,
        41.417910447761194,
        41.417910447761194
      ]
    },
    "test": {
      "average_loss": [
        2.0742807388305664,
        2.021698236465454,
        1.974194049835205,
        1.9311851263046265,
        1.8921903371810913,
        1.8568000793457031,
        1.8246543407440186,
        1.7954319715499878,
        1.7688422203063965,
        1.7446198463439941
      ],
      "average_accuracy": [
        2.9411764705882355,
        47.05882352941177,
        47.05882352941177,
        47.05882352941177,
        47.05882352941177,
        47.05882352941177,
        47.05882352941177,
        47.05882352941177,
        47.05882352941177,
        47.05882352941177
      ]
    },
    "average_loss_intra_epoch": [
      1.7928053935368855
    ],
    "average_accuracy_intra_epoch": [
      41.417910447761194
    ],
    "runtime": 6.407698154449463
  }
}