{
  "hyperparameters": {
    "architecture": "classification",
    "batch_size": 1,
    "clipping_threshold": 0.0,
    "dataset_name": "classification_abalone",
    "epochs": 10,
    "initialization_scale": "\\sqrt{\frac{6}{n+m}}",
    "inner_ISGD_iterations": 0,
    "intra_epoch": false,
    "lr": 30.0,
    "momentum": 0.0,
    "mu": 0.0,
    "nodes": 50,
    "seed": 1,
    "sgdtype": "explicit",
    "data_type": "classification"
  },
  "results": {
    "train": {
      "average_loss": [
        137.41710295416001,
        88.85793286631544,
        513.8720771312286,
        497.5807449856906,
        796.361234443982,
        796.2070502858074,
        796.0939915464938,
        795.9962742613376,
        795.8970780291268,
        795.7982835766799
      ],
      "average_accuracy": [
        38.34181382819515,
        31.427716252618975,
        18.317868901526488,
        38.46153846153846,
        38.58126309488177,
        38.58126309488177,
        38.58126309488177,
        38.58126309488177,
        38.58126309488177,
        38.58126309488177
      ]
    },
    "test": {
      "average_loss": [
        141.20943240115517,
        86.6106694143925,
        506.76830879466957,
        502.4364437669088,
        812.0619868958396,
        811.890397797361,
        811.7744484495319,
        811.6749350077798,
        811.5740301688893,
        811.473720933832
      ],
      "average_accuracy": [
        38.39712918660287,
        32.89473684210526,
        19.258373205741627,
        38.038277511961724,
        38.038277511961724,
        38.038277511961724,
        38.038277511961724,
        38.038277511961724,
        38.038277511961724,
        38.038277511961724
      ]
    },
    "average_loss_intra_epoch": [
      795.7982835766799
    ],
    "average_accuracy_intra_epoch": [
      38.58126309488177
    ],
    "runtime": 150.07806944847107
  }
}