{
  "hyperparameters": {
    "architecture": "music",
    "batch_size": 100,
    "clipping_threshold": 0.1,
    "dataset_name": "JSB Chorales",
    "epochs": 5,
    "initialization_scale": "\\sqrt{\frac{6}{n+m}}",
    "inner_ISGD_iterations": 0,
    "intra_epoch": false,
    "lr": 20.0,
    "momentum": 0.0,
    "mu": 0.0,
    "nodes": 300,
    "seed": 2,
    "sgdtype": "implicit",
    "data_type": "sequential_many"
  },
  "results": {
    "train": {
      "average_loss": [
        0.0019330728489511105,
        0.0015655671092315564,
        0.0013599012593035159,
        0.0012260525834067485,
        0.0011304789060100457
      ],
      "average_accuracy": [
        0,
        0,
        0,
        0,
        0
      ]
    },
    "test": {
      "average_loss": [
        0.001956865539193734,
        0.0015957660242830489,
        0.0013897448484090386,
        0.001253292836511943,
        0.0011547904785922064
      ],
      "average_accuracy": [
        0,
        0,
        0,
        0,
        0
      ]
    },
    "average_loss_intra_epoch": [
      0.0011304789060100457
    ],
    "average_accuracy_intra_epoch": [
      0
    ],
    "runtime": 540.0190107822418
  }
}