{
  "hyperparameters": {
    "architecture": "classification",
    "batch_size": 100,
    "clipping_threshold": 0.0,
    "dataset_name": "musk-1_classification",
    "epochs": 10,
    "initialization_scale": "\\sqrt{\frac{6}{n+m}}",
    "inner_ISGD_iterations": 0,
    "intra_epoch": false,
    "lr": 0.001,
    "momentum": 0.0,
    "mu": 0.0,
    "nodes": 50,
    "seed": 1,
    "sgdtype": "implicit",
    "data_type": "classification"
  },
  "results": {
    "train": {
      "average_loss": [
        0.6998183876276016,
        0.6989272087812424,
        0.6980420649051666,
        0.6971631497144699,
        0.6962902247905731,
        0.69542296230793,
        0.6945614963769913,
        0.6937055438756943,
        0.6928550601005554,
        0.6920099258422852
      ],
      "average_accuracy": [
        48.1578947368421,
        48.1578947368421,
        48.1578947368421,
        48.421052631578945,
        48.68421052631579,
        48.68421052631579,
        48.94736842105263,
        49.473684210526315,
        49.473684210526315,
        49.473684210526315
      ]
    },
    "test": {
      "average_loss": [
        0.7215128540992737,
        0.7204874157905579,
        0.7194692492485046,
        0.7184579968452454,
        0.7174534797668457,
        0.7164556980133057,
        0.7154645919799805,
        0.714479923248291,
        0.7135016918182373,
        0.712529182434082
      ],
      "average_accuracy": [
        43.75,
        43.75,
        43.75,
        43.75,
        44.791666666666664,
        44.791666666666664,
        44.791666666666664,
        44.791666666666664,
        44.791666666666664,
        46.875
      ]
    },
    "average_loss_intra_epoch": [
      0.6920099258422852
    ],
    "average_accuracy_intra_epoch": [
      49.473684210526315
    ],
    "runtime": 83.60647940635681
  }
}