{
  "hyperparameters": {
    "architecture": "classification",
    "batch_size": 100,
    "clipping_threshold": 0.0,
    "dataset_name": "adult_classification",
    "epochs": 10,
    "initialization_scale": "\\sqrt{\frac{6}{n+m}}",
    "inner_ISGD_iterations": 0,
    "intra_epoch": false,
    "lr": 0.1,
    "momentum": 0.0,
    "mu": 0.0,
    "nodes": 50,
    "seed": 1,
    "sgdtype": "implicit",
    "data_type": "classification"
  },
  "results": {
    "train": {
      "average_loss": [
        0.34663491595126783,
        0.3409344423228822,
        0.33777296150584357,
        0.33479366483895673,
        0.33219443703703866,
        0.329224970029748,
        0.3261003723687223,
        0.32371065607461175,
        0.32225873056427595,
        0.32138773051978986
      ],
      "average_accuracy": [
        83.8942492258081,
        84.17321424001229,
        84.3626033322243,
        84.53663655209479,
        84.6185345379162,
        84.70043252373762,
        84.83607606275433,
        84.89238092800655,
        84.90517748829114,
        84.89494024006348
      ]
    },
    "test": {
      "average_loss": [
        0.3489884024067801,
        0.34515657184683546,
        0.34251983387737855,
        0.33994174915917064,
        0.33762370688574656,
        0.3348730062039531,
        0.3319658217381458,
        0.3297412080728278,
        0.3283514319633951,
        0.3274802507794633
      ],
      "average_accuracy": [
        83.77520728836114,
        84.20513870406387,
        84.21537516634251,
        84.21537516634251,
        84.25632101545706,
        84.39963148735796,
        84.48152318558706,
        84.65554304432388,
        84.75790766711025,
        84.8295629030607
      ]
    },
    "average_loss_intra_epoch": [
      0.32138773051978986
    ],
    "average_accuracy_intra_epoch": [
      84.89494024006348
    ],
    "runtime": 831.3038036823273
  }
}