{
  "hyperparameters": {
    "architecture": "classification",
    "batch_size": 100,
    "clipping_threshold": 0.0,
    "dataset_name": "ecoli_classification",
    "epochs": 10,
    "initialization_scale": "\\sqrt{\frac{6}{n+m}}",
    "inner_ISGD_iterations": 0,
    "intra_epoch": false,
    "lr": 5.0,
    "momentum": 0.0,
    "mu": 0.0,
    "nodes": 50,
    "seed": 1,
    "sgdtype": "implicit",
    "data_type": "classification"
  },
  "results": {
    "train": {
      "average_loss": [
        1.643955667813619,
        1.3627981344858806,
        9.63473924001058,
        15.893448829650879,
        12.394882520039877,
        13.386868158976236,
        4.060769557952881,
        13.801772753397623,
        11.496323267618815,
        9.136576016743978
      ],
      "average_accuracy": [
        41.417910447761194,
        55.97014925373134,
        8.582089552238806,
        40.67164179104478,
        27.238805970149254,
        51.865671641791046,
        51.11940298507463,
        60.44776119402985,
        58.95522388059702,
        58.582089552238806
      ]
    },
    "test": {
      "average_loss": [
        1.5315603017807007,
        1.2615031003952026,
        10.727154731750488,
        17.178997039794922,
        12.789634704589844,
        14.525535583496094,
        3.4085216522216797,
        9.935418128967285,
        6.840071678161621,
        8.297530174255371
      ],
      "average_accuracy": [
        47.05882352941177,
        63.23529411764706,
        4.411764705882353,
        45.588235294117645,
        23.529411764705884,
        55.88235294117647,
        54.411764705882355,
        66.17647058823529,
        66.17647058823529,
        64.70588235294117
      ]
    },
    "average_loss_intra_epoch": [
      9.136576016743978
    ],
    "average_accuracy_intra_epoch": [
      58.582089552238806
    ],
    "runtime": 6.653994083404541
  }
}