{
  "hyperparameters": {
    "architecture": "music",
    "batch_size": 100,
    "clipping_threshold": 0.0,
    "dataset_name": "Nottingham",
    "epochs": 5,
    "initialization_scale": "\\sqrt{\frac{6}{n+m}}",
    "inner_ISGD_iterations": 0,
    "intra_epoch": false,
    "lr": 2.0,
    "momentum": 0.0,
    "mu": 0.0,
    "nodes": 300,
    "seed": 2,
    "sgdtype": "explicit",
    "data_type": "sequential_many"
  },
  "results": {
    "train": {
      "average_loss": [
        0.000837932079327588,
        0.00070541525044145,
        0.0006428468907002852,
        0.0006017286071672255,
        0.0005702130231548031
      ],
      "average_accuracy": [
        0,
        0,
        0,
        0,
        0
      ]
    },
    "test": {
      "average_loss": [
        0.0008337181688950616,
        0.0007055148704025402,
        0.0006458115193013594,
        0.000607011909254224,
        0.0005775558002984754
      ],
      "average_accuracy": [
        0,
        0,
        0,
        0,
        0
      ]
    },
    "average_loss_intra_epoch": [
      0.0005702130231548031
    ],
    "average_accuracy_intra_epoch": [
      0
    ],
    "runtime": 1386.7661855220795
  }
}