{
  "hyperparameters": {
    "architecture": "convffnn",
    "batch_size": 100,
    "clipping_threshold": 0.0,
    "dataset_name": "mnist",
    "epochs": 1,
    "initialization_scale": "\\sqrt{\frac{6}{n+m}}",
    "inner_ISGD_iterations": 10,
    "intra_epoch": true,
    "lr": 0.6,
    "momentum": 0.0,
    "mu": 0.0,
    "nodes": 50,
    "seed": 1,
    "sgdtype": "explicit",
    "data_type": "classification"
  },
  "results": {
    "train": {
      "average_loss": [
        0.06594854952369739
      ],
      "average_accuracy": [
        98.12166666666667
      ]
    },
    "test": {
      "average_loss": [
        0.06430145812919363
      ],
      "average_accuracy": [
        98.09
      ]
    },
    "average_loss_intra_epoch": [
      0.12589555157038074,
      0.09771403326187283,
      0.08616298414184712,
      0.0742633283881393,
      0.0717182495186959,
      0.06594854952369739
    ],
    "average_accuracy_intra_epoch": [
      96.22166666666666,
      97.165,
      97.60333333333334,
      98.00333333333333,
      97.995,
      98.12166666666667
    ],
    "runtime": 459.15218019485474
  }
}