{
  "hyperparameters": {
    "architecture": "classification",
    "batch_size": 100,
    "clipping_threshold": 0.0,
    "dataset_name": "pendigits_classification",
    "epochs": 10,
    "initialization_scale": "\\sqrt{\frac{6}{n+m}}",
    "inner_ISGD_iterations": 0,
    "intra_epoch": false,
    "lr": 0.5,
    "momentum": 0.0,
    "mu": 0.0,
    "nodes": 50,
    "seed": 1,
    "sgdtype": "implicit",
    "data_type": "classification"
  },
  "results": {
    "train": {
      "average_loss": [
        0.9474737888032739,
        0.3978746875443242,
        0.2555230456319722,
        0.15854261866347355,
        0.11121390031819994,
        0.08994711571457711,
        0.07458901572549208,
        0.06189079931937158,
        0.05379934767684476,
        0.04766127892600542
      ],
      "average_accuracy": [
        68.91845786421017,
        89.07085181394291,
        92.24383031957238,
        95.15523712043671,
        96.86113954281815,
        97.65722733992949,
        98.15762538382805,
        98.48743318548846,
        98.62390537927897,
        98.8513590355965
      ]
    },
    "test": {
      "average_loss": [
        0.9611711556261237,
        0.4007223031737588,
        0.2647742046551271,
        0.163941503925757,
        0.11653579720719294,
        0.09714230810376731,
        0.08417619603940031,
        0.07314618643034589,
        0.0670435084876689,
        0.06162655349312858
      ],
      "average_accuracy": [
        68.34924965893588,
        88.8130968622101,
        91.72351068667577,
        94.95225102319236,
        96.81673487949068,
        97.49886311959982,
        97.7262391996362,
        98.04456571168713,
        98.40836743974533,
        98.45384265575261
      ]
    },
    "average_loss_intra_epoch": [
      0.04766127892600542
    ],
    "average_accuracy_intra_epoch": [
      98.8513590355965
    ],
    "runtime": 210.27383661270142
  }
}