{
  "hyperparameters": {
    "architecture": "convffnn",
    "batch_size": 100,
    "clipping_threshold": 0.0,
    "dataset_name": "mnist",
    "epochs": 1,
    "initialization_scale": "\\sqrt{\frac{6}{n+m}}",
    "inner_ISGD_iterations": 10,
    "intra_epoch": true,
    "lr": 1.0,
    "momentum": 0.0,
    "mu": 0.0,
    "nodes": 50,
    "seed": 1,
    "sgdtype": "explicit",
    "data_type": "classification"
  },
  "results": {
    "train": {
      "average_loss": [
        0.06778498343250249
      ],
      "average_accuracy": [
        98.10333333333334
      ]
    },
    "test": {
      "average_loss": [
        0.06418685334618203
      ],
      "average_accuracy": [
        98.19
      ]
    },
    "average_loss_intra_epoch": [
      0.1488635863456875,
      0.11730305393459275,
      0.08994233043592734,
      0.08708476320355354,
      0.07553192954927605,
      0.06778498343250249
    ],
    "average_accuracy_intra_epoch": [
      95.34333333333333,
      96.74333333333334,
      97.43833333333333,
      97.70833333333333,
      97.89166666666667,
      98.10333333333334
    ],
    "runtime": 460.06760430336
  }
}