{
  "hyperparameters": {
    "architecture": "music",
    "batch_size": 100,
    "clipping_threshold": 0.1,
    "dataset_name": "JSB Chorales",
    "epochs": 5,
    "initialization_scale": "\\sqrt{\frac{6}{n+m}}",
    "inner_ISGD_iterations": 0,
    "intra_epoch": false,
    "lr": 200.0,
    "momentum": 0.0,
    "mu": 0.0,
    "nodes": 300,
    "seed": 2,
    "sgdtype": "explicit",
    "data_type": "sequential_many"
  },
  "results": {
    "train": {
      "average_loss": [
        0.003017850639095213,
        0.0029212814627630093,
        0.0025200217478810994,
        0.002782169639236623,
        0.0015504361835906209
      ],
      "average_accuracy": [
        0,
        0,
        0,
        0,
        0
      ]
    },
    "test": {
      "average_loss": [
        0.0030021536732455353,
        0.0028469742702126695,
        0.0025901609590252886,
        0.0027492870024840846,
        0.001602092216565431
      ],
      "average_accuracy": [
        0,
        0,
        0,
        0,
        0
      ]
    },
    "average_loss_intra_epoch": [
      0.0015504361835906209
    ],
    "average_accuracy_intra_epoch": [
      0
    ],
    "runtime": 110.41375803947449
  }
}