{
  "hyperparameters": {
    "architecture": "music",
    "batch_size": 100,
    "clipping_threshold": 0.01,
    "dataset_name": "Piano-midi.de",
    "epochs": 5,
    "initialization_scale": "\\sqrt{\frac{6}{n+m}}",
    "inner_ISGD_iterations": 0,
    "intra_epoch": false,
    "lr": 5.0,
    "momentum": 0.0,
    "mu": 0.0,
    "nodes": 300,
    "seed": 2,
    "sgdtype": "implicit",
    "data_type": "sequential_many"
  },
  "results": {
    "train": {
      "average_loss": [
        0.0008690238995684964,
        0.0006291447998487508,
        0.0005396560668121038,
        0.0004945156026391404,
        0.00046648479235892443
      ],
      "average_accuracy": [
        0,
        0,
        0,
        0,
        0
      ]
    },
    "test": {
      "average_loss": [
        0.0010267406672937796,
        0.0007594089306076058,
        0.0006591557271894998,
        0.000608637104742229,
        0.0005775950747192837
      ],
      "average_accuracy": [
        0,
        0,
        0,
        0,
        0
      ]
    },
    "average_loss_intra_epoch": [
      0.00046648479235892443
    ],
    "average_accuracy_intra_epoch": [
      0
    ],
    "runtime": 3076.4384455680847
  }
}