{
  "hyperparameters": {
    "architecture": "classification",
    "batch_size": 100,
    "clipping_threshold": 0.0,
    "dataset_name": "libras_classification",
    "epochs": 10,
    "initialization_scale": "\\sqrt{\frac{6}{n+m}}",
    "inner_ISGD_iterations": 0,
    "intra_epoch": false,
    "lr": 30.0,
    "momentum": 0.0,
    "mu": 0.0,
    "nodes": 50,
    "seed": 1,
    "sgdtype": "implicit",
    "data_type": "classification"
  },
  "results": {
    "train": {
      "average_loss": [
        329.1213073730469,
        390.90313720703125,
        1100.6638590494792,
        732.2950439453125,
        1280.5292561848958,
        440.77000935872394,
        639.7516072591146,
        517.178466796875,
        408.5919596354167,
        474.2654724121094
      ],
      "average_accuracy": [
        3.8194444444444446,
        11.11111111111111,
        4.166666666666667,
        13.541666666666666,
        10.416666666666666,
        18.055555555555557,
        10.069444444444445,
        11.458333333333334,
        25.34722222222222,
        13.194444444444445
      ]
    },
    "test": {
      "average_loss": [
        321.9365539550781,
        368.6330871582031,
        1116.45263671875,
        699.22998046875,
        1279.8486328125,
        493.6315612792969,
        665.1990966796875,
        570.86767578125,
        365.40142822265625,
        454.41650390625
      ],
      "average_accuracy": [
        0.0,
        12.5,
        6.944444444444445,
        12.5,
        15.277777777777779,
        20.833333333333332,
        8.333333333333334,
        6.944444444444445,
        30.555555555555557,
        13.88888888888889
      ]
    },
    "average_loss_intra_epoch": [
      474.2654724121094
    ],
    "average_accuracy_intra_epoch": [
      13.194444444444445
    ],
    "runtime": 38.035590410232544
  }
}