{
  "hyperparameters": {
    "architecture": "classification",
    "batch_size": 100,
    "clipping_threshold": 0.0,
    "dataset_name": "page-blocks_classification",
    "epochs": 10,
    "initialization_scale": "\\sqrt{\frac{6}{n+m}}",
    "inner_ISGD_iterations": 0,
    "intra_epoch": false,
    "lr": 3.0,
    "momentum": 0.0,
    "mu": 0.0,
    "nodes": 50,
    "seed": 1,
    "sgdtype": "implicit",
    "data_type": "classification"
  },
  "results": {
    "train": {
      "average_loss": [
        0.2775762780484828,
        0.21835246089507232,
        0.18621041989800605,
        0.18473398439924826,
        0.19457835179160943,
        0.15215045713226905,
        0.13258188624273648,
        0.12798253116621214,
        0.12458013675429604,
        0.1301615395667878
      ],
      "average_accuracy": [
        92.11968935587026,
        93.490178163545,
        93.90132480584742,
        94.10689812699863,
        94.22110552763819,
        94.792142530836,
        95.50022841480128,
        95.47738693467336,
        95.59159433531293,
        95.66011877569666
      ]
    },
    "test": {
      "average_loss": [
        0.29478424516591156,
        0.2267461053349755,
        0.1781120706688274,
        0.17340904677456076,
        0.18630672855810684,
        0.1517789919268001,
        0.13445556637915698,
        0.127209313552488,
        0.12262556600299748,
        0.12705261023207146
      ],
      "average_accuracy": [
        91.14155251141553,
        92.87671232876713,
        93.88127853881278,
        94.52054794520548,
        94.337899543379,
        94.79452054794521,
        95.25114155251141,
        95.34246575342466,
        95.70776255707763,
        95.61643835616438
      ]
    },
    "average_loss_intra_epoch": [
      0.1301615395667878
    ],
    "average_accuracy_intra_epoch": [
      95.66011877569666
    ],
    "runtime": 71.58400964736938
  }
}