{
  "hyperparameters": {
    "architecture": "classification",
    "batch_size": 100,
    "clipping_threshold": 0.0,
    "dataset_name": "oocytes-trisopterus-states-5b_classification",
    "epochs": 10,
    "initialization_scale": "\\sqrt{\frac{6}{n+m}}",
    "inner_ISGD_iterations": 0,
    "intra_epoch": false,
    "lr": 1.0,
    "momentum": 0.0,
    "mu": 0.0,
    "nodes": 50,
    "seed": 1,
    "sgdtype": "explicit",
    "data_type": "classification"
  },
  "results": {
    "train": {
      "average_loss": [
        0.46935148537158966,
        0.3662944547832012,
        0.3290625736117363,
        0.33547368831932545,
        0.2795059233903885,
        0.25314225256443024,
        0.26944741513580084,
        0.22719126474112272,
        0.2150492575019598,
        0.21001194138079882
      ],
      "average_accuracy": [
        82.85322359396433,
        86.14540466392319,
        87.24279835390946,
        88.20301783264746,
        89.43758573388203,
        90.39780521262003,
        90.12345679012346,
        91.76954732510288,
        92.18106995884774,
        92.04389574759945
      ]
    },
    "test": {
      "average_loss": [
        0.5877963155508041,
        0.45409804582595825,
        0.4028477817773819,
        0.4470018446445465,
        0.3805667757987976,
        0.3486585095524788,
        0.3811514675617218,
        0.3219335600733757,
        0.30455172061920166,
        0.3001595512032509
      ],
      "average_accuracy": [
        77.04918032786885,
        84.69945355191257,
        84.69945355191257,
        85.79234972677595,
        86.88524590163935,
        86.33879781420765,
        86.33879781420765,
        87.97814207650273,
        89.61748633879782,
        90.1639344262295
      ]
    },
    "average_loss_intra_epoch": [
      0.21001194138079882
    ],
    "average_accuracy_intra_epoch": [
      92.04389574759945
    ],
    "runtime": 3.781062602996826
  }
}