{
  "hyperparameters": {
    "architecture": "music",
    "batch_size": 100,
    "clipping_threshold": 0.1,
    "dataset_name": "JSB Chorales",
    "epochs": 5,
    "initialization_scale": "\\sqrt{\frac{6}{n+m}}",
    "inner_ISGD_iterations": 0,
    "intra_epoch": false,
    "lr": 0.5,
    "momentum": 0.0,
    "mu": 0.0,
    "nodes": 300,
    "seed": 3,
    "sgdtype": "implicit",
    "data_type": "sequential_many"
  },
  "results": {
    "train": {
      "average_loss": [
        0.004750005644644452,
        0.0036702536338305823,
        0.003232158426659011,
        0.0029757597598584784,
        0.0028003996907119276
      ],
      "average_accuracy": [
        0,
        0,
        0,
        0,
        0
      ]
    },
    "test": {
      "average_loss": [
        0.004717832813704652,
        0.003618724441591215,
        0.0031762223965911703,
        0.0029187343852872683,
        0.0027433955707805015
      ],
      "average_accuracy": [
        0,
        0,
        0,
        0,
        0
      ]
    },
    "average_loss_intra_epoch": [
      0.0028003996907119276
    ],
    "average_accuracy_intra_epoch": [
      0
    ],
    "runtime": 539.5426661968231
  }
}