{
  "hyperparameters": {
    "architecture": "classification",
    "batch_size": 100,
    "clipping_threshold": 0.0,
    "dataset_name": "lenses_classification",
    "epochs": 10,
    "initialization_scale": "\\sqrt{\frac{6}{n+m}}",
    "inner_ISGD_iterations": 0,
    "intra_epoch": false,
    "lr": 0.001,
    "momentum": 0.0,
    "mu": 0.0,
    "nodes": 50,
    "seed": 1,
    "sgdtype": "explicit",
    "data_type": "classification"
  },
  "results": {
    "train": {
      "average_loss": [
        1.0913968086242676,
        1.091220498085022,
        1.0910439491271973,
        1.0908679962158203,
        1.0906919240951538,
        1.090516209602356,
        1.0903406143188477,
        1.090165138244629,
        1.0899896621704102,
        1.0898147821426392
      ],
      "average_accuracy": [
        15.789473684210526,
        15.789473684210526,
        15.789473684210526,
        15.789473684210526,
        15.789473684210526,
        15.789473684210526,
        15.789473684210526,
        15.789473684210526,
        15.789473684210526,
        15.789473684210526
      ]
    },
    "test": {
      "average_loss": [
        1.0876622200012207,
        1.0875098705291748,
        1.087357521057129,
        1.0872052907943726,
        1.0870531797409058,
        1.0869014263153076,
        1.0867496728897095,
        1.0865981578826904,
        1.0864466428756714,
        1.086295485496521
      ],
      "average_accuracy": [
        20.0,
        20.0,
        20.0,
        20.0,
        20.0,
        20.0,
        20.0,
        20.0,
        20.0,
        20.0
      ]
    },
    "average_loss_intra_epoch": [
      1.0898147821426392
    ],
    "average_accuracy_intra_epoch": [
      15.789473684210526
    ],
    "runtime": 3.047579050064087
  }
}