{
  "hyperparameters": {
    "architecture": "classification",
    "batch_size": 100,
    "clipping_threshold": 0.0,
    "dataset_name": "abalone_classification",
    "epochs": 10,
    "initialization_scale": "\\sqrt{\frac{6}{n+m}}",
    "inner_ISGD_iterations": 0,
    "intra_epoch": false,
    "lr": 0.3,
    "momentum": 0.0,
    "mu": 0.0,
    "nodes": 50,
    "seed": 1,
    "sgdtype": "implicit",
    "data_type": "classification"
  },
  "results": {
    "train": {
      "average_loss": [
        1.094501761829152,
        0.9195686526158277,
        0.8438161979703342,
        0.8007582899402169,
        0.778968111557119,
        0.774588430629057,
        0.7725528653930215,
        0.7710471556467169,
        0.7697775048368117,
        0.7686468573177562
      ],
      "average_accuracy": [
        34.72014366956001,
        56.330439988027535,
        59.024244238252024,
        60.909907213409156,
        62.64591439688716,
        63.15474408859623,
        63.483986830290334,
        63.603711463633644,
        63.75336725531278,
        63.843160730320264
      ]
    },
    "test": {
      "average_loss": [
        1.095547291967604,
        0.9288193980852762,
        0.8559957345326742,
        0.8095548748970032,
        0.7904592686229281,
        0.7868223653899299,
        0.7851761976877848,
        0.7840727236535814,
        0.7831650177637736,
        0.7823422816064622
      ],
      "average_accuracy": [
        34.33014354066986,
        55.143540669856456,
        55.98086124401914,
        59.569377990430624,
        61.72248803827751,
        61.8421052631579,
        61.72248803827751,
        61.8421052631579,
        62.20095693779904,
        62.08133971291866
      ]
    },
    "average_loss_intra_epoch": [
      0.7686468573177562
    ],
    "average_accuracy_intra_epoch": [
      63.843160730320264
    ],
    "runtime": 12.404817819595337
  }
}