{
  "hyperparameters": {
    "architecture": "classification",
    "batch_size": 100,
    "clipping_threshold": 0.0,
    "dataset_name": "pittsburg-bridges-SPAN_classification",
    "epochs": 10,
    "initialization_scale": "\\sqrt{\frac{6}{n+m}}",
    "inner_ISGD_iterations": 0,
    "intra_epoch": false,
    "lr": 50.0,
    "momentum": 0.0,
    "mu": 0.0,
    "nodes": 50,
    "seed": 1,
    "sgdtype": "explicit",
    "data_type": "classification"
  },
  "results": {
    "train": {
      "average_loss": [
        4.939705848693848,
        28.069774627685547,
        134.9730682373047,
        181.15447998046875,
        105.78646087646484,
        172.94461059570312,
        196.46292114257812,
        45.92304611206055,
        133.6251220703125,
        135.44873046875
      ],
      "average_accuracy": [
        50.68493150684932,
        26.027397260273972,
        49.31506849315068,
        26.027397260273972,
        63.013698630136986,
        38.35616438356164,
        47.945205479452056,
        38.35616438356164,
        47.945205479452056,
        26.027397260273972
      ]
    },
    "test": {
      "average_loss": [
        4.424885272979736,
        34.9381103515625,
        116.8247299194336,
        191.85678100585938,
        72.07842254638672,
        175.67921447753906,
        181.17083740234375,
        13.021895408630371,
        131.1263427734375,
        104.67189025878906
      ],
      "average_accuracy": [
        57.89473684210526,
        15.789473684210526,
        57.89473684210526,
        15.789473684210526,
        68.42105263157895,
        36.8421052631579,
        57.89473684210526,
        36.8421052631579,
        57.89473684210526,
        26.31578947368421
      ]
    },
    "average_loss_intra_epoch": [
      135.44873046875
    ],
    "average_accuracy_intra_epoch": [
      26.027397260273972
    ],
    "runtime": 3.4218909740448
  }
}