{
  "hyperparameters": {
    "architecture": "classification",
    "batch_size": 100,
    "clipping_threshold": 0.0,
    "dataset_name": "iris_classification",
    "epochs": 10,
    "initialization_scale": "\\sqrt{\frac{6}{n+m}}",
    "inner_ISGD_iterations": 0,
    "intra_epoch": false,
    "lr": 50.0,
    "momentum": 0.0,
    "mu": 0.0,
    "nodes": 50,
    "seed": 1,
    "sgdtype": "implicit",
    "data_type": "classification"
  },
  "results": {
    "train": {
      "average_loss": [
        42.83055114746094,
        71.26521301269531,
        232.6951675415039,
        80.68846893310547,
        61.80726623535156,
        289.63399505615234,
        75.77116775512695,
        101.40973281860352,
        127.3132553100586,
        175.5370635986328
      ],
      "average_accuracy": [
        36.666666666666664,
        30.833333333333332,
        36.666666666666664,
        15.0,
        63.333333333333336,
        30.0,
        63.333333333333336,
        62.5,
        62.5,
        63.333333333333336
      ]
    },
    "test": {
      "average_loss": [
        51.80720901489258,
        45.424747467041016,
        283.0392761230469,
        75.54924011230469,
        36.385868072509766,
        268.7791748046875,
        44.57126235961914,
        59.64927673339844,
        74.36238861083984,
        103.25700378417969
      ],
      "average_accuracy": [
        20.0,
        43.333333333333336,
        20.0,
        20.0,
        80.0,
        40.0,
        80.0,
        80.0,
        80.0,
        80.0
      ]
    },
    "average_loss_intra_epoch": [
      175.5370635986328
    ],
    "average_accuracy_intra_epoch": [
      63.333333333333336
    ],
    "runtime": 4.453068256378174
  }
}