{
  "hyperparameters": {
    "architecture": "classification",
    "batch_size": 100,
    "clipping_threshold": 0.0,
    "dataset_name": "congressional-voting_classification",
    "epochs": 10,
    "initialization_scale": "\\sqrt{\frac{6}{n+m}}",
    "inner_ISGD_iterations": 0,
    "intra_epoch": false,
    "lr": 0.5,
    "momentum": 0.0,
    "mu": 0.0,
    "nodes": 50,
    "seed": 1,
    "sgdtype": "implicit",
    "data_type": "classification"
  },
  "results": {
    "train": {
      "average_loss": [
        0.6710010468959808,
        0.6697521358728409,
        0.6693885326385498,
        0.6689776480197906,
        0.6684903055429459,
        0.6678968071937561,
        0.6671530306339264,
        0.6661980748176575,
        0.66494420170784,
        0.6632682532072067
      ],
      "average_accuracy": [
        60.632183908045974,
        60.632183908045974,
        60.632183908045974,
        60.632183908045974,
        60.632183908045974,
        60.632183908045974,
        60.632183908045974,
        60.632183908045974,
        60.632183908045974,
        60.632183908045974
      ]
    },
    "test": {
      "average_loss": [
        0.6575945019721985,
        0.6534809470176697,
        0.65283203125,
        0.6525480151176453,
        0.6522673964500427,
        0.6519185900688171,
        0.6514623761177063,
        0.650855302810669,
        0.6500325202941895,
        0.6489031314849854
      ],
      "average_accuracy": [
        64.36781609195403,
        64.36781609195403,
        64.36781609195403,
        64.36781609195403,
        64.36781609195403,
        64.36781609195403,
        64.36781609195403,
        64.36781609195403,
        64.36781609195403,
        64.36781609195403
      ]
    },
    "average_loss_intra_epoch": [
      0.6632682532072067
    ],
    "average_accuracy_intra_epoch": [
      60.632183908045974
    ],
    "runtime": 11.739200592041016
  }
}