{
  "hyperparameters": {
    "architecture": "classification",
    "batch_size": 100,
    "clipping_threshold": 0.0,
    "dataset_name": "tic-tac-toe_classification",
    "epochs": 10,
    "initialization_scale": "\\sqrt{\frac{6}{n+m}}",
    "inner_ISGD_iterations": 0,
    "intra_epoch": false,
    "lr": 1.0,
    "momentum": 0.0,
    "mu": 0.0,
    "nodes": 50,
    "seed": 1,
    "sgdtype": "implicit",
    "data_type": "classification"
  },
  "results": {
    "train": {
      "average_loss": [
        0.6434360072016716,
        0.64205452054739,
        0.6373415514826775,
        0.6103386580944061,
        0.5403878167271614,
        0.43550703302025795,
        0.3203849755227566,
        0.34460359439253807,
        0.16652968619018793,
        0.08870791085064411
      ],
      "average_accuracy": [
        65.40469973890339,
        65.40469973890339,
        65.40469973890339,
        65.40469973890339,
        73.7597911227154,
        80.28720626631853,
        87.33681462140993,
        85.37859007832898,
        95.43080939947781,
        98.17232375979113
      ]
    },
    "test": {
      "average_loss": [
        0.6456486880779266,
        0.6441102623939514,
        0.638682097196579,
        0.6053518056869507,
        0.5093203186988831,
        0.40019775927066803,
        0.28127381205558777,
        0.28466951847076416,
        0.12676335871219635,
        0.0602510292083025
      ],
      "average_accuracy": [
        65.10416666666667,
        65.10416666666667,
        65.10416666666667,
        65.10416666666667,
        76.5625,
        81.25,
        89.58333333333333,
        87.5,
        98.4375,
        98.95833333333333
      ]
    },
    "average_loss_intra_epoch": [
      0.08870791085064411
    ],
    "average_accuracy_intra_epoch": [
      98.17232375979113
    ],
    "runtime": 15.12877368927002
  }
}