{
  "hyperparameters": {
    "architecture": "classification",
    "batch_size": 100,
    "clipping_threshold": 0.0,
    "dataset_name": "conn-bench-vowel-deterding_classification",
    "epochs": 10,
    "initialization_scale": "\\sqrt{\frac{6}{n+m}}",
    "inner_ISGD_iterations": 0,
    "intra_epoch": false,
    "lr": 10.0,
    "momentum": 0.0,
    "mu": 0.0,
    "nodes": 50,
    "seed": 1,
    "sgdtype": "implicit",
    "data_type": "classification"
  },
  "results": {
    "train": {
      "average_loss": [
        16.514323353767395,
        36.50866746902466,
        42.59874439239502,
        53.10612392425537,
        41.05684947967529,
        61.450730323791504,
        55.491297245025635,
        39.11780881881714,
        49.77259683609009,
        30.590514183044434
      ],
      "average_accuracy": [
        12.626262626262626,
        10.1010101010101,
        10.858585858585858,
        10.984848484848484,
        19.318181818181817,
        9.343434343434344,
        13.51010101010101,
        14.141414141414142,
        8.207070707070708,
        12.752525252525253
      ]
    },
    "test": {
      "average_loss": [
        18.431310653686523,
        38.74066162109375,
        43.87336349487305,
        52.86327362060547,
        39.120012283325195,
        65.50244903564453,
        57.67656898498535,
        36.46321105957031,
        47.99766540527344,
        30.731779098510742
      ],
      "average_accuracy": [
        8.080808080808081,
        8.080808080808081,
        7.575757575757576,
        9.595959595959595,
        21.21212121212121,
        11.11111111111111,
        9.090909090909092,
        14.646464646464647,
        12.626262626262626,
        10.606060606060606
      ]
    },
    "average_loss_intra_epoch": [
      30.590514183044434
    ],
    "average_accuracy_intra_epoch": [
      12.752525252525253
    ],
    "runtime": 16.532546758651733
  }
}