{
  "hyperparameters": {
    "architecture": "music",
    "batch_size": 100,
    "clipping_threshold": 0.0,
    "dataset_name": "Nottingham",
    "epochs": 5,
    "initialization_scale": "\\sqrt{\frac{6}{n+m}}",
    "inner_ISGD_iterations": 0,
    "intra_epoch": false,
    "lr": 500.0,
    "momentum": 0.0,
    "mu": 0.0,
    "nodes": 300,
    "seed": 2,
    "sgdtype": "implicit",
    "data_type": "sequential_many"
  },
  "results": {
    "train": {
      "average_loss": [
        0.0005386558200410243,
        0.0005216977700208795,
        0.0011590959198153256,
        0.0004804250217710574,
        0.0003915075073724249
      ],
      "average_accuracy": [
        0,
        0,
        0,
        0,
        0
      ]
    },
    "test": {
      "average_loss": [
        0.0005500502229551785,
        0.0005415732014037477,
        0.0012048613197026391,
        0.0005011260676837992,
        0.00041587324295131324
      ],
      "average_accuracy": [
        0,
        0,
        0,
        0,
        0
      ]
    },
    "average_loss_intra_epoch": [
      0.0003915075073724249
    ],
    "average_accuracy_intra_epoch": [
      0
    ],
    "runtime": 6798.1550505161285
  }
}