{
  "hyperparameters": {
    "architecture": "classification",
    "batch_size": 100,
    "clipping_threshold": 0.0,
    "dataset_name": "oocytes-trisopterus-nucleus-2f_classification",
    "epochs": 10,
    "initialization_scale": "\\sqrt{\frac{6}{n+m}}",
    "inner_ISGD_iterations": 0,
    "intra_epoch": false,
    "lr": 30.0,
    "momentum": 0.0,
    "mu": 0.0,
    "nodes": 50,
    "seed": 1,
    "sgdtype": "explicit",
    "data_type": "classification"
  },
  "results": {
    "train": {
      "average_loss": [
        300.3540439605713,
        772.9963760375977,
        35.374409675598145,
        139.42307472229004,
        154.85287857055664,
        203.6497459411621,
        72.63447999954224,
        138.65821361541748,
        195.2938060760498,
        133.11542510986328
      ],
      "average_accuracy": [
        44.99314128943759,
        46.63923182441701,
        60.21947873799726,
        55.1440329218107,
        56.104252400548695,
        54.732510288065846,
        55.00685871056241,
        55.41838134430727,
        54.458161865569274,
        51.57750342935528
      ]
    },
    "test": {
      "average_loss": [
        283.37171936035156,
        737.0177001953125,
        40.867116928100586,
        148.01033782958984,
        176.4775619506836,
        228.00008392333984,
        80.28155136108398,
        136.0901336669922,
        196.3478775024414,
        124.87730026245117
      ],
      "average_accuracy": [
        49.18032786885246,
        49.18032786885246,
        56.830601092896174,
        52.459016393442624,
        49.72677595628415,
        49.72677595628415,
        54.09836065573771,
        54.6448087431694,
        54.6448087431694,
        55.73770491803279
      ]
    },
    "average_loss_intra_epoch": [
      133.11542510986328
    ],
    "average_accuracy_intra_epoch": [
      51.57750342935528
    ],
    "runtime": 4.093334436416626
  }
}