{
  "hyperparameters": {
    "architecture": "music",
    "batch_size": 100,
    "clipping_threshold": 0.1,
    "dataset_name": "JSB Chorales",
    "epochs": 5,
    "initialization_scale": "\\sqrt{\frac{6}{n+m}}",
    "inner_ISGD_iterations": 0,
    "intra_epoch": false,
    "lr": 500.0,
    "momentum": 0.0,
    "mu": 0.0,
    "nodes": 300,
    "seed": 5,
    "sgdtype": "implicit",
    "data_type": "sequential_many"
  },
  "results": {
    "train": {
      "average_loss": [
        0.0030377306217962154,
        0.002288091088966446,
        0.0018851009786472652,
        0.0016456232236532543,
        0.0014698754328960862
      ],
      "average_accuracy": [
        0,
        0,
        0,
        0,
        0
      ]
    },
    "test": {
      "average_loss": [
        0.0029390600529596114,
        0.002248813770862611,
        0.0018623631436970425,
        0.0016226753087520793,
        0.0014471884147118923
      ],
      "average_accuracy": [
        0,
        0,
        0,
        0,
        0
      ]
    },
    "average_loss_intra_epoch": [
      0.0014698754328960862
    ],
    "average_accuracy_intra_epoch": [
      0
    ],
    "runtime": 538.6317923069
  }
}