{
  "hyperparameters": {
    "architecture": "classification",
    "batch_size": 100,
    "clipping_threshold": 0.0,
    "dataset_name": "audiology-std_classification",
    "epochs": 10,
    "initialization_scale": "\\sqrt{\frac{6}{n+m}}",
    "inner_ISGD_iterations": 0,
    "intra_epoch": false,
    "lr": 0.5,
    "momentum": 0.0,
    "mu": 0.0,
    "nodes": 50,
    "seed": 1,
    "sgdtype": "explicit",
    "data_type": "classification"
  },
  "results": {
    "train": {
      "average_loss": [
        2.717779278755188,
        2.5540168285369873,
        2.3812581300735474,
        2.1911399364471436,
        1.9691304564476013,
        1.7102894186973572,
        1.4586085081100464,
        1.2458242774009705,
        1.0707132518291473,
        0.9295862317085266
      ],
      "average_accuracy": [
        23.076923076923077,
        26.28205128205128,
        32.69230769230769,
        33.333333333333336,
        38.46153846153846,
        43.58974358974359,
        55.12820512820513,
        58.97435897435897,
        65.38461538461539,
        67.94871794871794
      ]
    },
    "test": {
      "average_loss": [
        2.7055184841156006,
        2.545968532562256,
        2.3807342052459717,
        2.207343339920044,
        2.0218772888183594,
        1.8224608898162842,
        1.6339298486709595,
        1.4776570796966553,
        1.3535758256912231,
        1.254547357559204
      ],
      "average_accuracy": [
        27.5,
        27.5,
        32.5,
        32.5,
        42.5,
        45.0,
        50.0,
        55.0,
        57.5,
        60.0
      ]
    },
    "average_loss_intra_epoch": [
      0.9295862317085266
    ],
    "average_accuracy_intra_epoch": [
      67.94871794871794
    ],
    "runtime": 3.4105091094970703
  }
}