{
  "hyperparameters": {
    "architecture": "music",
    "batch_size": 100,
    "clipping_threshold": 0.0,
    "dataset_name": "JSB Chorales",
    "epochs": 10,
    "initialization_scale": "\\sqrt{\frac{6}{n+m}}",
    "inner_ISGD_iterations": 0,
    "intra_epoch": false,
    "lr": 1.0,
    "momentum": 0.0,
    "mu": 0.0,
    "nodes": 50,
    "seed": 1,
    "sgdtype": "explicit",
    "data_type": "sequential_many"
  },
  "results": {
    "train": {
      "average_loss": [
        10.188898356200305,
        9.389330782744562,
        9.28676912878278,
        9.494879256169348,
        8.595378440540431,
        9.50096477171219,
        8.89790184737293,
        9.524630745425496,
        9.701456202169693,
        9.351757875175975
      ],
      "average_accuracy": [
        0,
        0,
        0,
        0,
        0,
        0,
        0,
        0,
        0,
        0
      ]
    },
    "test": {
      "average_loss": [
        10.364356344396418,
        9.58604418147694,
        9.499901684847744,
        9.662330107255416,
        8.838704759424383,
        9.74370949608939,
        9.131165894595059,
        9.74956598529568,
        9.874183444233683,
        9.540513094369468
      ],
      "average_accuracy": [
        0,
        0,
        0,
        0,
        0,
        0,
        0,
        0,
        0,
        0
      ]
    },
    "average_loss_intra_epoch": [
      9.351757875175975
    ],
    "average_accuracy_intra_epoch": [
      0
    ],
    "runtime": 243.97301721572876
  }
}