{
  "hyperparameters": {
    "architecture": "music",
    "batch_size": 100,
    "clipping_threshold": 8.0,
    "dataset_name": "Nottingham",
    "epochs": 5,
    "initialization_scale": "\\sqrt{\frac{6}{n+m}}",
    "inner_ISGD_iterations": 0,
    "intra_epoch": false,
    "lr": 200.0,
    "momentum": 0.0,
    "mu": 0.0,
    "nodes": 300,
    "seed": 2,
    "sgdtype": "explicit",
    "data_type": "sequential_many"
  },
  "results": {
    "train": {
      "average_loss": [
        0.0003382770957368036,
        0.0003330169972630321,
        0.000269761605926582,
        0.00022441758401144644,
        0.0002523011020829674
      ],
      "average_accuracy": [
        0,
        0,
        0,
        0,
        0
      ]
    },
    "test": {
      "average_loss": [
        0.00036260501112658804,
        0.00035780487558119655,
        0.00029720757927006,
        0.0002648006315105115,
        0.00029550732917200284
      ],
      "average_accuracy": [
        0,
        0,
        0,
        0,
        0
      ]
    },
    "average_loss_intra_epoch": [
      0.0002523011020829674
    ],
    "average_accuracy_intra_epoch": [
      0
    ],
    "runtime": 1376.0867791175842
  }
}