{
  "hyperparameters": {
    "architecture": "convffnn",
    "batch_size": 100,
    "clipping_threshold": 0.0,
    "dataset_name": "mnist",
    "epochs": 1,
    "initialization_scale": "\\sqrt{\frac{6}{n+m}}",
    "inner_ISGD_iterations": 10,
    "intra_epoch": true,
    "lr": 0.8,
    "momentum": 0.0,
    "mu": 0.0,
    "nodes": 50,
    "seed": 1,
    "sgdtype": "explicit",
    "data_type": "classification"
  },
  "results": {
    "train": {
      "average_loss": [
        0.06984205736138392
      ],
      "average_accuracy": [
        98.04333333333334
      ]
    },
    "test": {
      "average_loss": [
        0.059392677005380395
      ],
      "average_accuracy": [
        98.23
      ]
    },
    "average_loss_intra_epoch": [
      0.17632845592995486,
      0.11926565829586859,
      0.09523753618899113,
      0.08112496316568771,
      0.0737261861715039,
      0.06984205736138392
    ],
    "average_accuracy_intra_epoch": [
      94.57166666666667,
      96.61,
      97.28166666666667,
      97.855,
      97.96333333333334,
      98.04333333333334
    ],
    "runtime": 465.85754561424255
  }
}