{
  "hyperparameters": {
    "architecture": "classification",
    "batch_size": 100,
    "clipping_threshold": 0.0,
    "dataset_name": "optical_classification",
    "epochs": 10,
    "initialization_scale": "\\sqrt{\frac{6}{n+m}}",
    "inner_ISGD_iterations": 0,
    "intra_epoch": false,
    "lr": 0.01,
    "momentum": 0.0,
    "mu": 0.0,
    "nodes": 50,
    "seed": 1,
    "sgdtype": "implicit",
    "data_type": "classification"
  },
  "results": {
    "train": {
      "average_loss": [
        2.2718409803178576,
        2.240870894326104,
        2.205284839206272,
        2.1617673132154676,
        2.1061108218299016,
        2.0332717683580186,
        1.9386041826672025,
        1.8212249676386516,
        1.6879617028766207,
        1.551795580652025
      ],
      "average_accuracy": [
        30.47153024911032,
        36.72153024911032,
        47.419928825622776,
        59.919928825622776,
        68.41637010676156,
        70.72953736654804,
        69.86209964412811,
        67.81583629893238,
        65.54715302491103,
        64.47953736654804
      ]
    },
    "test": {
      "average_loss": [
        2.2696273724238076,
        2.2385788559913635,
        2.2028406659762063,
        2.159071445465088,
        2.1030356089274087,
        2.0296751062075296,
        1.9343825578689575,
        1.8164142668247223,
        1.682804932196935,
        1.5466031630833943
      ],
      "average_accuracy": [
        31.85053380782918,
        37.63345195729537,
        48.754448398576514,
        60.587188612099645,
        68.23843416370107,
        72.24199288256227,
        70.99644128113879,
        67.08185053380782,
        64.76868327402136,
        63.612099644128115
      ]
    },
    "average_loss_intra_epoch": [
      1.551795580652025
    ],
    "average_accuracy_intra_epoch": [
      64.47953736654804
    ],
    "runtime": 378.82846331596375
  }
}