{
  "hyperparameters": {
    "architecture": "classification",
    "batch_size": 100,
    "clipping_threshold": 0.0,
    "dataset_name": "plant-margin_classification",
    "epochs": 10,
    "initialization_scale": "\\sqrt{\frac{6}{n+m}}",
    "inner_ISGD_iterations": 0,
    "intra_epoch": false,
    "lr": 0.5,
    "momentum": 0.0,
    "mu": 0.0,
    "nodes": 50,
    "seed": 1,
    "sgdtype": "implicit",
    "data_type": "classification"
  },
  "results": {
    "train": {
      "average_loss": [
        4.451436592982366,
        3.951876218502338,
        3.35492414694566,
        2.8118260640364428,
        2.434828904958872,
        2.1485055776742787,
        1.9141855331567617,
        1.7140185832977295,
        1.5402720799812903,
        1.389920555628263
      ],
      "average_accuracy": [
        8.359375,
        11.5625,
        22.109375,
        34.21875,
        44.21875,
        49.921875,
        53.75,
        56.71875,
        59.21875,
        62.890625
      ]
    },
    "test": {
      "average_loss": [
        4.468016147613525,
        4.007333517074585,
        3.479397475719452,
        2.9880632758140564,
        2.622411787509918,
        2.3313220143318176,
        2.089427173137665,
        1.88400137424469,
        1.712265968322754,
        1.5783605873584747
      ],
      "average_accuracy": [
        6.875,
        7.5,
        14.6875,
        27.5,
        33.75,
        41.25,
        44.0625,
        46.875,
        49.375,
        50.625
      ]
    },
    "average_loss_intra_epoch": [
      1.389920555628263
    ],
    "average_accuracy_intra_epoch": [
      62.890625
    ],
    "runtime": 115.92487573623657
  }
}