{
  "hyperparameters": {
    "architecture": "music",
    "batch_size": 100,
    "clipping_threshold": 8.0,
    "dataset_name": "JSB Chorales",
    "epochs": 5,
    "initialization_scale": "\\sqrt{\frac{6}{n+m}}",
    "inner_ISGD_iterations": 0,
    "intra_epoch": false,
    "lr": 100.0,
    "momentum": 0.0,
    "mu": 0.0,
    "nodes": 300,
    "seed": 1,
    "sgdtype": "implicit",
    "data_type": "sequential_many"
  },
  "results": {
    "train": {
      "average_loss": [
        0.002038216176666482,
        0.0022223304045146663,
        0.0018058147732072864,
        0.0015514705233035944,
        0.0013575523702313871
      ],
      "average_accuracy": [
        0,
        0,
        0,
        0,
        0
      ]
    },
    "test": {
      "average_loss": [
        0.0020806004728686498,
        0.0022808555029816442,
        0.0018709440618850195,
        0.0016088199260487377,
        0.0014085624980824914
      ],
      "average_accuracy": [
        0,
        0,
        0,
        0,
        0
      ]
    },
    "average_loss_intra_epoch": [
      0.0013575523702313871
    ],
    "average_accuracy_intra_epoch": [
      0
    ],
    "runtime": 552.9905641078949
  }
}