{
  "hyperparameters": {
    "architecture": "classification",
    "batch_size": 100,
    "clipping_threshold": 0.0,
    "dataset_name": "contrac_classification",
    "epochs": 10,
    "initialization_scale": "\\sqrt{\frac{6}{n+m}}",
    "inner_ISGD_iterations": 0,
    "intra_epoch": false,
    "lr": 0.1,
    "momentum": 0.0,
    "mu": 0.0,
    "nodes": 50,
    "seed": 1,
    "sgdtype": "implicit",
    "data_type": "classification"
  },
  "results": {
    "train": {
      "average_loss": [
        1.07358185450236,
        1.069678137699763,
        1.0680380761623383,
        1.0673049539327621,
        1.066945602496465,
        1.0667422513167064,
        1.0666042466958363,
        1.066492075721423,
        1.0663881699244182,
        1.0662839859724045
      ],
      "average_accuracy": [
        42.444821731748725,
        42.444821731748725,
        42.444821731748725,
        42.444821731748725,
        42.444821731748725,
        42.444821731748725,
        42.444821731748725,
        42.444821731748725,
        42.444821731748725,
        42.444821731748725
      ]
    },
    "test": {
      "average_loss": [
        1.0720439354578655,
        1.0693872372309368,
        1.068511684735616,
        1.0682488282521565,
        1.0681796471277873,
        1.0681557655334473,
        1.0681284666061401,
        1.0680837631225586,
        1.0680201053619385,
        1.0679384072621663
      ],
      "average_accuracy": [
        43.728813559322035,
        43.728813559322035,
        43.728813559322035,
        43.728813559322035,
        43.728813559322035,
        43.728813559322035,
        43.728813559322035,
        43.728813559322035,
        43.728813559322035,
        43.728813559322035
      ]
    },
    "average_loss_intra_epoch": [
      1.0662839859724045
    ],
    "average_accuracy_intra_epoch": [
      42.444821731748725
    ],
    "runtime": 20.631539821624756
  }
}