{
  "hyperparameters": {
    "architecture": "classification",
    "batch_size": 100,
    "clipping_threshold": 0.0,
    "dataset_name": "breast-tissue_classification",
    "epochs": 10,
    "initialization_scale": "\\sqrt{\frac{6}{n+m}}",
    "inner_ISGD_iterations": 0,
    "intra_epoch": false,
    "lr": 0.5,
    "momentum": 0.0,
    "mu": 0.0,
    "nodes": 50,
    "seed": 1,
    "sgdtype": "explicit",
    "data_type": "classification"
  },
  "results": {
    "train": {
      "average_loss": [
        1.77983820438385,
        1.7770287990570068,
        1.7747160196304321,
        1.7727880477905273,
        1.7711573839187622,
        1.76975417137146,
        1.7685213088989258,
        1.7674100399017334,
        1.7663795948028564,
        1.7653932571411133
      ],
      "average_accuracy": [
        23.80952380952381,
        23.80952380952381,
        23.80952380952381,
        23.80952380952381,
        23.80952380952381,
        23.80952380952381,
        23.80952380952381,
        23.80952380952381,
        23.80952380952381,
        23.80952380952381
      ]
    },
    "test": {
      "average_loss": [
        1.8211181163787842,
        1.8224955797195435,
        1.8238753080368042,
        1.8252135515213013,
        1.8264797925949097,
        1.8276528120040894,
        1.8287166357040405,
        1.8296586275100708,
        1.8304671049118042,
        1.8311302661895752
      ],
      "average_accuracy": [
        4.545454545454546,
        4.545454545454546,
        4.545454545454546,
        4.545454545454546,
        4.545454545454546,
        4.545454545454546,
        4.545454545454546,
        4.545454545454546,
        4.545454545454546,
        4.545454545454546
      ]
    },
    "average_loss_intra_epoch": [
      1.7653932571411133
    ],
    "average_accuracy_intra_epoch": [
      23.80952380952381
    ],
    "runtime": 3.1311185359954834
  }
}