{
  "hyperparameters": {
    "architecture": "classification",
    "batch_size": 100,
    "clipping_threshold": 0.0,
    "dataset_name": "oocytes-merluccius-states-2f_classification",
    "epochs": 10,
    "initialization_scale": "\\sqrt{\frac{6}{n+m}}",
    "inner_ISGD_iterations": 0,
    "intra_epoch": false,
    "lr": 1.0,
    "momentum": 0.0,
    "mu": 0.0,
    "nodes": 50,
    "seed": 1,
    "sgdtype": "implicit",
    "data_type": "classification"
  },
  "results": {
    "train": {
      "average_loss": [
        0.48693402608235675,
        0.39251626365714604,
        0.24754067758719125,
        0.23419243262873757,
        0.22418837745984396,
        0.21927567819754282,
        0.21800783276557922,
        0.2151215821504593,
        0.21214287148581612,
        0.20768365098370445
      ],
      "average_accuracy": [
        80.17135862913096,
        85.18971848225215,
        88.86168910648715,
        89.84088127294982,
        90.57527539779682,
        90.82007343941248,
        90.20807833537332,
        90.69767441860465,
        90.94247246022032,
        90.94247246022032
      ]
    },
    "test": {
      "average_loss": [
        0.5487630466620127,
        0.5329672495524088,
        0.33287594715754193,
        0.32444410522778827,
        0.312520295381546,
        0.3161401649316152,
        0.3260993957519531,
        0.32843632499376935,
        0.3321467141310374,
        0.3271637260913849
      ],
      "average_accuracy": [
        81.46341463414635,
        84.8780487804878,
        87.8048780487805,
        87.8048780487805,
        88.78048780487805,
        88.78048780487805,
        88.78048780487805,
        88.78048780487805,
        88.78048780487805,
        88.78048780487805
      ]
    },
    "average_loss_intra_epoch": [
      0.20768365098370445
    ],
    "average_accuracy_intra_epoch": [
      90.94247246022032
    ],
    "runtime": 33.062376260757446
  }
}