{
  "hyperparameters": {
    "architecture": "classification",
    "batch_size": 100,
    "clipping_threshold": 0.0,
    "dataset_name": "glass_classification",
    "epochs": 10,
    "initialization_scale": "\\sqrt{\frac{6}{n+m}}",
    "inner_ISGD_iterations": 0,
    "intra_epoch": false,
    "lr": 0.1,
    "momentum": 0.0,
    "mu": 0.0,
    "nodes": 50,
    "seed": 1,
    "sgdtype": "explicit",
    "data_type": "classification"
  },
  "results": {
    "train": {
      "average_loss": [
        1.7365610003471375,
        1.7162211537361145,
        1.697497546672821,
        1.680259883403778,
        1.6643943786621094,
        1.649800956249237,
        1.6363906860351562,
        1.6240827441215515,
        1.6128032803535461,
        1.6024824380874634
      ],
      "average_accuracy": [
        29.82456140350877,
        29.82456140350877,
        29.82456140350877,
        29.82456140350877,
        29.82456140350877,
        29.82456140350877,
        29.82456140350877,
        29.82456140350877,
        29.82456140350877,
        29.82456140350877
      ]
    },
    "test": {
      "average_loss": [
        1.7114596366882324,
        1.6934782266616821,
        1.6770285367965698,
        1.6619775295257568,
        1.6482112407684326,
        1.6356276273727417,
        1.6241357326507568,
        1.6136529445648193,
        1.6041030883789062,
        1.5954149961471558
      ],
      "average_accuracy": [
        44.18604651162791,
        44.18604651162791,
        44.18604651162791,
        44.18604651162791,
        44.18604651162791,
        44.18604651162791,
        44.18604651162791,
        44.18604651162791,
        44.18604651162791,
        44.18604651162791
      ]
    },
    "average_loss_intra_epoch": [
      1.6024824380874634
    ],
    "average_accuracy_intra_epoch": [
      29.82456140350877
    ],
    "runtime": 3.2432687282562256
  }
}