{
  "hyperparameters": {
    "architecture": "music",
    "batch_size": 100,
    "clipping_threshold": 0.0,
    "dataset_name": "MuseData",
    "epochs": 5,
    "initialization_scale": "\\sqrt{\frac{6}{n+m}}",
    "inner_ISGD_iterations": 0,
    "intra_epoch": false,
    "lr": 0.5,
    "momentum": 0.0,
    "mu": 0.0,
    "nodes": 300,
    "seed": 3,
    "sgdtype": "explicit",
    "data_type": "sequential_many"
  },
  "results": {
    "train": {
      "average_loss": [
        0.0018715283174914412,
        0.0014016389849606612,
        0.0012286496324379588,
        0.0011338478069989506,
        0.0010719024188982505
      ],
      "average_accuracy": [
        0,
        0,
        0,
        0,
        0
      ]
    },
    "test": {
      "average_loss": [
        0.0017463169451436824,
        0.001313042976254374,
        0.001152485035075393,
        0.001063593707723128,
        0.0010050581814803376
      ],
      "average_accuracy": [
        0,
        0,
        0,
        0,
        0
      ]
    },
    "average_loss_intra_epoch": [
      0.0010719024188982505
    ],
    "average_accuracy_intra_epoch": [
      0
    ],
    "runtime": 1889.4994201660156
  }
}