{
  "hyperparameters": {
    "architecture": "classification",
    "batch_size": 100,
    "clipping_threshold": 0.0,
    "dataset_name": "spect_classification",
    "epochs": 10,
    "initialization_scale": "\\sqrt{\frac{6}{n+m}}",
    "inner_ISGD_iterations": 0,
    "intra_epoch": false,
    "lr": 1.0,
    "momentum": 0.0,
    "mu": 0.0,
    "nodes": 50,
    "seed": 1,
    "sgdtype": "explicit",
    "data_type": "classification"
  },
  "results": {
    "train": {
      "average_loss": [
        0.6688556472460429,
        0.6388288338979086,
        0.5304773251215616,
        0.473349466919899,
        0.47056243817011517,
        0.46777349213759106,
        0.46259088814258575,
        0.45707666377226513,
        0.45191454390684765,
        0.44728092352549237
      ],
      "average_accuracy": [
        57.54716981132076,
        58.9622641509434,
        72.16981132075472,
        71.22641509433963,
        71.22641509433963,
        71.22641509433963,
        72.16981132075472,
        72.64150943396227,
        73.11320754716981,
        74.52830188679245
      ]
    },
    "test": {
      "average_loss": [
        0.6594623327255249,
        0.6409087181091309,
        0.5931780338287354,
        0.6477451920509338,
        0.7358525991439819,
        0.8075190186500549,
        0.8577316403388977,
        0.8934346437454224,
        0.920619010925293,
        0.9423134326934814
      ],
      "average_accuracy": [
        62.264150943396224,
        62.264150943396224,
        62.264150943396224,
        64.15094339622641,
        58.490566037735846,
        54.716981132075475,
        56.60377358490566,
        58.490566037735846,
        54.716981132075475,
        54.716981132075475
      ]
    },
    "average_loss_intra_epoch": [
      0.44728092352549237
    ],
    "average_accuracy_intra_epoch": [
      74.52830188679245
    ],
    "runtime": 3.5185790061950684
  }
}