{
  "hyperparameters": {
    "architecture": "classification",
    "batch_size": 100,
    "clipping_threshold": 0.0,
    "dataset_name": "acute-inflammation_classification",
    "epochs": 10,
    "initialization_scale": "\\sqrt{\frac{6}{n+m}}",
    "inner_ISGD_iterations": 0,
    "intra_epoch": false,
    "lr": 1.0,
    "momentum": 0.0,
    "mu": 0.0,
    "nodes": 50,
    "seed": 1,
    "sgdtype": "implicit",
    "data_type": "classification"
  },
  "results": {
    "train": {
      "average_loss": [
        0.6926103234291077,
        0.692104160785675,
        0.6915512681007385,
        0.6908700466156006,
        0.6899657249450684,
        0.6886906027793884,
        0.686793863773346,
        0.6838169693946838,
        0.6788598895072937,
        0.6700158715248108
      ],
      "average_accuracy": [
        51.041666666666664,
        51.041666666666664,
        51.041666666666664,
        51.041666666666664,
        51.041666666666664,
        51.041666666666664,
        51.041666666666664,
        51.041666666666664,
        57.291666666666664,
        77.08333333333333
      ]
    },
    "test": {
      "average_loss": [
        0.6932867169380188,
        0.6928308606147766,
        0.6924152374267578,
        0.691926896572113,
        0.6912869811058044,
        0.69038987159729,
        0.6890596747398376,
        0.6869762539863586,
        0.6835082173347473,
        0.6773054599761963
      ],
      "average_accuracy": [
        50.0,
        50.0,
        50.0,
        50.0,
        50.0,
        50.0,
        50.0,
        50.0,
        66.66666666666667,
        70.83333333333333
      ]
    },
    "average_loss_intra_epoch": [
      0.6700158715248108
    ],
    "average_accuracy_intra_epoch": [
      77.08333333333333
    ],
    "runtime": 1.1473584175109863
  }
}