{
  "hyperparameters": {
    "architecture": "classification",
    "batch_size": 100,
    "clipping_threshold": 0.0,
    "dataset_name": "heart-switzerland_classification",
    "epochs": 10,
    "initialization_scale": "\\sqrt{\frac{6}{n+m}}",
    "inner_ISGD_iterations": 0,
    "intra_epoch": false,
    "lr": 0.01,
    "momentum": 0.0,
    "mu": 0.0,
    "nodes": 50,
    "seed": 1,
    "sgdtype": "explicit",
    "data_type": "classification"
  },
  "results": {
    "train": {
      "average_loss": [
        1.6490864753723145,
        1.647357702255249,
        1.6456384658813477,
        1.643929123878479,
        1.6422288417816162,
        1.640538215637207,
        1.6388565301895142,
        1.6371841430664062,
        1.635520577430725,
        1.6338669061660767
      ],
      "average_accuracy": [
        4.081632653061225,
        4.081632653061225,
        4.081632653061225,
        5.1020408163265305,
        5.1020408163265305,
        5.1020408163265305,
        5.1020408163265305,
        5.1020408163265305,
        6.122448979591836,
        7.142857142857143
      ]
    },
    "test": {
      "average_loss": [
        1.625665307044983,
        1.624621868133545,
        1.6235864162445068,
        1.6225589513778687,
        1.6215393543243408,
        1.6205271482467651,
        1.6195226907730103,
        1.6185259819030762,
        1.6175369024276733,
        1.6165552139282227
      ],
      "average_accuracy": [
        4.0,
        4.0,
        4.0,
        4.0,
        8.0,
        8.0,
        8.0,
        8.0,
        16.0,
        24.0
      ]
    },
    "average_loss_intra_epoch": [
      1.6338669061660767
    ],
    "average_accuracy_intra_epoch": [
      7.142857142857143
    ],
    "runtime": 0.6815099716186523
  }
}