{
  "hyperparameters": {
    "architecture": "classification",
    "batch_size": 100,
    "clipping_threshold": 0.0,
    "dataset_name": "molec-biol-promoter_classification",
    "epochs": 10,
    "initialization_scale": "\\sqrt{\frac{6}{n+m}}",
    "inner_ISGD_iterations": 0,
    "intra_epoch": false,
    "lr": 10.0,
    "momentum": 0.0,
    "mu": 0.0,
    "nodes": 50,
    "seed": 1,
    "sgdtype": "implicit",
    "data_type": "classification"
  },
  "results": {
    "train": {
      "average_loss": [
        0.8751408457756042,
        1.623456358909607,
        10.765156745910645,
        65.21536254882812,
        60.423160552978516,
        317.96331787109375,
        234.5877227783203,
        66.61837005615234,
        219.2294921875,
        551.1944580078125
      ],
      "average_accuracy": [
        54.76190476190476,
        45.23809523809524,
        84.52380952380952,
        17.857142857142858,
        72.61904761904762,
        17.857142857142858,
        76.19047619047619,
        76.19047619047619,
        17.857142857142858,
        69.04761904761905
      ]
    },
    "test": {
      "average_loss": [
        1.3788765668869019,
        0.7717055678367615,
        18.852216720581055,
        62.670997619628906,
        83.09912872314453,
        347.12548828125,
        227.89112854003906,
        104.26477813720703,
        209.88052368164062,
        579.1390991210938
      ],
      "average_accuracy": [
        31.818181818181817,
        68.18181818181819,
        72.72727272727273,
        27.272727272727273,
        63.63636363636363,
        13.636363636363637,
        77.27272727272727,
        68.18181818181819,
        13.636363636363637,
        63.63636363636363
      ]
    },
    "average_loss_intra_epoch": [
      551.1944580078125
    ],
    "average_accuracy_intra_epoch": [
      69.04761904761905
    ],
    "runtime": 3.0529091358184814
  }
}