{
  "hyperparameters": {
    "architecture": "music",
    "batch_size": 100,
    "clipping_threshold": 0.01,
    "dataset_name": "Piano-midi.de",
    "epochs": 5,
    "initialization_scale": "\\sqrt{\frac{6}{n+m}}",
    "inner_ISGD_iterations": 0,
    "intra_epoch": false,
    "lr": 200.0,
    "momentum": 0.0,
    "mu": 0.0,
    "nodes": 300,
    "seed": 1,
    "sgdtype": "implicit",
    "data_type": "sequential_many"
  },
  "results": {
    "train": {
      "average_loss": [
        0.001072300522171373,
        0.0009954962788260777,
        0.0008466755949568281,
        0.0008141089131421378,
        0.0007702935639743415
      ],
      "average_accuracy": [
        0,
        0,
        0,
        0,
        0
      ]
    },
    "test": {
      "average_loss": [
        0.0020796668669208884,
        0.0018078018864616753,
        0.0015762700972845778,
        0.0014317590446444228,
        0.0013135267124744132
      ],
      "average_accuracy": [
        0,
        0,
        0,
        0,
        0
      ]
    },
    "average_loss_intra_epoch": [
      0.0007702935639743415
    ],
    "average_accuracy_intra_epoch": [
      0
    ],
    "runtime": 2932.2848658561707
  }
}