{
  "hyperparameters": {
    "architecture": "music",
    "batch_size": 100,
    "clipping_threshold": 1.0,
    "dataset_name": "JSB Chorales",
    "epochs": 10,
    "initialization_scale": "\\sqrt{\frac{6}{n+m}}",
    "inner_ISGD_iterations": 0,
    "intra_epoch": false,
    "lr": 0.001,
    "momentum": 0.0,
    "mu": 0.0,
    "nodes": 50,
    "seed": 1,
    "sgdtype": "explicit",
    "data_type": "sequential_many"
  },
  "results": {
    "train": {
      "average_loss": [
        39.713382970818266,
        38.5219025382829,
        37.23819930064106,
        35.74729197306404,
        33.88829837615833,
        31.565443492872745,
        28.92923873584864,
        26.26310953198562,
        23.778055311811023,
        21.58603811055812
      ],
      "average_accuracy": [
        0,
        0,
        0,
        0,
        0,
        0,
        0,
        0,
        0,
        0
      ]
    },
    "test": {
      "average_loss": [
        40.44159282337535,
        39.23128739889566,
        37.92706425159008,
        36.41146374987317,
        34.51873970031738,
        32.14798062807554,
        29.453785685749796,
        26.729846991501844,
        24.192864579039735,
        21.956601712610816
      ],
      "average_accuracy": [
        0,
        0,
        0,
        0,
        0,
        0,
        0,
        0,
        0,
        0
      ]
    },
    "average_loss_intra_epoch": [
      21.58603811055812
    ],
    "average_accuracy_intra_epoch": [
      0
    ],
    "runtime": 256.03584027290344
  }
}