{
  "hyperparameters": {
    "architecture": "classification",
    "batch_size": 100,
    "clipping_threshold": 0.0,
    "dataset_name": "classification_annealing",
    "epochs": 10,
    "initialization_scale": "\\sqrt{\frac{6}{n+m}}",
    "inner_ISGD_iterations": 0,
    "intra_epoch": false,
    "lr": 0.003,
    "momentum": 0.0,
    "mu": 0.0,
    "nodes": 50,
    "seed": 1,
    "sgdtype": "explicit",
    "data_type": "classification"
  },
  "results": {
    "train": {
      "average_loss": [
        1.5514228641986847,
        1.536955326795578,
        1.5229959040880203,
        1.5094204992055893,
        1.4960992634296417,
        1.483022227883339,
        1.4701867252588272,
        1.4575745165348053,
        1.4451673477888107,
        1.4329546838998795
      ],
      "average_accuracy": [
        11.838440111420613,
        20.473537604456826,
        25.20891364902507,
        53.48189415041783,
        71.72701949860725,
        75.06963788300835,
        75.06963788300835,
        75.34818941504179,
        75.4874651810585,
        75.4874651810585
      ]
    },
    "test": {
      "average_loss": [
        1.5457190871238708,
        1.5304625630378723,
        1.5159884095191956,
        1.5018245577812195,
        1.4879189133644104,
        1.4742578864097595,
        1.460826814174652,
        1.447615146636963,
        1.4346174001693726,
        1.421827256679535
      ],
      "average_accuracy": [
        9.444444444444445,
        19.444444444444443,
        23.333333333333332,
        50.55555555555556,
        71.66666666666667,
        76.66666666666667,
        76.66666666666667,
        78.33333333333333,
        78.33333333333333,
        78.33333333333333
      ]
    },
    "average_loss_intra_epoch": [
      1.4329546838998795
    ],
    "average_accuracy_intra_epoch": [
      75.4874651810585
    ],
    "runtime": 4.022593259811401
  }
}