{
  "hyperparameters": {
    "architecture": "classification",
    "batch_size": 100,
    "clipping_threshold": 0.0,
    "dataset_name": "low-res-spect_classification",
    "epochs": 10,
    "initialization_scale": "\\sqrt{\frac{6}{n+m}}",
    "inner_ISGD_iterations": 0,
    "intra_epoch": false,
    "lr": 10.0,
    "momentum": 0.0,
    "mu": 0.0,
    "nodes": 50,
    "seed": 1,
    "sgdtype": "implicit",
    "data_type": "classification"
  },
  "results": {
    "train": {
      "average_loss": [
        466.1207336425781,
        184.49179382324218,
        110.4981704711914,
        269.86785888671875,
        123.69205169677734,
        240.78591918945312,
        101.7166961669922,
        183.89132232666014,
        58.02428131103515,
        82.73882904052735
      ],
      "average_accuracy": [
        6.60377358490566,
        58.490566037735846,
        56.60377358490566,
        54.95283018867924,
        65.09433962264151,
        58.490566037735846,
        60.14150943396226,
        61.08490566037736,
        70.51886792452831,
        50.471698113207545
      ]
    },
    "test": {
      "average_loss": [
        437.94752502441406,
        126.92984008789062,
        53.522918701171875,
        195.90306091308594,
        87.72222709655762,
        123.2446060180664,
        68.84510898590088,
        78.47923278808594,
        38.83067536354065,
        79.56546401977539
      ],
      "average_accuracy": [
        8.411214953271028,
        61.6822429906542,
        62.61682242990654,
        52.33644859813084,
        66.35514018691589,
        60.74766355140187,
        57.94392523364486,
        64.48598130841121,
        69.1588785046729,
        54.205607476635514
      ]
    },
    "average_loss_intra_epoch": [
      82.73882904052735
    ],
    "average_accuracy_intra_epoch": [
      50.471698113207545
    ],
    "runtime": 57.03818726539612
  }
}