{
  "hyperparameters": {
    "architecture": "classification",
    "batch_size": 100,
    "clipping_threshold": 0.0,
    "dataset_name": "plant-texture_classification",
    "epochs": 10,
    "initialization_scale": "\\sqrt{\frac{6}{n+m}}",
    "inner_ISGD_iterations": 0,
    "intra_epoch": false,
    "lr": 1.0,
    "momentum": 0.0,
    "mu": 0.0,
    "nodes": 50,
    "seed": 1,
    "sgdtype": "implicit",
    "data_type": "classification"
  },
  "results": {
    "train": {
      "average_loss": [
        4.249124196859507,
        3.0427505603203406,
        2.223317082111652,
        1.7055284059964693,
        1.3569100086505597,
        1.096342990031609,
        0.9020847907433143,
        0.7618378767600427,
        0.6573080924841074,
        0.5715035223043882
      ],
      "average_accuracy": [
        13.44800625488663,
        27.521501172791243,
        39.014855355746676,
        54.33932759968726,
        63.721657544957,
        70.05473025801408,
        75.60594214229867,
        78.4206411258796,
        82.40813135261924,
        84.75371383893668
      ]
    },
    "test": {
      "average_loss": [
        4.304746150970459,
        3.216653883457184,
        2.438698649406433,
        1.9688475131988525,
        1.66967311501503,
        1.4410664439201355,
        1.286098450422287,
        1.1803711205720901,
        1.1087855398654938,
        1.056525081396103
      ],
      "average_accuracy": [
        9.6875,
        20.9375,
        29.6875,
        42.5,
        49.0625,
        58.125,
        63.125,
        67.1875,
        69.375,
        69.0625
      ]
    },
    "average_loss_intra_epoch": [
      0.5715035223043882
    ],
    "average_accuracy_intra_epoch": [
      84.75371383893668
    ],
    "runtime": 116.1817216873169
  }
}