{
  "hyperparameters": {
    "architecture": "classification",
    "batch_size": 100,
    "clipping_threshold": 0.0,
    "dataset_name": "car_classification",
    "epochs": 10,
    "initialization_scale": "\\sqrt{\frac{6}{n+m}}",
    "inner_ISGD_iterations": 0,
    "intra_epoch": false,
    "lr": 5.0,
    "momentum": 0.0,
    "mu": 0.0,
    "nodes": 50,
    "seed": 1,
    "sgdtype": "implicit",
    "data_type": "classification"
  },
  "results": {
    "train": {
      "average_loss": [
        2.6117268545287,
        4.525322948183332,
        3.660004905291966,
        7.774458612714495,
        5.281482321875436,
        4.553172026361738,
        6.76973785672869,
        2.508386416094644,
        5.088154554367065,
        2.12290404524122
      ],
      "average_accuracy": [
        68.16208393632417,
        67.43849493487699,
        42.836468885672936,
        68.7409551374819,
        68.7409551374819,
        68.7409551374819,
        79.52243125904486,
        65.4848046309696,
        70.18813314037627,
        75.47033285094066
      ]
    },
    "test": {
      "average_loss": [
        2.3250800371170044,
        3.7099669575691223,
        3.025158405303955,
        6.240976095199585,
        4.221607804298401,
        4.347456216812134,
        6.995407223701477,
        2.088447481393814,
        5.775302529335022,
        1.7438305020332336
      ],
      "average_accuracy": [
        74.56647398843931,
        74.27745664739885,
        45.95375722543353,
        75.14450867052022,
        75.14450867052022,
        75.14450867052022,
        78.03468208092485,
        71.09826589595376,
        66.76300578034682,
        77.16763005780346
      ]
    },
    "average_loss_intra_epoch": [
      2.12290404524122
    ],
    "average_accuracy_intra_epoch": [
      75.47033285094066
    ],
    "runtime": 17.00892162322998
  }
}