{
  "hyperparameters": {
    "architecture": "classification",
    "batch_size": 100,
    "clipping_threshold": 0.0,
    "dataset_name": "planning_classification",
    "epochs": 10,
    "initialization_scale": "\\sqrt{\frac{6}{n+m}}",
    "inner_ISGD_iterations": 0,
    "intra_epoch": false,
    "lr": 1.0,
    "momentum": 0.0,
    "mu": 0.0,
    "nodes": 50,
    "seed": 1,
    "sgdtype": "explicit",
    "data_type": "classification"
  },
  "results": {
    "train": {
      "average_loss": [
        0.5797118544578552,
        0.5799698531627655,
        0.5801357328891754,
        0.5801213085651398,
        0.5800695419311523,
        0.5800132751464844,
        0.5799586176872253,
        0.5799059271812439,
        0.5798549354076385,
        0.5798046588897705
      ],
      "average_accuracy": [
        71.72413793103448,
        71.72413793103448,
        71.72413793103448,
        71.72413793103448,
        71.72413793103448,
        71.72413793103448,
        71.72413793103448,
        71.72413793103448,
        71.72413793103448,
        71.72413793103448
      ]
    },
    "test": {
      "average_loss": [
        0.6099303364753723,
        0.6130619645118713,
        0.6138185262680054,
        0.6139559149742126,
        0.613965630531311,
        0.6139499545097351,
        0.6139295697212219,
        0.6139088869094849,
        0.6138884425163269,
        0.6138682961463928
      ],
      "average_accuracy": [
        70.27027027027027,
        70.27027027027027,
        70.27027027027027,
        70.27027027027027,
        70.27027027027027,
        70.27027027027027,
        70.27027027027027,
        70.27027027027027,
        70.27027027027027,
        70.27027027027027
      ]
    },
    "average_loss_intra_epoch": [
      0.5798046588897705
    ],
    "average_accuracy_intra_epoch": [
      71.72413793103448
    ],
    "runtime": 3.4087793827056885
  }
}