{
  "hyperparameters": {
    "architecture": "classification",
    "batch_size": 100,
    "clipping_threshold": 0.0,
    "dataset_name": "pittsburg-bridges-T-OR-D_classification",
    "epochs": 10,
    "initialization_scale": "\\sqrt{\frac{6}{n+m}}",
    "inner_ISGD_iterations": 0,
    "intra_epoch": false,
    "lr": 5.0,
    "momentum": 0.0,
    "mu": 0.0,
    "nodes": 50,
    "seed": 1,
    "sgdtype": "explicit",
    "data_type": "classification"
  },
  "results": {
    "train": {
      "average_loss": [
        0.6239681243896484,
        0.4387684464454651,
        0.8165945410728455,
        0.47578737139701843,
        0.35148748755455017,
        0.35159391164779663,
        0.35419225692749023,
        0.35324159264564514,
        0.3578673005104065,
        0.35389044880867004
      ],
      "average_accuracy": [
        88.88888888888889,
        88.88888888888889,
        88.88888888888889,
        88.88888888888889,
        88.88888888888889,
        88.88888888888889,
        88.88888888888889,
        88.88888888888889,
        88.88888888888889,
        88.88888888888889
      ]
    },
    "test": {
      "average_loss": [
        1.3326992988586426,
        0.5548511743545532,
        1.7492437362670898,
        1.0018311738967896,
        0.6459218263626099,
        0.5853372812271118,
        0.6632441878318787,
        0.5779905319213867,
        0.681541383266449,
        0.5740319490432739
      ],
      "average_accuracy": [
        76.19047619047619,
        76.19047619047619,
        76.19047619047619,
        76.19047619047619,
        76.19047619047619,
        76.19047619047619,
        76.19047619047619,
        76.19047619047619,
        76.19047619047619,
        76.19047619047619
      ]
    },
    "average_loss_intra_epoch": [
      0.35389044880867004
    ],
    "average_accuracy_intra_epoch": [
      88.88888888888889
    ],
    "runtime": 3.569089412689209
  }
}