{
  "hyperparameters": {
    "architecture": "classification",
    "batch_size": 100,
    "clipping_threshold": 0.0,
    "dataset_name": "optical_classification",
    "epochs": 10,
    "initialization_scale": "\\sqrt{\frac{6}{n+m}}",
    "inner_ISGD_iterations": 0,
    "intra_epoch": false,
    "lr": 50.0,
    "momentum": 0.0,
    "mu": 0.0,
    "nodes": 50,
    "seed": 1,
    "sgdtype": "implicit",
    "data_type": "classification"
  },
  "results": {
    "train": {
      "average_loss": [
        232.66132710774738,
        131.72524227566188,
        34.77780354817708,
        51.68542997572157,
        35.34502071804471,
        24.194081179300944,
        24.165059831407333,
        18.520100508795846,
        15.557936223347982,
        15.603768719567192
      ],
      "average_accuracy": [
        41.05871886120996,
        51.245551601423486,
        76.7126334519573,
        68.54982206405694,
        69.59519572953737,
        78.62544483985765,
        77.91370106761566,
        82.11743772241992,
        84.45284697508897,
        84.87544483985765
      ]
    },
    "test": {
      "average_loss": [
        244.69288126627603,
        147.6899299621582,
        36.61078707377116,
        54.61688423156738,
        38.19546349843343,
        24.07711871465047,
        22.08799131711324,
        18.575606902440388,
        19.46135127544403,
        16.841281016667683
      ],
      "average_accuracy": [
        43.41637010676157,
        47.95373665480427,
        73.30960854092527,
        68.14946619217082,
        68.14946619217082,
        78.29181494661921,
        78.20284697508897,
        82.38434163701068,
        81.13879003558719,
        85.14234875444839
      ]
    },
    "average_loss_intra_epoch": [
      15.603768719567192
    ],
    "average_accuracy_intra_epoch": [
      84.87544483985765
    ],
    "runtime": 372.42468070983887
  }
}