{
  "hyperparameters": {
    "architecture": "classification",
    "batch_size": 100,
    "clipping_threshold": 0.0,
    "dataset_name": "musk-2_classification",
    "epochs": 10,
    "initialization_scale": "\\sqrt{\frac{6}{n+m}}",
    "inner_ISGD_iterations": 0,
    "intra_epoch": false,
    "lr": 3.0,
    "momentum": 0.0,
    "mu": 0.0,
    "nodes": 50,
    "seed": 1,
    "sgdtype": "implicit",
    "data_type": "classification"
  },
  "results": {
    "train": {
      "average_loss": [
        80.73679459769771,
        138.96305631241708,
        18.798824886106097,
        42.467487659094466,
        25.89731331591336,
        42.88012630534622,
        33.49820381740354,
        26.97456455230713,
        39.7643781697975,
        63.955150460297205
      ],
      "average_accuracy": [
        53.902993558165974,
        54.20613868889731,
        83.4596438044714,
        81.18605532398635,
        79.82190223569533,
        84.1227737779462,
        83.89541492989768,
        77.79461917392952,
        83.87646835922698,
        74.70632815460402
      ]
    },
    "test": {
      "average_loss": [
        73.90143230983189,
        127.17366136823382,
        13.410334365708488,
        35.918890953063965,
        22.435850654329574,
        34.89449528285435,
        25.811292239597865,
        25.427513054439,
        35.493138381413054,
        50.506838185446604
      ],
      "average_accuracy": [
        54.696969696969695,
        54.621212121212125,
        85.60606060606061,
        83.03030303030303,
        79.0909090909091,
        86.43939393939394,
        86.13636363636364,
        78.4090909090909,
        86.28787878787878,
        76.89393939393939
      ]
    },
    "average_loss_intra_epoch": [
      63.955150460297205
    ],
    "average_accuracy_intra_epoch": [
      74.70632815460402
    ],
    "runtime": 1079.669808626175
  }
}