{
  "hyperparameters": {
    "architecture": "classification",
    "batch_size": 100,
    "clipping_threshold": 0.0,
    "dataset_name": "annealing_classification",
    "epochs": 10,
    "initialization_scale": "\\sqrt{\frac{6}{n+m}}",
    "inner_ISGD_iterations": 0,
    "intra_epoch": false,
    "lr": 0.2,
    "momentum": 0.0,
    "mu": 0.0,
    "nodes": 50,
    "seed": 1,
    "sgdtype": "implicit",
    "data_type": "classification"
  },
  "results": {
    "train": {
      "average_loss": [
        0.9909800365567207,
        0.8656470328569412,
        0.8277307897806168,
        0.7883670553565025,
        0.7360653504729271,
        0.679944708943367,
        0.6366922482848167,
        0.6033769994974136,
        0.6055574268102646,
        0.6035387143492699
      ],
      "average_accuracy": [
        75.6267409470752,
        75.6267409470752,
        75.6267409470752,
        75.6267409470752,
        75.6267409470752,
        80.77994428969359,
        81.61559888579387,
        81.8941504178273,
        80.91922005571031,
        79.94428969359332
      ]
    },
    "test": {
      "average_loss": [
        0.9513607025146484,
        0.8123491406440735,
        0.7785360515117645,
        0.745876282453537,
        0.7026482820510864,
        0.6575253307819366,
        0.6286894679069519,
        0.5979098379611969,
        0.6166344881057739,
        0.6077978909015656
      ],
      "average_accuracy": [
        78.33333333333333,
        78.33333333333333,
        78.33333333333333,
        78.33333333333333,
        78.33333333333333,
        85.0,
        85.0,
        85.0,
        82.22222222222223,
        82.77777777777777
      ]
    },
    "average_loss_intra_epoch": [
      0.6035387143492699
    ],
    "average_accuracy_intra_epoch": [
      79.94428969359332
    ],
    "runtime": 12.181084871292114
  }
}