{
  "hyperparameters": {
    "architecture": "classification",
    "batch_size": 100,
    "clipping_threshold": 0.0,
    "dataset_name": "lung-cancer_classification",
    "epochs": 10,
    "initialization_scale": "\\sqrt{\frac{6}{n+m}}",
    "inner_ISGD_iterations": 0,
    "intra_epoch": false,
    "lr": 5.0,
    "momentum": 0.0,
    "mu": 0.0,
    "nodes": 50,
    "seed": 1,
    "sgdtype": "explicit",
    "data_type": "classification"
  },
  "results": {
    "train": {
      "average_loss": [
        0.93404221534729,
        2.005805730819702,
        3.754579544067383,
        11.961932182312012,
        214.87911987304688,
        36.60935592651367,
        58.458744049072266,
        92.8470230102539,
        45.80693817138672,
        87.94940185546875
      ],
      "average_accuracy": [
        40.0,
        60.0,
        40.0,
        24.0,
        12.0,
        64.0,
        8.0,
        64.0,
        56.0,
        64.0
      ]
    },
    "test": {
      "average_loss": [
        0.998075544834137,
        2.9416580200195312,
        2.812227487564087,
        14.657541275024414,
        166.9895477294922,
        71.38764953613281,
        57.97154998779297,
        86.7461929321289,
        54.28581619262695,
        120.68352508544922
      ],
      "average_accuracy": [
        42.857142857142854,
        57.142857142857146,
        14.285714285714286,
        14.285714285714286,
        28.571428571428573,
        42.857142857142854,
        14.285714285714286,
        42.857142857142854,
        71.42857142857143,
        42.857142857142854
      ]
    },
    "average_loss_intra_epoch": [
      87.94940185546875
    ],
    "average_accuracy_intra_epoch": [
      64.0
    ],
    "runtime": 3.5639312267303467
  }
}