{
  "hyperparameters": {
    "architecture": "classification",
    "batch_size": 100,
    "clipping_threshold": 0.0,
    "dataset_name": "heart-cleveland_classification",
    "epochs": 10,
    "initialization_scale": "\\sqrt{\frac{6}{n+m}}",
    "inner_ISGD_iterations": 0,
    "intra_epoch": false,
    "lr": 50.0,
    "momentum": 0.0,
    "mu": 0.0,
    "nodes": 50,
    "seed": 1,
    "sgdtype": "implicit",
    "data_type": "classification"
  },
  "results": {
    "train": {
      "average_loss": [
        690.5407511393229,
        457.36041259765625,
        252.002197265625,
        331.9241943359375,
        353.05051676432294,
        301.0323435465495,
        280.0895589192708,
        235.2124226888021,
        130.4111302693685,
        81.03612009684245
      ],
      "average_accuracy": [
        15.289256198347108,
        12.396694214876034,
        6.198347107438017,
        42.14876033057851,
        42.14876033057851,
        46.69421487603306,
        25.619834710743802,
        47.107438016528924,
        59.50413223140496,
        53.30578512396694
      ]
    },
    "test": {
      "average_loss": [
        646.3658447265625,
        472.58026123046875,
        314.12481689453125,
        282.70635986328125,
        331.26470947265625,
        331.64068603515625,
        266.54351806640625,
        301.35675048828125,
        107.73583221435547,
        84.11497497558594
      ],
      "average_accuracy": [
        22.950819672131146,
        14.754098360655737,
        4.918032786885246,
        40.98360655737705,
        44.26229508196721,
        39.34426229508197,
        32.78688524590164,
        39.34426229508197,
        62.295081967213115,
        55.73770491803279
      ]
    },
    "average_loss_intra_epoch": [
      81.03612009684245
    ],
    "average_accuracy_intra_epoch": [
      53.30578512396694
    ],
    "runtime": 1.8373792171478271
  }
}