{
  "hyperparameters": {
    "architecture": "classification",
    "batch_size": 100,
    "clipping_threshold": 0.0,
    "dataset_name": "heart-switzerland_classification",
    "epochs": 10,
    "initialization_scale": "\\sqrt{\frac{6}{n+m}}",
    "inner_ISGD_iterations": 0,
    "intra_epoch": false,
    "lr": 1.0,
    "momentum": 0.0,
    "mu": 0.0,
    "nodes": 50,
    "seed": 1,
    "sgdtype": "implicit",
    "data_type": "classification"
  },
  "results": {
    "train": {
      "average_loss": [
        1.5016204118728638,
        1.4220072031021118,
        1.3802109956741333,
        1.3593230247497559,
        1.348404049873352,
        1.342047095298767,
        1.3380354642868042,
        1.3353946208953857,
        1.333604335784912,
        1.3323471546173096
      ],
      "average_accuracy": [
        39.795918367346935,
        41.83673469387755,
        41.83673469387755,
        41.83673469387755,
        41.83673469387755,
        41.83673469387755,
        41.83673469387755,
        41.83673469387755,
        41.83673469387755,
        41.83673469387755
      ]
    },
    "test": {
      "average_loss": [
        1.546311616897583,
        1.5201776027679443,
        1.5184768438339233,
        1.5245959758758545,
        1.5300847291946411,
        1.533231496810913,
        1.534853458404541,
        1.5358210802078247,
        1.5365843772888184,
        1.53731107711792
      ],
      "average_accuracy": [
        24.0,
        28.0,
        28.0,
        28.0,
        28.0,
        28.0,
        28.0,
        28.0,
        28.0,
        28.0
      ]
    },
    "average_loss_intra_epoch": [
      1.3323471546173096
    ],
    "average_accuracy_intra_epoch": [
      41.83673469387755
    ],
    "runtime": 1.1931042671203613
  }
}