{
  "hyperparameters": {
    "architecture": "classification",
    "batch_size": 100,
    "clipping_threshold": 0.0,
    "dataset_name": "bank_classification",
    "epochs": 10,
    "initialization_scale": "\\sqrt{\frac{6}{n+m}}",
    "inner_ISGD_iterations": 0,
    "intra_epoch": false,
    "lr": 5.0,
    "momentum": 0.0,
    "mu": 0.0,
    "nodes": 50,
    "seed": 1,
    "sgdtype": "explicit",
    "data_type": "classification"
  },
  "results": {
    "train": {
      "average_loss": [
        0.48848102785445546,
        10.250914032394821,
        14.236436122172588,
        23.005465378632415,
        2.3126110660063253,
        9.587277154664736,
        1.4869280538043461,
        1.2046089035433691,
        2.1978297475221993,
        1.2871406030010533
      ],
      "average_accuracy": [
        88.77212389380531,
        41.980088495575224,
        44.35840707964602,
        32.13495575221239,
        88.30199115044248,
        69.69026548672566,
        82.71570796460178,
        87.55530973451327,
        84.78982300884955,
        87.804203539823
      ]
    },
    "test": {
      "average_loss": [
        0.5010184109210968,
        10.559546375274659,
        14.667123126983643,
        22.443157768249513,
        2.778102171421051,
        10.450387096405029,
        1.7633604943752288,
        1.8669350802898408,
        2.816647696495056,
        1.306734311580658
      ],
      "average_accuracy": [
        87.29281767955801,
        40.66298342541437,
        45.85635359116022,
        34.47513812154696,
        87.07182320441989,
        70.60773480662984,
        79.77900552486187,
        85.0828729281768,
        82.09944751381215,
        86.29834254143647
      ]
    },
    "average_loss_intra_epoch": [
      1.2871406030010533
    ],
    "average_accuracy_intra_epoch": [
      87.804203539823
    ],
    "runtime": 6.984697341918945
  }
}