{
  "hyperparameters": {
    "architecture": "convffnn",
    "batch_size": 100,
    "clipping_threshold": 0.0,
    "dataset_name": "mnist",
    "epochs": 1,
    "initialization_scale": "\\sqrt{\frac{6}{n+m}}",
    "inner_ISGD_iterations": 0,
    "intra_epoch": true,
    "lr": 0.3,
    "momentum": 0.0,
    "mu": 0.0,
    "nodes": 50,
    "seed": 1,
    "sgdtype": "explicit",
    "data_type": "classification"
  },
  "results": {
    "train": {
      "average_loss": [
        0.09527880119703089
      ],
      "average_accuracy": [
        97.13333333333334
      ]
    },
    "test": {
      "average_loss": [
        0.08479182754643261
      ],
      "average_accuracy": [
        97.45
      ]
    },
    "average_loss_intra_epoch": [
      0.28829683002084494,
      0.18023139394198856,
      0.13526701607896635,
      0.14179680463392288,
      0.10663600318366662,
      0.09527880119703089
    ],
    "average_accuracy_intra_epoch": [
      91.475,
      94.625,
      95.96,
      95.79833333333333,
      96.83166666666666,
      97.13333333333334
    ],
    "runtime": 188.52706503868103
  }
}