{
  "hyperparameters": {
    "architecture": "classification",
    "batch_size": 100,
    "clipping_threshold": 0.0,
    "dataset_name": "mushroom_classification",
    "epochs": 10,
    "initialization_scale": "\\sqrt{\frac{6}{n+m}}",
    "inner_ISGD_iterations": 0,
    "intra_epoch": false,
    "lr": 0.5,
    "momentum": 0.0,
    "mu": 0.0,
    "nodes": 50,
    "seed": 1,
    "sgdtype": "implicit",
    "data_type": "classification"
  },
  "results": {
    "train": {
      "average_loss": [
        0.15764335669004,
        0.10334603482714066,
        0.016576614560416113,
        0.003575830915584587,
        0.00202146412159961,
        0.001957049974365733,
        0.0015380625608556258,
        0.0009577154549053655,
        0.0014316218426057067,
        0.00046474898072819295
      ],
      "average_accuracy": [
        95.98399753808278,
        96.76873365133098,
        99.73842129558393,
        99.96922603477458,
        99.96922603477458,
        100.0,
        100.0,
        100.0,
        99.95383905216187,
        100.0
      ]
    },
    "test": {
      "average_loss": [
        0.14637940508477829,
        0.09165424130418721,
        0.015769766534076017,
        0.003262977711582447,
        0.0019547058961025495,
        0.0021467107221456792,
        0.0017017872374066535,
        0.0007377907065400744,
        0.0011262616462772712,
        0.00039658403051469256
      ],
      "average_accuracy": [
        96.43076923076923,
        96.98461538461538,
        99.63076923076923,
        100.0,
        100.0,
        100.0,
        100.0,
        100.0,
        100.0,
        100.0
      ]
    },
    "average_loss_intra_epoch": [
      0.00046474898072819295
    ],
    "average_accuracy_intra_epoch": [
      100.0
    ],
    "runtime": 205.69994735717773
  }
}