{
  "hyperparameters": {
    "architecture": "classification",
    "batch_size": 100,
    "clipping_threshold": 0.0,
    "dataset_name": "spect_classification",
    "epochs": 10,
    "initialization_scale": "\\sqrt{\frac{6}{n+m}}",
    "inner_ISGD_iterations": 0,
    "intra_epoch": false,
    "lr": 1.0,
    "momentum": 0.0,
    "mu": 0.0,
    "nodes": 50,
    "seed": 1,
    "sgdtype": "implicit",
    "data_type": "classification"
  },
  "results": {
    "train": {
      "average_loss": [
        0.6688750584920248,
        0.6390595436096191,
        0.531441460053126,
        0.47622500856717426,
        0.47227758665879566,
        0.4670509348313014,
        0.46171847482522327,
        0.45654116570949554,
        0.45181934038798016,
        0.4476332167784373
      ],
      "average_accuracy": [
        57.54716981132076,
        58.9622641509434,
        72.64150943396227,
        70.28301886792453,
        70.75471698113208,
        71.22641509433963,
        72.16981132075472,
        72.16981132075472,
        73.11320754716981,
        74.05660377358491
      ]
    },
    "test": {
      "average_loss": [
        0.6594885587692261,
        0.641074538230896,
        0.5934950113296509,
        0.6511382460594177,
        0.7394752502441406,
        0.8084077835083008,
        0.8574270009994507,
        0.89272540807724,
        0.9194633364677429,
        0.9405553340911865
      ],
      "average_accuracy": [
        62.264150943396224,
        62.264150943396224,
        62.264150943396224,
        66.0377358490566,
        58.490566037735846,
        54.716981132075475,
        56.60377358490566,
        58.490566037735846,
        54.716981132075475,
        54.716981132075475
      ]
    },
    "average_loss_intra_epoch": [
      0.4476332167784373
    ],
    "average_accuracy_intra_epoch": [
      74.05660377358491
    ],
    "runtime": 10.115930795669556
  }
}