{
  "hyperparameters": {
    "architecture": "classification",
    "batch_size": 100,
    "clipping_threshold": 0.0,
    "dataset_name": "heart-cleveland_classification",
    "epochs": 10,
    "initialization_scale": "\\sqrt{\frac{6}{n+m}}",
    "inner_ISGD_iterations": 0,
    "intra_epoch": false,
    "lr": 50.0,
    "momentum": 0.0,
    "mu": 0.0,
    "nodes": 50,
    "seed": 1,
    "sgdtype": "explicit",
    "data_type": "classification"
  },
  "results": {
    "train": {
      "average_loss": [
        319.3628336588542,
        193.07415771484375,
        203.53974405924478,
        41.18363825480143,
        123.58541107177734,
        233.48653157552084,
        182.37894185384116,
        63.545050303141274,
        145.0962677001953,
        99.97904713948567
      ],
      "average_accuracy": [
        38.01652892561984,
        26.859504132231404,
        29.33884297520661,
        38.429752066115704,
        55.78512396694215,
        37.1900826446281,
        55.37190082644628,
        54.54545454545455,
        32.231404958677686,
        55.37190082644628
      ]
    },
    "test": {
      "average_loss": [
        347.6168212890625,
        210.40988159179688,
        175.95193481445312,
        52.83562088012695,
        168.27944946289062,
        197.7723846435547,
        136.15126037597656,
        91.47097778320312,
        167.82769775390625,
        120.24314880371094
      ],
      "average_accuracy": [
        37.704918032786885,
        34.42622950819672,
        27.868852459016395,
        29.508196721311474,
        47.540983606557376,
        37.704918032786885,
        55.73770491803279,
        57.377049180327866,
        36.0655737704918,
        49.18032786885246
      ]
    },
    "average_loss_intra_epoch": [
      99.97904713948567
    ],
    "average_accuracy_intra_epoch": [
      55.37190082644628
    ],
    "runtime": 0.6747908592224121
  }
}