{
  "hyperparameters": {
    "architecture": "music",
    "batch_size": 100,
    "clipping_threshold": 0.0,
    "dataset_name": "MuseData",
    "epochs": 5,
    "initialization_scale": "\\sqrt{\frac{6}{n+m}}",
    "inner_ISGD_iterations": 0,
    "intra_epoch": false,
    "lr": 500.0,
    "momentum": 0.0,
    "mu": 0.0,
    "nodes": 300,
    "seed": 1,
    "sgdtype": "explicit",
    "data_type": "sequential_many"
  },
  "results": {
    "train": {
      "average_loss": [
        0.00170843125888218,
        0.0011850831705702732,
        0.001323469786736239,
        0.001134013900330758,
        0.0011473928721196906
      ],
      "average_accuracy": [
        0,
        0,
        0,
        0,
        0
      ]
    },
    "test": {
      "average_loss": [
        0.001588062297037874,
        0.0012064674421649656,
        0.0012384262980401305,
        0.0011134744355595398,
        0.0010798776821473203
      ],
      "average_accuracy": [
        0,
        0,
        0,
        0,
        0
      ]
    },
    "average_loss_intra_epoch": [
      0.0011473928721196906
    ],
    "average_accuracy_intra_epoch": [
      0
    ],
    "runtime": 1931.6130859851837
  }
}