{
  "hyperparameters": {
    "architecture": "classification",
    "batch_size": 100,
    "clipping_threshold": 0.0,
    "dataset_name": "ozone_classification",
    "epochs": 10,
    "initialization_scale": "\\sqrt{\frac{6}{n+m}}",
    "inner_ISGD_iterations": 0,
    "intra_epoch": false,
    "lr": 0.5,
    "momentum": 0.0,
    "mu": 0.0,
    "nodes": 50,
    "seed": 1,
    "sgdtype": "implicit",
    "data_type": "classification"
  },
  "results": {
    "train": {
      "average_loss": [
        0.11780797051531929,
        0.12521758072433017,
        0.12163915698017393,
        0.11418888966242473,
        0.10781651611129443,
        0.10282709307613827,
        0.09889987128831092,
        0.09573824047332719,
        0.09313056901806877,
        0.0909319179398673
      ],
      "average_accuracy": [
        97.33727810650888,
        96.49901380670612,
        95.95660749506904,
        96.10453648915187,
        96.00591715976331,
        96.15384615384616,
        96.25246548323472,
        96.20315581854044,
        96.40039447731755,
        96.49901380670612
      ]
    },
    "test": {
      "average_loss": [
        0.11563417812188466,
        0.11429534293711185,
        0.10958184984823068,
        0.10501243484516938,
        0.10213857889175415,
        0.10046928934752941,
        0.09953401765475671,
        0.09904005937278271,
        0.09881660124907891,
        0.09876430624475081
      ],
      "average_accuracy": [
        96.25984251968504,
        96.06299212598425,
        95.66929133858268,
        95.86614173228347,
        96.06299212598425,
        96.45669291338582,
        96.45669291338582,
        96.45669291338582,
        96.65354330708661,
        96.65354330708661
      ]
    },
    "average_loss_intra_epoch": [
      0.0909319179398673
    ],
    "average_accuracy_intra_epoch": [
      96.49901380670612
    ],
    "runtime": 202.11767554283142
  }
}