{
  "hyperparameters": {
    "architecture": "classification",
    "batch_size": 100,
    "clipping_threshold": 0.0,
    "dataset_name": "wall-following_classification",
    "epochs": 10,
    "initialization_scale": "\\sqrt{\frac{6}{n+m}}",
    "inner_ISGD_iterations": 0,
    "intra_epoch": false,
    "lr": 3.0,
    "momentum": 0.0,
    "mu": 0.0,
    "nodes": 50,
    "seed": 1,
    "sgdtype": "implicit",
    "data_type": "classification"
  },
  "results": {
    "train": {
      "average_loss": [
        12.464114991101352,
        8.220798860896718,
        7.673348621888594,
        5.300892791964791,
        4.314194923097437,
        3.273868192325939,
        4.628335085782138,
        2.159470084038648,
        2.2481850466944953,
        3.8294755653901533
      ],
      "average_accuracy": [
        20.096241979835014,
        25.43538038496792,
        52.29147571035747,
        41.338221814848765,
        59.967919340055,
        53.84967919340055,
        62.39688359303391,
        61.91567369385884,
        49.40421631530706,
        39.98625114573785
      ]
    },
    "test": {
      "average_loss": [
        11.990925268693404,
        8.11123444817283,
        8.267171946438877,
        4.9771059426394375,
        4.431787100705233,
        3.484976378354159,
        4.5413760055195205,
        2.185188510201194,
        2.1950262893329966,
        3.666192791678689
      ],
      "average_accuracy": [
        20.146520146520146,
        23.80952380952381,
        50.0,
        44.32234432234432,
        57.32600732600733,
        52.65567765567766,
        63.095238095238095,
        61.904761904761905,
        51.83150183150183,
        38.827838827838825
      ]
    },
    "average_loss_intra_epoch": [
      3.8294755653901533
    ],
    "average_accuracy_intra_epoch": [
      39.98625114573785
    ],
    "runtime": 146.76654863357544
  }
}