{
  "hyperparameters": {
    "architecture": "classification",
    "batch_size": 100,
    "clipping_threshold": 0.0,
    "dataset_name": "dermatology_classification",
    "epochs": 10,
    "initialization_scale": "\\sqrt{\frac{6}{n+m}}",
    "inner_ISGD_iterations": 0,
    "intra_epoch": false,
    "lr": 30.0,
    "momentum": 0.0,
    "mu": 0.0,
    "nodes": 50,
    "seed": 1,
    "sgdtype": "explicit",
    "data_type": "classification"
  },
  "results": {
    "train": {
      "average_loss": [
        273.51845296223956,
        291.56251017252606,
        96.4888916015625,
        79.07216771443684,
        30.490622838338215,
        78.46079762776692,
        121.53509267171223,
        41.47653071085612,
        33.284872690836586,
        62.57539367675781
      ],
      "average_accuracy": [
        14.383561643835616,
        37.32876712328767,
        59.58904109589041,
        71.91780821917808,
        68.83561643835617,
        62.32876712328767,
        67.8082191780822,
        70.89041095890411,
        72.26027397260275,
        70.54794520547945
      ]
    },
    "test": {
      "average_loss": [
        309.0194091796875,
        226.38893127441406,
        62.07365036010742,
        77.5144271850586,
        23.552377700805664,
        73.7057876586914,
        106.03853607177734,
        48.27756881713867,
        37.0546989440918,
        81.70307922363281
      ],
      "average_accuracy": [
        10.81081081081081,
        50.0,
        67.56756756756756,
        77.02702702702703,
        77.02702702702703,
        60.810810810810814,
        67.56756756756756,
        74.32432432432432,
        75.67567567567568,
        70.27027027027027
      ]
    },
    "average_loss_intra_epoch": [
      62.57539367675781
    ],
    "average_accuracy_intra_epoch": [
      70.54794520547945
    ],
    "runtime": 3.93599271774292
  }
}