{
  "hyperparameters": {
    "architecture": "music",
    "batch_size": 100,
    "clipping_threshold": 8.0,
    "dataset_name": "MuseData",
    "epochs": 5,
    "initialization_scale": "\\sqrt{\frac{6}{n+m}}",
    "inner_ISGD_iterations": 0,
    "intra_epoch": false,
    "lr": 0.5,
    "momentum": 0.0,
    "mu": 0.0,
    "nodes": 300,
    "seed": 2,
    "sgdtype": "explicit",
    "data_type": "sequential_many"
  },
  "results": {
    "train": {
      "average_loss": [
        0.0019339126749178582,
        0.001405267283397741,
        0.0012294606606611308,
        0.0011354836900280842,
        0.0010743908576508682
      ],
      "average_accuracy": [
        0,
        0,
        0,
        0,
        0
      ]
    },
    "test": {
      "average_loss": [
        0.001789684530928254,
        0.0013130247900276558,
        0.0011528803622035588,
        0.0010658279232947895,
        0.0010085738528188462
      ],
      "average_accuracy": [
        0,
        0,
        0,
        0,
        0
      ]
    },
    "average_loss_intra_epoch": [
      0.0010743908576508682
    ],
    "average_accuracy_intra_epoch": [
      0
    ],
    "runtime": 1877.4601228237152
  }
}