{
  "hyperparameters": {
    "architecture": "classification",
    "batch_size": 100,
    "clipping_threshold": 0.0,
    "dataset_name": "vertebral-column-2clases_classification",
    "epochs": 10,
    "initialization_scale": "\\sqrt{\frac{6}{n+m}}",
    "inner_ISGD_iterations": 0,
    "intra_epoch": false,
    "lr": 1.0,
    "momentum": 0.0,
    "mu": 0.0,
    "nodes": 50,
    "seed": 1,
    "sgdtype": "implicit",
    "data_type": "classification"
  },
  "results": {
    "train": {
      "average_loss": [
        0.6260694265365601,
        0.6246261795361837,
        0.6215757528940836,
        0.6139652132987976,
        0.5912253260612488,
        0.5293222665786743,
        0.46132657925287884,
        0.406936635573705,
        0.4430992007255554,
        0.3658990462621053
      ],
      "average_accuracy": [
        67.74193548387096,
        67.74193548387096,
        67.74193548387096,
        67.74193548387096,
        67.74193548387096,
        69.75806451612904,
        81.45161290322581,
        84.6774193548387,
        77.41935483870968,
        83.87096774193549
      ]
    },
    "test": {
      "average_loss": [
        0.6273758411407471,
        0.6258736848831177,
        0.6226466298103333,
        0.6146203279495239,
        0.5908671021461487,
        0.5275986790657043,
        0.46354392170906067,
        0.434085488319397,
        0.4782426953315735,
        0.4009106159210205
      ],
      "average_accuracy": [
        67.74193548387096,
        67.74193548387096,
        67.74193548387096,
        67.74193548387096,
        67.74193548387096,
        69.35483870967742,
        72.58064516129032,
        79.03225806451613,
        80.64516129032258,
        80.64516129032258
      ]
    },
    "average_loss_intra_epoch": [
      0.3658990462621053
    ],
    "average_accuracy_intra_epoch": [
      83.87096774193549
    ],
    "runtime": 6.049736976623535
  }
}