{
  "hyperparameters": {
    "architecture": "classification",
    "batch_size": 100,
    "clipping_threshold": 0.0,
    "dataset_name": "dermatology_classification",
    "epochs": 10,
    "initialization_scale": "\\sqrt{\frac{6}{n+m}}",
    "inner_ISGD_iterations": 0,
    "intra_epoch": false,
    "lr": 0.5,
    "momentum": 0.0,
    "mu": 0.0,
    "nodes": 50,
    "seed": 1,
    "sgdtype": "implicit",
    "data_type": "classification"
  },
  "results": {
    "train": {
      "average_loss": [
        1.6701877117156982,
        1.4114216963450115,
        0.9757214585940043,
        0.7421648701032003,
        0.598212480545044,
        0.46664490302403766,
        0.363658348719279,
        0.29983340700467426,
        0.2609378049770991,
        0.2333232214053472
      ],
      "average_accuracy": [
        36.986301369863014,
        58.9041095890411,
        65.41095890410959,
        68.83561643835617,
        77.3972602739726,
        83.9041095890411,
        86.3013698630137,
        87.32876712328768,
        87.67123287671232,
        92.8082191780822
      ]
    },
    "test": {
      "average_loss": [
        1.652958631515503,
        1.357752799987793,
        0.8832372426986694,
        0.6449249982833862,
        0.5182410478591919,
        0.4169274866580963,
        0.3421248495578766,
        0.2979295253753662,
        0.26904189586639404,
        0.24480757117271423
      ],
      "average_accuracy": [
        40.54054054054054,
        64.86486486486487,
        70.27027027027027,
        70.27027027027027,
        79.72972972972973,
        82.43243243243244,
        83.78378378378379,
        83.78378378378379,
        85.13513513513513,
        90.54054054054055
      ]
    },
    "average_loss_intra_epoch": [
      0.2333232214053472
    ],
    "average_accuracy_intra_epoch": [
      92.8082191780822
    ],
    "runtime": 16.19388222694397
  }
}