{
  "hyperparameters": {
    "architecture": "classification",
    "batch_size": 100,
    "clipping_threshold": 0.0,
    "dataset_name": "wine-quality-red_classification",
    "epochs": 10,
    "initialization_scale": "\\sqrt{\frac{6}{n+m}}",
    "inner_ISGD_iterations": 0,
    "intra_epoch": false,
    "lr": 1.0,
    "momentum": 0.0,
    "mu": 0.0,
    "nodes": 50,
    "seed": 1,
    "sgdtype": "implicit",
    "data_type": "classification"
  },
  "results": {
    "train": {
      "average_loss": [
        1.2043893887446477,
        1.1716965528634877,
        1.0072394517751841,
        0.9778125194402841,
        0.9705515503883362,
        0.967758820607112,
        0.9655186442228464,
        0.9629941995327289,
        0.9599239184306219,
        0.9560902164532588
      ],
      "average_accuracy": [
        42.298670836591086,
        42.61141516810008,
        56.05942142298671,
        58.95230648944488,
        59.10867865519938,
        58.79593432369038,
        58.79593432369038,
        59.26505082095387,
        59.49960906958562,
        59.57779515246286
      ]
    },
    "test": {
      "average_loss": [
        1.1102501899003983,
        1.0758781880140305,
        0.9415345340967178,
        0.9309381395578384,
        0.9332029968500137,
        0.9363118708133698,
        0.9384736716747284,
        0.9397867172956467,
        0.9404463320970535,
        0.9404183626174927
      ],
      "average_accuracy": [
        43.75,
        43.75,
        60.625,
        58.125,
        59.0625,
        57.1875,
        58.4375,
        58.4375,
        57.5,
        57.1875
      ]
    },
    "average_loss_intra_epoch": [
      0.9560902164532588
    ],
    "average_accuracy_intra_epoch": [
      59.57779515246286
    ],
    "runtime": 25.318759441375732
  }
}