{
  "hyperparameters": {
    "architecture": "music",
    "batch_size": 100,
    "clipping_threshold": 0.0,
    "dataset_name": "Piano-midi.de",
    "epochs": 10,
    "initialization_scale": "\\sqrt{\frac{6}{n+m}}",
    "inner_ISGD_iterations": 0,
    "intra_epoch": false,
    "lr": 10.0,
    "momentum": 0.0,
    "mu": 0.0,
    "nodes": 50,
    "seed": 1,
    "sgdtype": "implicit",
    "data_type": "sequential_many"
  },
  "results": {
    "train": {
      "average_loss": [
        2556.7237766309718,
        2268.367637546583,
        2157.4947671122936,
        2081.810550382768,
        2101.7863744976876,
        1570.3341476615817,
        1196.665528746857,
        908.7280081387224,
        714.5952338733892,
        613.8517261373586
      ],
      "average_accuracy": [
        0,
        0,
        0,
        0,
        0,
        0,
        0,
        0,
        0,
        0
      ]
    },
    "test": {
      "average_loss": [
        2231.3669165039064,
        1979.2697564697266,
        1882.0611407470703,
        1813.7193359375,
        1839.9615667724609,
        1372.3389337158203,
        1044.0685662841797,
        790.7858892822265,
        621.687209777832,
        532.0979316711425
      ],
      "average_accuracy": [
        0,
        0,
        0,
        0,
        0,
        0,
        0,
        0,
        0,
        0
      ]
    },
    "average_loss_intra_epoch": [
      613.8517261373586
    ],
    "average_accuracy_intra_epoch": [
      0
    ],
    "runtime": 5408.677857398987
  }
}