{
  "hyperparameters": {
    "architecture": "classification",
    "batch_size": 100,
    "clipping_threshold": 0.0,
    "dataset_name": "letter_classification",
    "epochs": 10,
    "initialization_scale": "\\sqrt{\frac{6}{n+m}}",
    "inner_ISGD_iterations": 0,
    "intra_epoch": false,
    "lr": 3.0,
    "momentum": 0.0,
    "mu": 0.0,
    "nodes": 50,
    "seed": 1,
    "sgdtype": "explicit",
    "data_type": "classification"
  },
  "results": {
    "train": {
      "average_loss": [
        1.3879844687879086,
        1.0588688785210252,
        1.0296412125229835,
        0.9385029274970293,
        0.8644143652170897,
        0.8858305605128407,
        0.8600422399118542,
        0.8035490270704031,
        0.8693689066916704,
        0.8267128467559814
      ],
      "average_accuracy": [
        57.8375,
        67.11875,
        69.8,
        72.98125,
        74.68125,
        73.73125,
        74.31875,
        76.25625,
        74.9,
        76.1875
      ]
    },
    "test": {
      "average_loss": [
        1.439578640460968,
        1.1430636122822762,
        1.1170513167977334,
        1.0600790530443192,
        0.9738202318549156,
        1.008209800720215,
        0.9504776388406754,
        0.8928458794951439,
        0.9766578719019889,
        0.9396550431847572
      ],
      "average_accuracy": [
        56.95,
        65.175,
        68.3,
        70.325,
        72.325,
        70.65,
        72.8,
        74.0,
        71.95,
        73.075
      ]
    },
    "average_loss_intra_epoch": [
      0.8267128467559814
    ],
    "average_accuracy_intra_epoch": [
      76.1875
    ],
    "runtime": 19.575689554214478
  }
}