{
  "hyperparameters": {
    "architecture": "classification",
    "batch_size": 100,
    "clipping_threshold": 0.0,
    "dataset_name": "monks-2_classification",
    "epochs": 10,
    "initialization_scale": "\\sqrt{\frac{6}{n+m}}",
    "inner_ISGD_iterations": 0,
    "intra_epoch": false,
    "lr": 3.0,
    "momentum": 0.0,
    "mu": 0.0,
    "nodes": 50,
    "seed": 1,
    "sgdtype": "implicit",
    "data_type": "classification"
  },
  "results": {
    "train": {
      "average_loss": [
        0.6504637002944946,
        0.6637121915817261,
        0.652372944355011,
        0.6521606683731079,
        0.6514026641845703,
        0.6509877562522888,
        0.650717270374298,
        0.6505354642868042,
        0.6504074573516846,
        0.650312888622284
      ],
      "average_accuracy": [
        64.58333333333333,
        64.58333333333333,
        64.58333333333333,
        64.58333333333333,
        64.58333333333333,
        64.58333333333333,
        64.58333333333333,
        64.58333333333333,
        64.58333333333333,
        64.58333333333333
      ]
    },
    "test": {
      "average_loss": [
        0.5875072479248047,
        0.6330902576446533,
        0.5987735688686371,
        0.5978797376155853,
        0.5942028164863586,
        0.5919014811515808,
        0.5902346670627594,
        0.5890210568904877,
        0.5881222486495972,
        0.5874480307102203
      ],
      "average_accuracy": [
        70.24793388429752,
        70.24793388429752,
        70.24793388429752,
        70.24793388429752,
        70.24793388429752,
        70.24793388429752,
        70.24793388429752,
        70.24793388429752,
        70.24793388429752,
        70.24793388429752
      ]
    },
    "average_loss_intra_epoch": [
      0.650312888622284
    ],
    "average_accuracy_intra_epoch": [
      64.58333333333333
    ],
    "runtime": 2.1560001373291016
  }
}