{
  "hyperparameters": {
    "architecture": "classification",
    "batch_size": 100,
    "clipping_threshold": 0.0,
    "dataset_name": "classification_annealing",
    "epochs": 10,
    "initialization_scale": "\\sqrt{\frac{6}{n+m}}",
    "inner_ISGD_iterations": 0,
    "intra_epoch": false,
    "lr": 0.3,
    "momentum": 0.0,
    "mu": 0.0,
    "nodes": 50,
    "seed": 1,
    "sgdtype": "explicit",
    "data_type": "classification"
  },
  "results": {
    "train": {
      "average_loss": [
        0.9009977802634239,
        0.8285901993513107,
        0.7687968388199806,
        0.6832423359155655,
        0.6220124885439873,
        0.5935876369476318,
        0.5725472867488861,
        0.5539101958274841,
        0.5363788083195686,
        0.5193225704133511
      ],
      "average_accuracy": [
        75.6267409470752,
        75.6267409470752,
        75.6267409470752,
        80.50139275766017,
        81.75487465181058,
        81.75487465181058,
        81.8941504178273,
        82.03342618384401,
        82.03342618384401,
        82.17270194986072
      ]
    },
    "test": {
      "average_loss": [
        0.8519189357757568,
        0.7819770574569702,
        0.7308171987533569,
        0.653921514749527,
        0.5974029302597046,
        0.5858715176582336,
        0.585394948720932,
        0.5789341032505035,
        0.5692650377750397,
        0.5623055696487427
      ],
      "average_accuracy": [
        78.33333333333333,
        78.33333333333333,
        78.33333333333333,
        85.0,
        85.0,
        85.0,
        85.0,
        85.0,
        83.88888888888889,
        81.66666666666667
      ]
    },
    "average_loss_intra_epoch": [
      0.5193225704133511
    ],
    "average_accuracy_intra_epoch": [
      82.17270194986072
    ],
    "runtime": 3.913353443145752
  }
}