{
  "hyperparameters": {
    "architecture": "classification",
    "batch_size": 100,
    "clipping_threshold": 0.0,
    "dataset_name": "titanic_classification",
    "epochs": 10,
    "initialization_scale": "\\sqrt{\frac{6}{n+m}}",
    "inner_ISGD_iterations": 0,
    "intra_epoch": false,
    "lr": 10.0,
    "momentum": 0.0,
    "mu": 0.0,
    "nodes": 50,
    "seed": 1,
    "sgdtype": "implicit",
    "data_type": "classification"
  },
  "results": {
    "train": {
      "average_loss": [
        10.38353771633572,
        16.907102637820774,
        3.7618594434526234,
        17.736332522498238,
        11.168794843885633,
        30.57915994856093,
        10.353616184658474,
        16.429663075341118,
        24.58431667751736,
        14.182642353905571
      ],
      "average_accuracy": [
        67.72727272727273,
        67.72727272727273,
        67.72727272727273,
        32.15909090909091,
        67.72727272727273,
        32.15909090909091,
        32.15909090909091,
        67.8409090909091,
        32.15909090909091,
        67.72727272727273
      ]
    },
    "test": {
      "average_loss": [
        10.050617218017578,
        16.366489601135253,
        3.739780139923096,
        18.338677978515626,
        10.696746635437012,
        31.48716926574707,
        10.726762580871583,
        15.554903030395508,
        25.323048400878907,
        13.732246398925781
      ],
      "average_accuracy": [
        67.57369614512471,
        67.57369614512471,
        67.57369614512471,
        31.746031746031747,
        67.57369614512471,
        31.746031746031747,
        31.746031746031747,
        68.25396825396825,
        31.746031746031747,
        67.57369614512471
      ]
    },
    "average_loss_intra_epoch": [
      14.182642353905571
    ],
    "average_accuracy_intra_epoch": [
      67.72727272727273
    ],
    "runtime": 13.19269871711731
  }
}