{
  "hyperparameters": {
    "architecture": "classification",
    "batch_size": 100,
    "clipping_threshold": 0.0,
    "dataset_name": "oocytes-merluccius-nucleus-4d_classification",
    "epochs": 10,
    "initialization_scale": "\\sqrt{\frac{6}{n+m}}",
    "inner_ISGD_iterations": 0,
    "intra_epoch": false,
    "lr": 10.0,
    "momentum": 0.0,
    "mu": 0.0,
    "nodes": 50,
    "seed": 1,
    "sgdtype": "implicit",
    "data_type": "classification"
  },
  "results": {
    "train": {
      "average_loss": [
        313.3207838270399,
        256.7711062961155,
        141.76326327853732,
        52.8084470960829,
        173.1478237575955,
        119.19973627726237,
        94.10673565334744,
        126.30968814425998,
        37.691103829277885,
        108.43950907389323
      ],
      "average_accuracy": [
        59.8531211750306,
        56.42594859241126,
        52.26438188494492,
        43.329253365973074,
        59.36352509179927,
        60.46511627906977,
        54.834761321909426,
        60.09791921664627,
        67.93145654834761,
        59.241126070991434
      ]
    },
    "test": {
      "average_loss": [
        228.06145222981772,
        206.4287592569987,
        114.60303370157878,
        65.64574305216472,
        123.77919006347656,
        91.75104014078777,
        85.38923772176106,
        100.53353118896484,
        50.39855066935221,
        86.72666676839192
      ],
      "average_accuracy": [
        57.5609756097561,
        57.073170731707314,
        52.68292682926829,
        45.853658536585364,
        58.53658536585366,
        58.53658536585366,
        53.65853658536585,
        61.951219512195124,
        63.41463414634146,
        59.51219512195122
      ]
    },
    "average_loss_intra_epoch": [
      108.43950907389323
    ],
    "average_accuracy_intra_epoch": [
      59.241126070991434
    ],
    "runtime": 47.95877552032471
  }
}