{
  "hyperparameters": {
    "architecture": "classification",
    "batch_size": 100,
    "clipping_threshold": 0.0,
    "dataset_name": "heart-cleveland_classification",
    "epochs": 10,
    "initialization_scale": "\\sqrt{\frac{6}{n+m}}",
    "inner_ISGD_iterations": 0,
    "intra_epoch": false,
    "lr": 0.5,
    "momentum": 0.0,
    "mu": 0.0,
    "nodes": 50,
    "seed": 1,
    "sgdtype": "explicit",
    "data_type": "classification"
  },
  "results": {
    "train": {
      "average_loss": [
        1.3818332751592,
        1.2944920857747395,
        1.2668471733729045,
        1.2364463806152344,
        1.1671054760615032,
        1.0397298137346904,
        0.9611852169036865,
        0.934406061967214,
        0.9210240046183268,
        0.9125871658325195
      ],
      "average_accuracy": [
        53.71900826446281,
        53.71900826446281,
        53.71900826446281,
        53.71900826446281,
        53.71900826446281,
        55.78512396694215,
        58.67768595041322,
        61.98347107438016,
        60.743801652892564,
        60.33057851239669
      ]
    },
    "test": {
      "average_loss": [
        1.369138240814209,
        1.2749863862991333,
        1.2455412149429321,
        1.2157342433929443,
        1.147932767868042,
        1.0174046754837036,
        0.9270506501197815,
        0.8892374634742737,
        0.8668013215065002,
        0.8512722253799438
      ],
      "average_accuracy": [
        55.73770491803279,
        55.73770491803279,
        55.73770491803279,
        55.73770491803279,
        55.73770491803279,
        55.73770491803279,
        63.9344262295082,
        65.57377049180327,
        65.57377049180327,
        67.21311475409836
      ]
    },
    "average_loss_intra_epoch": [
      0.9125871658325195
    ],
    "average_accuracy_intra_epoch": [
      60.33057851239669
    ],
    "runtime": 0.661431074142456
  }
}