{
  "hyperparameters": {
    "architecture": "music",
    "batch_size": 100,
    "clipping_threshold": 1.0,
    "dataset_name": "JSB Chorales",
    "epochs": 10,
    "initialization_scale": "\\sqrt{\frac{6}{n+m}}",
    "inner_ISGD_iterations": 0,
    "intra_epoch": false,
    "lr": 10.0,
    "momentum": 0.0,
    "mu": 0.0,
    "nodes": 50,
    "seed": 1,
    "sgdtype": "explicit",
    "data_type": "sequential_many"
  },
  "results": {
    "train": {
      "average_loss": [
        16.928314856566715,
        15.748102542094268,
        11.85366808170835,
        13.859895585405775,
        12.744263496981958,
        11.730996206858272,
        10.883199098328836,
        12.291501174327067,
        10.78130591488301,
        10.572404449163045
      ],
      "average_accuracy": [
        0,
        0,
        0,
        0,
        0,
        0,
        0,
        0,
        0,
        0
      ]
    },
    "test": {
      "average_loss": [
        17.27952105039126,
        15.887545486549278,
        12.151950390307935,
        14.13780553619583,
        12.904691559927803,
        12.118884513904522,
        11.161962372916085,
        12.619473061004243,
        11.10837763625306,
        10.891355279204133
      ],
      "average_accuracy": [
        0,
        0,
        0,
        0,
        0,
        0,
        0,
        0,
        0,
        0
      ]
    },
    "average_loss_intra_epoch": [
      10.572404449163045
    ],
    "average_accuracy_intra_epoch": [
      0
    ],
    "runtime": 245.59416151046753
  }
}