{
  "hyperparameters": {
    "architecture": "classification",
    "batch_size": 100,
    "clipping_threshold": 0.0,
    "dataset_name": "conn-bench-vowel-deterding_classification",
    "epochs": 10,
    "initialization_scale": "\\sqrt{\frac{6}{n+m}}",
    "inner_ISGD_iterations": 0,
    "intra_epoch": false,
    "lr": 0.1,
    "momentum": 0.0,
    "mu": 0.0,
    "nodes": 50,
    "seed": 1,
    "sgdtype": "explicit",
    "data_type": "classification"
  },
  "results": {
    "train": {
      "average_loss": [
        2.4055390655994415,
        2.4035991430282593,
        2.401979923248291,
        2.4006098210811615,
        2.399432271718979,
        2.3984033167362213,
        2.397486627101898,
        2.3966529071331024,
        2.3958758413791656,
        2.395132929086685
      ],
      "average_accuracy": [
        10.1010101010101,
        10.1010101010101,
        10.1010101010101,
        10.1010101010101,
        10.1010101010101,
        10.1010101010101,
        10.1010101010101,
        10.1010101010101,
        10.1010101010101,
        10.1010101010101
      ]
    },
    "test": {
      "average_loss": [
        2.412908911705017,
        2.4116456508636475,
        2.4106616973876953,
        2.409884452819824,
        2.4092578887939453,
        2.4087400436401367,
        2.408293843269348,
        2.4078935384750366,
        2.4075145721435547,
        2.4071359634399414
      ],
      "average_accuracy": [
        5.05050505050505,
        5.05050505050505,
        5.05050505050505,
        5.05050505050505,
        5.05050505050505,
        5.05050505050505,
        5.05050505050505,
        5.05050505050505,
        5.05050505050505,
        5.05050505050505
      ]
    },
    "average_loss_intra_epoch": [
      2.395132929086685
    ],
    "average_accuracy_intra_epoch": [
      10.1010101010101
    ],
    "runtime": 3.8508682250976562
  }
}