{
  "hyperparameters": {
    "architecture": "classification",
    "batch_size": 100,
    "clipping_threshold": 0.0,
    "dataset_name": "monks-3_classification",
    "epochs": 10,
    "initialization_scale": "\\sqrt{\frac{6}{n+m}}",
    "inner_ISGD_iterations": 0,
    "intra_epoch": false,
    "lr": 3.0,
    "momentum": 0.0,
    "mu": 0.0,
    "nodes": 50,
    "seed": 1,
    "sgdtype": "implicit",
    "data_type": "classification"
  },
  "results": {
    "train": {
      "average_loss": [
        0.9144953489303589,
        0.757674491405487,
        0.7576042413711548,
        0.7569998979568482,
        0.7569746613502503,
        0.7570451378822327,
        0.7571511268615723,
        0.7573068380355835,
        0.7575633645057678,
        0.75804682970047
      ],
      "average_accuracy": [
        47.40406320541761,
        47.40406320541761,
        47.40406320541761,
        47.40406320541761,
        47.40406320541761,
        47.40406320541761,
        47.40406320541761,
        47.40406320541761,
        47.40406320541761,
        47.40406320541761
      ]
    },
    "test": {
      "average_loss": [
        0.9726629257202148,
        0.7875784933567047,
        0.7874463200569153,
        0.7866710126399994,
        0.7866290211677551,
        0.7867080271244049,
        0.7868294715881348,
        0.7870067656040192,
        0.7872960865497589,
        0.7878320813179016
      ],
      "average_accuracy": [
        50.450450450450454,
        50.450450450450454,
        50.450450450450454,
        50.450450450450454,
        50.450450450450454,
        50.450450450450454,
        50.450450450450454,
        50.450450450450454,
        50.450450450450454,
        50.450450450450454
      ]
    },
    "average_loss_intra_epoch": [
      0.75804682970047
    ],
    "average_accuracy_intra_epoch": [
      47.40406320541761
    ],
    "runtime": 7.960709095001221
  }
}