{
  "hyperparameters": {
    "architecture": "classification",
    "batch_size": 100,
    "clipping_threshold": 0.0,
    "dataset_name": "glass_classification",
    "epochs": 10,
    "initialization_scale": "\\sqrt{\frac{6}{n+m}}",
    "inner_ISGD_iterations": 0,
    "intra_epoch": false,
    "lr": 0.5,
    "momentum": 0.0,
    "mu": 0.0,
    "nodes": 50,
    "seed": 1,
    "sgdtype": "implicit",
    "data_type": "classification"
  },
  "results": {
    "train": {
      "average_loss": [
        1.660586178302765,
        1.597756564617157,
        1.5587095022201538,
        1.5355644226074219,
        1.5222928524017334,
        1.5146982073783875,
        1.5102230310440063,
        1.5074443817138672,
        1.5056025981903076,
        1.504289984703064
      ],
      "average_accuracy": [
        29.82456140350877,
        29.82456140350877,
        37.42690058479532,
        37.42690058479532,
        37.42690058479532,
        37.42690058479532,
        37.42690058479532,
        37.42690058479532,
        37.42690058479532,
        37.42690058479532
      ]
    },
    "test": {
      "average_loss": [
        1.6444684267044067,
        1.5907418727874756,
        1.5582581758499146,
        1.539080023765564,
        1.5275412797927856,
        1.520114779472351,
        1.5149365663528442,
        1.5111106634140015,
        1.5081911087036133,
        1.5059185028076172
      ],
      "average_accuracy": [
        44.18604651162791,
        44.18604651162791,
        27.906976744186046,
        27.906976744186046,
        27.906976744186046,
        27.906976744186046,
        27.906976744186046,
        27.906976744186046,
        27.906976744186046,
        27.906976744186046
      ]
    },
    "average_loss_intra_epoch": [
      1.504289984703064
    ],
    "average_accuracy_intra_epoch": [
      37.42690058479532
    ],
    "runtime": 5.4987688064575195
  }
}