{
  "hyperparameters": {
    "architecture": "classification",
    "batch_size": 100,
    "clipping_threshold": 0.0,
    "dataset_name": "heart-hungarian_classification",
    "epochs": 10,
    "initialization_scale": "\\sqrt{\frac{6}{n+m}}",
    "inner_ISGD_iterations": 0,
    "intra_epoch": false,
    "lr": 3.0,
    "momentum": 0.0,
    "mu": 0.0,
    "nodes": 50,
    "seed": 1,
    "sgdtype": "explicit",
    "data_type": "classification"
  },
  "results": {
    "train": {
      "average_loss": [
        0.65245654185613,
        0.4180956780910492,
        0.3522506058216095,
        0.3434056838353475,
        0.35731151700019836,
        0.356154869000117,
        0.3710311949253082,
        0.37676603098710376,
        0.37390172978242237,
        0.3907954345146815
      ],
      "average_accuracy": [
        65.1063829787234,
        85.53191489361703,
        84.25531914893617,
        84.68085106382979,
        84.25531914893617,
        85.95744680851064,
        84.68085106382979,
        85.53191489361703,
        85.53191489361703,
        85.95744680851064
      ]
    },
    "test": {
      "average_loss": [
        0.659058690071106,
        0.611445426940918,
        0.6353644728660583,
        0.573077917098999,
        0.7219385504722595,
        0.697295069694519,
        0.8183386325836182,
        0.8141181468963623,
        0.8168002367019653,
        0.795295000076294
      ],
      "average_accuracy": [
        62.71186440677966,
        81.35593220338983,
        72.88135593220339,
        77.96610169491525,
        72.88135593220339,
        76.27118644067797,
        71.1864406779661,
        74.57627118644068,
        71.1864406779661,
        79.66101694915254
      ]
    },
    "average_loss_intra_epoch": [
      0.3907954345146815
    ],
    "average_accuracy_intra_epoch": [
      85.95744680851064
    ],
    "runtime": 0.7710592746734619
  }
}