{
  "hyperparameters": {
    "architecture": "music",
    "batch_size": 100,
    "clipping_threshold": 8.0,
    "dataset_name": "Nottingham",
    "epochs": 5,
    "initialization_scale": "\\sqrt{\frac{6}{n+m}}",
    "inner_ISGD_iterations": 0,
    "intra_epoch": false,
    "lr": 0.5,
    "momentum": 0.0,
    "mu": 0.0,
    "nodes": 300,
    "seed": 1,
    "sgdtype": "implicit",
    "data_type": "sequential_many"
  },
  "results": {
    "train": {
      "average_loss": [
        0.0015361430367517958,
        0.0010879267789351335,
        0.0009367863509732047,
        0.0008552639172388132,
        0.0008019695119440464
      ],
      "average_accuracy": [
        0,
        0,
        0,
        0,
        0
      ]
    },
    "test": {
      "average_loss": [
        0.0015194603669121587,
        0.0010775468205204508,
        0.0009291790653900106,
        0.0008494907000995761,
        0.0007976974670943009
      ],
      "average_accuracy": [
        0,
        0,
        0,
        0,
        0
      ]
    },
    "average_loss_intra_epoch": [
      0.0008019695119440464
    ],
    "average_accuracy_intra_epoch": [
      0
    ],
    "runtime": 6661.28696346283
  }
}