{
  "hyperparameters": {
    "architecture": "classification",
    "batch_size": 100,
    "clipping_threshold": 0.0,
    "dataset_name": "echocardiogram_classification",
    "epochs": 10,
    "initialization_scale": "\\sqrt{\frac{6}{n+m}}",
    "inner_ISGD_iterations": 0,
    "intra_epoch": false,
    "lr": 10.0,
    "momentum": 0.0,
    "mu": 0.0,
    "nodes": 50,
    "seed": 1,
    "sgdtype": "explicit",
    "data_type": "classification"
  },
  "results": {
    "train": {
      "average_loss": [
        2.399836540222168,
        48.796661376953125,
        4.342422723770142,
        16.682371139526367,
        23.120739221572876,
        23.708209991455078,
        45.17555618286133,
        31.784823417663574,
        27.01664161682129,
        73.33625030517578
      ],
      "average_accuracy": [
        30.76923076923077,
        29.807692307692307,
        72.11538461538461,
        75.0,
        59.61538461538461,
        62.5,
        62.5,
        64.42307692307692,
        65.38461538461539,
        62.5
      ]
    },
    "test": {
      "average_loss": [
        1.910753607749939,
        39.85512161254883,
        7.867263317108154,
        38.69978332519531,
        24.953773498535156,
        64.26338958740234,
        53.31819534301758,
        36.919647216796875,
        30.932897567749023,
        87.80037689208984
      ],
      "average_accuracy": [
        40.74074074074074,
        40.74074074074074,
        62.96296296296296,
        70.37037037037037,
        74.07407407407408,
        70.37037037037037,
        70.37037037037037,
        70.37037037037037,
        70.37037037037037,
        66.66666666666667
      ]
    },
    "average_loss_intra_epoch": [
      73.33625030517578
    ],
    "average_accuracy_intra_epoch": [
      62.5
    ],
    "runtime": 3.767158269882202
  }
}