{
  "hyperparameters": {
    "architecture": "classification",
    "batch_size": 100,
    "clipping_threshold": 0.0,
    "dataset_name": "monks-3_classification",
    "epochs": 10,
    "initialization_scale": "\\sqrt{\frac{6}{n+m}}",
    "inner_ISGD_iterations": 0,
    "intra_epoch": false,
    "lr": 10.0,
    "momentum": 0.0,
    "mu": 0.0,
    "nodes": 50,
    "seed": 1,
    "sgdtype": "explicit",
    "data_type": "classification"
  },
  "results": {
    "train": {
      "average_loss": [
        4.669880008697509,
        49.45045394897461,
        19.588533401489258,
        58.58897705078125,
        1.164855694770813,
        25.0254695892334,
        14.102013969421387,
        28.402861404418946,
        27.440322875976562,
        11.685227203369141
      ],
      "average_accuracy": [
        52.59593679458239,
        52.8216704288939,
        68.39729119638827,
        68.39729119638827,
        68.39729119638827,
        68.62302483069978,
        31.376975169300227,
        31.376975169300227,
        67.94582392776523,
        31.602708803611737
      ]
    },
    "test": {
      "average_loss": [
        4.158689618110657,
        52.3249397277832,
        14.472410202026367,
        42.37891960144043,
        1.163007140159607,
        18.227307319641113,
        15.426477432250977,
        32.20762920379639,
        19.48385000228882,
        12.90845251083374
      ],
      "average_accuracy": [
        49.549549549549546,
        55.85585585585586,
        72.97297297297297,
        73.87387387387388,
        72.97297297297297,
        73.87387387387388,
        27.027027027027028,
        27.027027027027028,
        73.87387387387388,
        26.126126126126128
      ]
    },
    "average_loss_intra_epoch": [
      11.685227203369141
    ],
    "average_accuracy_intra_epoch": [
      31.602708803611737
    ],
    "runtime": 3.9494681358337402
  }
}