{
  "hyperparameters": {
    "architecture": "classification",
    "batch_size": 100,
    "clipping_threshold": 0.0,
    "dataset_name": "oocytes-merluccius-states-2f_classification",
    "epochs": 10,
    "initialization_scale": "\\sqrt{\frac{6}{n+m}}",
    "inner_ISGD_iterations": 0,
    "intra_epoch": false,
    "lr": 0.01,
    "momentum": 0.0,
    "mu": 0.0,
    "nodes": 50,
    "seed": 1,
    "sgdtype": "explicit",
    "data_type": "classification"
  },
  "results": {
    "train": {
      "average_loss": [
        1.0440275139278836,
        1.0199012094073825,
        0.9976778096622891,
        0.97715824842453,
        0.9581652879714966,
        0.9405388633410136,
        0.9241331749492221,
        0.9088137878312005,
        0.894455201096005,
        0.880939265092214
      ],
      "average_accuracy": [
        69.15544675642595,
        69.15544675642595,
        69.15544675642595,
        69.15544675642595,
        69.15544675642595,
        69.15544675642595,
        69.15544675642595,
        69.15544675642595,
        69.15544675642595,
        69.15544675642595
      ]
    },
    "test": {
      "average_loss": [
        1.038187821706136,
        1.0121662616729736,
        0.9881372253100077,
        0.9658995866775513,
        0.9452746311823527,
        0.9261022806167603,
        0.9082361062367758,
        0.8915423552195231,
        0.875896155834198,
        0.8611806829770406
      ],
      "average_accuracy": [
        66.82926829268293,
        66.82926829268293,
        66.82926829268293,
        66.82926829268293,
        66.82926829268293,
        66.82926829268293,
        66.82926829268293,
        66.82926829268293,
        66.82926829268293,
        66.82926829268293
      ]
    },
    "average_loss_intra_epoch": [
      0.880939265092214
    ],
    "average_accuracy_intra_epoch": [
      69.15544675642595
    ],
    "runtime": 3.951230049133301
  }
}