{
  "hyperparameters": {
    "architecture": "classification",
    "batch_size": 100,
    "clipping_threshold": 0.0,
    "dataset_name": "parkinsons_classification",
    "epochs": 10,
    "initialization_scale": "\\sqrt{\frac{6}{n+m}}",
    "inner_ISGD_iterations": 0,
    "intra_epoch": false,
    "lr": 0.001,
    "momentum": 0.0,
    "mu": 0.0,
    "nodes": 50,
    "seed": 1,
    "sgdtype": "implicit",
    "data_type": "classification"
  },
  "results": {
    "train": {
      "average_loss": [
        0.6775153875350952,
        0.6771829128265381,
        0.6768518090248108,
        0.6765213012695312,
        0.6761917173862457,
        0.6758631467819214,
        0.6755355298519135,
        0.6752088367938995,
        0.6748829483985901,
        0.6745579242706299
      ],
      "average_accuracy": [
        75.64102564102564,
        75.64102564102564,
        75.64102564102564,
        75.64102564102564,
        75.64102564102564,
        75.64102564102564,
        75.64102564102564,
        75.64102564102564,
        75.64102564102564,
        75.64102564102564
      ]
    },
    "test": {
      "average_loss": [
        0.6787668466567993,
        0.6784502863883972,
        0.6781343221664429,
        0.6778196096420288,
        0.677505612373352,
        0.6771925687789917,
        0.6768804788589478,
        0.6765691041946411,
        0.6762586832046509,
        0.6759491562843323
      ],
      "average_accuracy": [
        74.35897435897436,
        74.35897435897436,
        74.35897435897436,
        74.35897435897436,
        74.35897435897436,
        74.35897435897436,
        74.35897435897436,
        74.35897435897436,
        74.35897435897436,
        74.35897435897436
      ]
    },
    "average_loss_intra_epoch": [
      0.6745579242706299
    ],
    "average_accuracy_intra_epoch": [
      75.64102564102564
    ],
    "runtime": 7.711833715438843
  }
}