{
  "hyperparameters": {
    "architecture": "classification",
    "batch_size": 100,
    "clipping_threshold": 0.0,
    "dataset_name": "monks-2_classification",
    "epochs": 10,
    "initialization_scale": "\\sqrt{\frac{6}{n+m}}",
    "inner_ISGD_iterations": 0,
    "intra_epoch": false,
    "lr": 1.0,
    "momentum": 0.0,
    "mu": 0.0,
    "nodes": 50,
    "seed": 1,
    "sgdtype": "implicit",
    "data_type": "classification"
  },
  "results": {
    "train": {
      "average_loss": [
        0.650053071975708,
        0.6500304222106934,
        0.6500047087669373,
        0.6499807834625244,
        0.6499577641487122,
        0.6499346971511841,
        0.6499106049537658,
        0.6498845815658569,
        0.6498556733131409,
        0.6498226523399353
      ],
      "average_accuracy": [
        64.58333333333333,
        64.58333333333333,
        64.58333333333333,
        64.58333333333333,
        64.58333333333333,
        64.58333333333333,
        64.58333333333333,
        64.58333333333333,
        64.58333333333333,
        64.58333333333333
      ]
    },
    "test": {
      "average_loss": [
        0.5754260420799255,
        0.5753050446510315,
        0.5752853751182556,
        0.5752637088298798,
        0.5752388536930084,
        0.5752097964286804,
        0.5751756429672241,
        0.5751352310180664,
        0.5750873386859894,
        0.5750302374362946
      ],
      "average_accuracy": [
        70.24793388429752,
        70.24793388429752,
        70.24793388429752,
        70.24793388429752,
        70.24793388429752,
        70.24793388429752,
        70.24793388429752,
        70.24793388429752,
        70.24793388429752,
        70.24793388429752
      ]
    },
    "average_loss_intra_epoch": [
      0.6498226523399353
    ],
    "average_accuracy_intra_epoch": [
      64.58333333333333
    ],
    "runtime": 2.0221292972564697
  }
}