{
  "hyperparameters": {
    "architecture": "classification",
    "batch_size": 100,
    "clipping_threshold": 0.0,
    "dataset_name": "wine-quality-red_classification",
    "epochs": 10,
    "initialization_scale": "\\sqrt{\frac{6}{n+m}}",
    "inner_ISGD_iterations": 0,
    "intra_epoch": false,
    "lr": 0.1,
    "momentum": 0.0,
    "mu": 0.0,
    "nodes": 50,
    "seed": 1,
    "sgdtype": "explicit",
    "data_type": "classification"
  },
  "results": {
    "train": {
      "average_loss": [
        1.5498153338065515,
        1.3935335691158588,
        1.305931201347938,
        1.2600208887687097,
        1.2355318986452544,
        1.2213780421477098,
        1.2124434067652776,
        1.2063832741517286,
        1.2020124197006226,
        1.1986396862910345
      ],
      "average_accuracy": [
        39.405785770132916,
        45.50430023455825,
        42.298670836591086,
        42.298670836591086,
        42.298670836591086,
        42.298670836591086,
        42.298670836591086,
        42.298670836591086,
        42.298670836591086,
        42.298670836591086
      ]
    },
    "test": {
      "average_loss": [
        1.5146529972553253,
        1.3385604619979858,
        1.2354351580142975,
        1.1790129244327545,
        1.1483318507671356,
        1.1309462487697601,
        1.12052021920681,
        1.1138649433851242,
        1.10928875207901,
        1.1058322191238403
      ],
      "average_accuracy": [
        41.875,
        44.6875,
        43.75,
        43.75,
        43.75,
        43.75,
        43.75,
        43.75,
        43.75,
        43.75
      ]
    },
    "average_loss_intra_epoch": [
      1.1986396862910345
    ],
    "average_accuracy_intra_epoch": [
      42.298670836591086
    ],
    "runtime": 4.5890281200408936
  }
}