{
  "hyperparameters": {
    "architecture": "classification",
    "batch_size": 100,
    "clipping_threshold": 0.0,
    "dataset_name": "pima_classification",
    "epochs": 10,
    "initialization_scale": "\\sqrt{\frac{6}{n+m}}",
    "inner_ISGD_iterations": 0,
    "intra_epoch": false,
    "lr": 5.0,
    "momentum": 0.0,
    "mu": 0.0,
    "nodes": 50,
    "seed": 1,
    "sgdtype": "implicit",
    "data_type": "classification"
  },
  "results": {
    "train": {
      "average_loss": [
        0.758082926273346,
        0.8355686749730792,
        10.860852105276924,
        55.26433181762695,
        6.0664481435503275,
        10.859912054879326,
        3.2966262102127075,
        24.247994014195033,
        32.322336196899414,
        2.4683601685932706
      ],
      "average_accuracy": [
        34.69055374592834,
        34.69055374592834,
        65.30944625407166,
        28.338762214983714,
        65.47231270358306,
        71.82410423452768,
        71.00977198697069,
        28.827361563517915,
        28.827361563517915,
        64.00651465798046
      ]
    },
    "test": {
      "average_loss": [
        0.7615690231323242,
        0.8409658968448639,
        10.617833614349365,
        61.95297813415527,
        5.185612440109253,
        8.316518783569336,
        2.4029046297073364,
        26.98770236968994,
        36.03484535217285,
        1.7480194568634033
      ],
      "average_accuracy": [
        35.714285714285715,
        35.714285714285715,
        64.28571428571429,
        22.727272727272727,
        64.28571428571429,
        76.62337662337663,
        75.97402597402598,
        24.025974025974026,
        25.324675324675326,
        64.28571428571429
      ]
    },
    "average_loss_intra_epoch": [
      2.4683601685932706
    ],
    "average_accuracy_intra_epoch": [
      64.00651465798046
    ],
    "runtime": 11.647982597351074
  }
}