{
  "hyperparameters": {
    "architecture": "classification",
    "batch_size": 100,
    "clipping_threshold": 0.0,
    "dataset_name": "statlog-vehicle_classification",
    "epochs": 10,
    "initialization_scale": "\\sqrt{\frac{6}{n+m}}",
    "inner_ISGD_iterations": 0,
    "intra_epoch": false,
    "lr": 0.5,
    "momentum": 0.0,
    "mu": 0.0,
    "nodes": 50,
    "seed": 1,
    "sgdtype": "implicit",
    "data_type": "classification"
  },
  "results": {
    "train": {
      "average_loss": [
        1.371537208557129,
        1.3249963351658411,
        1.2239955152784074,
        1.1387317180633545,
        1.079179082598005,
        1.0812922205243791,
        1.0268394436155046,
        1.0114916563034058,
        0.9527250783784049,
        0.8942523172923497
      ],
      "average_accuracy": [
        37.27810650887574,
        38.6094674556213,
        42.01183431952663,
        46.30177514792899,
        54.88165680473373,
        51.62721893491124,
        55.32544378698225,
        55.917159763313606,
        57.69230769230769,
        57.544378698224854
      ]
    },
    "test": {
      "average_loss": [
        1.3811999559402466,
        1.3400452136993408,
        1.247711420059204,
        1.159708559513092,
        1.1040948033332825,
        1.1090463995933533,
        1.0637001395225525,
        1.0430853962898254,
        0.9979735612869263,
        0.9399899840354919
      ],
      "average_accuracy": [
        27.058823529411764,
        37.05882352941177,
        38.8235294117647,
        41.76470588235294,
        45.294117647058826,
        52.35294117647059,
        48.23529411764706,
        57.64705882352941,
        52.94117647058823,
        52.35294117647059
      ]
    },
    "average_loss_intra_epoch": [
      0.8942523172923497
    ],
    "average_accuracy_intra_epoch": [
      57.544378698224854
    ],
    "runtime": 20.356541633605957
  }
}