{
  "hyperparameters": {
    "architecture": "classification",
    "batch_size": 100,
    "clipping_threshold": 0.0,
    "dataset_name": "echocardiogram_classification",
    "epochs": 10,
    "initialization_scale": "\\sqrt{\frac{6}{n+m}}",
    "inner_ISGD_iterations": 0,
    "intra_epoch": false,
    "lr": 1.0,
    "momentum": 0.0,
    "mu": 0.0,
    "nodes": 50,
    "seed": 1,
    "sgdtype": "implicit",
    "data_type": "classification"
  },
  "results": {
    "train": {
      "average_loss": [
        0.5890005528926849,
        0.5821611285209656,
        0.5627918243408203,
        0.49767281115055084,
        0.3271895796060562,
        0.2246997319161892,
        0.1995120933279395,
        0.19219916500151157,
        0.18930256459861994,
        0.1874471753835678
      ],
      "average_accuracy": [
        69.23076923076923,
        69.23076923076923,
        69.23076923076923,
        69.23076923076923,
        79.8076923076923,
        86.53846153846153,
        90.38461538461539,
        91.34615384615384,
        91.34615384615384,
        91.34615384615384
      ]
    },
    "test": {
      "average_loss": [
        0.7095181345939636,
        0.7176091074943542,
        0.7134087085723877,
        0.6931216716766357,
        0.6448168754577637,
        0.6723704934120178,
        0.7207240462303162,
        0.7425596714019775,
        0.7570765614509583,
        0.7651420831680298
      ],
      "average_accuracy": [
        59.25925925925926,
        59.25925925925926,
        59.25925925925926,
        59.25925925925926,
        62.96296296296296,
        70.37037037037037,
        74.07407407407408,
        74.07407407407408,
        74.07407407407408,
        74.07407407407408
      ]
    },
    "average_loss_intra_epoch": [
      0.1874471753835678
    ],
    "average_accuracy_intra_epoch": [
      91.34615384615384
    ],
    "runtime": 5.04272198677063
  }
}