{
  "hyperparameters": {
    "architecture": "classification",
    "batch_size": 100,
    "clipping_threshold": 0.0,
    "dataset_name": "oocytes-merluccius-states-2f_classification",
    "epochs": 10,
    "initialization_scale": "\\sqrt{\frac{6}{n+m}}",
    "inner_ISGD_iterations": 0,
    "intra_epoch": false,
    "lr": 0.01,
    "momentum": 0.0,
    "mu": 0.0,
    "nodes": 50,
    "seed": 1,
    "sgdtype": "implicit",
    "data_type": "classification"
  },
  "results": {
    "train": {
      "average_loss": [
        1.0440274874369304,
        1.0199012226528592,
        0.9976778560214572,
        0.9771582749154832,
        0.958165360821618,
        0.9405389494366116,
        0.9241333471404182,
        0.9088139335314432,
        0.8944553997781541,
        0.8809396028518677
      ],
      "average_accuracy": [
        69.15544675642595,
        69.15544675642595,
        69.15544675642595,
        69.15544675642595,
        69.15544675642595,
        69.15544675642595,
        69.15544675642595,
        69.15544675642595,
        69.15544675642595,
        69.15544675642595
      ]
    },
    "test": {
      "average_loss": [
        1.038187821706136,
        1.0121663014094036,
        0.9881372650464376,
        0.9658996264139811,
        0.9452747305234274,
        0.9261024196942648,
        0.9082362453142802,
        0.8915425539016724,
        0.8758963743845621,
        0.861180861790975
      ],
      "average_accuracy": [
        66.82926829268293,
        66.82926829268293,
        66.82926829268293,
        66.82926829268293,
        66.82926829268293,
        66.82926829268293,
        66.82926829268293,
        66.82926829268293,
        66.82926829268293,
        66.82926829268293
      ]
    },
    "average_loss_intra_epoch": [
      0.8809396028518677
    ],
    "average_accuracy_intra_epoch": [
      69.15544675642595
    ],
    "runtime": 32.254416942596436
  }
}