{
  "hyperparameters": {
    "architecture": "classification",
    "batch_size": 100,
    "clipping_threshold": 0.0,
    "dataset_name": "conn-bench-sonar-mines-rocks_classification",
    "epochs": 10,
    "initialization_scale": "\\sqrt{\frac{6}{n+m}}",
    "inner_ISGD_iterations": 0,
    "intra_epoch": false,
    "lr": 0.5,
    "momentum": 0.0,
    "mu": 0.0,
    "nodes": 50,
    "seed": 1,
    "sgdtype": "implicit",
    "data_type": "classification"
  },
  "results": {
    "train": {
      "average_loss": [
        0.6586459875106812,
        0.6076771914958954,
        0.523535817861557,
        0.44178858399391174,
        0.382777139544487,
        0.3377619832754135,
        0.305480994284153,
        0.2933860719203949,
        0.31441473215818405,
        0.29883386194705963
      ],
      "average_accuracy": [
        73.49397590361446,
        75.90361445783132,
        77.10843373493977,
        80.72289156626506,
        82.53012048192771,
        84.93975903614458,
        87.34939759036145,
        88.55421686746988,
        86.74698795180723,
        88.55421686746988
      ]
    },
    "test": {
      "average_loss": [
        0.6716781258583069,
        0.6307937502861023,
        0.561665415763855,
        0.5048673748970032,
        0.48750680685043335,
        0.4963527023792267,
        0.5283841490745544,
        0.5873622298240662,
        0.6681502461433411,
        0.6583974361419678
      ],
      "average_accuracy": [
        69.04761904761905,
        69.04761904761905,
        66.66666666666667,
        69.04761904761905,
        73.80952380952381,
        73.80952380952381,
        73.80952380952381,
        71.42857142857143,
        69.04761904761905,
        69.04761904761905
      ]
    },
    "average_loss_intra_epoch": [
      0.29883386194705963
    ],
    "average_accuracy_intra_epoch": [
      88.55421686746988
    ],
    "runtime": 6.148835182189941
  }
}