{
  "hyperparameters": {
    "architecture": "classification",
    "batch_size": 100,
    "clipping_threshold": 0.0,
    "dataset_name": "monks-3_classification",
    "epochs": 10,
    "initialization_scale": "\\sqrt{\frac{6}{n+m}}",
    "inner_ISGD_iterations": 0,
    "intra_epoch": false,
    "lr": 5.0,
    "momentum": 0.0,
    "mu": 0.0,
    "nodes": 50,
    "seed": 1,
    "sgdtype": "implicit",
    "data_type": "classification"
  },
  "results": {
    "train": {
      "average_loss": [
        1.0840377688407898,
        3.192173957824707,
        17.302238082885744,
        2.3714313983917235,
        11.671393585205077,
        2.538072943687439,
        11.787160110473632,
        11.000692367553711,
        4.3627016067504885,
        4.1131401538848875
      ],
      "average_accuracy": [
        47.40406320541761,
        62.753950338600454,
        47.40406320541761,
        69.97742663656885,
        75.16930022573364,
        73.81489841986456,
        61.39954853273138,
        27.313769751693002,
        72.46049661399549,
        63.205417607223474
      ]
    },
    "test": {
      "average_loss": [
        1.1618749499320984,
        3.03174364566803,
        18.470723152160645,
        2.221655249595642,
        8.40549111366272,
        2.1819487810134888,
        6.782120585441589,
        12.243788242340088,
        3.8741475343704224,
        3.739794969558716
      ],
      "average_accuracy": [
        50.450450450450454,
        68.46846846846847,
        50.450450450450454,
        78.37837837837837,
        80.18018018018019,
        80.18018018018019,
        66.66666666666667,
        18.91891891891892,
        75.67567567567568,
        67.56756756756756
      ]
    },
    "average_loss_intra_epoch": [
      4.1131401538848875
    ],
    "average_accuracy_intra_epoch": [
      63.205417607223474
    ],
    "runtime": 8.036376714706421
  }
}