{
  "hyperparameters": {
    "architecture": "classification",
    "batch_size": 100,
    "clipping_threshold": 0.0,
    "dataset_name": "oocytes-merluccius-states-2f_classification",
    "epochs": 10,
    "initialization_scale": "\\sqrt{\frac{6}{n+m}}",
    "inner_ISGD_iterations": 0,
    "intra_epoch": false,
    "lr": 10.0,
    "momentum": 0.0,
    "mu": 0.0,
    "nodes": 50,
    "seed": 1,
    "sgdtype": "explicit",
    "data_type": "classification"
  },
  "results": {
    "train": {
      "average_loss": [
        64.92343627081976,
        17.41733021206326,
        12.429246372646755,
        46.10111724005805,
        57.86703745524088,
        6.625232668386565,
        5.1281015794569,
        12.362829685211182,
        34.303300327724884,
        34.59366205003526
      ],
      "average_accuracy": [
        73.3170134638923,
        73.80660954712363,
        74.66340269277846,
        76.13219094247246,
        72.33782129742963,
        83.10893512851897,
        82.00734394124846,
        73.6842105263158,
        76.74418604651163,
        75.03059975520196
      ]
    },
    "test": {
      "average_loss": [
        102.6003812154134,
        22.195048014322918,
        17.99387486775716,
        56.808406829833984,
        64.13993835449219,
        12.412061055501303,
        10.940606753031412,
        16.977468490600586,
        37.850213368733726,
        53.55376434326172
      ],
      "average_accuracy": [
        73.17073170731707,
        69.26829268292683,
        76.09756097560975,
        76.58536585365853,
        74.14634146341463,
        82.92682926829268,
        81.46341463414635,
        74.63414634146342,
        79.02439024390245,
        77.5609756097561
      ]
    },
    "average_loss_intra_epoch": [
      34.59366205003526
    ],
    "average_accuracy_intra_epoch": [
      75.03059975520196
    ],
    "runtime": 4.40947699546814
  }
}