{
  "hyperparameters": {
    "architecture": "classification",
    "batch_size": 100,
    "clipping_threshold": 0.0,
    "dataset_name": "wine-quality-red_classification",
    "epochs": 10,
    "initialization_scale": "\\sqrt{\frac{6}{n+m}}",
    "inner_ISGD_iterations": 0,
    "intra_epoch": false,
    "lr": 0.5,
    "momentum": 0.0,
    "mu": 0.0,
    "nodes": 50,
    "seed": 1,
    "sgdtype": "implicit",
    "data_type": "classification"
  },
  "results": {
    "train": {
      "average_loss": [
        1.2354880846463716,
        1.201084274512071,
        1.1885123344568105,
        1.147145702288701,
        1.0424874424934387,
        0.9984954824814429,
        0.9816024028337919,
        0.9732999434837928,
        0.9686267009148231,
        0.9654596356245188
      ],
      "average_accuracy": [
        42.298670836591086,
        42.298670836591086,
        42.298670836591086,
        47.3807662236122,
        54.808444096950744,
        56.60672400312745,
        58.092259577795154,
        59.26505082095387,
        59.18686473807662,
        59.65598123534011
      ]
    },
    "test": {
      "average_loss": [
        1.1458311676979065,
        1.1064965426921844,
        1.093177169561386,
        1.051663652062416,
        0.9591421186923981,
        0.9328074306249619,
        0.9262685924768448,
        0.9249016791582108,
        0.9252787083387375,
        0.92605260014534
      ],
      "average_accuracy": [
        43.75,
        43.75,
        43.75,
        49.0625,
        58.125,
        61.5625,
        62.1875,
        60.9375,
        60.625,
        60.0
      ]
    },
    "average_loss_intra_epoch": [
      0.9654596356245188
    ],
    "average_accuracy_intra_epoch": [
      59.65598123534011
    ],
    "runtime": 26.249591827392578
  }
}