{
  "hyperparameters": {
    "architecture": "classification",
    "batch_size": 100,
    "clipping_threshold": 0.0,
    "dataset_name": "miniboone_classification",
    "epochs": 10,
    "initialization_scale": "\\sqrt{\frac{6}{n+m}}",
    "inner_ISGD_iterations": 0,
    "intra_epoch": false,
    "lr": 10.0,
    "momentum": 0.0,
    "mu": 0.0,
    "nodes": 50,
    "seed": 1,
    "sgdtype": "explicit",
    "data_type": "classification"
  },
  "results": {
    "train": {
      "average_loss": [
        20.625508464149966,
        21.269330481859953,
        24.745880292769698,
        21.80768545537357,
        16.738262313014605,
        14.825622522865318,
        20.44067351206579,
        27.993273245841696,
        19.218662856520655,
        18.282595601480356
      ],
      "average_accuracy": [
        75.42647355623684,
        64.60677936781002,
        66.03011984507597,
        71.22564896060585,
        79.26017049331578,
        74.6633862240632,
        67.73505300285437,
        76.70853715966209,
        55.566020509173384,
        76.01560773082431
      ]
    },
    "test": {
      "average_loss": [
        20.571756494456324,
        21.155251203368906,
        24.48871825207239,
        21.97481346130371,
        16.879029622936613,
        14.631923324760349,
        20.358773105445948,
        27.89795330749161,
        18.814222074559822,
        18.364300998234658
      ],
      "average_accuracy": [
        75.22392649828932,
        64.97904893706993,
        66.1438511513474,
        71.47580056125783,
        79.34878714488909,
        74.87410141083305,
        67.56237265982394,
        76.83850382501058,
        56.552492984277094,
        76.19651712605236
      ]
    },
    "average_loss_intra_epoch": [
      18.282595601480356
    ],
    "average_accuracy_intra_epoch": [
      76.01560773082431
    ],
    "runtime": 143.74488019943237
  }
}