{
  "hyperparameters": {
    "architecture": "classification",
    "batch_size": 100,
    "clipping_threshold": 0.0,
    "dataset_name": "energy-y1_classification",
    "epochs": 10,
    "initialization_scale": "\\sqrt{\frac{6}{n+m}}",
    "inner_ISGD_iterations": 0,
    "intra_epoch": false,
    "lr": 1.0,
    "momentum": 0.0,
    "mu": 0.0,
    "nodes": 50,
    "seed": 1,
    "sgdtype": "implicit",
    "data_type": "classification"
  },
  "results": {
    "train": {
      "average_loss": [
        1.025291689804622,
        0.9931409018380302,
        0.5033117660454342,
        0.42055767348834444,
        0.7292950919696263,
        0.4343882203102112,
        0.4076343263898577,
        0.5201214211327689,
        0.4596553530011858,
        0.48702858814171385
      ],
      "average_accuracy": [
        47.557003257328994,
        47.557003257328994,
        81.43322475570032,
        81.59609120521172,
        67.10097719869707,
        81.43322475570032,
        83.55048859934854,
        74.42996742671009,
        78.82736156351791,
        75.8957654723127
      ]
    },
    "test": {
      "average_loss": [
        1.0690945386886597,
        1.0380894541740417,
        0.5121689587831497,
        0.45741549134254456,
        0.8721131384372711,
        0.4708034247159958,
        0.4877358376979828,
        0.6053068339824677,
        0.5347890704870224,
        0.5571523010730743
      ],
      "average_accuracy": [
        44.15584415584416,
        44.15584415584416,
        80.51948051948052,
        80.51948051948052,
        64.28571428571429,
        81.16883116883118,
        79.87012987012987,
        72.07792207792208,
        75.32467532467533,
        72.72727272727273
      ]
    },
    "average_loss_intra_epoch": [
      0.48702858814171385
    ],
    "average_accuracy_intra_epoch": [
      75.8957654723127
    ],
    "runtime": 2.6032729148864746
  }
}