{
  "hyperparameters": {
    "architecture": "classification",
    "batch_size": 100,
    "clipping_threshold": 0.0,
    "dataset_name": "chess-krvkp_classification",
    "epochs": 10,
    "initialization_scale": "\\sqrt{\frac{6}{n+m}}",
    "inner_ISGD_iterations": 0,
    "intra_epoch": false,
    "lr": 0.1,
    "momentum": 0.0,
    "mu": 0.0,
    "nodes": 50,
    "seed": 1,
    "sgdtype": "explicit",
    "data_type": "classification"
  },
  "results": {
    "train": {
      "average_loss": [
        0.6825475096702576,
        0.6450410920840043,
        0.4240763313495196,
        0.19086525875788468,
        0.12352330266283108,
        0.1024777116970374,
        0.0932763319175977,
        0.08819221791166526,
        0.08482133783400059,
        0.08223357438468017
      ],
      "average_accuracy": [
        60.60250391236307,
        76.60406885758998,
        87.79342723004694,
        94.05320813771517,
        96.24413145539906,
        96.79186228482003,
        97.06572769953051,
        97.14397496087636,
        97.1830985915493,
        97.30046948356808
      ]
    },
    "test": {
      "average_loss": [
        0.6830316611698696,
        0.6465142028672355,
        0.4320938161441258,
        0.19668981220041,
        0.12391558076654162,
        0.10104828221457345,
        0.09209413932902473,
        0.08773642778396606,
        0.08517309863652502,
        0.083399892651609
      ],
      "average_accuracy": [
        59.375,
        73.90625,
        85.15625,
        93.90625,
        95.78125,
        96.5625,
        96.875,
        97.1875,
        97.34375,
        97.34375
      ]
    },
    "average_loss_intra_epoch": [
      0.08223357438468017
    ],
    "average_accuracy_intra_epoch": [
      97.30046948356808
    ],
    "runtime": 6.28269100189209
  }
}