{
  "hyperparameters": {
    "architecture": "music",
    "batch_size": 100,
    "clipping_threshold": 0.01,
    "dataset_name": "Piano-midi.de",
    "epochs": 5,
    "initialization_scale": "\\sqrt{\frac{6}{n+m}}",
    "inner_ISGD_iterations": 0,
    "intra_epoch": false,
    "lr": 500.0,
    "momentum": 0.0,
    "mu": 0.0,
    "nodes": 300,
    "seed": 5,
    "sgdtype": "implicit",
    "data_type": "sequential_many"
  },
  "results": {
    "train": {
      "average_loss": [
        0.0016701567965565014,
        0.0012420916853903461,
        0.0009748918707174752,
        0.000723971334709545,
        0.00047016419507442685
      ],
      "average_accuracy": [
        0,
        0,
        0,
        0,
        0
      ]
    },
    "test": {
      "average_loss": [
        0.0020887807267718017,
        0.0015442738437559456,
        0.0012013215088518337,
        0.000883486132370308,
        0.000582783522841055
      ],
      "average_accuracy": [
        0,
        0,
        0,
        0,
        0
      ]
    },
    "average_loss_intra_epoch": [
      0.00047016419507442685
    ],
    "average_accuracy_intra_epoch": [
      0
    ],
    "runtime": 2938.830677509308
  }
}