{
  "hyperparameters": {
    "architecture": "music",
    "batch_size": 100,
    "clipping_threshold": 0.1,
    "dataset_name": "JSB Chorales",
    "epochs": 5,
    "initialization_scale": "\\sqrt{\frac{6}{n+m}}",
    "inner_ISGD_iterations": 0,
    "intra_epoch": false,
    "lr": 2.0,
    "momentum": 0.0,
    "mu": 0.0,
    "nodes": 300,
    "seed": 3,
    "sgdtype": "explicit",
    "data_type": "sequential_many"
  },
  "results": {
    "train": {
      "average_loss": [
        0.0029947975681948284,
        0.0025046269984318015,
        0.002271072226057976,
        0.0021198574333110066,
        0.0020082023886426894
      ],
      "average_accuracy": [
        0,
        0,
        0,
        0,
        0
      ]
    },
    "test": {
      "average_loss": [
        0.0029227854812505665,
        0.0024349847377592385,
        0.0022055354413830423,
        0.002058159544090317,
        0.0019499037457122045
      ],
      "average_accuracy": [
        0,
        0,
        0,
        0,
        0
      ]
    },
    "average_loss_intra_epoch": [
      0.0020082023886426894
    ],
    "average_accuracy_intra_epoch": [
      0
    ],
    "runtime": 109.80260276794434
  }
}