{
  "hyperparameters": {
    "architecture": "classification",
    "batch_size": 100,
    "clipping_threshold": 0.0,
    "dataset_name": "haberman-survival_classification",
    "epochs": 10,
    "initialization_scale": "\\sqrt{\frac{6}{n+m}}",
    "inner_ISGD_iterations": 0,
    "intra_epoch": false,
    "lr": 0.01,
    "momentum": 0.0,
    "mu": 0.0,
    "nodes": 50,
    "seed": 1,
    "sgdtype": "implicit",
    "data_type": "classification"
  },
  "results": {
    "train": {
      "average_loss": [
        0.6165170073509216,
        0.6146554946899414,
        0.6128815015157064,
        0.611190656820933,
        0.6095786690711975,
        0.6080416440963745,
        0.6065758864084879,
        0.605177660783132,
        0.6038439472516378,
        0.6025713086128235
      ],
      "average_accuracy": [
        72.54098360655738,
        72.54098360655738,
        72.54098360655738,
        72.54098360655738,
        72.54098360655738,
        72.54098360655738,
        72.54098360655738,
        72.54098360655738,
        72.54098360655738,
        72.54098360655738
      ]
    },
    "test": {
      "average_loss": [
        0.6019616723060608,
        0.5996116995811462,
        0.5973610281944275,
        0.5952046513557434,
        0.5931382179260254,
        0.5911572575569153,
        0.5892581939697266,
        0.587436854839325,
        0.5856895446777344,
        0.5840131640434265
      ],
      "average_accuracy": [
        77.41935483870968,
        77.41935483870968,
        77.41935483870968,
        77.41935483870968,
        77.41935483870968,
        77.41935483870968,
        77.41935483870968,
        77.41935483870968,
        77.41935483870968,
        77.41935483870968
      ]
    },
    "average_loss_intra_epoch": [
      0.6025713086128235
    ],
    "average_accuracy_intra_epoch": [
      72.54098360655738
    ],
    "runtime": 4.762844562530518
  }
}