{
  "hyperparameters": {
    "architecture": "music",
    "batch_size": 100,
    "clipping_threshold": 0.1,
    "dataset_name": "JSB Chorales",
    "epochs": 5,
    "initialization_scale": "\\sqrt{\frac{6}{n+m}}",
    "inner_ISGD_iterations": 0,
    "intra_epoch": false,
    "lr": 200.0,
    "momentum": 0.0,
    "mu": 0.0,
    "nodes": 300,
    "seed": 2,
    "sgdtype": "implicit",
    "data_type": "sequential_many"
  },
  "results": {
    "train": {
      "average_loss": [
        0.006873790273345258,
        0.0021307889370076913,
        0.0015480298729151829,
        0.0013290663351717621,
        0.001185065820507144
      ],
      "average_accuracy": [
        0,
        0,
        0,
        0,
        0
      ]
    },
    "test": {
      "average_loss": [
        0.007350784450521475,
        0.002176293853047461,
        0.0015607053034503448,
        0.0013268458216251539,
        0.0011734671243647864
      ],
      "average_accuracy": [
        0,
        0,
        0,
        0,
        0
      ]
    },
    "average_loss_intra_epoch": [
      0.001185065820507144
    ],
    "average_accuracy_intra_epoch": [
      0
    ],
    "runtime": 538.8792951107025
  }
}