{
  "hyperparameters": {
    "architecture": "classification",
    "batch_size": 100,
    "clipping_threshold": 0.0,
    "dataset_name": "molec-biol-promoter_classification",
    "epochs": 10,
    "initialization_scale": "\\sqrt{\frac{6}{n+m}}",
    "inner_ISGD_iterations": 0,
    "intra_epoch": false,
    "lr": 3.0,
    "momentum": 0.0,
    "mu": 0.0,
    "nodes": 50,
    "seed": 1,
    "sgdtype": "implicit",
    "data_type": "classification"
  },
  "results": {
    "train": {
      "average_loss": [
        0.6301233768463135,
        0.3606545627117157,
        0.210739865899086,
        1.0137799978256226,
        1.1338412761688232,
        2.279007911682129,
        140.8031463623047,
        61.36072540283203,
        8.645444869995117,
        97.49515533447266
      ],
      "average_accuracy": [
        54.76190476190476,
        83.33333333333333,
        90.47619047619048,
        77.38095238095238,
        14.285714285714286,
        28.571428571428573,
        11.904761904761905,
        42.857142857142854,
        38.095238095238095,
        70.23809523809524
      ]
    },
    "test": {
      "average_loss": [
        0.7881345748901367,
        0.3973425626754761,
        1.5177719593048096,
        1.6171389818191528,
        1.102683186531067,
        2.613821268081665,
        111.4218978881836,
        57.47380065917969,
        12.965218544006348,
        85.47331237792969
      ],
      "average_accuracy": [
        31.818181818181817,
        81.81818181818181,
        63.63636363636363,
        68.18181818181819,
        18.181818181818183,
        22.727272727272727,
        22.727272727272727,
        45.45454545454545,
        22.727272727272727,
        72.72727272727273
      ]
    },
    "average_loss_intra_epoch": [
      97.49515533447266
    ],
    "average_accuracy_intra_epoch": [
      70.23809523809524
    ],
    "runtime": 3.2118661403656006
  }
}