{
  "hyperparameters": {
    "architecture": "classification",
    "batch_size": 100,
    "clipping_threshold": 0.0,
    "dataset_name": "adult_classification",
    "epochs": 10,
    "initialization_scale": "\\sqrt{\frac{6}{n+m}}",
    "inner_ISGD_iterations": 0,
    "intra_epoch": false,
    "lr": 0.2,
    "momentum": 0.0,
    "mu": 0.0,
    "nodes": 50,
    "seed": 1,
    "sgdtype": "explicit",
    "data_type": "classification"
  },
  "results": {
    "train": {
      "average_loss": [
        0.3414435516614133,
        0.33533796561343593,
        0.33073951334447205,
        0.3263088761997955,
        0.32349260989814765,
        0.3219627724279223,
        0.32093444028321433,
        0.32011594579500313,
        0.3194232663077772,
        0.318831211580035
      ],
      "average_accuracy": [
        84.19880736058147,
        84.49568755918409,
        84.6978732116807,
        84.89238092800655,
        84.88726230389271,
        84.92053336063266,
        84.90261817623423,
        84.91029611240499,
        84.92821129680343,
        84.97427891382796
      ]
    },
    "test": {
      "average_loss": [
        0.3454411452522083,
        0.3402052926165717,
        0.3361435572103578,
        0.33213203157089194,
        0.32964353613099273,
        0.32825915530628086,
        0.32731385498630755,
        0.3265926857687989,
        0.32602926358884693,
        0.3255882506467858
      ],
      "average_accuracy": [
        84.19490224178524,
        84.38939502507934,
        84.38939502507934,
        84.62483365748797,
        84.68625243115979,
        84.68625243115979,
        84.76814412938889,
        84.81932644078206,
        84.81932644078206,
        84.78861705394615
      ]
    },
    "average_loss_intra_epoch": [
      0.318831211580035
    ],
    "average_accuracy_intra_epoch": [
      84.97427891382796
    ],
    "runtime": 42.86142539978027
  }
}