{
  "hyperparameters": {
    "architecture": "classification",
    "batch_size": 100,
    "clipping_threshold": 0.0,
    "dataset_name": "heart-switzerland_classification",
    "epochs": 10,
    "initialization_scale": "\\sqrt{\frac{6}{n+m}}",
    "inner_ISGD_iterations": 0,
    "intra_epoch": false,
    "lr": 0.1,
    "momentum": 0.0,
    "mu": 0.0,
    "nodes": 50,
    "seed": 1,
    "sgdtype": "explicit",
    "data_type": "classification"
  },
  "results": {
    "train": {
      "average_loss": [
        1.6336603164672852,
        1.617429256439209,
        1.6020655632019043,
        1.5875102281570435,
        1.5737107992172241,
        1.5606216192245483,
        1.5482020378112793,
        1.536415696144104,
        1.525229573249817,
        1.5146137475967407
      ],
      "average_accuracy": [
        7.142857142857143,
        27.551020408163264,
        27.551020408163264,
        27.551020408163264,
        27.551020408163264,
        27.551020408163264,
        27.551020408163264,
        27.551020408163264,
        27.551020408163264,
        27.551020408163264
      ]
    },
    "test": {
      "average_loss": [
        1.6164225339889526,
        1.6069008111953735,
        1.5980933904647827,
        1.5899490118026733,
        1.5824220180511475,
        1.5754725933074951,
        1.5690639019012451,
        1.5631632804870605,
        1.5577404499053955,
        1.5527681112289429
      ],
      "average_accuracy": [
        24.0,
        24.0,
        20.0,
        20.0,
        20.0,
        20.0,
        20.0,
        20.0,
        20.0,
        20.0
      ]
    },
    "average_loss_intra_epoch": [
      1.5146137475967407
    ],
    "average_accuracy_intra_epoch": [
      27.551020408163264
    ],
    "runtime": 0.710186243057251
  }
}