{
  "hyperparameters": {
    "architecture": "classification",
    "batch_size": 100,
    "clipping_threshold": 0.0,
    "dataset_name": "haberman-survival_classification",
    "epochs": 10,
    "initialization_scale": "\\sqrt{\frac{6}{n+m}}",
    "inner_ISGD_iterations": 0,
    "intra_epoch": false,
    "lr": 3.0,
    "momentum": 0.0,
    "mu": 0.0,
    "nodes": 50,
    "seed": 1,
    "sgdtype": "implicit",
    "data_type": "classification"
  },
  "results": {
    "train": {
      "average_loss": [
        0.6489637692769369,
        0.5881262620290121,
        0.5893043279647827,
        0.5886879364649454,
        0.5882309675216675,
        0.5878795584042867,
        0.5876152912775675,
        0.5874189535776774,
        0.5872741540273031,
        0.5871679584185282
      ],
      "average_accuracy": [
        72.54098360655738,
        72.54098360655738,
        72.54098360655738,
        72.54098360655738,
        72.54098360655738,
        72.54098360655738,
        72.54098360655738,
        72.54098360655738,
        72.54098360655738,
        72.54098360655738
      ]
    },
    "test": {
      "average_loss": [
        0.5777910947799683,
        0.5372698903083801,
        0.5378361344337463,
        0.5375363230705261,
        0.5373182892799377,
        0.5371532440185547,
        0.5370306968688965,
        0.5369406342506409,
        0.5368745923042297,
        0.536826491355896
      ],
      "average_accuracy": [
        77.41935483870968,
        77.41935483870968,
        77.41935483870968,
        77.41935483870968,
        77.41935483870968,
        77.41935483870968,
        77.41935483870968,
        77.41935483870968,
        77.41935483870968,
        77.41935483870968
      ]
    },
    "average_loss_intra_epoch": [
      0.5871679584185282
    ],
    "average_accuracy_intra_epoch": [
      72.54098360655738
    ],
    "runtime": 5.118715047836304
  }
}