{
  "hyperparameters": {
    "architecture": "classification",
    "batch_size": 100,
    "clipping_threshold": 0.0,
    "dataset_name": "dermatology_classification",
    "epochs": 10,
    "initialization_scale": "\\sqrt{\frac{6}{n+m}}",
    "inner_ISGD_iterations": 0,
    "intra_epoch": false,
    "lr": 30.0,
    "momentum": 0.0,
    "mu": 0.0,
    "nodes": 50,
    "seed": 1,
    "sgdtype": "implicit",
    "data_type": "classification"
  },
  "results": {
    "train": {
      "average_loss": [
        37.32756741841634,
        605.0445048014323,
        542.2489624023438,
        181.8739776611328,
        333.00548299153644,
        297.7294413248698,
        128.62600708007812,
        130.58452860514322,
        103.14477284749348,
        53.13430404663086
      ],
      "average_accuracy": [
        57.534246575342465,
        48.63013698630137,
        46.23287671232877,
        50.0,
        17.465753424657535,
        37.32876712328767,
        66.43835616438356,
        65.06849315068493,
        66.78082191780823,
        70.89041095890411
      ]
    },
    "test": {
      "average_loss": [
        33.80270767211914,
        529.9616088867188,
        479.0455627441406,
        164.85678100585938,
        330.0395202636719,
        263.3909912109375,
        103.04609680175781,
        118.18042755126953,
        42.110450744628906,
        41.68136978149414
      ],
      "average_accuracy": [
        56.75675675675676,
        54.054054054054056,
        51.351351351351354,
        52.7027027027027,
        18.91891891891892,
        35.13513513513514,
        68.91891891891892,
        64.86486486486487,
        72.97297297297297,
        71.62162162162163
      ]
    },
    "average_loss_intra_epoch": [
      53.13430404663086
    ],
    "average_accuracy_intra_epoch": [
      70.89041095890411
    ],
    "runtime": 16.025444507598877
  }
}