{
  "hyperparameters": {
    "architecture": "classification",
    "batch_size": 100,
    "clipping_threshold": 0.0,
    "dataset_name": "chess-krvkp_classification",
    "epochs": 10,
    "initialization_scale": "\\sqrt{\frac{6}{n+m}}",
    "inner_ISGD_iterations": 0,
    "intra_epoch": false,
    "lr": 5.0,
    "momentum": 0.0,
    "mu": 0.0,
    "nodes": 50,
    "seed": 1,
    "sgdtype": "explicit",
    "data_type": "classification"
  },
  "results": {
    "train": {
      "average_loss": [
        20.68822222489577,
        7.921577471953172,
        2.3865073094001183,
        1.6157151689896216,
        1.393418251321866,
        1.3621802940391576,
        1.2284885323964632,
        1.0146371842576907,
        0.8266653163501849,
        0.7690604650057279
      ],
      "average_accuracy": [
        77.2300469483568,
        25.35211267605634,
        84.07668231611893,
        89.43661971830986,
        86.65884194053208,
        91.66666666666667,
        84.35054773082942,
        91.00156494522692,
        93.42723004694835,
        93.38810641627543
      ]
    },
    "test": {
      "average_loss": [
        21.806119918823242,
        7.75332396371024,
        2.3963848693030223,
        1.7090392027582442,
        1.3015988724572318,
        1.562303168433053,
        1.3151968462126595,
        1.2290975621768407,
        0.779018793787275,
        0.9048588488783155
      ],
      "average_accuracy": [
        75.15625,
        28.4375,
        86.5625,
        90.9375,
        87.65625,
        90.46875,
        83.59375,
        89.0625,
        92.34375,
        91.71875
      ]
    },
    "average_loss_intra_epoch": [
      0.7690604650057279
    ],
    "average_accuracy_intra_epoch": [
      93.38810641627543
    ],
    "runtime": 7.0289976596832275
  }
}