{
  "hyperparameters": {
    "architecture": "classification",
    "batch_size": 100,
    "clipping_threshold": 0.0,
    "dataset_name": "pittsburg-bridges-TYPE_classification",
    "epochs": 10,
    "initialization_scale": "\\sqrt{\frac{6}{n+m}}",
    "inner_ISGD_iterations": 0,
    "intra_epoch": false,
    "lr": 50.0,
    "momentum": 0.0,
    "mu": 0.0,
    "nodes": 50,
    "seed": 1,
    "sgdtype": "explicit",
    "data_type": "classification"
  },
  "results": {
    "train": {
      "average_loss": [
        9.525489807128906,
        143.7906951904297,
        172.34815979003906,
        317.0230712890625,
        134.949951171875,
        363.7988586425781,
        231.4241485595703,
        323.03271484375,
        404.4383239746094,
        289.9975891113281
      ],
      "average_accuracy": [
        42.857142857142854,
        16.666666666666668,
        42.857142857142854,
        16.666666666666668,
        42.857142857142854,
        11.904761904761905,
        10.714285714285714,
        42.857142857142854,
        9.523809523809524,
        8.333333333333334
      ]
    },
    "test": {
      "average_loss": [
        10.781455993652344,
        135.6840057373047,
        197.8056640625,
        327.2966613769531,
        103.46065521240234,
        312.1715087890625,
        155.0111083984375,
        258.7017822265625,
        319.8649597167969,
        228.22381591796875
      ],
      "average_accuracy": [
        38.095238095238095,
        9.523809523809524,
        38.095238095238095,
        9.523809523809524,
        38.095238095238095,
        4.761904761904762,
        9.523809523809524,
        38.095238095238095,
        9.523809523809524,
        28.571428571428573
      ]
    },
    "average_loss_intra_epoch": [
      289.9975891113281
    ],
    "average_accuracy_intra_epoch": [
      8.333333333333334
    ],
    "runtime": 3.485166072845459
  }
}