{
  "hyperparameters": {
    "architecture": "classification",
    "batch_size": 100,
    "clipping_threshold": 0.0,
    "dataset_name": "ilpd-indian-liver_classification",
    "epochs": 10,
    "initialization_scale": "\\sqrt{\frac{6}{n+m}}",
    "inner_ISGD_iterations": 0,
    "intra_epoch": false,
    "lr": 50.0,
    "momentum": 0.0,
    "mu": 0.0,
    "nodes": 50,
    "seed": 1,
    "sgdtype": "explicit",
    "data_type": "classification"
  },
  "results": {
    "train": {
      "average_loss": [
        37.02965545654297,
        298.19480590820314,
        288.0338562011719,
        283.1081512451172,
        51.681051635742186,
        68.48254089355468,
        294.0679443359375,
        56.064674377441406,
        153.58628540039064,
        299.05010375976565
      ],
      "average_accuracy": [
        62.23175965665236,
        46.137339055793994,
        53.862660944206006,
        63.51931330472103,
        64.16309012875537,
        63.73390557939914,
        31.11587982832618,
        43.347639484978544,
        70.60085836909872,
        69.95708154506438
      ]
    },
    "test": {
      "average_loss": [
        47.40145301818848,
        280.22544860839844,
        347.7045135498047,
        367.2925720214844,
        84.47641372680664,
        70.06029891967773,
        246.45765686035156,
        43.775856018066406,
        203.72916412353516,
        378.20406341552734
      ],
      "average_accuracy": [
        58.11965811965812,
        47.863247863247864,
        52.136752136752136,
        63.24786324786325,
        63.24786324786325,
        63.24786324786325,
        35.8974358974359,
        48.717948717948715,
        67.52136752136752,
        70.08547008547009
      ]
    },
    "average_loss_intra_epoch": [
      299.05010375976565
    ],
    "average_accuracy_intra_epoch": [
      69.95708154506438
    ],
    "runtime": 3.969754934310913
  }
}