{
  "hyperparameters": {
    "architecture": "classification",
    "batch_size": 100,
    "clipping_threshold": 0.0,
    "dataset_name": "car_classification",
    "epochs": 10,
    "initialization_scale": "\\sqrt{\frac{6}{n+m}}",
    "inner_ISGD_iterations": 0,
    "intra_epoch": false,
    "lr": 0.001,
    "momentum": 0.0,
    "mu": 0.0,
    "nodes": 50,
    "seed": 1,
    "sgdtype": "explicit",
    "data_type": "classification"
  },
  "results": {
    "train": {
      "average_loss": [
        1.2029779553413391,
        1.1997558729989188,
        1.1965708562305994,
        1.1934226495879037,
        1.1903108273233687,
        1.1872345549719674,
        1.1841939347130912,
        1.1811879447528295,
        1.178216542516436,
        1.1752791064126151
      ],
      "average_accuracy": [
        68.7409551374819,
        68.7409551374819,
        68.7409551374819,
        68.7409551374819,
        68.7409551374819,
        68.7409551374819,
        68.7409551374819,
        68.7409551374819,
        68.7409551374819,
        68.7409551374819
      ]
    },
    "test": {
      "average_loss": [
        1.17682746052742,
        1.173159658908844,
        1.1695324182510376,
        1.165945291519165,
        1.1623980104923248,
        1.158889502286911,
        1.1554199159145355,
        1.1519885957241058,
        1.1485947966575623,
        1.14523845911026
      ],
      "average_accuracy": [
        75.14450867052022,
        75.14450867052022,
        75.14450867052022,
        75.14450867052022,
        75.14450867052022,
        75.14450867052022,
        75.14450867052022,
        75.14450867052022,
        75.14450867052022,
        75.14450867052022
      ]
    },
    "average_loss_intra_epoch": [
      1.1752791064126151
    ],
    "average_accuracy_intra_epoch": [
      68.7409551374819
    ],
    "runtime": 4.57587194442749
  }
}