{
  "hyperparameters": {
    "architecture": "classification",
    "batch_size": 100,
    "clipping_threshold": 0.0,
    "dataset_name": "wine-quality-red_classification",
    "epochs": 10,
    "initialization_scale": "\\sqrt{\frac{6}{n+m}}",
    "inner_ISGD_iterations": 0,
    "intra_epoch": false,
    "lr": 0.5,
    "momentum": 0.0,
    "mu": 0.0,
    "nodes": 50,
    "seed": 1,
    "sgdtype": "explicit",
    "data_type": "classification"
  },
  "results": {
    "train": {
      "average_loss": [
        1.235459382717426,
        1.2010680987284734,
        1.188505191069383,
        1.147113900918227,
        1.0423718278224652,
        0.9982876823498652,
        0.9809619967754071,
        0.9719003301400405,
        0.966411828994751,
        0.9626664931957538
      ],
      "average_accuracy": [
        42.298670836591086,
        42.298670836591086,
        42.298670836591086,
        47.3807662236122,
        54.808444096950744,
        56.76309616888194,
        58.71774824081314,
        58.95230648944488,
        60.04691164972635,
        60.04691164972635
      ]
    },
    "test": {
      "average_loss": [
        1.1457864344120026,
        1.1064655631780624,
        1.0931513458490372,
        1.0516133457422256,
        0.9590802639722824,
        0.9328441321849823,
        0.9263292700052261,
        0.9249162077903748,
        0.9250925034284592,
        0.9257118999958038
      ],
      "average_accuracy": [
        43.75,
        43.75,
        43.75,
        49.0625,
        58.125,
        61.25,
        62.1875,
        60.3125,
        60.0,
        59.0625
      ]
    },
    "average_loss_intra_epoch": [
      0.9626664931957538
    ],
    "average_accuracy_intra_epoch": [
      60.04691164972635
    ],
    "runtime": 4.40870475769043
  }
}