{
  "hyperparameters": {
    "architecture": "classification",
    "batch_size": 100,
    "clipping_threshold": 0.0,
    "dataset_name": "titanic_classification",
    "epochs": 10,
    "initialization_scale": "\\sqrt{\frac{6}{n+m}}",
    "inner_ISGD_iterations": 0,
    "intra_epoch": false,
    "lr": 0.001,
    "momentum": 0.0,
    "mu": 0.0,
    "nodes": 50,
    "seed": 1,
    "sgdtype": "implicit",
    "data_type": "classification"
  },
  "results": {
    "train": {
      "average_loss": [
        0.6430677473545074,
        0.6427224973837534,
        0.6423869861496819,
        0.6420609884791904,
        0.6417444282107883,
        0.6414371364646487,
        0.6411383483144972,
        0.6408475240071615,
        0.64056506090694,
        0.6402905285358429
      ],
      "average_accuracy": [
        67.72727272727273,
        67.72727272727273,
        67.72727272727273,
        67.72727272727273,
        67.72727272727273,
        67.72727272727273,
        67.72727272727273,
        67.72727272727273,
        67.72727272727273,
        67.72727272727273
      ]
    },
    "test": {
      "average_loss": [
        0.6389218091964721,
        0.6385294198989868,
        0.6381472945213318,
        0.637775456905365,
        0.6374135494232178,
        0.6370615601539612,
        0.6367188453674316,
        0.6363847136497498,
        0.6360594987869262,
        0.6357428908348084
      ],
      "average_accuracy": [
        67.57369614512471,
        67.57369614512471,
        67.57369614512471,
        67.57369614512471,
        67.57369614512471,
        67.57369614512471,
        67.57369614512471,
        67.57369614512471,
        67.57369614512471,
        67.57369614512471
      ]
    },
    "average_loss_intra_epoch": [
      0.6402905285358429
    ],
    "average_accuracy_intra_epoch": [
      67.72727272727273
    ],
    "runtime": 13.546523094177246
  }
}