{
  "hyperparameters": {
    "architecture": "music",
    "batch_size": 100,
    "clipping_threshold": 8.0,
    "dataset_name": "MuseData",
    "epochs": 5,
    "initialization_scale": "\\sqrt{\frac{6}{n+m}}",
    "inner_ISGD_iterations": 0,
    "intra_epoch": false,
    "lr": 20.0,
    "momentum": 0.0,
    "mu": 0.0,
    "nodes": 300,
    "seed": 1,
    "sgdtype": "explicit",
    "data_type": "sequential_many"
  },
  "results": {
    "train": {
      "average_loss": [
        0.0007483344861125851,
        0.00068438103065834,
        0.0006472170467559894,
        0.0006203861176376768,
        0.0005992865391838587
      ],
      "average_accuracy": [
        0,
        0,
        0,
        0,
        0
      ]
    },
    "test": {
      "average_loss": [
        0.0006973323857275846,
        0.0006340167298965812,
        0.0005964510988897312,
        0.0005689959368664272,
        0.0005472563497307654
      ],
      "average_accuracy": [
        0,
        0,
        0,
        0,
        0
      ]
    },
    "average_loss_intra_epoch": [
      0.0005992865391838587
    ],
    "average_accuracy_intra_epoch": [
      0
    ],
    "runtime": 2062.7154717445374
  }
}