{
  "hyperparameters": {
    "architecture": "classification",
    "batch_size": 100,
    "clipping_threshold": 0.0,
    "dataset_name": "wine-quality-white_classification",
    "epochs": 10,
    "initialization_scale": "\\sqrt{\frac{6}{n+m}}",
    "inner_ISGD_iterations": 0,
    "intra_epoch": false,
    "lr": 1.0,
    "momentum": 0.0,
    "mu": 0.0,
    "nodes": 50,
    "seed": 1,
    "sgdtype": "implicit",
    "data_type": "classification"
  },
  "results": {
    "train": {
      "average_loss": [
        1.249282632768154,
        1.2072539329528809,
        1.1990973472595214,
        1.1898797899484634,
        1.1821105167269708,
        1.1742099165916442,
        1.1675004079937934,
        1.1628072053194045,
        1.159206137061119,
        1.1529053688049316
      ],
      "average_accuracy": [
        47.881572230729965,
        52.552322613578355,
        52.22052067381317,
        52.348136804492086,
        52.399183256763656,
        52.45022970903522,
        52.75650842266462,
        52.65441551812149,
        52.603369065849925,
        52.577845839714136
      ]
    },
    "test": {
      "average_loss": [
        1.2488219738006592,
        1.2151983499526977,
        1.203262412548065,
        1.192099106311798,
        1.184490168094635,
        1.1777947068214416,
        1.17335205078125,
        1.1721157073974608,
        1.1726341843605042,
        1.1708712458610535
      ],
      "average_accuracy": [
        45.51020408163265,
        50.816326530612244,
        49.59183673469388,
        50.204081632653065,
        50.51020408163265,
        50.714285714285715,
        50.714285714285715,
        50.30612244897959,
        50.0,
        50.0
      ]
    },
    "average_loss_intra_epoch": [
      1.1529053688049316
    ],
    "average_accuracy_intra_epoch": [
      52.577845839714136
    ],
    "runtime": 70.98126411437988
  }
}