{
  "hyperparameters": {
    "architecture": "classification",
    "batch_size": 100,
    "clipping_threshold": 0.0,
    "dataset_name": "letter_classification",
    "epochs": 10,
    "initialization_scale": "\\sqrt{\frac{6}{n+m}}",
    "inner_ISGD_iterations": 0,
    "intra_epoch": false,
    "lr": 3.0,
    "momentum": 0.0,
    "mu": 0.0,
    "nodes": 50,
    "seed": 1,
    "sgdtype": "implicit",
    "data_type": "classification"
  },
  "results": {
    "train": {
      "average_loss": [
        1.5425623003393412,
        1.422221789136529,
        0.9800206497311592,
        1.0044571183621884,
        1.0818656684830785,
        1.0446657493710518,
        0.8794105472043157,
        0.8683039905503392,
        0.8616500359028578,
        0.8379814315587282
      ],
      "average_accuracy": [
        53.48125,
        58.2625,
        70.81875,
        70.05,
        68.7,
        69.34375,
        74.08125,
        74.975,
        74.39375,
        76.20625
      ]
    },
    "test": {
      "average_loss": [
        1.5803402692079545,
        1.460643795132637,
        1.029818457365036,
        1.0622304067015649,
        1.1411155059933662,
        1.1198013052344322,
        0.9099962383508682,
        0.9528388366103172,
        0.9577449932694435,
        0.8992650523781777
      ],
      "average_accuracy": [
        53.25,
        58.275,
        69.6,
        68.525,
        67.75,
        68.55,
        73.225,
        73.025,
        71.775,
        74.8
      ]
    },
    "average_loss_intra_epoch": [
      0.8379814315587282
    ],
    "average_accuracy_intra_epoch": [
      76.20625
    ],
    "runtime": 374.9335126876831
  }
}