{
  "hyperparameters": {
    "architecture": "classification",
    "batch_size": 100,
    "clipping_threshold": 0.0,
    "dataset_name": "miniboone_classification",
    "epochs": 10,
    "initialization_scale": "\\sqrt{\frac{6}{n+m}}",
    "inner_ISGD_iterations": 0,
    "intra_epoch": false,
    "lr": 5.0,
    "momentum": 0.0,
    "mu": 0.0,
    "nodes": 50,
    "seed": 1,
    "sgdtype": "implicit",
    "data_type": "classification"
  },
  "results": {
    "train": {
      "average_loss": [
        55.18169983709007,
        6.073773376192758,
        2.3559477546831142,
        2.0853993735785212,
        2.13209780755808,
        2.49047916895718,
        2.162345312457034,
        2.480589213391889,
        1.7455653157747215,
        2.708263541733726
      ],
      "average_accuracy": [
        79.49082661387204,
        80.75559100825556,
        81.963652439669,
        84.08953301746259,
        85.82618139181747,
        82.73154510768758,
        83.35143343168254,
        84.805528058356,
        83.7867968592325,
        79.36108254605914
      ]
    },
    "test": {
      "average_loss": [
        56.14781579203989,
        6.024026598053417,
        2.352164260272322,
        2.060271004150654,
        2.167271359670208,
        2.447972658036769,
        2.186961728060654,
        2.508140227803782,
        1.787163276781981,
        2.74992044789581
      ],
      "average_accuracy": [
        79.10275631415061,
        80.6058509206935,
        82.1012570637758,
        84.18098642986199,
        85.78018682966209,
        82.69711298197055,
        83.14304386268404,
        84.80375197016876,
        83.42751701072541,
        79.07969092376888
      ]
    },
    "average_loss_intra_epoch": [
      2.708263541733726
    ],
    "average_accuracy_intra_epoch": [
      79.36108254605914
    ],
    "runtime": 6681.8612542152405
  }
}