{
  "hyperparameters": {
    "architecture": "classification",
    "batch_size": 100,
    "clipping_threshold": 0.0,
    "dataset_name": "statlog-shuttle_classification",
    "epochs": 10,
    "initialization_scale": "\\sqrt{\frac{6}{n+m}}",
    "inner_ISGD_iterations": 0,
    "intra_epoch": false,
    "lr": 50.0,
    "momentum": 0.0,
    "mu": 0.0,
    "nodes": 50,
    "seed": 1,
    "sgdtype": "implicit",
    "data_type": "classification"
  },
  "results": {
    "train": {
      "average_loss": [
        17.717384838338557,
        73.41862184425881,
        32.175171763732514,
        71.35754823684692,
        225.51899566321538,
        179.3689840251002,
        202.37137817514355,
        20.751520581286528,
        16.51457195754709,
        13.125516506104633
      ],
      "average_accuracy": [
        91.07327586206897,
        3.877155172413793,
        78.60129310344827,
        13.956896551724139,
        67.03017241379311,
        22.155172413793103,
        71.62068965517241,
        91.46336206896552,
        84.19181034482759,
        86.22844827586206
      ]
    },
    "test": {
      "average_loss": [
        16.949650763437667,
        73.68581837621228,
        31.732489610540455,
        69.35536759475181,
        227.1329905411293,
        178.4087834851495,
        206.38948854906806,
        20.324507589997918,
        15.696727358061692,
        12.537375337090985
      ],
      "average_accuracy": [
        90.94827586206897,
        4.0344827586206895,
        78.54310344827586,
        14.586206896551724,
        67.07758620689656,
        22.655172413793103,
        71.11206896551724,
        91.30172413793103,
        84.25,
        86.43103448275862
      ]
    },
    "average_loss_intra_epoch": [
      13.125516506104633
    ],
    "average_accuracy_intra_epoch": [
      86.22844827586206
    ],
    "runtime": 664.7311370372772
  }
}