{
  "hyperparameters": {
    "architecture": "classification",
    "batch_size": 100,
    "clipping_threshold": 0.0,
    "dataset_name": "miniboone_classification",
    "epochs": 10,
    "initialization_scale": "\\sqrt{\frac{6}{n+m}}",
    "inner_ISGD_iterations": 0,
    "intra_epoch": false,
    "lr": 1.0,
    "momentum": 0.0,
    "mu": 0.0,
    "nodes": 50,
    "seed": 1,
    "sgdtype": "implicit",
    "data_type": "classification"
  },
  "results": {
    "train": {
      "average_loss": [
        0.27057352220491077,
        0.25965737814833406,
        0.2447985241924995,
        0.23842959525376758,
        0.2329273809974979,
        0.2296013645505699,
        0.22481443365815737,
        0.22091219363077458,
        0.21834905556511353,
        0.21646304000222719
      ],
      "average_accuracy": [
        88.5854052339718,
        89.12552498294106,
        89.74925757561196,
        90.08755321909449,
        90.26438957818762,
        90.43545953426685,
        90.64401110993647,
        90.88043363350664,
        90.99672276095376,
        91.08129667182439
      ]
    },
    "test": {
      "average_loss": [
        0.27090480661026817,
        0.260635638602392,
        0.24688523905030613,
        0.24087123764086502,
        0.2350800705938047,
        0.23130962107030825,
        0.22605157104031792,
        0.22193409905008887,
        0.2194663717828948,
        0.2175727815749088
      ],
      "average_accuracy": [
        88.61722984661516,
        89.13620113020413,
        89.77049936570177,
        89.9973090377888,
        90.24718410025757,
        90.39326490600854,
        90.73540153000422,
        90.92376888478837,
        91.04678430015761,
        91.2236189597509
      ]
    },
    "average_loss_intra_epoch": [
      0.21646304000222719
    ],
    "average_accuracy_intra_epoch": [
      91.08129667182439
    ],
    "runtime": 7120.926125764847
  }
}