{
  "hyperparameters": {
    "architecture": "classification",
    "batch_size": 100,
    "clipping_threshold": 0.0,
    "dataset_name": "parkinsons_classification",
    "epochs": 10,
    "initialization_scale": "\\sqrt{\frac{6}{n+m}}",
    "inner_ISGD_iterations": 0,
    "intra_epoch": false,
    "lr": 50.0,
    "momentum": 0.0,
    "mu": 0.0,
    "nodes": 50,
    "seed": 1,
    "sgdtype": "implicit",
    "data_type": "classification"
  },
  "results": {
    "train": {
      "average_loss": [
        216.76058197021484,
        916.9349365234375,
        111.99132537841797,
        758.5430603027344,
        29.395901679992676,
        206.7539291381836,
        509.73094177246094,
        334.59608459472656,
        467.56520080566406,
        468.7852478027344
      ],
      "average_accuracy": [
        32.05128205128205,
        73.07692307692308,
        73.07692307692308,
        73.07692307692308,
        76.28205128205128,
        25.641025641025642,
        74.35897435897436,
        25.641025641025642,
        74.35897435897436,
        26.923076923076923
      ]
    },
    "test": {
      "average_loss": [
        187.8550262451172,
        1192.14501953125,
        157.59329223632812,
        1073.940673828125,
        29.604717254638672,
        196.60743713378906,
        684.3341674804688,
        326.4676513671875,
        616.6167602539062,
        439.2877197265625
      ],
      "average_accuracy": [
        38.46153846153846,
        64.1025641025641,
        61.53846153846154,
        61.53846153846154,
        74.35897435897436,
        38.46153846153846,
        64.1025641025641,
        35.8974358974359,
        64.1025641025641,
        35.8974358974359
      ]
    },
    "average_loss_intra_epoch": [
      468.7852478027344
    ],
    "average_accuracy_intra_epoch": [
      26.923076923076923
    ],
    "runtime": 7.69953465461731
  }
}