{
  "hyperparameters": {
    "architecture": "classification",
    "batch_size": 100,
    "clipping_threshold": 0.0,
    "dataset_name": "vertebral-column-2clases_classification",
    "epochs": 10,
    "initialization_scale": "\\sqrt{\frac{6}{n+m}}",
    "inner_ISGD_iterations": 0,
    "intra_epoch": false,
    "lr": 3.0,
    "momentum": 0.0,
    "mu": 0.0,
    "nodes": 50,
    "seed": 1,
    "sgdtype": "explicit",
    "data_type": "classification"
  },
  "results": {
    "train": {
      "average_loss": [
        0.6491545637448629,
        0.6221556067466736,
        0.5928552349408468,
        0.49999016523361206,
        0.8721175988515218,
        1.0868345499038696,
        0.805748720963796,
        0.9091576139132181,
        4.283813953399658,
        5.995865980784099
      ],
      "average_accuracy": [
        67.74193548387096,
        67.74193548387096,
        67.74193548387096,
        67.74193548387096,
        53.62903225806452,
        67.74193548387096,
        32.25806451612903,
        67.74193548387096,
        32.25806451612903,
        50.0
      ]
    },
    "test": {
      "average_loss": [
        0.6512201428413391,
        0.6232138276100159,
        0.5927314162254333,
        0.5070735812187195,
        0.8049264550209045,
        1.1000142097473145,
        0.8059046268463135,
        0.9261788725852966,
        4.275140285491943,
        5.424414157867432
      ],
      "average_accuracy": [
        67.74193548387096,
        67.74193548387096,
        67.74193548387096,
        69.35483870967742,
        61.29032258064516,
        67.74193548387096,
        32.25806451612903,
        67.74193548387096,
        32.25806451612903,
        48.38709677419355
      ]
    },
    "average_loss_intra_epoch": [
      5.995865980784099
    ],
    "average_accuracy_intra_epoch": [
      50.0
    ],
    "runtime": 3.9299378395080566
  }
}