{
  "hyperparameters": {
    "architecture": "classification",
    "batch_size": 100,
    "clipping_threshold": 0.0,
    "dataset_name": "ringnorm_classification",
    "epochs": 10,
    "initialization_scale": "\\sqrt{\frac{6}{n+m}}",
    "inner_ISGD_iterations": 0,
    "intra_epoch": false,
    "lr": 0.5,
    "momentum": 0.0,
    "mu": 0.0,
    "nodes": 50,
    "seed": 1,
    "sgdtype": "explicit",
    "data_type": "classification"
  },
  "results": {
    "train": {
      "average_loss": [
        0.4996462439497312,
        0.47405064751704534,
        0.45599524676799774,
        0.4317011567453543,
        0.3411042739947637,
        0.28356507178395984,
        0.32993010977904,
        0.2850717765589555,
        0.21264154075955352,
        0.1877475739767154
      ],
      "average_accuracy": [
        76.97635135135135,
        77.66891891891892,
        78.42905405405405,
        80.35472972972973,
        84.74662162162163,
        87.75337837837837,
        86.45270270270271,
        88.29391891891892,
        91.0641891891892,
        92.56756756756756
      ]
    },
    "test": {
      "average_loss": [
        0.4949707349141439,
        0.46804237564404805,
        0.4513944427172343,
        0.4361610253651937,
        0.3551493287086487,
        0.3109652906656265,
        0.3649113049109777,
        0.3148400753736496,
        0.255093648036321,
        0.2371534675359726
      ],
      "average_accuracy": [
        77.56756756756756,
        78.37837837837837,
        79.39189189189189,
        80.27027027027027,
        85.27027027027027,
        86.89189189189189,
        85.87837837837837,
        87.22972972972973,
        88.98648648648648,
        89.66216216216216
      ]
    },
    "average_loss_intra_epoch": [
      0.1877475739767154
    ],
    "average_accuracy_intra_epoch": [
      92.56756756756756
    ],
    "runtime": 10.080198764801025
  }
}