{
  "hyperparameters": {
    "architecture": "classification",
    "batch_size": 100,
    "clipping_threshold": 0.0,
    "dataset_name": "miniboone_classification",
    "epochs": 10,
    "initialization_scale": "\\sqrt{\frac{6}{n+m}}",
    "inner_ISGD_iterations": 0,
    "intra_epoch": false,
    "lr": 0.001,
    "momentum": 0.0,
    "mu": 0.0,
    "nodes": 50,
    "seed": 1,
    "sgdtype": "explicit",
    "data_type": "classification"
  },
  "results": {
    "train": {
      "average_loss": [
        0.6146366460522589,
        0.5862275150163487,
        0.5704163750928829,
        0.5505659531275889,
        0.5185732746444908,
        0.4723460322727273,
        0.42528370211722183,
        0.3932830245018463,
        0.37640385989611475,
        0.36818721493944084
      ],
      "average_accuracy": [
        72.06369953196028,
        72.06369953196028,
        72.06369953196028,
        72.10983075607155,
        73.81380284668096,
        78.07998000980288,
        81.31300996626655,
        82.9151089369636,
        83.65416958991264,
        83.9963095020711
      ]
    },
    "test": {
      "average_loss": [
        0.6172589520384982,
        0.5902712504982491,
        0.5749623492303022,
        0.5550746342231487,
        0.5226164347138899,
        0.47559952518949106,
        0.4277556856016546,
        0.39524887918969226,
        0.37812703219866844,
        0.3698552892011701
      ],
      "average_accuracy": [
        71.43351401222466,
        71.43351401222466,
        71.43351401222466,
        71.4873332564487,
        73.30181063314497,
        77.65732518356207,
        80.91723369084688,
        82.70480144543113,
        83.462115096298,
        83.8696036597086
      ]
    },
    "average_loss_intra_epoch": [
      0.36818721493944084
    ],
    "average_accuracy_intra_epoch": [
      83.9963095020711
    ],
    "runtime": 123.89727115631104
  }
}