{
  "hyperparameters": {
    "architecture": "music",
    "batch_size": 100,
    "clipping_threshold": 8.0,
    "dataset_name": "Nottingham",
    "epochs": 5,
    "initialization_scale": "\\sqrt{\frac{6}{n+m}}",
    "inner_ISGD_iterations": 0,
    "intra_epoch": false,
    "lr": 50.0,
    "momentum": 0.0,
    "mu": 0.0,
    "nodes": 300,
    "seed": 1,
    "sgdtype": "explicit",
    "data_type": "sequential_many"
  },
  "results": {
    "train": {
      "average_loss": [
        0.00042568329380201483,
        0.00033783571036231084,
        0.0003017427539706625,
        0.00029735108896615574,
        0.0002844274868851582
      ],
      "average_accuracy": [
        0,
        0,
        0,
        0,
        0
      ]
    },
    "test": {
      "average_loss": [
        0.0004437468028995414,
        0.0003631337557154064,
        0.00033411670671793057,
        0.0003328673044212765,
        0.0003235720040238983
      ],
      "average_accuracy": [
        0,
        0,
        0,
        0,
        0
      ]
    },
    "average_loss_intra_epoch": [
      0.0002844274868851582
    ],
    "average_accuracy_intra_epoch": [
      0
    ],
    "runtime": 1326.2412405014038
  }
}