{
  "hyperparameters": {
    "architecture": "classification",
    "batch_size": 100,
    "clipping_threshold": 0.0,
    "dataset_name": "parkinsons_classification",
    "epochs": 10,
    "initialization_scale": "\\sqrt{\frac{6}{n+m}}",
    "inner_ISGD_iterations": 0,
    "intra_epoch": false,
    "lr": 10.0,
    "momentum": 0.0,
    "mu": 0.0,
    "nodes": 50,
    "seed": 1,
    "sgdtype": "explicit",
    "data_type": "classification"
  },
  "results": {
    "train": {
      "average_loss": [
        4.128154039382935,
        172.90387725830078,
        147.03602600097656,
        127.03400039672852,
        40.80518341064453,
        17.60806941986084,
        79.04509735107422,
        58.27651023864746,
        55.420936584472656,
        24.15864086151123
      ],
      "average_accuracy": [
        26.923076923076923,
        74.35897435897436,
        30.76923076923077,
        27.564102564102566,
        76.92307692307692,
        76.92307692307692,
        71.7948717948718,
        66.66666666666667,
        57.69230769230769,
        61.53846153846154
      ]
    },
    "test": {
      "average_loss": [
        3.7233519554138184,
        248.80984497070312,
        127.05581665039062,
        114.76382446289062,
        59.92525100708008,
        26.725650787353516,
        72.41446685791016,
        68.98726654052734,
        61.46514892578125,
        24.74944305419922
      ],
      "average_accuracy": [
        35.8974358974359,
        61.53846153846154,
        38.46153846153846,
        38.46153846153846,
        66.66666666666667,
        66.66666666666667,
        71.7948717948718,
        64.1025641025641,
        51.282051282051285,
        61.53846153846154
      ]
    },
    "average_loss_intra_epoch": [
      24.15864086151123
    ],
    "average_accuracy_intra_epoch": [
      61.53846153846154
    ],
    "runtime": 3.705639362335205
  }
}