{
  "hyperparameters": {
    "architecture": "classification",
    "batch_size": 100,
    "clipping_threshold": 0.0,
    "dataset_name": "energy-y2_classification",
    "epochs": 10,
    "initialization_scale": "\\sqrt{\frac{6}{n+m}}",
    "inner_ISGD_iterations": 0,
    "intra_epoch": false,
    "lr": 0.01,
    "momentum": 0.0,
    "mu": 0.0,
    "nodes": 50,
    "seed": 1,
    "sgdtype": "implicit",
    "data_type": "classification"
  },
  "results": {
    "train": {
      "average_loss": [
        1.1782486949648177,
        1.1694516795022147,
        1.161099808556693,
        1.1531728165490287,
        1.1456506422587804,
        1.1385148763656616,
        1.1317476885659354,
        1.125331895692008,
        1.1192514385495866,
        1.1134906666619437
      ],
      "average_accuracy": [
        23.941368078175895,
        23.941368078175895,
        23.941368078175895,
        23.941368078175895,
        23.941368078175895,
        23.941368078175895,
        23.941368078175895,
        23.941368078175895,
        23.941368078175895,
        23.941368078175895
      ]
    },
    "test": {
      "average_loss": [
        1.1523692607879639,
        1.14605051279068,
        1.1401135921478271,
        1.1345394253730774,
        1.129310667514801,
        1.1244091391563416,
        1.1198190450668335,
        1.115524709224701,
        1.1115105748176575,
        1.10776287317276
      ],
      "average_accuracy": [
        27.272727272727273,
        27.272727272727273,
        27.272727272727273,
        27.272727272727273,
        27.272727272727273,
        27.272727272727273,
        27.272727272727273,
        27.272727272727273,
        27.272727272727273,
        27.272727272727273
      ]
    },
    "average_loss_intra_epoch": [
      1.1134906666619437
    ],
    "average_accuracy_intra_epoch": [
      23.941368078175895
    ],
    "runtime": 11.948830842971802
  }
}