{
  "hyperparameters": {
    "architecture": "music",
    "batch_size": 100,
    "clipping_threshold": 8.0,
    "dataset_name": "MuseData",
    "epochs": 5,
    "initialization_scale": "\\sqrt{\frac{6}{n+m}}",
    "inner_ISGD_iterations": 0,
    "intra_epoch": false,
    "lr": 200.0,
    "momentum": 0.0,
    "mu": 0.0,
    "nodes": 300,
    "seed": 5,
    "sgdtype": "implicit",
    "data_type": "sequential_many"
  },
  "results": {
    "train": {
      "average_loss": [
        0.0015304076605180846,
        0.001286455085023972,
        0.0011589758774331296,
        0.0010457041903151993,
        0.0009317878109118804
      ],
      "average_accuracy": [
        0,
        0,
        0,
        0,
        0
      ]
    },
    "test": {
      "average_loss": [
        0.0014051876578084757,
        0.001188901142841719,
        0.0010569767135445046,
        0.0009359010922883997,
        0.0008307289822809135
      ],
      "average_accuracy": [
        0,
        0,
        0,
        0,
        0
      ]
    },
    "average_loss_intra_epoch": [
      0.0009317878109118804
    ],
    "average_accuracy_intra_epoch": [
      0
    ],
    "runtime": 9172.523257017136
  }
}