{
  "hyperparameters": {
    "architecture": "music",
    "batch_size": 100,
    "clipping_threshold": 0.0,
    "dataset_name": "JSB Chorales",
    "epochs": 10,
    "initialization_scale": "\\sqrt{\frac{6}{n+m}}",
    "inner_ISGD_iterations": 0,
    "intra_epoch": false,
    "lr": 2.0,
    "momentum": 0.0,
    "mu": 0.0,
    "nodes": 50,
    "seed": 1,
    "sgdtype": "implicit",
    "data_type": "sequential_many"
  },
  "results": {
    "train": {
      "average_loss": [
        14.590718767007886,
        14.294738090715034,
        13.437077832534323,
        11.488986417195683,
        12.401960181357039,
        11.36511283982789,
        11.520551904320197,
        12.776741423461115,
        12.601768091776485,
        10.123282626206178
      ],
      "average_accuracy": [
        0,
        0,
        0,
        0,
        0,
        0,
        0,
        0,
        0,
        0
      ]
    },
    "test": {
      "average_loss": [
        14.856840969680192,
        14.56602363462572,
        13.646382170838194,
        11.728183145646925,
        12.642128003108038,
        11.690305294928613,
        11.697371018397344,
        13.078424577589159,
        12.963975367608008,
        10.434527756331804
      ],
      "average_accuracy": [
        0,
        0,
        0,
        0,
        0,
        0,
        0,
        0,
        0,
        0
      ]
    },
    "average_loss_intra_epoch": [
      10.123282626206178
    ],
    "average_accuracy_intra_epoch": [
      0
    ],
    "runtime": 722.672937631607
  }
}