{
  "hyperparameters": {
    "architecture": "classification",
    "batch_size": 100,
    "clipping_threshold": 0.0,
    "dataset_name": "glass_classification",
    "epochs": 10,
    "initialization_scale": "\\sqrt{\frac{6}{n+m}}",
    "inner_ISGD_iterations": 0,
    "intra_epoch": false,
    "lr": 0.5,
    "momentum": 0.0,
    "mu": 0.0,
    "nodes": 50,
    "seed": 1,
    "sgdtype": "explicit",
    "data_type": "classification"
  },
  "results": {
    "train": {
      "average_loss": [
        1.6605842113494873,
        1.597748875617981,
        1.5586966276168823,
        1.5355498790740967,
        1.522278070449829,
        1.5146852731704712,
        1.5102116465568542,
        1.5074356198310852,
        1.5055953860282898,
        1.5042837262153625
      ],
      "average_accuracy": [
        29.82456140350877,
        29.82456140350877,
        37.42690058479532,
        37.42690058479532,
        37.42690058479532,
        37.42690058479532,
        37.42690058479532,
        37.42690058479532,
        37.42690058479532,
        37.42690058479532
      ]
    },
    "test": {
      "average_loss": [
        1.6444647312164307,
        1.590733528137207,
        1.5582475662231445,
        1.5390692949295044,
        1.5275323390960693,
        1.5201078653335571,
        1.5149319171905518,
        1.5111075639724731,
        1.5081892013549805,
        1.5059177875518799
      ],
      "average_accuracy": [
        44.18604651162791,
        44.18604651162791,
        27.906976744186046,
        27.906976744186046,
        27.906976744186046,
        27.906976744186046,
        27.906976744186046,
        27.906976744186046,
        27.906976744186046,
        27.906976744186046
      ]
    },
    "average_loss_intra_epoch": [
      1.5042837262153625
    ],
    "average_accuracy_intra_epoch": [
      37.42690058479532
    ],
    "runtime": 3.1741435527801514
  }
}