{
  "hyperparameters": {
    "architecture": "classification",
    "batch_size": 100,
    "clipping_threshold": 0.0,
    "dataset_name": "oocytes-merluccius-nucleus-4d_classification",
    "epochs": 10,
    "initialization_scale": "\\sqrt{\frac{6}{n+m}}",
    "inner_ISGD_iterations": 0,
    "intra_epoch": false,
    "lr": 3.0,
    "momentum": 0.0,
    "mu": 0.0,
    "nodes": 50,
    "seed": 1,
    "sgdtype": "implicit",
    "data_type": "classification"
  },
  "results": {
    "train": {
      "average_loss": [
        0.619536406464047,
        0.625368250740899,
        1.2508736385239496,
        146.29005601671008,
        31.814157274034287,
        7.432354874081081,
        12.421664608849419,
        59.88769870334201,
        13.079140080346,
        30.907481087578667
      ],
      "average_accuracy": [
        67.93145654834761,
        67.93145654834761,
        58.62913096695227,
        59.36352509179927,
        59.36352509179927,
        58.26193390452876,
        58.873929008567934,
        59.1187270501836,
        66.70746634026928,
        55.936352509179926
      ]
    },
    "test": {
      "average_loss": [
        0.6469811797142029,
        0.6577788988749186,
        0.9480016380548477,
        104.1384785970052,
        23.577136993408203,
        5.55264953772227,
        11.123178323109945,
        45.842110558403796,
        16.517978350321453,
        24.047443389892578
      ],
      "average_accuracy": [
        63.41463414634146,
        63.41463414634146,
        60.0,
        59.02439024390244,
        58.53658536585366,
        59.51219512195122,
        59.51219512195122,
        57.5609756097561,
        60.97560975609756,
        56.09756097560975
      ]
    },
    "average_loss_intra_epoch": [
      30.907481087578667
    ],
    "average_accuracy_intra_epoch": [
      55.936352509179926
    ],
    "runtime": 47.69809603691101
  }
}