{
  "hyperparameters": {
    "architecture": "classification",
    "batch_size": 100,
    "clipping_threshold": 0.0,
    "dataset_name": "blood_classification",
    "epochs": 10,
    "initialization_scale": "\\sqrt{\frac{6}{n+m}}",
    "inner_ISGD_iterations": 0,
    "intra_epoch": false,
    "lr": 1.0,
    "momentum": 0.0,
    "mu": 0.0,
    "nodes": 50,
    "seed": 1,
    "sgdtype": "explicit",
    "data_type": "classification"
  },
  "results": {
    "train": {
      "average_loss": [
        0.5397560596466064,
        0.5393489499886831,
        0.5393048326174418,
        0.5392575959364573,
        0.5391955425341924,
        0.5391111175219218,
        0.5389916747808456,
        0.5388152052958807,
        0.5385414659976959,
        0.5380899210770925
      ],
      "average_accuracy": [
        77.09030100334448,
        77.09030100334448,
        77.09030100334448,
        77.09030100334448,
        77.09030100334448,
        77.09030100334448,
        77.09030100334448,
        77.09030100334448,
        77.09030100334448,
        77.09030100334448
      ]
    },
    "test": {
      "average_loss": [
        0.5894016921520233,
        0.5898014008998871,
        0.5897834897041321,
        0.5897416770458221,
        0.589677482843399,
        0.5895799398422241,
        0.5894312858581543,
        0.5892001688480377,
        0.5888301730155945,
        0.588209480047226
      ],
      "average_accuracy": [
        72.66666666666667,
        72.66666666666667,
        72.66666666666667,
        72.66666666666667,
        72.66666666666667,
        72.66666666666667,
        72.66666666666667,
        72.66666666666667,
        72.66666666666667,
        72.66666666666667
      ]
    },
    "average_loss_intra_epoch": [
      0.5380899210770925
    ],
    "average_accuracy_intra_epoch": [
      77.09030100334448
    ],
    "runtime": 3.5179150104522705
  }
}