{
  "hyperparameters": {
    "architecture": "classification",
    "batch_size": 100,
    "clipping_threshold": 0.0,
    "dataset_name": "ecoli_classification",
    "epochs": 10,
    "initialization_scale": "\\sqrt{\frac{6}{n+m}}",
    "inner_ISGD_iterations": 0,
    "intra_epoch": false,
    "lr": 30.0,
    "momentum": 0.0,
    "mu": 0.0,
    "nodes": 50,
    "seed": 1,
    "sgdtype": "implicit",
    "data_type": "classification"
  },
  "results": {
    "train": {
      "average_loss": [
        109.11771901448567,
        78.4420674641927,
        103.84326934814453,
        100.92234547932942,
        55.273457845052086,
        40.20374298095703,
        82.7005615234375,
        41.27241198221842,
        43.66482289632162,
        107.85933430989583
      ],
      "average_accuracy": [
        10.074626865671641,
        10.82089552238806,
        47.76119402985075,
        18.28358208955224,
        13.805970149253731,
        14.17910447761194,
        41.417910447761194,
        26.865671641791046,
        42.16417910447761,
        51.865671641791046
      ]
    },
    "test": {
      "average_loss": [
        107.49495697021484,
        84.56500244140625,
        94.12906646728516,
        99.04388427734375,
        58.28639221191406,
        18.65031623840332,
        82.98751068115234,
        28.439096450805664,
        45.656455993652344,
        109.0256118774414
      ],
      "average_accuracy": [
        14.705882352941176,
        8.823529411764707,
        50.0,
        19.11764705882353,
        8.823529411764707,
        20.58823529411765,
        47.05882352941177,
        29.41176470588235,
        47.05882352941177,
        54.411764705882355
      ]
    },
    "average_loss_intra_epoch": [
      107.85933430989583
    ],
    "average_accuracy_intra_epoch": [
      51.865671641791046
    ],
    "runtime": 6.500538110733032
  }
}