{
  "hyperparameters": {
    "architecture": "classification",
    "batch_size": 100,
    "clipping_threshold": 0.0,
    "dataset_name": "annealing_classification",
    "epochs": 10,
    "initialization_scale": "\\sqrt{\frac{6}{n+m}}",
    "inner_ISGD_iterations": 0,
    "intra_epoch": false,
    "lr": 0.3,
    "momentum": 0.0,
    "mu": 0.0,
    "nodes": 50,
    "seed": 1,
    "sgdtype": "explicit",
    "data_type": "classification"
  },
  "results": {
    "train": {
      "average_loss": [
        0.9009977653622627,
        0.828590415418148,
        0.7687871530652046,
        0.6823849752545357,
        0.6249692887067795,
        0.5898553058505058,
        0.5746373608708382,
        0.5596943236887455,
        0.542326282709837,
        0.5209811851382256
      ],
      "average_accuracy": [
        75.6267409470752,
        75.6267409470752,
        75.6267409470752,
        80.50139275766017,
        81.75487465181058,
        81.75487465181058,
        81.8941504178273,
        82.17270194986072,
        81.33704735376044,
        81.75487465181058
      ]
    },
    "test": {
      "average_loss": [
        0.8519189357757568,
        0.7819770872592926,
        0.7308201491832733,
        0.658005028963089,
        0.6053046584129333,
        0.5838048458099365,
        0.5600402355194092,
        0.5618280172348022,
        0.5426752865314484,
        0.507538914680481
      ],
      "average_accuracy": [
        78.33333333333333,
        78.33333333333333,
        78.33333333333333,
        85.0,
        85.0,
        85.0,
        85.0,
        85.0,
        84.44444444444444,
        85.0
      ]
    },
    "average_loss_intra_epoch": [
      0.5209811851382256
    ],
    "average_accuracy_intra_epoch": [
      81.75487465181058
    ],
    "runtime": 1.0322561264038086
  }
}