{
  "hyperparameters": {
    "architecture": "music",
    "batch_size": 100,
    "clipping_threshold": 0.0,
    "dataset_name": "JSB Chorales",
    "epochs": 10,
    "initialization_scale": "\\sqrt{\frac{6}{n+m}}",
    "inner_ISGD_iterations": 0,
    "intra_epoch": false,
    "lr": 0.5,
    "momentum": 0.0,
    "mu": 0.0,
    "nodes": 50,
    "seed": 1,
    "sgdtype": "implicit",
    "data_type": "sequential_many"
  },
  "results": {
    "train": {
      "average_loss": [
        8.875301015429102,
        8.210844850956613,
        7.999687013667744,
        7.989539917900052,
        7.786218262135201,
        7.5162774319211465,
        7.414418546393448,
        7.464870807905905,
        7.375461667906249,
        7.319357074504336
      ],
      "average_accuracy": [
        0,
        0,
        0,
        0,
        0,
        0,
        0,
        0,
        0,
        0
      ]
    },
    "test": {
      "average_loss": [
        9.041921052065762,
        8.367866379874092,
        8.188042074054867,
        8.184526198870175,
        7.9939357708026835,
        7.733339792722232,
        7.641347789145136,
        7.6932922214656685,
        7.612741219532954,
        7.562937191554478
      ],
      "average_accuracy": [
        0,
        0,
        0,
        0,
        0,
        0,
        0,
        0,
        0,
        0
      ]
    },
    "average_loss_intra_epoch": [
      7.319357074504336
    ],
    "average_accuracy_intra_epoch": [
      0
    ],
    "runtime": 721.9341757297516
  }
}