{
  "hyperparameters": {
    "architecture": "classification",
    "batch_size": 100,
    "clipping_threshold": 0.0,
    "dataset_name": "optical_classification",
    "epochs": 10,
    "initialization_scale": "\\sqrt{\frac{6}{n+m}}",
    "inner_ISGD_iterations": 0,
    "intra_epoch": false,
    "lr": 0.01,
    "momentum": 0.0,
    "mu": 0.0,
    "nodes": 50,
    "seed": 1,
    "sgdtype": "explicit",
    "data_type": "classification"
  },
  "results": {
    "train": {
      "average_loss": [
        2.2718408584594725,
        2.240870555241903,
        2.205283933215671,
        2.161765209833781,
        2.106106842888726,
        2.033264313803779,
        1.9385913928349814,
        1.821205480893453,
        1.687936117913988,
        1.5517662684122722
      ],
      "average_accuracy": [
        30.47153024911032,
        36.72153024911032,
        47.419928825622776,
        59.919928825622776,
        68.41637010676156,
        70.72953736654804,
        69.86209964412811,
        67.81583629893238,
        65.54715302491103,
        64.47953736654804
      ]
    },
    "test": {
      "average_loss": [
        2.269627273082733,
        2.2385785380999246,
        2.2028397719065347,
        2.1590692599614463,
        2.1030313372612,
        2.0296675165494285,
        1.9343695441881816,
        1.8163945972919464,
        1.6827793717384338,
        1.5465741753578186
      ],
      "average_accuracy": [
        31.85053380782918,
        37.63345195729537,
        48.754448398576514,
        60.587188612099645,
        68.23843416370107,
        72.24199288256227,
        70.99644128113879,
        67.08185053380782,
        64.76868327402136,
        63.612099644128115
      ]
    },
    "average_loss_intra_epoch": [
      1.5517662684122722
    ],
    "average_accuracy_intra_epoch": [
      64.47953736654804
    ],
    "runtime": 10.22050929069519
  }
}