{
  "hyperparameters": {
    "architecture": "classification",
    "batch_size": 100,
    "clipping_threshold": 0.0,
    "dataset_name": "classification_annealing",
    "epochs": 10,
    "initialization_scale": "\\sqrt{\frac{6}{n+m}}",
    "inner_ISGD_iterations": 0,
    "intra_epoch": false,
    "lr": 0.2,
    "momentum": 0.0,
    "mu": 0.0,
    "nodes": 50,
    "seed": 1,
    "sgdtype": "explicit",
    "data_type": "classification"
  },
  "results": {
    "train": {
      "average_loss": [
        0.9908126220107079,
        0.8661622703075409,
        0.8288804143667221,
        0.7922086715698242,
        0.7442649155855179,
        0.6871181279420853,
        0.638515368103981,
        0.6072666794061661,
        0.5892183482646942,
        0.5724772736430168
      ],
      "average_accuracy": [
        75.6267409470752,
        75.6267409470752,
        75.6267409470752,
        75.6267409470752,
        75.6267409470752,
        80.64066852367688,
        81.75487465181058,
        81.75487465181058,
        81.61559888579387,
        81.75487465181058
      ]
    },
    "test": {
      "average_loss": [
        0.9513801336288452,
        0.8120737671852112,
        0.7797879576683044,
        0.7462660372257233,
        0.7008590400218964,
        0.6463737189769745,
        0.6111743450164795,
        0.5881903171539307,
        0.566877156496048,
        0.5601960718631744
      ],
      "average_accuracy": [
        78.33333333333333,
        78.33333333333333,
        78.33333333333333,
        78.33333333333333,
        78.33333333333333,
        85.0,
        85.0,
        85.0,
        85.0,
        85.0
      ]
    },
    "average_loss_intra_epoch": [
      0.5724772736430168
    ],
    "average_accuracy_intra_epoch": [
      81.75487465181058
    ],
    "runtime": 3.8702263832092285
  }
}