{
  "hyperparameters": {
    "architecture": "classification",
    "batch_size": 100,
    "clipping_threshold": 0.0,
    "dataset_name": "annealing_classification",
    "epochs": 10,
    "initialization_scale": "\\sqrt{\frac{6}{n+m}}",
    "inner_ISGD_iterations": 0,
    "intra_epoch": false,
    "lr": 0.5,
    "momentum": 0.0,
    "mu": 0.0,
    "nodes": 50,
    "seed": 1,
    "sgdtype": "explicit",
    "data_type": "classification"
  },
  "results": {
    "train": {
      "average_loss": [
        0.8482122421264648,
        0.7613598704338074,
        0.6443165615200996,
        0.6170341819524765,
        0.5909585803747177,
        0.542445182800293,
        0.5181055143475533,
        0.4981589764356613,
        0.4978274516761303,
        0.4860275611281395
      ],
      "average_accuracy": [
        75.6267409470752,
        75.6267409470752,
        81.47632311977716,
        80.91922005571031,
        80.64066852367688,
        82.45125348189416,
        79.38718662952647,
        77.29805013927577,
        76.18384401114206,
        76.18384401114206
      ]
    },
    "test": {
      "average_loss": [
        0.7952168583869934,
        0.7193110585212708,
        0.6158628761768341,
        0.5920649766921997,
        0.5677541494369507,
        0.547143891453743,
        0.5298903733491898,
        0.5406215339899063,
        0.5574044585227966,
        0.550382137298584
      ],
      "average_accuracy": [
        78.33333333333333,
        78.33333333333333,
        85.0,
        85.0,
        85.0,
        85.55555555555556,
        82.22222222222223,
        78.33333333333333,
        75.55555555555556,
        74.44444444444444
      ]
    },
    "average_loss_intra_epoch": [
      0.4860275611281395
    ],
    "average_accuracy_intra_epoch": [
      76.18384401114206
    ],
    "runtime": 0.9875798225402832
  }
}