{
  "hyperparameters": {
    "architecture": "classification",
    "batch_size": 100,
    "clipping_threshold": 0.0,
    "dataset_name": "yeast_classification",
    "epochs": 10,
    "initialization_scale": "\\sqrt{\frac{6}{n+m}}",
    "inner_ISGD_iterations": 0,
    "intra_epoch": false,
    "lr": 5.0,
    "momentum": 0.0,
    "mu": 0.0,
    "nodes": 50,
    "seed": 1,
    "sgdtype": "implicit",
    "data_type": "classification"
  },
  "results": {
    "train": {
      "average_loss": [
        18.65184259414673,
        16.83051856358846,
        18.62790886561076,
        16.310094912846882,
        28.616820494333904,
        14.26102582613627,
        14.883808135986328,
        17.565383593241375,
        24.23090394337972,
        18.37803077697754
      ],
      "average_accuracy": [
        24.68407750631845,
        10.446503791069924,
        18.281381634372366,
        24.93681550126369,
        29.401853411962932,
        24.43133951137321,
        27.127211457455772,
        25.44229149115417,
        33.614153327716934,
        19.629317607413647
      ]
    },
    "test": {
      "average_loss": [
        18.245107014973957,
        16.830093383789062,
        17.58471934000651,
        17.239606857299805,
        29.7844181060791,
        15.089776674906412,
        14.796213467915853,
        18.893492380777996,
        22.92239507039388,
        17.65749168395996
      ],
      "average_accuracy": [
        24.242424242424242,
        11.11111111111111,
        19.52861952861953,
        23.569023569023567,
        24.915824915824917,
        22.22222222222222,
        29.292929292929294,
        24.579124579124578,
        34.68013468013468,
        21.54882154882155
      ]
    },
    "average_loss_intra_epoch": [
      18.37803077697754
    ],
    "average_accuracy_intra_epoch": [
      19.629317607413647
    ],
    "runtime": 18.16283130645752
  }
}