{
  "hyperparameters": {
    "architecture": "classification",
    "batch_size": 100,
    "clipping_threshold": 0.0,
    "dataset_name": "annealing_classification",
    "epochs": 10,
    "initialization_scale": "\\sqrt{\frac{6}{n+m}}",
    "inner_ISGD_iterations": 0,
    "intra_epoch": false,
    "lr": 5.0,
    "momentum": 0.0,
    "mu": 0.0,
    "nodes": 50,
    "seed": 1,
    "sgdtype": "implicit",
    "data_type": "classification"
  },
  "results": {
    "train": {
      "average_loss": [
        63.671671867370605,
        35.8122193813324,
        37.77324676513672,
        22.218552112579346,
        37.308112382888794,
        15.207312941551208,
        5.645089730620384,
        13.909034729003906,
        28.47603750228882,
        18.478973150253296
      ],
      "average_accuracy": [
        48.32869080779944,
        66.991643454039,
        47.63231197771588,
        66.15598885793872,
        38.579387186629525,
        76.88022284122563,
        77.57660167130919,
        75.20891364902506,
        73.81615598885794,
        78.27298050139275
      ]
    },
    "test": {
      "average_loss": [
        57.549386978149414,
        29.009384155273438,
        41.94139862060547,
        15.588088989257812,
        40.302663803100586,
        15.937325954437256,
        4.7228734493255615,
        12.005235195159912,
        24.63670253753662,
        18.409141063690186
      ],
      "average_accuracy": [
        53.888888888888886,
        70.0,
        42.22222222222222,
        72.77777777777777,
        32.22222222222222,
        78.33333333333333,
        81.66666666666667,
        77.22222222222223,
        72.22222222222223,
        78.88888888888889
      ]
    },
    "average_loss_intra_epoch": [
      18.478973150253296
    ],
    "average_accuracy_intra_epoch": [
      78.27298050139275
    ],
    "runtime": 13.640408992767334
  }
}