{
  "hyperparameters": {
    "architecture": "classification",
    "batch_size": 100,
    "clipping_threshold": 0.0,
    "dataset_name": "tic-tac-toe_classification",
    "epochs": 10,
    "initialization_scale": "\\sqrt{\frac{6}{n+m}}",
    "inner_ISGD_iterations": 0,
    "intra_epoch": false,
    "lr": 50.0,
    "momentum": 0.0,
    "mu": 0.0,
    "nodes": 50,
    "seed": 1,
    "sgdtype": "implicit",
    "data_type": "classification"
  },
  "results": {
    "train": {
      "average_loss": [
        302.3470001220703,
        178.34436798095703,
        96.99284744262695,
        125.93625259399414,
        261.38049125671387,
        67.57267093658447,
        172.43461227416992,
        172.98590278625488,
        256.10497665405273,
        200.13657760620117
      ],
      "average_accuracy": [
        40.992167101827675,
        58.224543080939945,
        64.88250652741515,
        41.775456919060055,
        49.47780678851175,
        65.27415143603133,
        49.21671018276762,
        48.9556135770235,
        51.30548302872063,
        48.9556135770235
      ]
    },
    "test": {
      "average_loss": [
        288.5781707763672,
        152.80419540405273,
        96.56430435180664,
        121.63235092163086,
        243.80847930908203,
        79.52130126953125,
        187.03209686279297,
        180.28841400146484,
        235.59039306640625,
        205.71398162841797
      ],
      "average_accuracy": [
        43.75,
        63.020833333333336,
        65.625,
        46.875,
        52.604166666666664,
        64.58333333333333,
        48.958333333333336,
        46.354166666666664,
        53.125,
        47.916666666666664
      ]
    },
    "average_loss_intra_epoch": [
      200.13657760620117
    ],
    "average_accuracy_intra_epoch": [
      48.9556135770235
    ],
    "runtime": 14.304654121398926
  }
}