{
  "hyperparameters": {
    "architecture": "classification",
    "batch_size": 100,
    "clipping_threshold": 0.0,
    "dataset_name": "ringnorm_classification",
    "epochs": 10,
    "initialization_scale": "\\sqrt{\frac{6}{n+m}}",
    "inner_ISGD_iterations": 0,
    "intra_epoch": false,
    "lr": 0.5,
    "momentum": 0.0,
    "mu": 0.0,
    "nodes": 50,
    "seed": 1,
    "sgdtype": "implicit",
    "data_type": "classification"
  },
  "results": {
    "train": {
      "average_loss": [
        0.5005810032288234,
        0.4765926564733187,
        0.4629229664802551,
        0.4351244909067949,
        0.38066004812717436,
        0.32985248329738776,
        0.2913374143342177,
        0.34188430445889634,
        0.2831985648721457,
        0.22423267650107542
      ],
      "average_accuracy": [
        76.90878378378379,
        77.53378378378379,
        78.27702702702703,
        79.84797297297297,
        82.46621621621621,
        85.64189189189189,
        87.55067567567568,
        85.86148648648648,
        88.36148648648648,
        90.8108108108108
      ]
    },
    "test": {
      "average_loss": [
        0.49596592982610066,
        0.47055596907933556,
        0.457787682612737,
        0.43543781042099,
        0.3947599808375041,
        0.3544970631599426,
        0.31886357565720874,
        0.3665498326222102,
        0.3088407744963964,
        0.25371214052041374
      ],
      "average_accuracy": [
        77.56756756756756,
        78.24324324324324,
        79.1891891891892,
        80.13513513513513,
        83.17567567567568,
        84.72972972972973,
        86.28378378378379,
        85.0,
        86.6891891891892,
        89.52702702702703
      ]
    },
    "average_loss_intra_epoch": [
      0.22423267650107542
    ],
    "average_accuracy_intra_epoch": [
      90.8108108108108
    ],
    "runtime": 177.86651802062988
  }
}