{
  "hyperparameters": {
    "architecture": "classification",
    "batch_size": 100,
    "clipping_threshold": 0.0,
    "dataset_name": "statlog-shuttle_classification",
    "epochs": 10,
    "initialization_scale": "\\sqrt{\frac{6}{n+m}}",
    "inner_ISGD_iterations": 0,
    "intra_epoch": false,
    "lr": 10.0,
    "momentum": 0.0,
    "mu": 0.0,
    "nodes": 50,
    "seed": 1,
    "sgdtype": "explicit",
    "data_type": "classification"
  },
  "results": {
    "train": {
      "average_loss": [
        4.105311448204106,
        0.7483990286187879,
        1.3925475910434435,
        1.0814151115041097,
        1.2638142292773158,
        1.5301406083564306,
        1.1759969002470887,
        0.8950701095966687,
        0.8424130585044622,
        0.7057203449116185
      ],
      "average_accuracy": [
        86.09482758620689,
        90.47844827586206,
        90.53663793103448,
        90.89439655172414,
        92.92672413793103,
        91.86853448275862,
        87.13577586206897,
        90.79310344827586,
        90.89224137931035,
        93.13793103448276
      ]
    },
    "test": {
      "average_loss": [
        4.0785658267037626,
        0.7174175891639858,
        1.3262882995708236,
        1.1230131170294921,
        1.293121532472814,
        1.5385085563978245,
        1.2048833638686558,
        0.9169025685766647,
        0.8609319620540944,
        0.6684755241048748
      ],
      "average_accuracy": [
        86.21551724137932,
        90.54310344827586,
        90.62068965517241,
        91.01724137931035,
        92.88793103448276,
        91.9396551724138,
        87.25862068965517,
        90.6896551724138,
        90.83620689655173,
        93.07758620689656
      ]
    },
    "average_loss_intra_epoch": [
      0.7057203449116185
    ],
    "average_accuracy_intra_epoch": [
      93.13793103448276
    ],
    "runtime": 47.12144422531128
  }
}