{
  "hyperparameters": {
    "architecture": "music",
    "batch_size": 100,
    "clipping_threshold": 1.0,
    "dataset_name": "JSB Chorales",
    "epochs": 10,
    "initialization_scale": "\\sqrt{\frac{6}{n+m}}",
    "inner_ISGD_iterations": 0,
    "intra_epoch": false,
    "lr": 0.1,
    "momentum": 0.0,
    "mu": 0.0,
    "nodes": 50,
    "seed": 1,
    "sgdtype": "explicit",
    "data_type": "sequential_many"
  },
  "results": {
    "train": {
      "average_loss": [
        9.181328473653336,
        8.675770290033265,
        8.418813353542678,
        8.246582061442746,
        8.118640683103337,
        8.017468183842288,
        7.933855732455524,
        7.8628451303623645,
        7.801336310315861,
        7.74725221962908
      ],
      "average_accuracy": [
        0,
        0,
        0,
        0,
        0,
        0,
        0,
        0,
        0,
        0
      ]
    },
    "test": {
      "average_loss": [
        9.315777580459397,
        8.80967446116658,
        8.554115592659294,
        8.383416621715991,
        8.256787479697884,
        8.156777276621236,
        8.074296208171102,
        8.004371098109655,
        7.9438908471689595,
        7.890776169764531
      ],
      "average_accuracy": [
        0,
        0,
        0,
        0,
        0,
        0,
        0,
        0,
        0,
        0
      ]
    },
    "average_loss_intra_epoch": [
      7.74725221962908
    ],
    "average_accuracy_intra_epoch": [
      0
    ],
    "runtime": 264.1895613670349
  }
}