{
  "hyperparameters": {
    "architecture": "music",
    "batch_size": 100,
    "clipping_threshold": 1.0,
    "dataset_name": "Piano-midi.de",
    "epochs": 5,
    "initialization_scale": "\\sqrt{\frac{6}{n+m}}",
    "inner_ISGD_iterations": 0,
    "intra_epoch": false,
    "lr": 50.0,
    "momentum": 0.0,
    "mu": 0.0,
    "nodes": 300,
    "seed": 3,
    "sgdtype": "implicit",
    "data_type": "sequential_many"
  },
  "results": {
    "train": {
      "average_loss": [
        0.00041425428843331767,
        0.0003727345367182373,
        0.00035355313740110015,
        0.0003418003927498799,
        0.0003334163276153488
      ],
      "average_accuracy": [
        0,
        0,
        0,
        0,
        0
      ]
    },
    "test": {
      "average_loss": [
        0.0005105617037042975,
        0.000468945501052076,
        0.00045004266838077455,
        0.00043877564676222394,
        0.0004311520140618086
      ],
      "average_accuracy": [
        0,
        0,
        0,
        0,
        0
      ]
    },
    "average_loss_intra_epoch": [
      0.0003334163276153488
    ],
    "average_accuracy_intra_epoch": [
      0
    ],
    "runtime": 2772.808240890503
  }
}