{
  "hyperparameters": {
    "architecture": "classification",
    "batch_size": 100,
    "clipping_threshold": 0.0,
    "dataset_name": "statlog-landsat_classification",
    "epochs": 10,
    "initialization_scale": "\\sqrt{\frac{6}{n+m}}",
    "inner_ISGD_iterations": 0,
    "intra_epoch": false,
    "lr": 3.0,
    "momentum": 0.0,
    "mu": 0.0,
    "nodes": 50,
    "seed": 1,
    "sgdtype": "implicit",
    "data_type": "classification"
  },
  "results": {
    "train": {
      "average_loss": [
        4.591198618595417,
        3.218281250733596,
        5.249627869862777,
        2.001150532410695,
        2.6184329940722537,
        5.13672383931967,
        2.022663964675023,
        3.9527479089223423,
        3.2571637080265927,
        5.021795561680427
      ],
      "average_accuracy": [
        56.97358197358197,
        69.32789432789433,
        64.37451437451438,
        80.5944055944056,
        83.56643356643356,
        81.58508158508158,
        81.08003108003108,
        81.25485625485625,
        78.37995337995338,
        78.43822843822844
      ]
    },
    "test": {
      "average_loss": [
        4.583331364851731,
        3.269034422360934,
        5.295141146733211,
        2.164409096424396,
        2.5901710528593798,
        5.456012102273794,
        2.1986492505440345,
        4.097264179816613,
        3.2969627930567813,
        4.894289695299589
      ],
      "average_accuracy": [
        57.80885780885781,
        70.47397047397047,
        64.64646464646465,
        80.73038073038073,
        83.13908313908314,
        80.96348096348096,
        82.05128205128206,
        80.57498057498057,
        78.01087801087802,
        76.61227661227662
      ]
    },
    "average_loss_intra_epoch": [
      5.021795561680427
    ],
    "average_accuracy_intra_epoch": [
      78.43822843822844
    ],
    "runtime": 253.90769958496094
  }
}