{
  "hyperparameters": {
    "architecture": "classification",
    "batch_size": 100,
    "clipping_threshold": 0.0,
    "dataset_name": "magic_classification",
    "epochs": 10,
    "initialization_scale": "\\sqrt{\frac{6}{n+m}}",
    "inner_ISGD_iterations": 0,
    "intra_epoch": false,
    "lr": 3.0,
    "momentum": 0.0,
    "mu": 0.0,
    "nodes": 50,
    "seed": 1,
    "sgdtype": "implicit",
    "data_type": "classification"
  },
  "results": {
    "train": {
      "average_loss": [
        0.671484614898956,
        0.526533597240261,
        0.6009477628212349,
        0.5309010929141948,
        0.4987234130404354,
        0.518124223631971,
        0.491482201549742,
        0.508506665334982,
        0.5248440788462271,
        0.5265487300999024
      ],
      "average_accuracy": [
        76.88617245005257,
        80.62565720294427,
        76.4589905362776,
        80.25105152471083,
        81.53916929547844,
        80.59279705573081,
        81.45373291272345,
        81.83491062039958,
        81.26314405888539,
        81.46030494216615
      ]
    },
    "test": {
      "average_loss": [
        0.6914901794531406,
        0.5549754187082633,
        0.6178427453224475,
        0.5557307302951813,
        0.5298821918475323,
        0.5472466838665497,
        0.52082530886699,
        0.5413967691935025,
        0.5592089837942368,
        0.5637824993867141
      ],
      "average_accuracy": [
        76.52471083070452,
        79.67928496319664,
        76.55099894847528,
        80.02103049421662,
        81.09884332281808,
        80.3627760252366,
        81.54574132492114,
        81.44058885383807,
        80.78338590956888,
        80.91482649842271
      ]
    },
    "average_loss_intra_epoch": [
      0.5265487300999024
    ],
    "average_accuracy_intra_epoch": [
      81.46030494216615
    ],
    "runtime": 239.0506670475006
  }
}