{
  "hyperparameters": {
    "architecture": "music",
    "batch_size": 100,
    "clipping_threshold": 0.01,
    "dataset_name": "Piano-midi.de",
    "epochs": 5,
    "initialization_scale": "\\sqrt{\frac{6}{n+m}}",
    "inner_ISGD_iterations": 0,
    "intra_epoch": false,
    "lr": 0.5,
    "momentum": 0.0,
    "mu": 0.0,
    "nodes": 300,
    "seed": 5,
    "sgdtype": "explicit",
    "data_type": "sequential_many"
  },
  "results": {
    "train": {
      "average_loss": [
        0.0013929336668318673,
        0.0013432512068170947,
        0.0012806128712515507,
        0.0012129543112636405,
        0.0011461817409546147
      ],
      "average_accuracy": [
        0,
        0,
        0,
        0,
        0
      ]
    },
    "test": {
      "average_loss": [
        0.001575956285232678,
        0.0015253300697077065,
        0.0014611128764227032,
        0.0013886439666384832,
        0.0013158038497203962
      ],
      "average_accuracy": [
        0,
        0,
        0,
        0,
        0
      ]
    },
    "average_loss_intra_epoch": [
      0.0011461817409546147
    ],
    "average_accuracy_intra_epoch": [
      0
    ],
    "runtime": 587.8597121238708
  }
}