{
  "hyperparameters": {
    "architecture": "classification",
    "batch_size": 100,
    "clipping_threshold": 0.0,
    "dataset_name": "ionosphere_classification",
    "epochs": 10,
    "initialization_scale": "\\sqrt{\frac{6}{n+m}}",
    "inner_ISGD_iterations": 0,
    "intra_epoch": false,
    "lr": 10.0,
    "momentum": 0.0,
    "mu": 0.0,
    "nodes": 50,
    "seed": 1,
    "sgdtype": "implicit",
    "data_type": "classification"
  },
  "results": {
    "train": {
      "average_loss": [
        5.123296896616618,
        132.23090108235678,
        132.81949106852213,
        145.6817830403646,
        173.76276397705078,
        206.02225240071616,
        234.9275665283203,
        248.5453338623047,
        38.86210187276205,
        64.38173039754231
      ],
      "average_accuracy": [
        67.14285714285714,
        68.21428571428571,
        70.35714285714286,
        70.0,
        70.0,
        70.0,
        70.0,
        70.0,
        69.64285714285714,
        70.0
      ]
    },
    "test": {
      "average_loss": [
        5.5314178466796875,
        92.22217559814453,
        86.82949829101562,
        98.21957397460938,
        116.96031951904297,
        138.48379516601562,
        157.70216369628906,
        165.8899688720703,
        24.051239013671875,
        41.27159881591797
      ],
      "average_accuracy": [
        67.6056338028169,
        77.46478873239437,
        78.87323943661971,
        78.87323943661971,
        78.87323943661971,
        78.87323943661971,
        78.87323943661971,
        78.87323943661971,
        78.87323943661971,
        78.87323943661971
      ]
    },
    "average_loss_intra_epoch": [
      64.38173039754231
    ],
    "average_accuracy_intra_epoch": [
      70.0
    ],
    "runtime": 15.671379089355469
  }
}