{
  "hyperparameters": {
    "architecture": "classification",
    "batch_size": 100,
    "clipping_threshold": 0.0,
    "dataset_name": "spectf_classification",
    "epochs": 10,
    "initialization_scale": "\\sqrt{\frac{6}{n+m}}",
    "inner_ISGD_iterations": 0,
    "intra_epoch": false,
    "lr": 50.0,
    "momentum": 0.0,
    "mu": 0.0,
    "nodes": 50,
    "seed": 1,
    "sgdtype": "explicit",
    "data_type": "classification"
  },
  "results": {
    "train": {
      "average_loss": [
        453.6963195800781,
        2073.642049153646,
        1753.8127848307292,
        610.6581827799479,
        522.1149698893229,
        841.0988972981771,
        1382.051513671875,
        706.5873819986979,
        764.4595133463541,
        585.0452473958334
      ],
      "average_accuracy": [
        42.72300469483568,
        43.66197183098591,
        56.33802816901409,
        57.27699530516432,
        43.1924882629108,
        42.72300469483568,
        57.27699530516432,
        57.27699530516432,
        56.8075117370892,
        59.624413145539904
      ]
    },
    "test": {
      "average_loss": [
        474.0087585449219,
        2156.64208984375,
        1622.3992919921875,
        561.2923583984375,
        498.8334655761719,
        909.4078979492188,
        1866.12744140625,
        1147.2147216796875,
        743.8204345703125,
        589.340576171875
      ],
      "average_accuracy": [
        38.888888888888886,
        38.888888888888886,
        61.111111111111114,
        61.111111111111114,
        40.74074074074074,
        38.888888888888886,
        55.55555555555556,
        48.148148148148145,
        62.96296296296296,
        51.851851851851855
      ]
    },
    "average_loss_intra_epoch": [
      585.0452473958334
    ],
    "average_accuracy_intra_epoch": [
      59.624413145539904
    ],
    "runtime": 3.9031460285186768
  }
}