{
  "hyperparameters": {
    "architecture": "classification",
    "batch_size": 100,
    "clipping_threshold": 0.0,
    "dataset_name": "arrhythmia_classification",
    "epochs": 10,
    "initialization_scale": "\\sqrt{\frac{6}{n+m}}",
    "inner_ISGD_iterations": 0,
    "intra_epoch": false,
    "lr": 50.0,
    "momentum": 0.0,
    "mu": 0.0,
    "nodes": 50,
    "seed": 1,
    "sgdtype": "implicit",
    "data_type": "classification"
  },
  "results": {
    "train": {
      "average_loss": [
        5716.0853271484375,
        6221.7529296875,
        3094.216796875,
        1698.1928405761719,
        6351.8154296875,
        7851.2215576171875,
        5010.182434082031,
        2320.001708984375,
        2971.4689331054688,
        2270.5122680664062
      ],
      "average_accuracy": [
        13.01939058171745,
        11.634349030470915,
        23.26869806094183,
        17.174515235457065,
        30.193905817174514,
        44.3213296398892,
        45.15235457063712,
        16.066481994459835,
        40.16620498614959,
        36.56509695290859
      ]
    },
    "test": {
      "average_loss": [
        6874.08154296875,
        6953.59423828125,
        2928.216796875,
        2033.0654296875,
        8074.13818359375,
        6549.09423828125,
        4446.04052734375,
        2353.97705078125,
        2198.442626953125,
        1639.45263671875
      ],
      "average_accuracy": [
        5.4945054945054945,
        6.593406593406593,
        18.681318681318682,
        14.285714285714286,
        20.87912087912088,
        49.45054945054945,
        48.35164835164835,
        10.989010989010989,
        47.252747252747255,
        48.35164835164835
      ]
    },
    "average_loss_intra_epoch": [
      2270.5122680664062
    ],
    "average_accuracy_intra_epoch": [
      36.56509695290859
    ],
    "runtime": 119.88251519203186
  }
}