{
  "hyperparameters": {
    "architecture": "classification",
    "batch_size": 100,
    "clipping_threshold": 0.0,
    "dataset_name": "post-operative_classification",
    "epochs": 10,
    "initialization_scale": "\\sqrt{\frac{6}{n+m}}",
    "inner_ISGD_iterations": 0,
    "intra_epoch": false,
    "lr": 0.001,
    "momentum": 0.0,
    "mu": 0.0,
    "nodes": 50,
    "seed": 1,
    "sgdtype": "explicit",
    "data_type": "classification"
  },
  "results": {
    "train": {
      "average_loss": [
        1.2092212438583374,
        1.2088602781295776,
        1.2084996700286865,
        1.2081398963928223,
        1.2077795267105103,
        1.2074196338653564,
        1.207060694694519,
        1.2067012786865234,
        1.2063422203063965,
        1.2059834003448486
      ],
      "average_accuracy": [
        29.166666666666668,
        29.166666666666668,
        29.166666666666668,
        29.166666666666668,
        29.166666666666668,
        29.166666666666668,
        29.166666666666668,
        29.166666666666668,
        29.166666666666668,
        29.166666666666668
      ]
    },
    "test": {
      "average_loss": [
        1.2585586309432983,
        1.2581534385681152,
        1.2577482461929321,
        1.2573436498641968,
        1.2569389343261719,
        1.2565346956253052,
        1.2561306953430176,
        1.2557265758514404,
        1.2553231716156006,
        1.2549198865890503
      ],
      "average_accuracy": [
        16.666666666666668,
        16.666666666666668,
        16.666666666666668,
        16.666666666666668,
        16.666666666666668,
        16.666666666666668,
        16.666666666666668,
        16.666666666666668,
        16.666666666666668,
        16.666666666666668
      ]
    },
    "average_loss_intra_epoch": [
      1.2059834003448486
    ],
    "average_accuracy_intra_epoch": [
      29.166666666666668
    ],
    "runtime": 3.128739356994629
  }
}