{
  "hyperparameters": {
    "architecture": "classification",
    "batch_size": 100,
    "clipping_threshold": 0.0,
    "dataset_name": "ringnorm_classification",
    "epochs": 10,
    "initialization_scale": "\\sqrt{\frac{6}{n+m}}",
    "inner_ISGD_iterations": 0,
    "intra_epoch": false,
    "lr": 50.0,
    "momentum": 0.0,
    "mu": 0.0,
    "nodes": 50,
    "seed": 1,
    "sgdtype": "explicit",
    "data_type": "classification"
  },
  "results": {
    "train": {
      "average_loss": [
        91.84412021636963,
        115.0706734975179,
        182.6045710245768,
        49.90577672322591,
        128.49772459665934,
        161.47139676411948,
        53.208313179016116,
        144.0142037709554,
        111.69843222300211,
        68.64782339731852
      ],
      "average_accuracy": [
        54.1554054054054,
        57.04391891891892,
        56.182432432432435,
        61.351351351351354,
        61.13175675675676,
        54.32432432432432,
        64.86486486486487,
        62.263513513513516,
        63.58108108108108,
        48.41216216216216
      ]
    },
    "test": {
      "average_loss": [
        83.06946283976237,
        115.36337178548177,
        183.55603434244793,
        51.001241048177086,
        127.47678833007812,
        165.7779322306315,
        59.025961303710936,
        157.53988545735677,
        123.55930633544922,
        73.57838389078776
      ],
      "average_accuracy": [
        55.945945945945944,
        58.91891891891892,
        56.08108108108108,
        60.13513513513514,
        62.229729729729726,
        55.33783783783784,
        62.7027027027027,
        61.41891891891892,
        60.33783783783784,
        45.472972972972975
      ]
    },
    "average_loss_intra_epoch": [
      68.64782339731852
    ],
    "average_accuracy_intra_epoch": [
      48.41216216216216
    ],
    "runtime": 9.486317157745361
  }
}