{
  "hyperparameters": {
    "architecture": "classification",
    "batch_size": 100,
    "clipping_threshold": 0.0,
    "dataset_name": "hill-valley_classification",
    "epochs": 10,
    "initialization_scale": "\\sqrt{\frac{6}{n+m}}",
    "inner_ISGD_iterations": 0,
    "intra_epoch": false,
    "lr": 10.0,
    "momentum": 0.0,
    "mu": 0.0,
    "nodes": 50,
    "seed": 1,
    "sgdtype": "implicit",
    "data_type": "classification"
  },
  "results": {
    "train": {
      "average_loss": [
        1179.1799438476562,
        1235.5135498046875,
        892.0184265136719,
        686.7848327636718,
        369.59581298828124,
        49.897702026367185,
        115.25271301269531,
        341.78545532226565,
        618.3616088867187,
        907.5397644042969
      ],
      "average_accuracy": [
        50.67079463364293,
        50.46439628482972,
        49.12280701754386,
        49.12280701754386,
        49.12280701754386,
        49.12280701754386,
        51.083591331269346,
        51.083591331269346,
        50.87719298245614,
        50.87719298245614
      ]
    },
    "test": {
      "average_loss": [
        1208.7754720052083,
        1264.6697184244792,
        861.2220865885416,
        663.104736328125,
        356.8028971354167,
        48.07979075113932,
        119.90048726399739,
        355.64544677734375,
        639.7002563476562,
        939.1933186848959
      ],
      "average_accuracy": [
        51.440329218106996,
        51.851851851851855,
        48.97119341563786,
        48.97119341563786,
        48.97119341563786,
        48.97119341563786,
        51.02880658436214,
        51.02880658436214,
        51.02880658436214,
        51.02880658436214
      ]
    },
    "average_loss_intra_epoch": [
      907.5397644042969
    ],
    "average_accuracy_intra_epoch": [
      50.87719298245614
    ],
    "runtime": 127.02875280380249
  }
}