{
  "hyperparameters": {
    "architecture": "classification",
    "batch_size": 100,
    "clipping_threshold": 0.0,
    "dataset_name": "statlog-german-credit_classification",
    "epochs": 10,
    "initialization_scale": "\\sqrt{\frac{6}{n+m}}",
    "inner_ISGD_iterations": 0,
    "intra_epoch": false,
    "lr": 0.01,
    "momentum": 0.0,
    "mu": 0.0,
    "nodes": 50,
    "seed": 1,
    "sgdtype": "implicit",
    "data_type": "classification"
  },
  "results": {
    "train": {
      "average_loss": [
        0.7307230457663536,
        0.7176173329353333,
        0.7059025764465332,
        0.6954326778650284,
        0.6860769540071487,
        0.6777185127139091,
        0.6702525913715363,
        0.6635853201150894,
        0.6576322764158249,
        0.6523179709911346
      ],
      "average_accuracy": [
        30.125,
        30.125,
        30.125,
        38.875,
        69.875,
        69.875,
        69.875,
        69.875,
        69.875,
        69.875
      ]
    },
    "test": {
      "average_loss": [
        0.7317539751529694,
        0.718327134847641,
        0.706306666135788,
        0.695545881986618,
        0.6859135031700134,
        0.6772921681404114,
        0.6695763468742371,
        0.662671834230423,
        0.6564935147762299,
        0.650965541601181
      ],
      "average_accuracy": [
        29.5,
        29.5,
        29.5,
        38.0,
        70.5,
        70.5,
        70.5,
        70.5,
        70.5,
        70.5
      ]
    },
    "average_loss_intra_epoch": [
      0.6523179709911346
    ],
    "average_accuracy_intra_epoch": [
      69.875
    ],
    "runtime": 29.910205841064453
  }
}