{
  "hyperparameters": {
    "architecture": "classification",
    "batch_size": 100,
    "clipping_threshold": 0.0,
    "dataset_name": "pendigits_classification",
    "epochs": 10,
    "initialization_scale": "\\sqrt{\frac{6}{n+m}}",
    "inner_ISGD_iterations": 0,
    "intra_epoch": false,
    "lr": 0.01,
    "momentum": 0.0,
    "mu": 0.0,
    "nodes": 50,
    "seed": 1,
    "sgdtype": "implicit",
    "data_type": "classification"
  },
  "results": {
    "train": {
      "average_loss": [
        2.3038860071789133,
        2.300201242620295,
        2.2965603416616265,
        2.292650052092292,
        2.2880842794071543,
        2.2823128429326145,
        2.2744545990770515,
        2.262969496575269,
        2.2449990185824307,
        2.2151670347560537
      ],
      "average_accuracy": [
        10.713067212555442,
        10.735812578187195,
        10.906402820425338,
        11.031502331399977,
        20.18651199818037,
        21.76731490958717,
        24.189696349368816,
        25.48618219037871,
        25.440691459115204,
        25.258728534061184
      ]
    },
    "test": {
      "average_loss": [
        2.3009592186320913,
        2.297665606845509,
        2.294359553943981,
        2.290732329541987,
        2.2863993644714355,
        2.2808078852566807,
        2.2730677886442705,
        2.2616180073131216,
        2.243556326085871,
        2.213425473733382
      ],
      "average_accuracy": [
        11.505229649840837,
        11.596180081855389,
        11.732605729877218,
        11.778080945884494,
        20.600272851296044,
        22.328331059572534,
        24.69304229195089,
        25.966348340154617,
        25.920873124147338,
        25.46612096407458
      ]
    },
    "average_loss_intra_epoch": [
      2.2151670347560537
    ],
    "average_accuracy_intra_epoch": [
      25.258728534061184
    ],
    "runtime": 210.2651867866516
  }
}