{
  "hyperparameters": {
    "architecture": "classification",
    "batch_size": 100,
    "clipping_threshold": 0.0,
    "dataset_name": "iris_classification",
    "epochs": 10,
    "initialization_scale": "\\sqrt{\frac{6}{n+m}}",
    "inner_ISGD_iterations": 0,
    "intra_epoch": false,
    "lr": 0.01,
    "momentum": 0.0,
    "mu": 0.0,
    "nodes": 50,
    "seed": 1,
    "sgdtype": "implicit",
    "data_type": "classification"
  },
  "results": {
    "train": {
      "average_loss": [
        1.1098230481147766,
        1.1095912456512451,
        1.109363317489624,
        1.1091387867927551,
        1.1089179515838623,
        1.1087000966072083,
        1.1084865927696228,
        1.1082759499549866,
        1.1080685257911682,
        1.107864499092102
      ],
      "average_accuracy": [
        32.5,
        32.5,
        32.5,
        32.5,
        32.5,
        32.5,
        32.5,
        32.5,
        32.5,
        32.5
      ]
    },
    "test": {
      "average_loss": [
        1.1174870729446411,
        1.1172910928726196,
        1.1170982122421265,
        1.1169075965881348,
        1.1167198419570923,
        1.1165344715118408,
        1.1163519620895386,
        1.1161717176437378,
        1.115993857383728,
        1.1158185005187988
      ],
      "average_accuracy": [
        36.666666666666664,
        36.666666666666664,
        36.666666666666664,
        36.666666666666664,
        36.666666666666664,
        36.666666666666664,
        36.666666666666664,
        36.666666666666664,
        36.666666666666664,
        36.666666666666664
      ]
    },
    "average_loss_intra_epoch": [
      1.107864499092102
    ],
    "average_accuracy_intra_epoch": [
      32.5
    ],
    "runtime": 4.1225666999816895
  }
}