{
  "hyperparameters": {
    "architecture": "classification",
    "batch_size": 100,
    "clipping_threshold": 0.0,
    "dataset_name": "soybean_classification",
    "epochs": 10,
    "initialization_scale": "\\sqrt{\frac{6}{n+m}}",
    "inner_ISGD_iterations": 0,
    "intra_epoch": false,
    "lr": 0.01,
    "momentum": 0.0,
    "mu": 0.0,
    "nodes": 50,
    "seed": 1,
    "sgdtype": "implicit",
    "data_type": "classification"
  },
  "results": {
    "train": {
      "average_loss": [
        2.8985160986582437,
        2.8945133686065674,
        2.8905460039774575,
        2.886611978212992,
        2.882710059483846,
        2.8788386980692544,
        2.874996066093445,
        2.8711818854014077,
        2.867394288380941,
        2.8636314868927
      ],
      "average_accuracy": [
        11.355311355311356,
        11.72161172161172,
        12.454212454212454,
        13.553113553113553,
        13.736263736263735,
        13.736263736263735,
        13.736263736263735,
        13.736263736263735,
        13.736263736263735,
        13.736263736263735
      ]
    },
    "test": {
      "average_loss": [
        2.895300030708313,
        2.89143705368042,
        2.8876075744628906,
        2.8838095664978027,
        2.880042791366577,
        2.8763056993484497,
        2.87259578704834,
        2.8689135313034058,
        2.8652565479278564,
        2.8616236448287964
      ],
      "average_accuracy": [
        8.02919708029197,
        10.218978102189782,
        10.94890510948905,
        11.678832116788321,
        11.678832116788321,
        11.678832116788321,
        11.678832116788321,
        11.678832116788321,
        11.678832116788321,
        11.678832116788321
      ]
    },
    "average_loss_intra_epoch": [
      2.8636314868927
    ],
    "average_accuracy_intra_epoch": [
      13.736263736263735
    ],
    "runtime": 29.0025851726532
  }
}