{
  "hyperparameters": {
    "architecture": "classification",
    "batch_size": 100,
    "clipping_threshold": 0.0,
    "dataset_name": "breast-cancer-wisc-prog_classification",
    "epochs": 10,
    "initialization_scale": "\\sqrt{\frac{6}{n+m}}",
    "inner_ISGD_iterations": 0,
    "intra_epoch": false,
    "lr": 10.0,
    "momentum": 0.0,
    "mu": 0.0,
    "nodes": 50,
    "seed": 1,
    "sgdtype": "explicit",
    "data_type": "classification"
  },
  "results": {
    "train": {
      "average_loss": [
        5.2010886669158936,
        123.3253288269043,
        138.36194610595703,
        200.2808609008789,
        104.18413543701172,
        26.882944107055664,
        30.553156852722168,
        32.13271427154541,
        67.54851150512695,
        28.9039363861084
      ],
      "average_accuracy": [
        26.582278481012658,
        59.49367088607595,
        59.49367088607595,
        49.36708860759494,
        57.59493670886076,
        67.0886075949367,
        46.20253164556962,
        67.0886075949367,
        49.36708860759494,
        62.65822784810127
      ]
    },
    "test": {
      "average_loss": [
        4.940327167510986,
        94.49845886230469,
        120.3538818359375,
        253.91360473632812,
        170.48492431640625,
        35.894432067871094,
        36.41170883178711,
        24.923084259033203,
        54.283103942871094,
        25.16317367553711
      ],
      "average_accuracy": [
        27.5,
        65.0,
        62.5,
        42.5,
        37.5,
        60.0,
        40.0,
        70.0,
        65.0,
        62.5
      ]
    },
    "average_loss_intra_epoch": [
      28.9039363861084
    ],
    "average_accuracy_intra_epoch": [
      62.65822784810127
    ],
    "runtime": 1.098803997039795
  }
}