{
  "hyperparameters": {
    "architecture": "classification",
    "batch_size": 100,
    "clipping_threshold": 0.0,
    "dataset_name": "spect_classification",
    "epochs": 10,
    "initialization_scale": "\\sqrt{\frac{6}{n+m}}",
    "inner_ISGD_iterations": 0,
    "intra_epoch": false,
    "lr": 5.0,
    "momentum": 0.0,
    "mu": 0.0,
    "nodes": 50,
    "seed": 1,
    "sgdtype": "explicit",
    "data_type": "classification"
  },
  "results": {
    "train": {
      "average_loss": [
        2.4027713934580484,
        12.07240104675293,
        41.472304026285805,
        25.453617731730144,
        29.47686703999837,
        26.31950569152832,
        35.155680338541664,
        17.556838989257812,
        17.855637709299724,
        54.6930300394694
      ],
      "average_accuracy": [
        57.54716981132076,
        39.15094339622642,
        33.0188679245283,
        60.37735849056604,
        63.679245283018865,
        68.39622641509433,
        58.490566037735846,
        73.11320754716981,
        70.28301886792453,
        56.132075471698116
      ]
    },
    "test": {
      "average_loss": [
        2.1461753845214844,
        12.158256530761719,
        45.63129425048828,
        17.071149826049805,
        25.91583824157715,
        27.242843627929688,
        33.74370574951172,
        23.112762451171875,
        21.49987030029297,
        59.072200775146484
      ],
      "average_accuracy": [
        62.264150943396224,
        35.84905660377358,
        28.30188679245283,
        69.81132075471699,
        60.37735849056604,
        67.9245283018868,
        58.490566037735846,
        67.9245283018868,
        69.81132075471699,
        47.16981132075472
      ]
    },
    "average_loss_intra_epoch": [
      54.6930300394694
    ],
    "average_accuracy_intra_epoch": [
      56.132075471698116
    ],
    "runtime": 3.857408285140991
  }
}