{
  "hyperparameters": {
    "architecture": "classification",
    "batch_size": 100,
    "clipping_threshold": 0.0,
    "dataset_name": "wine-quality-white_classification",
    "epochs": 10,
    "initialization_scale": "\\sqrt{\frac{6}{n+m}}",
    "inner_ISGD_iterations": 0,
    "intra_epoch": false,
    "lr": 0.001,
    "momentum": 0.0,
    "mu": 0.0,
    "nodes": 50,
    "seed": 1,
    "sgdtype": "implicit",
    "data_type": "classification"
  },
  "results": {
    "train": {
      "average_loss": [
        2.054503920674324,
        2.042911338806152,
        2.0314911007881165,
        2.0202368557453156,
        2.009142431616783,
        1.9982026785612106,
        1.9874120503664017,
        1.9767657577991486,
        1.9662591576576234,
        1.9558879345655442
      ],
      "average_accuracy": [
        0.45941807044410415,
        0.6125574272588055,
        21.84788157223073,
        29.709035222052066,
        29.709035222052066,
        29.709035222052066,
        29.709035222052066,
        29.709035222052066,
        29.709035222052066,
        29.709035222052066
      ]
    },
    "test": {
      "average_loss": [
        2.052663230895996,
        2.04113347530365,
        2.0297762393951415,
        2.0185847640037538,
        2.0075536131858827,
        1.9966768503189087,
        1.9859495639801026,
        1.9753668904304504,
        1.9649235725402832,
        1.9546159386634827
      ],
      "average_accuracy": [
        0.20408163265306123,
        0.40816326530612246,
        21.73469387755102,
        29.897959183673468,
        29.897959183673468,
        29.897959183673468,
        29.897959183673468,
        29.897959183673468,
        29.897959183673468,
        29.897959183673468
      ]
    },
    "average_loss_intra_epoch": [
      1.9558879345655442
    ],
    "average_accuracy_intra_epoch": [
      29.709035222052066
    ],
    "runtime": 70.41919088363647
  }
}