{
  "hyperparameters": {
    "architecture": "classification",
    "batch_size": 100,
    "clipping_threshold": 0.0,
    "dataset_name": "fertility_classification",
    "epochs": 10,
    "initialization_scale": "\\sqrt{\frac{6}{n+m}}",
    "inner_ISGD_iterations": 0,
    "intra_epoch": false,
    "lr": 5.0,
    "momentum": 0.0,
    "mu": 0.0,
    "nodes": 50,
    "seed": 1,
    "sgdtype": "implicit",
    "data_type": "classification"
  },
  "results": {
    "train": {
      "average_loss": [
        0.5898117423057556,
        0.3600878417491913,
        0.3577234745025635,
        0.36232370138168335,
        0.3571316599845886,
        0.3601296544075012,
        0.35549452900886536,
        0.35679197311401367,
        0.35398992896080017,
        0.3543868660926819
      ],
      "average_accuracy": [
        88.75,
        88.75,
        88.75,
        88.75,
        88.75,
        88.75,
        88.75,
        88.75,
        88.75,
        88.75
      ]
    },
    "test": {
      "average_loss": [
        0.7843536138534546,
        0.45380455255508423,
        0.4229009747505188,
        0.45829740166664124,
        0.4227219521999359,
        0.4540509283542633,
        0.42276105284690857,
        0.44707560539245605,
        0.4231072962284088,
        0.44149714708328247
      ],
      "average_accuracy": [
        85.0,
        85.0,
        85.0,
        85.0,
        85.0,
        85.0,
        85.0,
        85.0,
        85.0,
        85.0
      ]
    },
    "average_loss_intra_epoch": [
      0.3543868660926819
    ],
    "average_accuracy_intra_epoch": [
      88.75
    ],
    "runtime": 4.262169361114502
  }
}