{
  "hyperparameters": {
    "architecture": "classification",
    "batch_size": 100,
    "clipping_threshold": 0.0,
    "dataset_name": "monks-2_classification",
    "epochs": 10,
    "initialization_scale": "\\sqrt{\frac{6}{n+m}}",
    "inner_ISGD_iterations": 0,
    "intra_epoch": false,
    "lr": 3.0,
    "momentum": 0.0,
    "mu": 0.0,
    "nodes": 50,
    "seed": 1,
    "sgdtype": "explicit",
    "data_type": "classification"
  },
  "results": {
    "train": {
      "average_loss": [
        0.6504818201065063,
        0.6641289472579956,
        0.6525461792945861,
        0.6524197816848755,
        0.6515949845314026,
        0.6511390686035157,
        0.6508330225944519,
        0.6506235361099243,
        0.6504740715026855,
        0.6503624200820923
      ],
      "average_accuracy": [
        64.58333333333333,
        64.58333333333333,
        64.58333333333333,
        64.58333333333333,
        64.58333333333333,
        64.58333333333333,
        64.58333333333333,
        64.58333333333333,
        64.58333333333333,
        64.58333333333333
      ]
    },
    "test": {
      "average_loss": [
        0.5876585245132446,
        0.6341001689434052,
        0.5995312035083771,
        0.5990431308746338,
        0.5952156782150269,
        0.5928098559379578,
        0.5910210013389587,
        0.5896945297718048,
        0.5886967778205872,
        0.5879390239715576
      ],
      "average_accuracy": [
        70.24793388429752,
        70.24793388429752,
        70.24793388429752,
        70.24793388429752,
        70.24793388429752,
        70.24793388429752,
        70.24793388429752,
        70.24793388429752,
        70.24793388429752,
        70.24793388429752
      ]
    },
    "average_loss_intra_epoch": [
      0.6503624200820923
    ],
    "average_accuracy_intra_epoch": [
      64.58333333333333
    ],
    "runtime": 0.8814129829406738
  }
}