{
  "hyperparameters": {
    "architecture": "classification",
    "batch_size": 100,
    "clipping_threshold": 0.0,
    "dataset_name": "monks-3_classification",
    "epochs": 10,
    "initialization_scale": "\\sqrt{\frac{6}{n+m}}",
    "inner_ISGD_iterations": 0,
    "intra_epoch": false,
    "lr": 0.1,
    "momentum": 0.0,
    "mu": 0.0,
    "nodes": 50,
    "seed": 1,
    "sgdtype": "implicit",
    "data_type": "classification"
  },
  "results": {
    "train": {
      "average_loss": [
        0.6943915367126465,
        0.6937041044235229,
        0.6933465003967285,
        0.6931446671485901,
        0.6930181741714477,
        0.6929286479949951,
        0.6928578734397888,
        0.6927966594696044,
        0.6927404642105103,
        0.6926867842674256
      ],
      "average_accuracy": [
        47.40406320541761,
        47.40406320541761,
        46.27539503386004,
        52.59593679458239,
        52.59593679458239,
        52.59593679458239,
        52.59593679458239,
        52.59593679458239,
        52.59593679458239,
        52.59593679458239
      ]
    },
    "test": {
      "average_loss": [
        0.6962069869041443,
        0.6942012906074524,
        0.6929540038108826,
        0.6921513378620148,
        0.6916181743144989,
        0.6912530660629272,
        0.6909948587417603,
        0.6908054351806641,
        0.690660834312439,
        0.690545380115509
      ],
      "average_accuracy": [
        50.450450450450454,
        50.450450450450454,
        44.14414414414414,
        49.549549549549546,
        49.549549549549546,
        49.549549549549546,
        49.549549549549546,
        49.549549549549546,
        49.549549549549546,
        49.549549549549546
      ]
    },
    "average_loss_intra_epoch": [
      0.6926867842674256
    ],
    "average_accuracy_intra_epoch": [
      52.59593679458239
    ],
    "runtime": 8.060195207595825
  }
}