{
  "hyperparameters": {
    "architecture": "classification",
    "batch_size": 100,
    "clipping_threshold": 0.0,
    "dataset_name": "audiology-std_classification",
    "epochs": 10,
    "initialization_scale": "\\sqrt{\frac{6}{n+m}}",
    "inner_ISGD_iterations": 0,
    "intra_epoch": false,
    "lr": 0.001,
    "momentum": 0.0,
    "mu": 0.0,
    "nodes": 50,
    "seed": 1,
    "sgdtype": "explicit",
    "data_type": "classification"
  },
  "results": {
    "train": {
      "average_loss": [
        2.889947533607483,
        2.8895829916000366,
        2.889218330383301,
        2.888853669166565,
        2.888489246368408,
        2.8881255388259888,
        2.887761116027832,
        2.887396812438965,
        2.8870328664779663,
        2.8866699934005737
      ],
      "average_accuracy": [
        1.9230769230769231,
        1.9230769230769231,
        1.9230769230769231,
        1.9230769230769231,
        1.9230769230769231,
        1.9230769230769231,
        1.9230769230769231,
        1.9230769230769231,
        1.2820512820512822,
        1.2820512820512822
      ]
    },
    "test": {
      "average_loss": [
        2.8746211528778076,
        2.8742618560791016,
        2.873903512954712,
        2.873544931411743,
        2.8731863498687744,
        2.8728280067443848,
        2.872469663619995,
        2.8721117973327637,
        2.871753454208374,
        2.871396541595459
      ],
      "average_accuracy": [
        0.0,
        0.0,
        0.0,
        0.0,
        0.0,
        0.0,
        0.0,
        0.0,
        0.0,
        0.0
      ]
    },
    "average_loss_intra_epoch": [
      2.8866699934005737
    ],
    "average_accuracy_intra_epoch": [
      1.2820512820512822
    ],
    "runtime": 3.3234333992004395
  }
}