{
  "hyperparameters": {
    "architecture": "classification",
    "batch_size": 100,
    "clipping_threshold": 0.0,
    "dataset_name": "semeion_classification",
    "epochs": 10,
    "initialization_scale": "\\sqrt{\frac{6}{n+m}}",
    "inner_ISGD_iterations": 0,
    "intra_epoch": false,
    "lr": 50.0,
    "momentum": 0.0,
    "mu": 0.0,
    "nodes": 50,
    "seed": 1,
    "sgdtype": "explicit",
    "data_type": "classification"
  },
  "results": {
    "train": {
      "average_loss": [
        1431.3126032902644,
        1898.692410982572,
        1138.7687330979568,
        917.5621525691106,
        1558.9695481520432,
        1087.5605938251201,
        536.4740952711838,
        1314.917719914363,
        1461.401827298678,
        1565.205341045673
      ],
      "average_accuracy": [
        27.08006279434851,
        32.73155416012559,
        37.91208791208791,
        43.720565149136576,
        42.22919937205651,
        42.22919937205651,
        52.1978021978022,
        40.73783359497645,
        40.89481946624804,
        39.95290423861852
      ]
    },
    "test": {
      "average_loss": [
        1667.1860656738281,
        2147.145294189453,
        1252.9578857421875,
        1117.7876892089844,
        1839.5902099609375,
        994.4664916992188,
        658.2793731689453,
        1602.8777770996094,
        1682.3094482421875,
        1771.7816162109375
      ],
      "average_accuracy": [
        21.316614420062695,
        26.645768025078368,
        35.73667711598746,
        35.10971786833856,
        35.10971786833856,
        42.94670846394985,
        47.64890282131662,
        34.48275862068966,
        32.288401253918494,
        31.34796238244514
      ]
    },
    "average_loss_intra_epoch": [
      1565.205341045673
    ],
    "average_accuracy_intra_epoch": [
      39.95290423861852
    ],
    "runtime": 9.097085237503052
  }
}