{
  "hyperparameters": {
    "architecture": "classification",
    "batch_size": 100,
    "clipping_threshold": 0.0,
    "dataset_name": "tic-tac-toe_classification",
    "epochs": 10,
    "initialization_scale": "\\sqrt{\frac{6}{n+m}}",
    "inner_ISGD_iterations": 0,
    "intra_epoch": false,
    "lr": 5.0,
    "momentum": 0.0,
    "mu": 0.0,
    "nodes": 50,
    "seed": 1,
    "sgdtype": "explicit",
    "data_type": "classification"
  },
  "results": {
    "train": {
      "average_loss": [
        0.6738719791173935,
        0.6462495923042297,
        0.6843672022223473,
        22.533591270446777,
        12.300045728683472,
        14.668878316879272,
        4.51418000459671,
        17.436252117156982,
        4.475116461515427,
        4.131356626749039
      ],
      "average_accuracy": [
        65.40469973890339,
        65.40469973890339,
        65.40469973890339,
        60.574412532637076,
        64.49086161879896,
        62.010443864229764,
        65.53524804177546,
        63.054830287206265,
        68.40731070496084,
        64.75195822454307
      ]
    },
    "test": {
      "average_loss": [
        0.6743253767490387,
        0.6487225890159607,
        0.6875249743461609,
        22.91702938079834,
        11.03096342086792,
        14.880093097686768,
        4.6674721240997314,
        16.736695766448975,
        4.192312717437744,
        3.463902473449707
      ],
      "average_accuracy": [
        65.10416666666667,
        65.10416666666667,
        65.10416666666667,
        58.333333333333336,
        66.14583333333333,
        60.9375,
        65.10416666666667,
        61.458333333333336,
        70.83333333333333,
        66.66666666666667
      ]
    },
    "average_loss_intra_epoch": [
      4.131356626749039
    ],
    "average_accuracy_intra_epoch": [
      64.75195822454307
    ],
    "runtime": 4.2276599407196045
  }
}