{
  "hyperparameters": {
    "architecture": "classification",
    "batch_size": 100,
    "clipping_threshold": 0.0,
    "dataset_name": "monks-3_classification",
    "epochs": 10,
    "initialization_scale": "\\sqrt{\frac{6}{n+m}}",
    "inner_ISGD_iterations": 0,
    "intra_epoch": false,
    "lr": 30.0,
    "momentum": 0.0,
    "mu": 0.0,
    "nodes": 50,
    "seed": 1,
    "sgdtype": "implicit",
    "data_type": "classification"
  },
  "results": {
    "train": {
      "average_loss": [
        166.17987060546875,
        79.26166229248047,
        84.10032653808594,
        117.62402038574218,
        84.2674575805664,
        177.23787536621094,
        21.223682403564453,
        275.2650512695312,
        1.1361036896705627,
        268.5050048828125
      ],
      "average_accuracy": [
        46.50112866817156,
        53.95033860045147,
        47.40406320541761,
        52.59593679458239,
        47.40406320541761,
        52.59593679458239,
        47.40406320541761,
        47.40406320541761,
        47.40406320541761,
        47.40406320541761
      ]
    },
    "test": {
      "average_loss": [
        161.14025115966797,
        72.35309982299805,
        92.53288650512695,
        106.86966705322266,
        91.55965423583984,
        161.0330352783203,
        23.059804916381836,
        299.0895538330078,
        1.2222511768341064,
        291.74462890625
      ],
      "average_accuracy": [
        44.14414414414414,
        51.351351351351354,
        48.648648648648646,
        49.549549549549546,
        50.450450450450454,
        49.549549549549546,
        50.450450450450454,
        50.450450450450454,
        50.450450450450454,
        50.450450450450454
      ]
    },
    "average_loss_intra_epoch": [
      268.5050048828125
    ],
    "average_accuracy_intra_epoch": [
      47.40406320541761
    ],
    "runtime": 7.968873500823975
  }
}