{
  "hyperparameters": {
    "architecture": "classification",
    "batch_size": 100,
    "clipping_threshold": 0.0,
    "dataset_name": "conn-bench-sonar-mines-rocks_classification",
    "epochs": 10,
    "initialization_scale": "\\sqrt{\frac{6}{n+m}}",
    "inner_ISGD_iterations": 0,
    "intra_epoch": false,
    "lr": 3.0,
    "momentum": 0.0,
    "mu": 0.0,
    "nodes": 50,
    "seed": 1,
    "sgdtype": "implicit",
    "data_type": "classification"
  },
  "results": {
    "train": {
      "average_loss": [
        0.6444384753704071,
        0.847244143486023,
        7.382710933685303,
        129.30902099609375,
        64.91988182067871,
        102.80824279785156,
        21.103235244750977,
        35.038291931152344,
        130.08903884887695,
        33.359947204589844
      ],
      "average_accuracy": [
        67.46987951807229,
        45.18072289156626,
        21.08433734939759,
        30.72289156626506,
        48.19277108433735,
        35.54216867469879,
        37.95180722891566,
        68.67469879518072,
        70.48192771084338,
        29.518072289156628
      ]
    },
    "test": {
      "average_loss": [
        0.6959155201911926,
        0.795622706413269,
        6.858857154846191,
        152.30686950683594,
        67.50138092041016,
        95.42778015136719,
        21.215084075927734,
        30.77450180053711,
        118.90789794921875,
        29.662471771240234
      ],
      "average_accuracy": [
        61.904761904761905,
        52.38095238095238,
        26.19047619047619,
        21.428571428571427,
        45.23809523809524,
        38.095238095238095,
        42.857142857142854,
        73.80952380952381,
        71.42857142857143,
        38.095238095238095
      ]
    },
    "average_loss_intra_epoch": [
      33.359947204589844
    ],
    "average_accuracy_intra_epoch": [
      29.518072289156628
    ],
    "runtime": 5.731656074523926
  }
}