{
  "hyperparameters": {
    "architecture": "classification",
    "batch_size": 100,
    "clipping_threshold": 0.0,
    "dataset_name": "molec-biol-splice_classification",
    "epochs": 10,
    "initialization_scale": "\\sqrt{\frac{6}{n+m}}",
    "inner_ISGD_iterations": 0,
    "intra_epoch": false,
    "lr": 5.0,
    "momentum": 0.0,
    "mu": 0.0,
    "nodes": 50,
    "seed": 1,
    "sgdtype": "explicit",
    "data_type": "classification"
  },
  "results": {
    "train": {
      "average_loss": [
        30.7070002922645,
        28.98739609351525,
        21.790761140676643,
        30.044277117802547,
        11.343381826694195,
        15.33793830871582,
        11.27286749619704,
        9.990628462571363,
        9.899511704078087,
        9.865012058844933
      ],
      "average_accuracy": [
        50.744514106583075,
        50.391849529780565,
        55.094043887147336,
        54.54545454545455,
        58.307210031347964,
        60.0705329153605,
        55.44670846394985,
        62.73510971786834,
        62.421630094043884,
        63.04858934169279
      ]
    },
    "test": {
      "average_loss": [
        30.841707229614258,
        29.067747933523997,
        19.84726824079241,
        32.53623253958566,
        12.510313442775182,
        16.896791185651505,
        13.346395083836146,
        10.727836336408343,
        11.39993667602539,
        9.965320314679827
      ],
      "average_accuracy": [
        52.03761755485893,
        50.626959247648905,
        56.58307210031348,
        52.82131661442006,
        56.89655172413793,
        59.71786833855799,
        50.940438871473354,
        56.89655172413793,
        58.46394984326019,
        61.5987460815047
      ]
    },
    "average_loss_intra_epoch": [
      9.865012058844933
    ],
    "average_accuracy_intra_epoch": [
      63.04858934169279
    ],
    "runtime": 6.990203142166138
  }
}