{
  "hyperparameters": {
    "architecture": "classification",
    "batch_size": 100,
    "clipping_threshold": 0.0,
    "dataset_name": "steel-plates_classification",
    "epochs": 10,
    "initialization_scale": "\\sqrt{\frac{6}{n+m}}",
    "inner_ISGD_iterations": 0,
    "intra_epoch": false,
    "lr": 1.0,
    "momentum": 0.0,
    "mu": 0.0,
    "nodes": 50,
    "seed": 1,
    "sgdtype": "explicit",
    "data_type": "classification"
  },
  "results": {
    "train": {
      "average_loss": [
        1.2448285818099976,
        1.0847351402044296,
        0.9267795234918594,
        0.8492343127727509,
        0.7982462272047997,
        0.757174015045166,
        0.7353474274277687,
        0.720612358301878,
        0.7040074933320284,
        0.6878104694187641
      ],
      "average_accuracy": [
        50.32216494845361,
        55.21907216494845,
        63.53092783505155,
        66.49484536082474,
        68.36340206185567,
        70.03865979381443,
        71.64948453608247,
        72.16494845360825,
        72.55154639175258,
        73.13144329896907
      ]
    },
    "test": {
      "average_loss": [
        1.24254909157753,
        1.0843033194541931,
        0.9367813766002655,
        0.87101811170578,
        0.8304765224456787,
        0.8014733493328094,
        0.7878190279006958,
        0.7815295904874802,
        0.7742273509502411,
        0.7690801024436951
      ],
      "average_accuracy": [
        52.18508997429306,
        58.868894601542415,
        65.03856041131105,
        68.63753213367609,
        68.89460154241645,
        68.63753213367609,
        68.63753213367609,
        69.15167095115682,
        69.66580976863753,
        70.17994858611826
      ]
    },
    "average_loss_intra_epoch": [
      0.6878104694187641
    ],
    "average_accuracy_intra_epoch": [
      73.13144329896907
    ],
    "runtime": 5.308889865875244
  }
}