{
  "hyperparameters": {
    "architecture": "classification",
    "batch_size": 100,
    "clipping_threshold": 0.0,
    "dataset_name": "statlog-image_classification",
    "epochs": 10,
    "initialization_scale": "\\sqrt{\frac{6}{n+m}}",
    "inner_ISGD_iterations": 0,
    "intra_epoch": false,
    "lr": 5.0,
    "momentum": 0.0,
    "mu": 0.0,
    "nodes": 50,
    "seed": 1,
    "sgdtype": "explicit",
    "data_type": "classification"
  },
  "results": {
    "train": {
      "average_loss": [
        20.894430260909232,
        7.62225311680844,
        15.325486082779733,
        14.75180741360313,
        9.076252611059891,
        5.908427715301514,
        4.93997859954834,
        3.925628059788754,
        3.4668647113599276,
        10.28924264405903
      ],
      "average_accuracy": [
        28.03030303030303,
        35.22727272727273,
        43.01948051948052,
        48.37662337662338,
        63.47402597402598,
        48.64718614718615,
        68.93939393939394,
        53.35497835497836,
        68.72294372294373,
        43.56060606060606
      ]
    },
    "test": {
      "average_loss": [
        22.312480926513672,
        7.656154441833496,
        14.948569869995117,
        15.620747756958007,
        9.595488929748536,
        5.5264204978942875,
        4.900733995437622,
        3.785976791381836,
        3.4276525497436525,
        11.522384452819825
      ],
      "average_accuracy": [
        27.48917748917749,
        32.900432900432904,
        41.77489177489178,
        44.58874458874459,
        62.77056277056277,
        47.83549783549783,
        69.26406926406926,
        50.865800865800864,
        69.91341991341992,
        40.476190476190474
      ]
    },
    "average_loss_intra_epoch": [
      10.28924264405903
    ],
    "average_accuracy_intra_epoch": [
      43.56060606060606
    ],
    "runtime": 5.077931642532349
  }
}