{
  "hyperparameters": {
    "architecture": "classification",
    "batch_size": 100,
    "clipping_threshold": 0.0,
    "dataset_name": "haberman-survival_classification",
    "epochs": 10,
    "initialization_scale": "\\sqrt{\frac{6}{n+m}}",
    "inner_ISGD_iterations": 0,
    "intra_epoch": false,
    "lr": 0.1,
    "momentum": 0.0,
    "mu": 0.0,
    "nodes": 50,
    "seed": 1,
    "sgdtype": "implicit",
    "data_type": "classification"
  },
  "results": {
    "train": {
      "average_loss": [
        0.6018923918406168,
        0.5917590260505676,
        0.5854720671971639,
        0.581527849038442,
        0.5790334145228068,
        0.5774469971656799,
        0.5764343738555908,
        0.5757869680722555,
        0.5753728151321411,
        0.5751084486643473
      ],
      "average_accuracy": [
        72.54098360655738,
        72.54098360655738,
        72.54098360655738,
        72.54098360655738,
        72.54098360655738,
        72.54098360655738,
        72.54098360655738,
        72.54098360655738,
        72.54098360655738,
        72.54098360655738
      ]
    },
    "test": {
      "average_loss": [
        0.5831146836280823,
        0.569281280040741,
        0.5600692629814148,
        0.5537972450256348,
        0.5494415163993835,
        0.5463606715202332,
        0.5441452860832214,
        0.5425273180007935,
        0.5413289070129395,
        0.5404298305511475
      ],
      "average_accuracy": [
        77.41935483870968,
        77.41935483870968,
        77.41935483870968,
        77.41935483870968,
        77.41935483870968,
        77.41935483870968,
        77.41935483870968,
        77.41935483870968,
        77.41935483870968,
        77.41935483870968
      ]
    },
    "average_loss_intra_epoch": [
      0.5751084486643473
    ],
    "average_accuracy_intra_epoch": [
      72.54098360655738
    ],
    "runtime": 4.819866418838501
  }
}