{
  "hyperparameters": {
    "architecture": "classification",
    "batch_size": 100,
    "clipping_threshold": 0.0,
    "dataset_name": "libras_classification",
    "epochs": 10,
    "initialization_scale": "\\sqrt{\frac{6}{n+m}}",
    "inner_ISGD_iterations": 0,
    "intra_epoch": false,
    "lr": 0.01,
    "momentum": 0.0,
    "mu": 0.0,
    "nodes": 50,
    "seed": 1,
    "sgdtype": "explicit",
    "data_type": "classification"
  },
  "results": {
    "train": {
      "average_loss": [
        2.7157047589619956,
        2.7111659049987793,
        2.7066428661346436,
        2.7021329402923584,
        2.6976316769917807,
        2.6931354999542236,
        2.6886401971181235,
        2.6841426690419516,
        2.6796398957570395,
        2.6751272678375244
      ],
      "average_accuracy": [
        6.597222222222222,
        6.944444444444445,
        7.638888888888889,
        8.680555555555555,
        9.375,
        9.722222222222221,
        9.375,
        9.722222222222221,
        10.76388888888889,
        12.152777777777779
      ]
    },
    "test": {
      "average_loss": [
        2.702148199081421,
        2.697993755340576,
        2.6938555240631104,
        2.689727306365967,
        2.685606002807617,
        2.6814868450164795,
        2.6773672103881836,
        2.6732428073883057,
        2.66910982131958,
        2.6649656295776367
      ],
      "average_accuracy": [
        13.88888888888889,
        18.055555555555557,
        18.055555555555557,
        18.055555555555557,
        18.055555555555557,
        18.055555555555557,
        18.055555555555557,
        18.055555555555557,
        18.055555555555557,
        23.61111111111111
      ]
    },
    "average_loss_intra_epoch": [
      2.6751272678375244
    ],
    "average_accuracy_intra_epoch": [
      12.152777777777779
    ],
    "runtime": 3.896657705307007
  }
}