{
  "hyperparameters": {
    "architecture": "classification",
    "batch_size": 100,
    "clipping_threshold": 0.0,
    "dataset_name": "image-segmentation_classification",
    "epochs": 10,
    "initialization_scale": "\\sqrt{\frac{6}{n+m}}",
    "inner_ISGD_iterations": 0,
    "intra_epoch": false,
    "lr": 30.0,
    "momentum": 0.0,
    "mu": 0.0,
    "nodes": 50,
    "seed": 1,
    "sgdtype": "implicit",
    "data_type": "classification"
  },
  "results": {
    "train": {
      "average_loss": [
        303.52744172748766,
        381.566261693051,
        246.1058927837171,
        296.6376912970292,
        236.7749392860814,
        339.37068899054276,
        223.7809914036801,
        282.27092863384047,
        279.2731973748458,
        277.9650003533614
      ],
      "average_accuracy": [
        25.865800865800868,
        26.136363636363637,
        24.18831168831169,
        27.813852813852815,
        5.51948051948052,
        22.943722943722943,
        6.2229437229437226,
        23.376623376623378,
        23.755411255411257,
        22.673160173160174
      ]
    },
    "test": {
      "average_loss": [
        297.6568878173828,
        359.3054138183594,
        261.9760223388672,
        313.81826171875,
        251.8828857421875,
        319.675390625,
        208.93179931640626,
        284.42409057617186,
        266.23212890625,
        281.8913879394531
      ],
      "average_accuracy": [
        26.83982683982684,
        26.83982683982684,
        27.272727272727273,
        27.056277056277057,
        4.978354978354979,
        25.324675324675326,
        6.926406926406926,
        24.675324675324674,
        24.675324675324674,
        24.675324675324674
      ]
    },
    "average_loss_intra_epoch": [
      277.9650003533614
    ],
    "average_accuracy_intra_epoch": [
      22.673160173160174
    ],
    "runtime": 50.74724864959717
  }
}