{
  "hyperparameters": {
    "architecture": "classification",
    "batch_size": 100,
    "clipping_threshold": 0.0,
    "dataset_name": "titanic_classification",
    "epochs": 10,
    "initialization_scale": "\\sqrt{\frac{6}{n+m}}",
    "inner_ISGD_iterations": 0,
    "intra_epoch": false,
    "lr": 0.01,
    "momentum": 0.0,
    "mu": 0.0,
    "nodes": 50,
    "seed": 1,
    "sgdtype": "explicit",
    "data_type": "classification"
  },
  "results": {
    "train": {
      "average_loss": [
        0.6402690576182472,
        0.6379031472735934,
        0.6361232466167874,
        0.6347815427515242,
        0.6337674988640679,
        0.6330000427034166,
        0.6324178046650357,
        0.6319759653674232,
        0.6316392454836104,
        0.6313836110962762
      ],
      "average_accuracy": [
        67.72727272727273,
        67.72727272727273,
        67.72727272727273,
        67.72727272727273,
        67.72727272727273,
        67.72727272727273,
        67.72727272727273,
        67.72727272727273,
        67.72727272727273,
        67.72727272727273
      ]
    },
    "test": {
      "average_loss": [
        0.635718023777008,
        0.6329597353935241,
        0.6308395504951477,
        0.6292021155357361,
        0.6279309749603271,
        0.6269396901130676,
        0.6261625647544861,
        0.6255507826805115,
        0.625066077709198,
        0.6246809840202332
      ],
      "average_accuracy": [
        67.57369614512471,
        67.57369614512471,
        67.57369614512471,
        67.57369614512471,
        67.57369614512471,
        67.57369614512471,
        67.57369614512471,
        67.57369614512471,
        67.57369614512471,
        67.57369614512471
      ]
    },
    "average_loss_intra_epoch": [
      0.6313836110962762
    ],
    "average_accuracy_intra_epoch": [
      67.72727272727273
    ],
    "runtime": 5.245081186294556
  }
}