{
  "hyperparameters": {
    "architecture": "classification",
    "batch_size": 100,
    "clipping_threshold": 0.0,
    "dataset_name": "abalone_classification",
    "epochs": 10,
    "initialization_scale": "\\sqrt{\frac{6}{n+m}}",
    "inner_ISGD_iterations": 0,
    "intra_epoch": false,
    "lr": 0.003,
    "momentum": 0.0,
    "mu": 0.0,
    "nodes": 50,
    "seed": 1,
    "sgdtype": "explicit",
    "data_type": "classification"
  },
  "results": {
    "train": {
      "average_loss": [
        1.1144592411377852,
        1.1131990797379439,
        1.1120323328410877,
        1.1109520196914673,
        1.1099515066427343,
        1.1090248121934778,
        1.1081665754318237,
        1.1073715546551872,
        1.1066349814919865,
        1.1059526801109314
      ],
      "average_accuracy": [
        34.72014366956001,
        34.72014366956001,
        34.72014366956001,
        34.72014366956001,
        34.72014366956001,
        34.72014366956001,
        34.72014366956001,
        34.72014366956001,
        34.72014366956001,
        34.72014366956001
      ]
    },
    "test": {
      "average_loss": [
        1.1145250532362196,
        1.1132848262786865,
        1.1121383508046467,
        1.1110785007476807,
        1.1100985474056668,
        1.109192583296034,
        1.1083549393547907,
        1.107580582300822,
        1.1068644656075373,
        1.106202310985989
      ],
      "average_accuracy": [
        34.33014354066986,
        34.33014354066986,
        34.33014354066986,
        34.33014354066986,
        34.33014354066986,
        34.33014354066986,
        34.33014354066986,
        34.33014354066986,
        34.33014354066986,
        34.33014354066986
      ]
    },
    "average_loss_intra_epoch": [
      1.1059526801109314
    ],
    "average_accuracy_intra_epoch": [
      34.72014366956001
    ],
    "runtime": 1.6621098518371582
  }
}