{
  "hyperparameters": {
    "architecture": "classification",
    "batch_size": 100,
    "clipping_threshold": 0.0,
    "dataset_name": "miniboone_classification",
    "epochs": 10,
    "initialization_scale": "\\sqrt{\frac{6}{n+m}}",
    "inner_ISGD_iterations": 0,
    "intra_epoch": false,
    "lr": 10.0,
    "momentum": 0.0,
    "mu": 0.0,
    "nodes": 50,
    "seed": 1,
    "sgdtype": "implicit",
    "data_type": "classification"
  },
  "results": {
    "train": {
      "average_loss": [
        41.09185902827297,
        24.935787488587422,
        5.983264482903091,
        4.957510425137512,
        6.0382708582479605,
        3.571526635162654,
        5.492992628548262,
        3.413735699584917,
        6.664020283306939,
        3.3917172862061165
      ],
      "average_accuracy": [
        84.24234269733111,
        82.1625933436488,
        77.55331520119941,
        83.38218758109004,
        86.1952311847075,
        78.81904066275192,
        77.88296124016108,
        80.97375325561504,
        80.87476333720964,
        82.91030360111868
      ]
    },
    "test": {
      "average_loss": [
        41.640679845408,
        25.106345573147596,
        5.984954152070699,
        4.933166605302657,
        5.873019157241587,
        3.5787938529504215,
        5.596641364225483,
        3.3953704453176923,
        6.6426353829117115,
        3.362236337186733
      ],
      "average_accuracy": [
        84.16945373467112,
        82.00899550224888,
        77.39976165763272,
        83.67739207319417,
        86.34144466228425,
        78.92207742282704,
        77.36131934032983,
        80.9133894591166,
        80.72117787260215,
        82.99696305693307
      ]
    },
    "average_loss_intra_epoch": [
      3.3917172862061165
    ],
    "average_accuracy_intra_epoch": [
      82.91030360111868
    ],
    "runtime": 6693.593051195145
  }
}