{
  "hyperparameters": {
    "architecture": "classification",
    "batch_size": 100,
    "clipping_threshold": 0.0,
    "dataset_name": "vertebral-column-2clases_classification",
    "epochs": 10,
    "initialization_scale": "\\sqrt{\frac{6}{n+m}}",
    "inner_ISGD_iterations": 0,
    "intra_epoch": false,
    "lr": 5.0,
    "momentum": 0.0,
    "mu": 0.0,
    "nodes": 50,
    "seed": 1,
    "sgdtype": "explicit",
    "data_type": "classification"
  },
  "results": {
    "train": {
      "average_loss": [
        1.597503662109375,
        6.65716012318929,
        24.32013765970866,
        25.98621940612793,
        26.809786478678387,
        7.8350145022074384,
        19.535855611165363,
        17.33209800720215,
        6.092759609222412,
        13.782516479492188
      ],
      "average_accuracy": [
        67.74193548387096,
        32.25806451612903,
        67.74193548387096,
        67.74193548387096,
        67.74193548387096,
        50.0,
        52.82258064516129,
        45.96774193548387,
        38.306451612903224,
        35.88709677419355
      ]
    },
    "test": {
      "average_loss": [
        1.6061475276947021,
        6.640945911407471,
        24.454381942749023,
        26.12897300720215,
        26.942338943481445,
        7.4086222648620605,
        19.640270233154297,
        17.180007934570312,
        5.962100505828857,
        14.403268814086914
      ],
      "average_accuracy": [
        67.74193548387096,
        32.25806451612903,
        67.74193548387096,
        67.74193548387096,
        67.74193548387096,
        51.61290322580645,
        53.225806451612904,
        45.16129032258065,
        40.32258064516129,
        32.25806451612903
      ]
    },
    "average_loss_intra_epoch": [
      13.782516479492188
    ],
    "average_accuracy_intra_epoch": [
      35.88709677419355
    ],
    "runtime": 3.9500575065612793
  }
}