{
  "hyperparameters": {
    "architecture": "classification",
    "batch_size": 100,
    "clipping_threshold": 0.0,
    "dataset_name": "statlog-shuttle_classification",
    "epochs": 10,
    "initialization_scale": "\\sqrt{\frac{6}{n+m}}",
    "inner_ISGD_iterations": 0,
    "intra_epoch": false,
    "lr": 0.01,
    "momentum": 0.0,
    "mu": 0.0,
    "nodes": 50,
    "seed": 1,
    "sgdtype": "implicit",
    "data_type": "classification"
  },
  "results": {
    "train": {
      "average_loss": [
        0.7955157989314918,
        0.7200058936302004,
        0.6892913248518417,
        0.6460608355058678,
        0.4677418875668583,
        0.3022505381176698,
        0.2385570433247706,
        0.21237081738895383,
        0.19658197872019534,
        0.18411470353924508
      ],
      "average_accuracy": [
        78.60775862068965,
        78.60775862068965,
        78.60775862068965,
        78.60775862068965,
        79.74353448275862,
        87.10129310344827,
        90.11637931034483,
        90.98491379310344,
        93.05818965517241,
        97.02155172413794
      ]
    },
    "test": {
      "average_loss": [
        0.7974969164050859,
        0.7222819749651284,
        0.6914116953467501,
        0.6473243007885998,
        0.4649880641493304,
        0.29909139088001746,
        0.23567121373168354,
        0.20960412720410987,
        0.19393616619295087,
        0.18153702955821466
      ],
      "average_accuracy": [
        78.55172413793103,
        78.55172413793103,
        78.55172413793103,
        78.55172413793103,
        79.84482758620689,
        87.15517241379311,
        90.20689655172414,
        91.04310344827586,
        93.14655172413794,
        97.11206896551724
      ]
    },
    "average_loss_intra_epoch": [
      0.18411470353924508
    ],
    "average_accuracy_intra_epoch": [
      97.02155172413794
    ],
    "runtime": 660.903559923172
  }
}