{
  "hyperparameters": {
    "architecture": "classification",
    "batch_size": 100,
    "clipping_threshold": 0.0,
    "dataset_name": "pima_classification",
    "epochs": 10,
    "initialization_scale": "\\sqrt{\frac{6}{n+m}}",
    "inner_ISGD_iterations": 0,
    "intra_epoch": false,
    "lr": 0.5,
    "momentum": 0.0,
    "mu": 0.0,
    "nodes": 50,
    "seed": 1,
    "sgdtype": "explicit",
    "data_type": "classification"
  },
  "results": {
    "train": {
      "average_loss": [
        0.6578030501093183,
        0.657725989818573,
        0.6575814826147897,
        0.6573713421821594,
        0.6570504307746887,
        0.6565242494855609,
        0.6555814572743007,
        0.6536816528865269,
        0.649165425981794,
        0.6357800449643817
      ],
      "average_accuracy": [
        65.30944625407166,
        65.30944625407166,
        65.30944625407166,
        65.30944625407166,
        65.30944625407166,
        65.30944625407166,
        65.30944625407166,
        65.30944625407166,
        65.30944625407166,
        65.30944625407166
      ]
    },
    "test": {
      "average_loss": [
        0.6533721089363098,
        0.6532774567604065,
        0.6530969440937042,
        0.6528385579586029,
        0.6524505019187927,
        0.6518240869045258,
        0.6507181525230408,
        0.6485190391540527,
        0.6433635354042053,
        0.6282953023910522
      ],
      "average_accuracy": [
        64.28571428571429,
        64.28571428571429,
        64.28571428571429,
        64.28571428571429,
        64.28571428571429,
        64.28571428571429,
        64.28571428571429,
        64.28571428571429,
        64.28571428571429,
        64.28571428571429
      ]
    },
    "average_loss_intra_epoch": [
      0.6357800449643817
    ],
    "average_accuracy_intra_epoch": [
      65.30944625407166
    ],
    "runtime": 3.873453140258789
  }
}