{
  "hyperparameters": {
    "architecture": "classification",
    "batch_size": 100,
    "clipping_threshold": 0.0,
    "dataset_name": "oocytes-trisopterus-nucleus-2f_classification",
    "epochs": 10,
    "initialization_scale": "\\sqrt{\frac{6}{n+m}}",
    "inner_ISGD_iterations": 0,
    "intra_epoch": false,
    "lr": 10.0,
    "momentum": 0.0,
    "mu": 0.0,
    "nodes": 50,
    "seed": 1,
    "sgdtype": "explicit",
    "data_type": "classification"
  },
  "results": {
    "train": {
      "average_loss": [
        51.67743730545044,
        84.42794704437256,
        83.15749454498291,
        55.44966697692871,
        62.826961040496826,
        43.5183801651001,
        40.47083806991577,
        48.50300455093384,
        119.46235466003418,
        108.6226453781128
      ],
      "average_accuracy": [
        43.484224965706446,
        53.63511659807956,
        50.89163237311386,
        53.08641975308642,
        54.59533607681756,
        54.869684499314126,
        56.37860082304527,
        57.06447187928669,
        54.59533607681756,
        45.953360768175585
      ]
    },
    "test": {
      "average_loss": [
        53.8988094329834,
        83.96131896972656,
        85.43734741210938,
        50.51327133178711,
        58.952070236206055,
        44.630544662475586,
        42.4028205871582,
        50.342037200927734,
        123.76224136352539,
        109.71468353271484
      ],
      "average_accuracy": [
        38.797814207650276,
        55.19125683060109,
        48.63387978142077,
        53.55191256830601,
        55.73770491803279,
        55.73770491803279,
        56.28415300546448,
        55.19125683060109,
        54.09836065573771,
        47.540983606557376
      ]
    },
    "average_loss_intra_epoch": [
      108.6226453781128
    ],
    "average_accuracy_intra_epoch": [
      45.953360768175585
    ],
    "runtime": 4.155925750732422
  }
}