{
  "hyperparameters": {
    "architecture": "classification",
    "batch_size": 100,
    "clipping_threshold": 0.0,
    "dataset_name": "statlog-vehicle_classification",
    "epochs": 10,
    "initialization_scale": "\\sqrt{\frac{6}{n+m}}",
    "inner_ISGD_iterations": 0,
    "intra_epoch": false,
    "lr": 50.0,
    "momentum": 0.0,
    "mu": 0.0,
    "nodes": 50,
    "seed": 1,
    "sgdtype": "implicit",
    "data_type": "classification"
  },
  "results": {
    "train": {
      "average_loss": [
        325.34411185128346,
        628.1548636300223,
        321.83755929129467,
        442.79737636021207,
        271.7694287981306,
        572.1167733328683,
        658.8783482142857,
        307.6568821498326,
        630.0005754743304,
        656.1910923549107
      ],
      "average_accuracy": [
        39.79289940828402,
        31.952662721893493,
        35.05917159763314,
        38.46153846153846,
        32.248520710059175,
        32.84023668639053,
        37.27810650887574,
        40.0887573964497,
        39.201183431952664,
        35.05917159763314
      ]
    },
    "test": {
      "average_loss": [
        322.5116729736328,
        555.3362121582031,
        358.3341064453125,
        403.7610321044922,
        224.7887191772461,
        612.326416015625,
        659.3665466308594,
        299.72377014160156,
        747.6732482910156,
        769.7823486328125
      ],
      "average_accuracy": [
        35.294117647058826,
        34.705882352941174,
        24.705882352941178,
        44.11764705882353,
        35.88235294117647,
        30.58823529411765,
        43.529411764705884,
        36.470588235294116,
        35.294117647058826,
        23.529411764705884
      ]
    },
    "average_loss_intra_epoch": [
      656.1910923549107
    ],
    "average_accuracy_intra_epoch": [
      35.05917159763314
    ],
    "runtime": 20.536327362060547
  }
}