{
  "hyperparameters": {
    "architecture": "classification",
    "batch_size": 100,
    "clipping_threshold": 0.0,
    "dataset_name": "post-operative_classification",
    "epochs": 10,
    "initialization_scale": "\\sqrt{\frac{6}{n+m}}",
    "inner_ISGD_iterations": 0,
    "intra_epoch": false,
    "lr": 1.0,
    "momentum": 0.0,
    "mu": 0.0,
    "nodes": 50,
    "seed": 1,
    "sgdtype": "implicit",
    "data_type": "classification"
  },
  "results": {
    "train": {
      "average_loss": [
        0.9140549898147583,
        0.7941622138023376,
        0.7468762397766113,
        0.7249739766120911,
        0.7121029496192932,
        0.7033516764640808,
        0.697001576423645,
        0.6922385096549988,
        0.6885840892791748,
        0.6857281923294067
      ],
      "average_accuracy": [
        69.44444444444444,
        69.44444444444444,
        69.44444444444444,
        69.44444444444444,
        69.44444444444444,
        69.44444444444444,
        69.44444444444444,
        69.44444444444444,
        69.44444444444444,
        69.44444444444444
      ]
    },
    "test": {
      "average_loss": [
        0.9184135794639587,
        0.7721474766731262,
        0.7147958278656006,
        0.6931489109992981,
        0.6852781772613525,
        0.6829926371574402,
        0.6830847263336182,
        0.6842091679573059,
        0.6857792735099792,
        0.6875314712524414
      ],
      "average_accuracy": [
        77.77777777777777,
        77.77777777777777,
        77.77777777777777,
        77.77777777777777,
        77.77777777777777,
        77.77777777777777,
        77.77777777777777,
        77.77777777777777,
        77.77777777777777,
        77.77777777777777
      ]
    },
    "average_loss_intra_epoch": [
      0.6857281923294067
    ],
    "average_accuracy_intra_epoch": [
      69.44444444444444
    ],
    "runtime": 4.195995807647705
  }
}