{
  "hyperparameters": {
    "architecture": "classification",
    "batch_size": 100,
    "clipping_threshold": 0.0,
    "dataset_name": "conn-bench-sonar-mines-rocks_classification",
    "epochs": 10,
    "initialization_scale": "\\sqrt{\frac{6}{n+m}}",
    "inner_ISGD_iterations": 0,
    "intra_epoch": false,
    "lr": 50.0,
    "momentum": 0.0,
    "mu": 0.0,
    "nodes": 50,
    "seed": 1,
    "sgdtype": "explicit",
    "data_type": "classification"
  },
  "results": {
    "train": {
      "average_loss": [
        59.721405029296875,
        687.8026428222656,
        1743.860107421875,
        733.0980224609375,
        179.1572265625,
        202.9488296508789,
        1666.2915649414062,
        2082.9290771484375,
        2601.3931884765625,
        1474.3585205078125
      ],
      "average_accuracy": [
        37.34939759036145,
        56.626506024096386,
        42.16867469879518,
        44.57831325301205,
        45.78313253012048,
        57.83132530120482,
        54.21686746987952,
        54.21686746987952,
        55.42168674698795,
        43.975903614457835
      ]
    },
    "test": {
      "average_loss": [
        51.92020034790039,
        691.0886840820312,
        1805.4974365234375,
        850.4393310546875,
        239.44908142089844,
        303.7737731933594,
        1174.3369140625,
        1488.804931640625,
        1857.2918701171875,
        1741.048583984375
      ],
      "average_accuracy": [
        38.095238095238095,
        61.904761904761905,
        35.714285714285715,
        35.714285714285715,
        42.857142857142854,
        57.142857142857146,
        64.28571428571429,
        64.28571428571429,
        64.28571428571429,
        35.714285714285715
      ]
    },
    "average_loss_intra_epoch": [
      1474.3585205078125
    ],
    "average_accuracy_intra_epoch": [
      43.975903614457835
    ],
    "runtime": 0.9485619068145752
  }
}