{
  "hyperparameters": {
    "architecture": "classification",
    "batch_size": 100,
    "clipping_threshold": 0.0,
    "dataset_name": "heart-switzerland_classification",
    "epochs": 10,
    "initialization_scale": "\\sqrt{\frac{6}{n+m}}",
    "inner_ISGD_iterations": 0,
    "intra_epoch": false,
    "lr": 10.0,
    "momentum": 0.0,
    "mu": 0.0,
    "nodes": 50,
    "seed": 1,
    "sgdtype": "implicit",
    "data_type": "classification"
  },
  "results": {
    "train": {
      "average_loss": [
        1.9610655307769775,
        5.200427055358887,
        31.9351863861084,
        76.91636657714844,
        80.8839340209961,
        51.44414138793945,
        76.63343811035156,
        33.38735580444336,
        57.789093017578125,
        135.06375122070312
      ],
      "average_accuracy": [
        41.83673469387755,
        27.551020408163264,
        41.83673469387755,
        27.551020408163264,
        21.428571428571427,
        27.551020408163264,
        39.795918367346935,
        27.551020408163264,
        21.428571428571427,
        38.775510204081634
      ]
    },
    "test": {
      "average_loss": [
        2.6127243041992188,
        4.2371439933776855,
        38.612892150878906,
        60.145389556884766,
        62.995548248291016,
        48.963706970214844,
        89.17741394042969,
        31.77648162841797,
        42.920562744140625,
        133.16714477539062
      ],
      "average_accuracy": [
        28.0,
        20.0,
        28.0,
        20.0,
        36.0,
        20.0,
        32.0,
        20.0,
        36.0,
        32.0
      ]
    },
    "average_loss_intra_epoch": [
      135.06375122070312
    ],
    "average_accuracy_intra_epoch": [
      38.775510204081634
    ],
    "runtime": 1.141005039215088
  }
}