{
  "hyperparameters": {
    "architecture": "classification",
    "batch_size": 100,
    "clipping_threshold": 0.0,
    "dataset_name": "horse-colic_classification",
    "epochs": 10,
    "initialization_scale": "\\sqrt{\frac{6}{n+m}}",
    "inner_ISGD_iterations": 0,
    "intra_epoch": false,
    "lr": 10.0,
    "momentum": 0.0,
    "mu": 0.0,
    "nodes": 50,
    "seed": 1,
    "sgdtype": "implicit",
    "data_type": "classification"
  },
  "results": {
    "train": {
      "average_loss": [
        12.952672958374023,
        106.34645589192708,
        45.754502614339195,
        130.76526641845703,
        90.93163299560547,
        56.32339986165365,
        72.88853581746419,
        67.91843668619792,
        113.53695170084636,
        118.05896759033203
      ],
      "average_accuracy": [
        48.63945578231292,
        72.44897959183673,
        71.42857142857143,
        63.265306122448976,
        54.08163265306123,
        57.48299319727891,
        73.12925170068027,
        73.46938775510205,
        72.78911564625851,
        76.53061224489795
      ]
    },
    "test": {
      "average_loss": [
        12.415224075317383,
        87.75047302246094,
        37.5530891418457,
        150.3984832763672,
        82.43196105957031,
        56.4947395324707,
        50.0717887878418,
        49.140342712402344,
        77.35297393798828,
        79.03423309326172
      ],
      "average_accuracy": [
        52.7027027027027,
        74.32432432432432,
        74.32432432432432,
        56.75675675675676,
        51.351351351351354,
        55.4054054054054,
        82.43243243243244,
        81.08108108108108,
        81.08108108108108,
        82.43243243243244
      ]
    },
    "average_loss_intra_epoch": [
      118.05896759033203
    ],
    "average_accuracy_intra_epoch": [
      76.53061224489795
    ],
    "runtime": 12.927321195602417
  }
}