{
  "hyperparameters": {
    "architecture": "music",
    "batch_size": 100,
    "clipping_threshold": 0.0,
    "dataset_name": "MuseData",
    "epochs": 10,
    "initialization_scale": "\\sqrt{\frac{6}{n+m}}",
    "inner_ISGD_iterations": 0,
    "intra_epoch": false,
    "lr": 0.001,
    "momentum": 0.0,
    "mu": 0.0,
    "nodes": 50,
    "seed": 1,
    "sgdtype": "implicit",
    "data_type": "sequential_many"
  },
  "results": {
    "train": {
      "average_loss": [
        73.86547415038102,
        70.01689236104943,
        68.05133539233499,
        66.70105316256749,
        65.66382381388249,
        64.82090712321623,
        64.11137620319847,
        63.49927337774793,
        62.961522020683944,
        62.48228955928606
      ],
      "average_accuracy": [
        0,
        0,
        0,
        0,
        0,
        0,
        0,
        0,
        0,
        0
      ]
    },
    "test": {
      "average_loss": [
        79.97483310776371,
        75.87835082700175,
        73.84155892172167,
        72.46459284520918,
        71.41659290175284,
        70.56963029599959,
        69.8591644033309,
        69.24746944827419,
        68.71070623013281,
        68.23274288638946
      ],
      "average_accuracy": [
        0,
        0,
        0,
        0,
        0,
        0,
        0,
        0,
        0,
        0
      ]
    },
    "average_loss_intra_epoch": [
      62.48228955928606
    ],
    "average_accuracy_intra_epoch": [
      0
    ],
    "runtime": 10211.59132695198
  }
}