{
  "hyperparameters": {
    "architecture": "classification",
    "batch_size": 100,
    "clipping_threshold": 0.0,
    "dataset_name": "conn-bench-sonar-mines-rocks_classification",
    "epochs": 10,
    "initialization_scale": "\\sqrt{\frac{6}{n+m}}",
    "inner_ISGD_iterations": 0,
    "intra_epoch": false,
    "lr": 0.01,
    "momentum": 0.0,
    "mu": 0.0,
    "nodes": 50,
    "seed": 1,
    "sgdtype": "implicit",
    "data_type": "classification"
  },
  "results": {
    "train": {
      "average_loss": [
        0.6929713487625122,
        0.692224383354187,
        0.6914822161197662,
        0.6907444000244141,
        0.6900100409984589,
        0.6892791986465454,
        0.6885514557361603,
        0.6878260672092438,
        0.6871027648448944,
        0.6863813102245331
      ],
      "average_accuracy": [
        46.3855421686747,
        46.98795180722892,
        46.98795180722892,
        48.19277108433735,
        50.0,
        51.204819277108435,
        51.80722891566265,
        50.602409638554214,
        53.6144578313253,
        54.81927710843374
      ]
    },
    "test": {
      "average_loss": [
        0.6960176229476929,
        0.6955306529998779,
        0.6950455904006958,
        0.6945620179176331,
        0.6940796375274658,
        0.6935979127883911,
        0.6931168437004089,
        0.6926360130310059,
        0.6921551823616028,
        0.691673755645752
      ],
      "average_accuracy": [
        45.23809523809524,
        50.0,
        50.0,
        52.38095238095238,
        52.38095238095238,
        54.76190476190476,
        54.76190476190476,
        54.76190476190476,
        54.76190476190476,
        57.142857142857146
      ]
    },
    "average_loss_intra_epoch": [
      0.6863813102245331
    ],
    "average_accuracy_intra_epoch": [
      54.81927710843374
    ],
    "runtime": 6.691840171813965
  }
}