{
  "hyperparameters": {
    "architecture": "classification",
    "batch_size": 100,
    "clipping_threshold": 0.0,
    "dataset_name": "pittsburg-bridges-TYPE_classification",
    "epochs": 10,
    "initialization_scale": "\\sqrt{\frac{6}{n+m}}",
    "inner_ISGD_iterations": 0,
    "intra_epoch": false,
    "lr": 0.5,
    "momentum": 0.0,
    "mu": 0.0,
    "nodes": 50,
    "seed": 1,
    "sgdtype": "implicit",
    "data_type": "classification"
  },
  "results": {
    "train": {
      "average_loss": [
        1.8847988843917847,
        1.7956712245941162,
        1.7270057201385498,
        1.6761914491653442,
        1.6410186290740967,
        1.6185111999511719,
        1.6051042079925537,
        1.5974769592285156,
        1.5931572914123535,
        1.5906038284301758
      ],
      "average_accuracy": [
        10.714285714285714,
        9.523809523809524,
        42.857142857142854,
        42.857142857142854,
        42.857142857142854,
        42.857142857142854,
        42.857142857142854,
        42.857142857142854,
        42.857142857142854,
        42.857142857142854
      ]
    },
    "test": {
      "average_loss": [
        1.8502728939056396,
        1.7808852195739746,
        1.7308471202850342,
        1.6975431442260742,
        1.6784993410110474,
        1.6704444885253906,
        1.6696580648422241,
        1.672852873802185,
        1.6777409315109253,
        1.6830271482467651
      ],
      "average_accuracy": [
        9.523809523809524,
        9.523809523809524,
        38.095238095238095,
        38.095238095238095,
        38.095238095238095,
        38.095238095238095,
        38.095238095238095,
        38.095238095238095,
        38.095238095238095,
        38.095238095238095
      ]
    },
    "average_loss_intra_epoch": [
      1.5906038284301758
    ],
    "average_accuracy_intra_epoch": [
      42.857142857142854
    ],
    "runtime": 4.107990741729736
  }
}