{
  "hyperparameters": {
    "architecture": "classification",
    "batch_size": 100,
    "clipping_threshold": 0.0,
    "dataset_name": "congressional-voting_classification",
    "epochs": 10,
    "initialization_scale": "\\sqrt{\frac{6}{n+m}}",
    "inner_ISGD_iterations": 0,
    "intra_epoch": false,
    "lr": 3.0,
    "momentum": 0.0,
    "mu": 0.0,
    "nodes": 50,
    "seed": 1,
    "sgdtype": "implicit",
    "data_type": "classification"
  },
  "results": {
    "train": {
      "average_loss": [
        0.6959901452064514,
        0.6756255328655243,
        0.6753887385129929,
        0.6753873229026794,
        0.6753863990306854,
        0.6753850281238556,
        0.6753820776939392,
        0.6753777861595154,
        0.6753723919391632,
        0.6753648668527603
      ],
      "average_accuracy": [
        39.367816091954026,
        60.632183908045974,
        60.632183908045974,
        60.632183908045974,
        60.632183908045974,
        60.632183908045974,
        60.632183908045974,
        60.632183908045974,
        60.632183908045974,
        60.632183908045974
      ]
    },
    "test": {
      "average_loss": [
        0.6970230340957642,
        0.6672219634056091,
        0.6668272018432617,
        0.6668368577957153,
        0.6668477654457092,
        0.6668596863746643,
        0.6668721437454224,
        0.666886568069458,
        0.6669049263000488,
        0.666927695274353
      ],
      "average_accuracy": [
        35.632183908045974,
        64.36781609195403,
        64.36781609195403,
        64.36781609195403,
        64.36781609195403,
        64.36781609195403,
        64.36781609195403,
        64.36781609195403,
        64.36781609195403,
        64.36781609195403
      ]
    },
    "average_loss_intra_epoch": [
      0.6753648668527603
    ],
    "average_accuracy_intra_epoch": [
      60.632183908045974
    ],
    "runtime": 11.3577299118042
  }
}