{
  "hyperparameters": {
    "architecture": "classification",
    "batch_size": 100,
    "clipping_threshold": 0.0,
    "dataset_name": "chess-krvk_classification",
    "epochs": 10,
    "initialization_scale": "\\sqrt{\frac{6}{n+m}}",
    "inner_ISGD_iterations": 0,
    "intra_epoch": false,
    "lr": 0.001,
    "momentum": 0.0,
    "mu": 0.0,
    "nodes": 50,
    "seed": 1,
    "sgdtype": "implicit",
    "data_type": "classification"
  },
  "results": {
    "train": {
      "average_loss": [
        2.931386732525296,
        2.915521585676405,
        2.9003043842315672,
        2.8856719091203478,
        2.871569808324178,
        2.8579511928558348,
        2.8447757763332793,
        2.8320087305704753,
        2.81962014304267,
        2.807584374745687
      ],
      "average_accuracy": [
        7.6947068258777405,
        7.6947068258777405,
        7.6947068258777405,
        7.6947068258777405,
        16.23596506861522,
        16.23596506861522,
        16.23596506861522,
        16.23596506861522,
        16.23596506861522,
        16.23596506861522
      ]
    },
    "test": {
      "average_loss": [
        2.9266133308410645,
        2.9107311483015095,
        2.8954989700986626,
        2.880853632040191,
        2.866740343863504,
        2.8531124424516108,
        2.8399292502486917,
        2.8271560417978385,
        2.814762655057405,
        2.8027235917877733
      ],
      "average_accuracy": [
        7.822523164647184,
        7.822523164647184,
        7.822523164647184,
        7.822523164647184,
        16.19743406985032,
        16.19743406985032,
        16.19743406985032,
        16.19743406985032,
        16.19743406985032,
        16.19743406985032
      ]
    },
    "average_loss_intra_epoch": [
      2.807584374745687
    ],
    "average_accuracy_intra_epoch": [
      16.23596506861522
    ],
    "runtime": 59.9745032787323
  }
}