{
  "hyperparameters": {
    "architecture": "classification",
    "batch_size": 100,
    "clipping_threshold": 0.0,
    "dataset_name": "pittsburg-bridges-REL-L_classification",
    "epochs": 10,
    "initialization_scale": "\\sqrt{\frac{6}{n+m}}",
    "inner_ISGD_iterations": 0,
    "intra_epoch": false,
    "lr": 1.0,
    "momentum": 0.0,
    "mu": 0.0,
    "nodes": 50,
    "seed": 1,
    "sgdtype": "explicit",
    "data_type": "classification"
  },
  "results": {
    "train": {
      "average_loss": [
        1.0358401536941528,
        1.0098079442977905,
        1.0025752782821655,
        1.0001263618469238,
        0.9991705417633057,
        0.9987323880195618,
        0.9984754920005798,
        0.9982729554176331,
        0.9980752468109131,
        0.9978564977645874
      ],
      "average_accuracy": [
        48.78048780487805,
        48.78048780487805,
        48.78048780487805,
        48.78048780487805,
        48.78048780487805,
        48.78048780487805,
        48.78048780487805,
        48.78048780487805,
        48.78048780487805,
        48.78048780487805
      ]
    },
    "test": {
      "average_loss": [
        1.0034211874008179,
        0.968079686164856,
        0.9586644172668457,
        0.9565287232398987,
        0.9563947319984436,
        0.9566763639450073,
        0.9569393992424011,
        0.9570985436439514,
        0.9571607708930969,
        0.9571478962898254
      ],
      "average_accuracy": [
        61.904761904761905,
        61.904761904761905,
        61.904761904761905,
        61.904761904761905,
        61.904761904761905,
        61.904761904761905,
        61.904761904761905,
        61.904761904761905,
        61.904761904761905,
        61.904761904761905
      ]
    },
    "average_loss_intra_epoch": [
      0.9978564977645874
    ],
    "average_accuracy_intra_epoch": [
      48.78048780487805
    ],
    "runtime": 3.2361578941345215
  }
}