{
  "hyperparameters": {
    "architecture": "classification",
    "batch_size": 100,
    "clipping_threshold": 0.0,
    "dataset_name": "abalone_classification",
    "epochs": 10,
    "initialization_scale": "\\sqrt{\frac{6}{n+m}}",
    "inner_ISGD_iterations": 0,
    "intra_epoch": false,
    "lr": 0.03,
    "momentum": 0.0,
    "mu": 0.0,
    "nodes": 50,
    "seed": 1,
    "sgdtype": "implicit",
    "data_type": "classification"
  },
  "results": {
    "train": {
      "average_loss": [
        1.1059179130722494,
        1.1013137663111967,
        1.0991253291859346,
        1.0980157992419075,
        1.0973642363267786,
        1.0968781849917244,
        1.0964096854714787,
        1.095867041279288,
        1.0951691760736353,
        1.094214397318223
      ],
      "average_accuracy": [
        34.72014366956001,
        34.72014366956001,
        34.72014366956001,
        34.72014366956001,
        34.72014366956001,
        34.72014366956001,
        34.72014366956001,
        34.72014366956001,
        34.75007482789584,
        37.89284645315774
      ]
    },
    "test": {
      "average_loss": [
        1.1061748663584392,
        1.1017642815907795,
        1.0997322797775269,
        1.0987424850463867,
        1.0981813934114244,
        1.097764425807529,
        1.0973511669370863,
        1.0968563026852078,
        1.0962048636542425,
        1.0953009923299153
      ],
      "average_accuracy": [
        34.33014354066986,
        34.33014354066986,
        34.33014354066986,
        34.33014354066986,
        34.33014354066986,
        34.33014354066986,
        34.33014354066986,
        34.33014354066986,
        34.33014354066986,
        37.20095693779904
      ]
    },
    "average_loss_intra_epoch": [
      1.094214397318223
    ],
    "average_accuracy_intra_epoch": [
      37.89284645315774
    ],
    "runtime": 14.257015943527222
  }
}