{
  "hyperparameters": {
    "architecture": "music",
    "batch_size": 100,
    "clipping_threshold": 8.0,
    "dataset_name": "JSB Chorales",
    "epochs": 5,
    "initialization_scale": "\\sqrt{\frac{6}{n+m}}",
    "inner_ISGD_iterations": 0,
    "intra_epoch": false,
    "lr": 2.0,
    "momentum": 0.0,
    "mu": 0.0,
    "nodes": 300,
    "seed": 3,
    "sgdtype": "implicit",
    "data_type": "sequential_many"
  },
  "results": {
    "train": {
      "average_loss": [
        0.0030008891544520333,
        0.002507550276380732,
        0.002272127895447218,
        0.002119698866746311,
        0.0020073103036235317
      ],
      "average_accuracy": [
        0,
        0,
        0,
        0,
        0
      ]
    },
    "test": {
      "average_loss": [
        0.002933586165218239,
        0.0024437997369216634,
        0.0022127357880016426,
        0.0020641570898716328,
        0.001955087252819983
      ],
      "average_accuracy": [
        0,
        0,
        0,
        0,
        0
      ]
    },
    "average_loss_intra_epoch": [
      0.0020073103036235317
    ],
    "average_accuracy_intra_epoch": [
      0
    ],
    "runtime": 509.9568486213684
  }
}