{
  "hyperparameters": {
    "architecture": "classification",
    "batch_size": 100,
    "clipping_threshold": 0.0,
    "dataset_name": "molec-biol-splice_classification",
    "epochs": 10,
    "initialization_scale": "\\sqrt{\frac{6}{n+m}}",
    "inner_ISGD_iterations": 0,
    "intra_epoch": false,
    "lr": 10.0,
    "momentum": 0.0,
    "mu": 0.0,
    "nodes": 50,
    "seed": 1,
    "sgdtype": "explicit",
    "data_type": "classification"
  },
  "results": {
    "train": {
      "average_loss": [
        50.570467288677506,
        38.19394368391771,
        29.718800471379208,
        32.627480066739594,
        23.923754912156326,
        14.852475092961239,
        15.390246171217699,
        15.676251851595365,
        17.873652384831356,
        30.25527103130634
      ],
      "average_accuracy": [
        44.86677115987461,
        48.58934169278997,
        53.40909090909091,
        51.489028213166144,
        47.02194357366771,
        57.60188087774295,
        57.99373040752351,
        58.38557993730407,
        55.60344827586207,
        53.957680250783696
      ]
    },
    "test": {
      "average_loss": [
        50.620689392089844,
        37.569492885044646,
        29.422766549246653,
        32.31483949933733,
        22.346686226981028,
        14.867035457066127,
        15.473645210266113,
        17.118052346365793,
        19.638799735477992,
        32.151573181152344
      ],
      "average_accuracy": [
        44.67084639498432,
        47.492163009404386,
        53.13479623824451,
        52.03761755485893,
        47.33542319749216,
        54.70219435736677,
        54.38871473354232,
        54.70219435736677,
        51.724137931034484,
        51.2539184952978
      ]
    },
    "average_loss_intra_epoch": [
      30.25527103130634
    ],
    "average_accuracy_intra_epoch": [
      53.957680250783696
    ],
    "runtime": 7.124574661254883
  }
}