{
  "hyperparameters": {
    "architecture": "classification",
    "batch_size": 100,
    "clipping_threshold": 0.0,
    "dataset_name": "arrhythmia_classification",
    "epochs": 10,
    "initialization_scale": "\\sqrt{\frac{6}{n+m}}",
    "inner_ISGD_iterations": 0,
    "intra_epoch": false,
    "lr": 0.01,
    "momentum": 0.0,
    "mu": 0.0,
    "nodes": 50,
    "seed": 1,
    "sgdtype": "explicit",
    "data_type": "classification"
  },
  "results": {
    "train": {
      "average_loss": [
        2.461215019226074,
        2.3972129225730896,
        2.334345579147339,
        2.2723422050476074,
        2.2110700607299805,
        2.1505358815193176,
        2.09087997674942,
        2.0323577523231506,
        1.9753068685531616,
        1.9201027750968933
      ],
      "average_accuracy": [
        24.099722991689752,
        32.13296398891967,
        40.99722991689751,
        47.091412742382275,
        50.13850415512465,
        54.016620498614955,
        55.95567867036011,
        58.448753462603875,
        59.2797783933518,
        60.11080332409972
      ]
    },
    "test": {
      "average_loss": [
        2.476727247238159,
        2.4231271743774414,
        2.3703057765960693,
        2.318011522293091,
        2.2661023139953613,
        2.21454119682312,
        2.1633996963500977,
        2.1128506660461426,
        2.063145637512207,
        2.0145864486694336
      ],
      "average_accuracy": [
        21.978021978021978,
        29.67032967032967,
        36.26373626373626,
        46.15384615384615,
        50.54945054945055,
        51.64835164835165,
        52.747252747252745,
        56.043956043956044,
        56.043956043956044,
        58.24175824175824
      ]
    },
    "average_loss_intra_epoch": [
      1.9201027750968933
    ],
    "average_accuracy_intra_epoch": [
      60.11080332409972
    ],
    "runtime": 5.318196773529053
  }
}