{
  "hyperparameters": {
    "architecture": "classification",
    "batch_size": 100,
    "clipping_threshold": 0.0,
    "dataset_name": "titanic_classification",
    "epochs": 10,
    "initialization_scale": "\\sqrt{\frac{6}{n+m}}",
    "inner_ISGD_iterations": 0,
    "intra_epoch": false,
    "lr": 3.0,
    "momentum": 0.0,
    "mu": 0.0,
    "nodes": 50,
    "seed": 1,
    "sgdtype": "implicit",
    "data_type": "classification"
  },
  "results": {
    "train": {
      "average_loss": [
        0.6884631911913554,
        0.6858459711074829,
        0.6855866180525886,
        0.6855893399980333,
        0.6856542593903012,
        0.6858166489336226,
        0.686366488536199,
        0.68782882226838,
        0.6102550195323097,
        0.6060606439908346
      ],
      "average_accuracy": [
        67.72727272727273,
        67.72727272727273,
        67.72727272727273,
        67.72727272727273,
        67.72727272727273,
        67.72727272727273,
        67.72727272727273,
        54.48863636363637,
        76.25,
        79.0909090909091
      ]
    },
    "test": {
      "average_loss": [
        0.6881787776947021,
        0.685398805141449,
        0.6851240515708923,
        0.6851285219192504,
        0.6852006673812866,
        0.685382068157196,
        0.6860107421875,
        0.6899292469024658,
        0.6203482866287231,
        0.6154298782348633
      ],
      "average_accuracy": [
        67.57369614512471,
        67.57369614512471,
        67.57369614512471,
        67.57369614512471,
        67.57369614512471,
        67.57369614512471,
        67.57369614512471,
        52.15419501133787,
        72.78911564625851,
        75.28344671201815
      ]
    },
    "average_loss_intra_epoch": [
      0.6060606439908346
    ],
    "average_accuracy_intra_epoch": [
      79.0909090909091
    ],
    "runtime": 13.211076021194458
  }
}