{
  "hyperparameters": {
    "architecture": "classification",
    "batch_size": 100,
    "clipping_threshold": 0.0,
    "dataset_name": "soybean_classification",
    "epochs": 10,
    "initialization_scale": "\\sqrt{\frac{6}{n+m}}",
    "inner_ISGD_iterations": 0,
    "intra_epoch": false,
    "lr": 30.0,
    "momentum": 0.0,
    "mu": 0.0,
    "nodes": 50,
    "seed": 1,
    "sgdtype": "explicit",
    "data_type": "classification"
  },
  "results": {
    "train": {
      "average_loss": [
        289.3000844319661,
        177.6739756266276,
        314.49366760253906,
        126.6607437133789,
        143.243776957194,
        84.09235127766927,
        115.31585947672527,
        89.16437403361003,
        115.70418167114258,
        151.98251342773438
      ],
      "average_accuracy": [
        24.358974358974358,
        25.274725274725274,
        27.655677655677657,
        29.67032967032967,
        30.4029304029304,
        34.24908424908425,
        41.75824175824176,
        30.952380952380953,
        39.743589743589745,
        38.827838827838825
      ]
    },
    "test": {
      "average_loss": [
        225.9889907836914,
        140.6866912841797,
        232.08151245117188,
        130.76223373413086,
        107.86149978637695,
        81.33739471435547,
        99.12942886352539,
        112.09788513183594,
        117.38275909423828,
        118.44633483886719
      ],
      "average_accuracy": [
        35.76642335766423,
        39.416058394160586,
        40.14598540145985,
        32.846715328467155,
        37.956204379562045,
        37.956204379562045,
        43.065693430656935,
        28.467153284671532,
        40.87591240875913,
        43.7956204379562
      ]
    },
    "average_loss_intra_epoch": [
      151.98251342773438
    ],
    "average_accuracy_intra_epoch": [
      38.827838827838825
    ],
    "runtime": 4.123347282409668
  }
}